bloque,ts,variable,valor,origen,version,calidad
B10_ARQ,2026-08-31 14:40:00,activepower,19104.533,2026-08-31 14:30:00,v4.1.0-produccion,buena:completo/semana_anterior
B10_ARQ,2026-08-31 14:50:00,activepower,18957.639,2026-08-31 14:30:00,v4.1.0-produccion,buena:completo/semana_anterior
B10_ARQ,2026-08-31 15:00:00,activepower,18704.887,2026-08-31 14:30:00,v4.1.0-produccion,buena:completo/semana_anterior
B10_ARQ,2026-08-31 15:10:00,activepower,18492.615,2026-08-31 14:30:00,v4.1.0-produccion,buena:completo/semana_anterior
B10_ARQ,2026-08-31 15:20:00,activepower,18282.027,2026-08-31 14:30:00,v4.1.0-produccion,buena:completo/semana_anterior
B10_ARQ,2026-08-31 15:30:00,activepower,18078.37,2026-08-31 14:30:00,v4.1.0-produccion,buena:completo/semana_anterior
B10_ARQ,2026-08-31 15:40:00,activepower,17583.074,2026-08-31 14:30:00,v4.1.0-produccion,buena:completo/semana_anterior
B10_ARQ,2026-08-31 15:50:00,activepower,17233.432,2026-08-31 14:30:00,v4.1.0-produccion,buena:completo/semana_anterior
B10_ARQ,2026-08-31 16:00:00,activepower,17348.564,2026-08-31 14:30:00,v4.1.0-produccion,buena:completo/semana_anterior
B10_ARQ,2026-08-31 16:10:00,activepower,16793.26,2026-08-31 14:30:00,v4.1.0-produccion,buena:completo/semana_anterior
B10_ARQ,2026-08-31 16:20:00,activepower,16435.422,2026-08-31 14:30:00,v4.1.0-produccion,buena:completo/semana_anterior
B10_ARQ,2026-08-31 16:30:00,activepower,15936.178,2026-08-31 14:30:00,v4.1.0-produccion,buena:completo/semana_anterior
B10_ARQ,2026-08-31 16:40:00,activepower,15591.797,2026-08-31 14:30:00,v4.1.0-produccion,buena:completo/semana_anterior
B10_ARQ,2026-08-31 16:50:00,activepower,15184.734,2026-08-31 14:30:00,v4.1.0-produccion,buena:completo/semana_anterior
B10_ARQ,2026-08-31 17:00:00,activepower,15095.479,2026-08-31 14:30:00,v4.1.0-produccion,buena:completo/semana_anterior
B10_ARQ,2026-08-31 17:10:00,activepower,14774.563,2026-08-31 14:30:00,v4.1.0-produccion,buena:completo/semana_anterior
B10_ARQ,2026-08-31 17:20:00,activepower,14245.526,2026-08-31 14:30:00,v4.1.0-produccion,buena:completo/semana_anterior
B10_ARQ,2026-08-31 17:30:00,activepower,13803.435,2026-08-31 14:30:00,v4.1.0-produccion,buena:completo/semana_anterior
B10_ARQ,2026-08-31 17:40:00,activepower,13779.8955,2026-08-31 14:30:00,v4.1.0-produccion,buena:completo/semana_anterior
B10_ARQ,2026-08-31 17:50:00,activepower,13614.001,2026-08-31 14:30:00,v4.1.0-produccion,buena:completo/semana_anterior
B10_ARQ,2026-08-31 18:00:00,activepower,13543.517,2026-08-31 14:30:00,v4.1.0-produccion,buena:completo/semana_anterior
B10_ARQ,2026-08-31 18:10:00,activepower,13181.507,2026-08-31 14:30:00,v4.1.0-produccion,buena:completo/semana_anterior
B10_ARQ,2026-08-31 18:20:00,activepower,12953.786,2026-08-31 14:30:00,v4.1.0-produccion,buena:completo/semana_anterior
B10_ARQ,2026-08-31 18:30:00,activepower,13042.8955,2026-08-31 14:30:00,v4.1.0-produccion,buena:completo/semana_anterior
B10_ARQ,2026-08-31 18:40:00,activepower,12754.554,2026-08-31 14:30:00,v4.1.0-produccion,buena:completo/semana_anterior
B10_ARQ,2026-08-31 18:50:00,activepower,12581.21,2026-08-31 14:30:00,v4.1.0-produccion,buena:completo/semana_anterior
B10_ARQ,2026-08-31 19:00:00,activepower,12485.669,2026-08-31 14:30:00,v4.1.0-produccion,buena:completo/semana_anterior
B10_ARQ,2026-08-31 19:10:00,activepower,12440.429,2026-08-31 14:30:00,v4.1.0-produccion,buena:completo/semana_anterior
B10_ARQ,2026-08-31 19:20:00,activepower,12189.146,2026-08-31 14:30:00,v4.1.0-produccion,buena:completo/semana_anterior
B10_ARQ,2026-08-31 19:30:00,activepower,12150.766,2026-08-31 14:30:00,v4.1.0-produccion,buena:completo/semana_anterior
B10_ARQ,2026-08-31 19:40:00,activepower,12135.6875,2026-08-31 14:30:00,v4.1.0-produccion,buena:completo/semana_anterior
B10_ARQ,2026-08-31 19:50:00,activepower,12184.889,2026-08-31 14:30:00,v4.1.0-produccion,buena:completo/semana_anterior
B10_ARQ,2026-08-31 20:00:00,activepower,11763.231,2026-08-31 14:30:00,v4.1.0-produccion,buena:completo/semana_anterior
B10_ARQ,2026-08-31 20:10:00,activepower,12021.887,2026-08-31 14:30:00,v4.1.0-produccion,buena:completo/semana_anterior
B10_ARQ,2026-08-31 20:20:00,activepower,11706.046,2026-08-31 14:30:00,v4.1.0-produccion,buena:completo/semana_anterior
B10_ARQ,2026-08-31 20:30:00,activepower,11610.199,2026-08-31 14:30:00,v4.1.0-produccion,buena:completo/semana_anterior
B10_ARQ,2026-08-31 20:40:00,activepower,11530.238,2026-08-31 14:30:00,v4.1.0-produccion,buena:completo/semana_anterior
B10_ARQ,2026-08-31 20:50:00,activepower,11383.312,2026-08-31 14:30:00,v4.1.0-produccion,buena:completo/semana_anterior
B10_ARQ,2026-08-31 21:00:00,activepower,11294.981,2026-08-31 14:30:00,v4.1.0-produccion,buena:completo/semana_anterior
B10_ARQ,2026-08-31 21:10:00,activepower,11171.082,2026-08-31 14:30:00,v4.1.0-produccion,buena:completo/semana_anterior
B10_ARQ,2026-08-31 21:20:00,activepower,11050.759,2026-08-31 14:30:00,v4.1.0-produccion,buena:completo/semana_anterior
B10_ARQ,2026-08-31 21:30:00,activepower,11023.609,2026-08-31 14:30:00,v4.1.0-produccion,buena:completo/semana_anterior
B10_ARQ,2026-08-31 21:40:00,activepower,10899.861,2026-08-31 14:30:00,v4.1.0-produccion,buena:completo/semana_anterior
B10_ARQ,2026-08-31 21:50:00,activepower,10667.04,2026-08-31 14:30:00,v4.1.0-produccion,buena:completo/semana_anterior
B10_ARQ,2026-08-31 22:00:00,activepower,10682.154,2026-08-31 14:30:00,v4.1.0-produccion,buena:completo/semana_anterior
B10_ARQ,2026-08-31 22:10:00,activepower,10639.203,2026-08-31 14:30:00,v4.1.0-produccion,buena:completo/semana_anterior
B10_ARQ,2026-08-31 22:20:00,activepower,10511.837,2026-08-31 14:30:00,v4.1.0-produccion,buena:completo/semana_anterior
B10_ARQ,2026-08-31 22:30:00,activepower,10380.698,2026-08-31 14:30:00,v4.1.0-produccion,buena:completo/semana_anterior
B10_ARQ,2026-08-31 22:40:00,activepower,10296.556,2026-08-31 14:30:00,v4.1.0-produccion,buena:completo/semana_anterior
B10_ARQ,2026-08-31 22:50:00,activepower,10262.418,2026-08-31 14:30:00,v4.1.0-produccion,buena:completo/semana_anterior
B10_ARQ,2026-08-31 23:00:00,activepower,10132.712,2026-08-31 14:30:00,v4.1.0-produccion,buena:completo/semana_anterior
B10_ARQ,2026-08-31 23:10:00,activepower,10228.664,2026-08-31 14:30:00,v4.1.0-produccion,buena:completo/semana_anterior
B10_ARQ,2026-08-31 23:20:00,activepower,9947.658,2026-08-31 14:30:00,v4.1.0-produccion,buena:completo/semana_anterior
B10_ARQ,2026-08-31 23:30:00,activepower,9802.818,2026-08-31 14:30:00,v4.1.0-produccion,buena:completo/semana_anterior
B10_ARQ,2026-08-31 23:40:00,activepower,9608.126,2026-08-31 14:30:00,v4.1.0-produccion,buena:completo/semana_anterior
B10_ARQ,2026-08-31 23:50:00,activepower,9536.48,2026-08-31 14:30:00,v4.1.0-produccion,buena:completo/semana_anterior
B10_ARQ,2026-09-01 00:00:00,activepower,9421.068,2026-08-31 14:30:00,v4.1.0-produccion,buena:completo/semana_anterior
B10_ARQ,2026-09-01 00:10:00,activepower,9504.44,2026-08-31 14:30:00,v4.1.0-produccion,buena:completo/semana_anterior
B10_ARQ,2026-09-01 00:20:00,activepower,9306.762,2026-08-31 14:30:00,v4.1.0-produccion,buena:completo/semana_anterior
B10_ARQ,2026-09-01 00:30:00,activepower,9243.024,2026-08-31 14:30:00,v4.1.0-produccion,buena:completo/semana_anterior
B10_ARQ,2026-09-01 00:40:00,activepower,8966.278,2026-08-31 14:30:00,v4.1.0-produccion,buena:completo/semana_anterior
B10_ARQ,2026-09-01 00:50:00,activepower,8914.011,2026-08-31 14:30:00,v4.1.0-produccion,buena:completo/semana_anterior
B10_ARQ,2026-09-01 01:00:00,activepower,8892.6455,2026-08-31 14:30:00,v4.1.0-produccion,buena:completo/semana_anterior
B10_ARQ,2026-09-01 01:10:00,activepower,9027.793,2026-08-31 14:30:00,v4.1.0-produccion,buena:completo/semana_anterior
B10_ARQ,2026-09-01 01:20:00,activepower,8722.68,2026-08-31 14:30:00,v4.1.0-produccion,buena:completo/semana_anterior
B10_ARQ,2026-09-01 01:30:00,activepower,8678.381,2026-08-31 14:30:00,v4.1.0-produccion,buena:completo/semana_anterior
B10_ARQ,2026-09-01 01:40:00,activepower,8541.972,2026-08-31 14:30:00,v4.1.0-produccion,buena:completo/semana_anterior
B10_ARQ,2026-09-01 01:50:00,activepower,8589.963,2026-08-31 14:30:00,v4.1.0-produccion,buena:completo/semana_anterior
B10_ARQ,2026-09-01 02:00:00,activepower,8444.823,2026-08-31 14:30:00,v4.1.0-produccion,buena:completo/semana_anterior
B10_ARQ,2026-09-01 02:10:00,activepower,8429.457,2026-08-31 14:30:00,v4.1.0-produccion,buena:completo/semana_anterior
B10_ARQ,2026-09-01 02:20:00,activepower,8467.429,2026-08-31 14:30:00,v4.1.0-produccion,buena:completo/semana_anterior
B10_ARQ,2026-09-01 02:30:00,activepower,8024.873,2026-08-31 14:30:00,v4.1.0-produccion,buena:completo/semana_anterior
B10_ARQ,2026-09-01 02:40:00,activepower,7936.869,2026-08-31 14:30:00,v4.1.0-produccion,buena:completo/semana_anterior
B10_ARQ,2026-09-01 02:50:00,activepower,7864.186,2026-08-31 14:30:00,v4.1.0-produccion,buena:completo/semana_anterior
B10_ARQ,2026-09-01 03:00:00,activepower,7984.292,2026-08-31 14:30:00,v4.1.0-produccion,buena:completo/semana_anterior
B10_ARQ,2026-09-01 03:10:00,activepower,7878.911,2026-08-31 14:30:00,v4.1.0-produccion,buena:completo/semana_anterior
B10_ARQ,2026-09-01 03:20:00,activepower,7883.8096,2026-08-31 14:30:00,v4.1.0-produccion,buena:completo/semana_anterior
B10_ARQ,2026-09-01 03:30:00,activepower,7792.008,2026-08-31 14:30:00,v4.1.0-produccion,buena:completo/semana_anterior
B10_ARQ,2026-09-01 03:40:00,activepower,7898.0513,2026-08-31 14:30:00,v4.1.0-produccion,buena:completo/semana_anterior
B10_ARQ,2026-09-01 03:50:00,activepower,7789.6616,2026-08-31 14:30:00,v4.1.0-produccion,buena:completo/semana_anterior
B10_ARQ,2026-09-01 04:00:00,activepower,7938.4243,2026-08-31 14:30:00,v4.1.0-produccion,buena:completo/semana_anterior
B10_ARQ,2026-09-01 04:10:00,activepower,8061.3096,2026-08-31 14:30:00,v4.1.0-produccion,buena:completo/semana_anterior
B10_ARQ,2026-09-01 04:20:00,activepower,8251.498,2026-08-31 14:30:00,v4.1.0-produccion,buena:completo/semana_anterior
B10_ARQ,2026-09-01 04:30:00,activepower,8050.7046,2026-08-31 14:30:00,v4.1.0-produccion,buena:completo/semana_anterior
B10_ARQ,2026-09-01 04:40:00,activepower,8445.174,2026-08-31 14:30:00,v4.1.0-produccion,buena:completo/semana_anterior
B10_ARQ,2026-09-01 04:50:00,activepower,8373.916,2026-08-31 14:30:00,v4.1.0-produccion,buena:completo/semana_anterior
B10_ARQ,2026-09-01 05:00:00,activepower,8795.707,2026-08-31 14:30:00,v4.1.0-produccion,buena:completo/semana_anterior
B10_ARQ,2026-09-01 05:10:00,activepower,8934.892,2026-08-31 14:30:00,v4.1.0-produccion,buena:completo/semana_anterior
B10_ARQ,2026-09-01 05:20:00,activepower,9616.576,2026-08-31 14:30:00,v4.1.0-produccion,buena:completo/semana_anterior
B10_ARQ,2026-09-01 05:30:00,activepower,9717.73,2026-08-31 14:30:00,v4.1.0-produccion,buena:completo/semana_anterior
B10_ARQ,2026-09-01 05:40:00,activepower,9958.69,2026-08-31 14:30:00,v4.1.0-produccion,buena:completo/semana_anterior
B10_ARQ,2026-09-01 05:50:00,activepower,10330.151,2026-08-31 14:30:00,v4.1.0-produccion,buena:completo/semana_anterior
B10_ARQ,2026-09-01 06:00:00,activepower,10708.836,2026-08-31 14:30:00,v4.1.0-produccion,buena:completo/semana_anterior
B10_ARQ,2026-09-01 06:10:00,activepower,11219.047,2026-08-31 14:30:00,v4.1.0-produccion,buena:completo/semana_anterior
B10_ARQ,2026-09-01 06:20:00,activepower,11700.218,2026-08-31 14:30:00,v4.1.0-produccion,buena:completo/semana_anterior
B10_ARQ,2026-09-01 06:30:00,activepower,12000.971,2026-08-31 14:30:00,v4.1.0-produccion,buena:completo/semana_anterior
B10_ARQ,2026-09-01 06:40:00,activepower,12305.797,2026-08-31 14:30:00,v4.1.0-produccion,buena:completo/semana_anterior
B10_ARQ,2026-09-01 06:50:00,activepower,12646.661,2026-08-31 14:30:00,v4.1.0-produccion,buena:completo/semana_anterior
B10_ARQ,2026-09-01 07:00:00,activepower,12859.754,2026-08-31 14:30:00,v4.1.0-produccion,buena:completo/semana_anterior
B10_ARQ,2026-09-01 07:10:00,activepower,13343.416,2026-08-31 14:30:00,v4.1.0-produccion,buena:completo/semana_anterior
B10_ARQ,2026-09-01 07:20:00,activepower,13836.249,2026-08-31 14:30:00,v4.1.0-produccion,buena:completo/semana_anterior
B10_ARQ,2026-09-01 07:30:00,activepower,14352.099,2026-08-31 14:30:00,v4.1.0-produccion,buena:completo/semana_anterior
B10_ARQ,2026-09-01 07:40:00,activepower,14632.663,2026-08-31 14:30:00,v4.1.0-produccion,buena:completo/semana_anterior
B10_ARQ,2026-09-01 07:50:00,activepower,14927.056,2026-08-31 14:30:00,v4.1.0-produccion,buena:completo/semana_anterior
B10_ARQ,2026-09-01 08:00:00,activepower,15240.426,2026-08-31 14:30:00,v4.1.0-produccion,buena:completo/semana_anterior
B10_ARQ,2026-09-01 08:10:00,activepower,15636.675,2026-08-31 14:30:00,v4.1.0-produccion,buena:completo/semana_anterior
B10_ARQ,2026-09-01 08:20:00,activepower,16105.481,2026-08-31 14:30:00,v4.1.0-produccion,buena:completo/semana_anterior
B10_ARQ,2026-09-01 08:30:00,activepower,16048.103,2026-08-31 14:30:00,v4.1.0-produccion,buena:completo/semana_anterior
B10_ARQ,2026-09-01 08:40:00,activepower,16431.914,2026-08-31 14:30:00,v4.1.0-produccion,buena:completo/semana_anterior
B10_ARQ,2026-09-01 08:50:00,activepower,16569.754,2026-08-31 14:30:00,v4.1.0-produccion,buena:completo/semana_anterior
B10_ARQ,2026-09-01 09:00:00,activepower,16738.154,2026-08-31 14:30:00,v4.1.0-produccion,buena:completo/semana_anterior
B10_ARQ,2026-09-01 09:10:00,activepower,16778.896,2026-08-31 14:30:00,v4.1.0-produccion,buena:completo/semana_anterior
B10_ARQ,2026-09-01 09:20:00,activepower,17009.137,2026-08-31 14:30:00,v4.1.0-produccion,buena:completo/semana_anterior
B10_ARQ,2026-09-01 09:30:00,activepower,16982.838,2026-08-31 14:30:00,v4.1.0-produccion,buena:completo/semana_anterior
B10_ARQ,2026-09-01 09:40:00,activepower,17270.967,2026-08-31 14:30:00,v4.1.0-produccion,buena:completo/semana_anterior
B10_ARQ,2026-09-01 09:50:00,activepower,17042.58,2026-08-31 14:30:00,v4.1.0-produccion,buena:completo/semana_anterior
B10_ARQ,2026-09-01 10:00:00,activepower,17232.174,2026-08-31 14:30:00,v4.1.0-produccion,buena:completo/semana_anterior
B10_ARQ,2026-09-01 10:10:00,activepower,17384.193,2026-08-31 14:30:00,v4.1.0-produccion,buena:completo/semana_anterior
B10_ARQ,2026-09-01 10:20:00,activepower,17225.361,2026-08-31 14:30:00,v4.1.0-produccion,buena:completo/semana_anterior
B10_ARQ,2026-09-01 10:30:00,activepower,17235.191,2026-08-31 14:30:00,v4.1.0-produccion,buena:completo/semana_anterior
B10_ARQ,2026-09-01 10:40:00,activepower,17229.73,2026-08-31 14:30:00,v4.1.0-produccion,buena:completo/semana_anterior
B10_ARQ,2026-09-01 10:50:00,activepower,17145.555,2026-08-31 14:30:00,v4.1.0-produccion,buena:completo/semana_anterior
B10_ARQ,2026-09-01 11:00:00,activepower,17098.102,2026-08-31 14:30:00,v4.1.0-produccion,buena:completo/semana_anterior
B10_ARQ,2026-09-01 11:10:00,activepower,17186.111,2026-08-31 14:30:00,v4.1.0-produccion,buena:completo/semana_anterior
B10_ARQ,2026-09-01 11:20:00,activepower,16979.201,2026-08-31 14:30:00,v4.1.0-produccion,buena:completo/semana_anterior
B10_ARQ,2026-09-01 11:30:00,activepower,16840.059,2026-08-31 14:30:00,v4.1.0-produccion,buena:completo/semana_anterior
B10_ARQ,2026-09-01 11:40:00,activepower,16732.352,2026-08-31 14:30:00,v4.1.0-produccion,buena:completo/semana_anterior
B10_ARQ,2026-09-01 11:50:00,activepower,16666.012,2026-08-31 14:30:00,v4.1.0-produccion,buena:completo/semana_anterior
B10_ARQ,2026-09-01 12:00:00,activepower,17031.832,2026-08-31 14:30:00,v4.1.0-produccion,buena:completo/semana_anterior
B10_ARQ,2026-09-01 12:10:00,activepower,16949.684,2026-08-31 14:30:00,v4.1.0-produccion,buena:completo/semana_anterior
B10_ARQ,2026-09-01 12:20:00,activepower,16905.98,2026-08-31 14:30:00,v4.1.0-produccion,buena:completo/semana_anterior
B10_ARQ,2026-09-01 12:30:00,activepower,16756.555,2026-08-31 14:30:00,v4.1.0-produccion,buena:completo/semana_anterior
B10_ARQ,2026-09-01 12:40:00,activepower,16987.336,2026-08-31 14:30:00,v4.1.0-produccion,buena:completo/semana_anterior
B10_ARQ,2026-09-01 12:50:00,activepower,16767.309,2026-08-31 14:30:00,v4.1.0-produccion,buena:completo/semana_anterior
B10_ARQ,2026-09-01 13:00:00,activepower,17024.162,2026-08-31 14:30:00,v4.1.0-produccion,buena:completo/semana_anterior
B10_ARQ,2026-09-01 13:10:00,activepower,16968.547,2026-08-31 14:30:00,v4.1.0-produccion,buena:completo/semana_anterior
B10_ARQ,2026-09-01 13:20:00,activepower,17293.29,2026-08-31 14:30:00,v4.1.0-produccion,buena:completo/semana_anterior
B10_ARQ,2026-09-01 13:30:00,activepower,17238.803,2026-08-31 14:30:00,v4.1.0-produccion,buena:completo/semana_anterior
B10_ARQ,2026-09-01 13:40:00,activepower,17144.049,2026-08-31 14:30:00,v4.1.0-produccion,buena:completo/semana_anterior
B10_ARQ,2026-09-01 13:50:00,activepower,17260.217,2026-08-31 14:30:00,v4.1.0-produccion,buena:completo/semana_anterior
B10_ARQ,2026-09-01 14:00:00,activepower,17159.863,2026-08-31 14:30:00,v4.1.0-produccion,buena:completo/semana_anterior
B10_ARQ,2026-09-01 14:10:00,activepower,17124.852,2026-08-31 14:30:00,v4.1.0-produccion,buena:completo/semana_anterior
B10_ARQ,2026-09-01 14:20:00,activepower,16983.363,2026-08-31 14:30:00,v4.1.0-produccion,buena:completo/semana_anterior
B10_ARQ,2026-09-01 14:30:00,activepower,17296.232,2026-08-31 14:30:00,v4.1.0-produccion,buena:completo/semana_anterior
B10_ARQ,2026-08-31 14:40:00,totalpowerfactor,0.99,2026-08-31 14:30:00,v4.1.0-produccion,buena:completo/semana_anterior
B10_ARQ,2026-08-31 14:50:00,totalpowerfactor,0.99,2026-08-31 14:30:00,v4.1.0-produccion,buena:completo/semana_anterior
B10_ARQ,2026-08-31 15:00:00,totalpowerfactor,0.9880208,2026-08-31 14:30:00,v4.1.0-produccion,buena:completo/semana_anterior
B10_ARQ,2026-08-31 15:10:00,totalpowerfactor,0.99,2026-08-31 14:30:00,v4.1.0-produccion,buena:completo/semana_anterior
B10_ARQ,2026-08-31 15:20:00,totalpowerfactor,0.98824966,2026-08-31 14:30:00,v4.1.0-produccion,buena:completo/semana_anterior
B10_ARQ,2026-08-31 15:30:00,totalpowerfactor,0.98963964,2026-08-31 14:30:00,v4.1.0-produccion,buena:completo/semana_anterior
B10_ARQ,2026-08-31 15:40:00,totalpowerfactor,0.99,2026-08-31 14:30:00,v4.1.0-produccion,buena:completo/semana_anterior
B10_ARQ,2026-08-31 15:50:00,totalpowerfactor,0.99,2026-08-31 14:30:00,v4.1.0-produccion,buena:completo/semana_anterior
B10_ARQ,2026-08-31 16:00:00,totalpowerfactor,0.99,2026-08-31 14:30:00,v4.1.0-produccion,buena:completo/semana_anterior
B10_ARQ,2026-08-31 16:10:00,totalpowerfactor,0.99,2026-08-31 14:30:00,v4.1.0-produccion,buena:completo/semana_anterior
B10_ARQ,2026-08-31 16:20:00,totalpowerfactor,0.99,2026-08-31 14:30:00,v4.1.0-produccion,buena:completo/semana_anterior
B10_ARQ,2026-08-31 16:30:00,totalpowerfactor,0.99,2026-08-31 14:30:00,v4.1.0-produccion,buena:completo/semana_anterior
B10_ARQ,2026-08-31 16:40:00,totalpowerfactor,0.99,2026-08-31 14:30:00,v4.1.0-produccion,buena:completo/semana_anterior
B10_ARQ,2026-08-31 16:50:00,totalpowerfactor,0.99,2026-08-31 14:30:00,v4.1.0-produccion,buena:completo/semana_anterior
B10_ARQ,2026-08-31 17:00:00,totalpowerfactor,0.9890621,2026-08-31 14:30:00,v4.1.0-produccion,buena:completo/semana_anterior
B10_ARQ,2026-08-31 17:10:00,totalpowerfactor,0.99,2026-08-31 14:30:00,v4.1.0-produccion,buena:completo/semana_anterior
B10_ARQ,2026-08-31 17:20:00,totalpowerfactor,0.98622966,2026-08-31 14:30:00,v4.1.0-produccion,buena:completo/semana_anterior
B10_ARQ,2026-08-31 17:30:00,totalpowerfactor,0.99,2026-08-31 14:30:00,v4.1.0-produccion,buena:completo/semana_anterior
B10_ARQ,2026-08-31 17:40:00,totalpowerfactor,0.99,2026-08-31 14:30:00,v4.1.0-produccion,buena:completo/semana_anterior
B10_ARQ,2026-08-31 17:50:00,totalpowerfactor,0.99,2026-08-31 14:30:00,v4.1.0-produccion,buena:completo/semana_anterior
B10_ARQ,2026-08-31 18:00:00,totalpowerfactor,0.99,2026-08-31 14:30:00,v4.1.0-produccion,buena:completo/semana_anterior
B10_ARQ,2026-08-31 18:10:00,totalpowerfactor,0.99,2026-08-31 14:30:00,v4.1.0-produccion,buena:completo/semana_anterior
B10_ARQ,2026-08-31 18:20:00,totalpowerfactor,0.99,2026-08-31 14:30:00,v4.1.0-produccion,buena:completo/semana_anterior
B10_ARQ,2026-08-31 18:30:00,totalpowerfactor,0.99,2026-08-31 14:30:00,v4.1.0-produccion,buena:completo/semana_anterior
B10_ARQ,2026-08-31 18:40:00,totalpowerfactor,0.99,2026-08-31 14:30:00,v4.1.0-produccion,buena:completo/semana_anterior
B10_ARQ,2026-08-31 18:50:00,totalpowerfactor,0.99,2026-08-31 14:30:00,v4.1.0-produccion,buena:completo/semana_anterior
B10_ARQ,2026-08-31 19:00:00,totalpowerfactor,0.99,2026-08-31 14:30:00,v4.1.0-produccion,buena:completo/semana_anterior
B10_ARQ,2026-08-31 19:10:00,totalpowerfactor,0.9866284,2026-08-31 14:30:00,v4.1.0-produccion,buena:completo/semana_anterior
B10_ARQ,2026-08-31 19:20:00,totalpowerfactor,0.9897171,2026-08-31 14:30:00,v4.1.0-produccion,buena:completo/semana_anterior
B10_ARQ,2026-08-31 19:30:00,totalpowerfactor,0.98922825,2026-08-31 14:30:00,v4.1.0-produccion,buena:completo/semana_anterior
B10_ARQ,2026-08-31 19:40:00,totalpowerfactor,0.99,2026-08-31 14:30:00,v4.1.0-produccion,buena:completo/semana_anterior
B10_ARQ,2026-08-31 19:50:00,totalpowerfactor,0.9872434,2026-08-31 14:30:00,v4.1.0-produccion,buena:completo/semana_anterior
B10_ARQ,2026-08-31 20:00:00,totalpowerfactor,0.99,2026-08-31 14:30:00,v4.1.0-produccion,buena:completo/semana_anterior
B10_ARQ,2026-08-31 20:10:00,totalpowerfactor,0.98994577,2026-08-31 14:30:00,v4.1.0-produccion,buena:completo/semana_anterior
B10_ARQ,2026-08-31 20:20:00,totalpowerfactor,0.9876865,2026-08-31 14:30:00,v4.1.0-produccion,buena:completo/semana_anterior
B10_ARQ,2026-08-31 20:30:00,totalpowerfactor,0.99,2026-08-31 14:30:00,v4.1.0-produccion,buena:completo/semana_anterior
B10_ARQ,2026-08-31 20:40:00,totalpowerfactor,0.9867432,2026-08-31 14:30:00,v4.1.0-produccion,buena:completo/semana_anterior
B10_ARQ,2026-08-31 20:50:00,totalpowerfactor,0.98300576,2026-08-31 14:30:00,v4.1.0-produccion,buena:completo/semana_anterior
B10_ARQ,2026-08-31 21:00:00,totalpowerfactor,0.9816438,2026-08-31 14:30:00,v4.1.0-produccion,buena:completo/semana_anterior
B10_ARQ,2026-08-31 21:10:00,totalpowerfactor,0.9856421,2026-08-31 14:30:00,v4.1.0-produccion,buena:completo/semana_anterior
B10_ARQ,2026-08-31 21:20:00,totalpowerfactor,0.9733728,2026-08-31 14:30:00,v4.1.0-produccion,buena:completo/semana_anterior
B10_ARQ,2026-08-31 21:30:00,totalpowerfactor,0.98345876,2026-08-31 14:30:00,v4.1.0-produccion,buena:completo/semana_anterior
B10_ARQ,2026-08-31 21:40:00,totalpowerfactor,0.97686243,2026-08-31 14:30:00,v4.1.0-produccion,buena:completo/semana_anterior
B10_ARQ,2026-08-31 21:50:00,totalpowerfactor,0.97147906,2026-08-31 14:30:00,v4.1.0-produccion,buena:completo/semana_anterior
B10_ARQ,2026-08-31 22:00:00,totalpowerfactor,0.96698034,2026-08-31 14:30:00,v4.1.0-produccion,buena:completo/semana_anterior
B10_ARQ,2026-08-31 22:10:00,totalpowerfactor,0.9683145,2026-08-31 14:30:00,v4.1.0-produccion,buena:completo/semana_anterior
B10_ARQ,2026-08-31 22:20:00,totalpowerfactor,0.9577967,2026-08-31 14:30:00,v4.1.0-produccion,buena:completo/semana_anterior
B10_ARQ,2026-08-31 22:30:00,totalpowerfactor,0.9471246,2026-08-31 14:30:00,v4.1.0-produccion,buena:completo/semana_anterior
B10_ARQ,2026-08-31 22:40:00,totalpowerfactor,0.95277977,2026-08-31 14:30:00,v4.1.0-produccion,buena:completo/semana_anterior
B10_ARQ,2026-08-31 22:50:00,totalpowerfactor,0.9565871,2026-08-31 14:30:00,v4.1.0-produccion,buena:completo/semana_anterior
B10_ARQ,2026-08-31 23:00:00,totalpowerfactor,0.9461833,2026-08-31 14:30:00,v4.1.0-produccion,buena:completo/semana_anterior
B10_ARQ,2026-08-31 23:10:00,totalpowerfactor,0.95061505,2026-08-31 14:30:00,v4.1.0-produccion,buena:completo/semana_anterior
B10_ARQ,2026-08-31 23:20:00,totalpowerfactor,0.9423195,2026-08-31 14:30:00,v4.1.0-produccion,buena:completo/semana_anterior
B10_ARQ,2026-08-31 23:30:00,totalpowerfactor,0.95186937,2026-08-31 14:30:00,v4.1.0-produccion,buena:completo/semana_anterior
B10_ARQ,2026-08-31 23:40:00,totalpowerfactor,0.94649374,2026-08-31 14:30:00,v4.1.0-produccion,buena:completo/semana_anterior
B10_ARQ,2026-08-31 23:50:00,totalpowerfactor,0.9468216,2026-08-31 14:30:00,v4.1.0-produccion,buena:completo/semana_anterior
B10_ARQ,2026-09-01 00:00:00,totalpowerfactor,0.94673955,2026-08-31 14:30:00,v4.1.0-produccion,buena:completo/semana_anterior
B10_ARQ,2026-09-01 00:10:00,totalpowerfactor,0.9420444,2026-08-31 14:30:00,v4.1.0-produccion,buena:completo/semana_anterior
B10_ARQ,2026-09-01 00:20:00,totalpowerfactor,0.9367479,2026-08-31 14:30:00,v4.1.0-produccion,buena:completo/semana_anterior
B10_ARQ,2026-09-01 00:30:00,totalpowerfactor,0.93664503,2026-08-31 14:30:00,v4.1.0-produccion,buena:completo/semana_anterior
B10_ARQ,2026-09-01 00:40:00,totalpowerfactor,0.9282143,2026-08-31 14:30:00,v4.1.0-produccion,buena:completo/semana_anterior
B10_ARQ,2026-09-01 00:50:00,totalpowerfactor,0.92530334,2026-08-31 14:30:00,v4.1.0-produccion,buena:completo/semana_anterior
B10_ARQ,2026-09-01 01:00:00,totalpowerfactor,0.9258213,2026-08-31 14:30:00,v4.1.0-produccion,buena:completo/semana_anterior
B10_ARQ,2026-09-01 01:10:00,totalpowerfactor,0.9310063,2026-08-31 14:30:00,v4.1.0-produccion,buena:completo/semana_anterior
B10_ARQ,2026-09-01 01:20:00,totalpowerfactor,0.926592,2026-08-31 14:30:00,v4.1.0-produccion,buena:completo/semana_anterior
B10_ARQ,2026-09-01 01:30:00,totalpowerfactor,0.9221473,2026-08-31 14:30:00,v4.1.0-produccion,buena:completo/semana_anterior
B10_ARQ,2026-09-01 01:40:00,totalpowerfactor,0.91542065,2026-08-31 14:30:00,v4.1.0-produccion,buena:completo/semana_anterior
B10_ARQ,2026-09-01 01:50:00,totalpowerfactor,0.91542554,2026-08-31 14:30:00,v4.1.0-produccion,buena:completo/semana_anterior
B10_ARQ,2026-09-01 02:00:00,totalpowerfactor,0.9103203,2026-08-31 14:30:00,v4.1.0-produccion,buena:completo/semana_anterior
B10_ARQ,2026-09-01 02:10:00,totalpowerfactor,0.90936863,2026-08-31 14:30:00,v4.1.0-produccion,buena:completo/semana_anterior
B10_ARQ,2026-09-01 02:20:00,totalpowerfactor,0.89844525,2026-08-31 14:30:00,v4.1.0-produccion,buena:completo/semana_anterior
B10_ARQ,2026-09-01 02:30:00,totalpowerfactor,0.9000547,2026-08-31 14:30:00,v4.1.0-produccion,buena:completo/semana_anterior
B10_ARQ,2026-09-01 02:40:00,totalpowerfactor,0.9000294,2026-08-31 14:30:00,v4.1.0-produccion,buena:completo/semana_anterior
B10_ARQ,2026-09-01 02:50:00,totalpowerfactor,0.8957733,2026-08-31 14:30:00,v4.1.0-produccion,buena:completo/semana_anterior
B10_ARQ,2026-09-01 03:00:00,totalpowerfactor,0.88489866,2026-08-31 14:30:00,v4.1.0-produccion,buena:completo/semana_anterior
B10_ARQ,2026-09-01 03:10:00,totalpowerfactor,0.8957944,2026-08-31 14:30:00,v4.1.0-produccion,buena:completo/semana_anterior
B10_ARQ,2026-09-01 03:20:00,totalpowerfactor,0.8905914,2026-08-31 14:30:00,v4.1.0-produccion,buena:completo/semana_anterior
B10_ARQ,2026-09-01 03:30:00,totalpowerfactor,0.8974391,2026-08-31 14:30:00,v4.1.0-produccion,buena:completo/semana_anterior
B10_ARQ,2026-09-01 03:40:00,totalpowerfactor,0.89527977,2026-08-31 14:30:00,v4.1.0-produccion,buena:completo/semana_anterior
B10_ARQ,2026-09-01 03:50:00,totalpowerfactor,0.89641094,2026-08-31 14:30:00,v4.1.0-produccion,buena:completo/semana_anterior
B10_ARQ,2026-09-01 04:00:00,totalpowerfactor,0.90463924,2026-08-31 14:30:00,v4.1.0-produccion,buena:completo/semana_anterior
B10_ARQ,2026-09-01 04:10:00,totalpowerfactor,0.90817285,2026-08-31 14:30:00,v4.1.0-produccion,buena:completo/semana_anterior
B10_ARQ,2026-09-01 04:20:00,totalpowerfactor,0.9086034,2026-08-31 14:30:00,v4.1.0-produccion,buena:completo/semana_anterior
B10_ARQ,2026-09-01 04:30:00,totalpowerfactor,0.913432,2026-08-31 14:30:00,v4.1.0-produccion,buena:completo/semana_anterior
B10_ARQ,2026-09-01 04:40:00,totalpowerfactor,0.91898406,2026-08-31 14:30:00,v4.1.0-produccion,buena:completo/semana_anterior
B10_ARQ,2026-09-01 04:50:00,totalpowerfactor,0.92133,2026-08-31 14:30:00,v4.1.0-produccion,buena:completo/semana_anterior
B10_ARQ,2026-09-01 05:00:00,totalpowerfactor,0.9309403,2026-08-31 14:30:00,v4.1.0-produccion,buena:completo/semana_anterior
B10_ARQ,2026-09-01 05:10:00,totalpowerfactor,0.9308313,2026-08-31 14:30:00,v4.1.0-produccion,buena:completo/semana_anterior
B10_ARQ,2026-09-01 05:20:00,totalpowerfactor,0.9438386,2026-08-31 14:30:00,v4.1.0-produccion,buena:completo/semana_anterior
B10_ARQ,2026-09-01 05:30:00,totalpowerfactor,0.9452845,2026-08-31 14:30:00,v4.1.0-produccion,buena:completo/semana_anterior
B10_ARQ,2026-09-01 05:40:00,totalpowerfactor,0.94635963,2026-08-31 14:30:00,v4.1.0-produccion,buena:completo/semana_anterior
B10_ARQ,2026-09-01 05:50:00,totalpowerfactor,0.96002555,2026-08-31 14:30:00,v4.1.0-produccion,buena:completo/semana_anterior
B10_ARQ,2026-09-01 06:00:00,totalpowerfactor,0.961884,2026-08-31 14:30:00,v4.1.0-produccion,buena:completo/semana_anterior
B10_ARQ,2026-09-01 06:10:00,totalpowerfactor,0.9681921,2026-08-31 14:30:00,v4.1.0-produccion,buena:completo/semana_anterior
B10_ARQ,2026-09-01 06:20:00,totalpowerfactor,0.97608864,2026-08-31 14:30:00,v4.1.0-produccion,buena:completo/semana_anterior
B10_ARQ,2026-09-01 06:30:00,totalpowerfactor,0.9835644,2026-08-31 14:30:00,v4.1.0-produccion,buena:completo/semana_anterior
B10_ARQ,2026-09-01 06:40:00,totalpowerfactor,0.980749,2026-08-31 14:30:00,v4.1.0-produccion,buena:completo/semana_anterior
B10_ARQ,2026-09-01 06:50:00,totalpowerfactor,0.97789514,2026-08-31 14:30:00,v4.1.0-produccion,buena:completo/semana_anterior
B10_ARQ,2026-09-01 07:00:00,totalpowerfactor,0.97767425,2026-08-31 14:30:00,v4.1.0-produccion,buena:completo/semana_anterior
B10_ARQ,2026-09-01 07:10:00,totalpowerfactor,0.97831273,2026-08-31 14:30:00,v4.1.0-produccion,buena:completo/semana_anterior
B10_ARQ,2026-09-01 07:20:00,totalpowerfactor,0.97434235,2026-08-31 14:30:00,v4.1.0-produccion,buena:completo/semana_anterior
B10_ARQ,2026-09-01 07:30:00,totalpowerfactor,0.97677684,2026-08-31 14:30:00,v4.1.0-produccion,buena:completo/semana_anterior
B10_ARQ,2026-09-01 07:40:00,totalpowerfactor,0.97965586,2026-08-31 14:30:00,v4.1.0-produccion,buena:completo/semana_anterior
B10_ARQ,2026-09-01 07:50:00,totalpowerfactor,0.98077834,2026-08-31 14:30:00,v4.1.0-produccion,buena:completo/semana_anterior
B10_ARQ,2026-09-01 08:00:00,totalpowerfactor,0.99,2026-08-31 14:30:00,v4.1.0-produccion,buena:completo/semana_anterior
B10_ARQ,2026-09-01 08:10:00,totalpowerfactor,0.9734384,2026-08-31 14:30:00,v4.1.0-produccion,buena:completo/semana_anterior
B10_ARQ,2026-09-01 08:20:00,totalpowerfactor,0.9813044,2026-08-31 14:30:00,v4.1.0-produccion,buena:completo/semana_anterior
B10_ARQ,2026-09-01 08:30:00,totalpowerfactor,0.97818875,2026-08-31 14:30:00,v4.1.0-produccion,buena:completo/semana_anterior
B10_ARQ,2026-09-01 08:40:00,totalpowerfactor,0.9848671,2026-08-31 14:30:00,v4.1.0-produccion,buena:completo/semana_anterior
B10_ARQ,2026-09-01 08:50:00,totalpowerfactor,0.9713032,2026-08-31 14:30:00,v4.1.0-produccion,buena:completo/semana_anterior
B10_ARQ,2026-09-01 09:00:00,totalpowerfactor,0.9803498,2026-08-31 14:30:00,v4.1.0-produccion,buena:completo/semana_anterior
B10_ARQ,2026-09-01 09:10:00,totalpowerfactor,0.97245455,2026-08-31 14:30:00,v4.1.0-produccion,buena:completo/semana_anterior
B10_ARQ,2026-09-01 09:20:00,totalpowerfactor,0.96511495,2026-08-31 14:30:00,v4.1.0-produccion,buena:completo/semana_anterior
B10_ARQ,2026-09-01 09:30:00,totalpowerfactor,0.96632254,2026-08-31 14:30:00,v4.1.0-produccion,buena:completo/semana_anterior
B10_ARQ,2026-09-01 09:40:00,totalpowerfactor,0.9678911,2026-08-31 14:30:00,v4.1.0-produccion,buena:completo/semana_anterior
B10_ARQ,2026-09-01 09:50:00,totalpowerfactor,0.96643007,2026-08-31 14:30:00,v4.1.0-produccion,buena:completo/semana_anterior
B10_ARQ,2026-09-01 10:00:00,totalpowerfactor,0.9610332,2026-08-31 14:30:00,v4.1.0-produccion,buena:completo/semana_anterior
B10_ARQ,2026-09-01 10:10:00,totalpowerfactor,0.960845,2026-08-31 14:30:00,v4.1.0-produccion,buena:completo/semana_anterior
B10_ARQ,2026-09-01 10:20:00,totalpowerfactor,0.95657337,2026-08-31 14:30:00,v4.1.0-produccion,buena:completo/semana_anterior
B10_ARQ,2026-09-01 10:30:00,totalpowerfactor,0.9667449,2026-08-31 14:30:00,v4.1.0-produccion,buena:completo/semana_anterior
B10_ARQ,2026-09-01 10:40:00,totalpowerfactor,0.96702206,2026-08-31 14:30:00,v4.1.0-produccion,buena:completo/semana_anterior
B10_ARQ,2026-09-01 10:50:00,totalpowerfactor,0.96427476,2026-08-31 14:30:00,v4.1.0-produccion,buena:completo/semana_anterior
B10_ARQ,2026-09-01 11:00:00,totalpowerfactor,0.9616314,2026-08-31 14:30:00,v4.1.0-produccion,buena:completo/semana_anterior
B10_ARQ,2026-09-01 11:10:00,totalpowerfactor,0.9636463,2026-08-31 14:30:00,v4.1.0-produccion,buena:completo/semana_anterior
B10_ARQ,2026-09-01 11:20:00,totalpowerfactor,0.968791,2026-08-31 14:30:00,v4.1.0-produccion,buena:completo/semana_anterior
B10_ARQ,2026-09-01 11:30:00,totalpowerfactor,0.9703939,2026-08-31 14:30:00,v4.1.0-produccion,buena:completo/semana_anterior
B10_ARQ,2026-09-01 11:40:00,totalpowerfactor,0.9750401,2026-08-31 14:30:00,v4.1.0-produccion,buena:completo/semana_anterior
B10_ARQ,2026-09-01 11:50:00,totalpowerfactor,0.976732,2026-08-31 14:30:00,v4.1.0-produccion,buena:completo/semana_anterior
B10_ARQ,2026-09-01 12:00:00,totalpowerfactor,0.97914326,2026-08-31 14:30:00,v4.1.0-produccion,buena:completo/semana_anterior
B10_ARQ,2026-09-01 12:10:00,totalpowerfactor,0.97549963,2026-08-31 14:30:00,v4.1.0-produccion,buena:completo/semana_anterior
B10_ARQ,2026-09-01 12:20:00,totalpowerfactor,0.97912943,2026-08-31 14:30:00,v4.1.0-produccion,buena:completo/semana_anterior
B10_ARQ,2026-09-01 12:30:00,totalpowerfactor,0.98572946,2026-08-31 14:30:00,v4.1.0-produccion,buena:completo/semana_anterior
B10_ARQ,2026-09-01 12:40:00,totalpowerfactor,0.9795537,2026-08-31 14:30:00,v4.1.0-produccion,buena:completo/semana_anterior
B10_ARQ,2026-09-01 12:50:00,totalpowerfactor,0.9817507,2026-08-31 14:30:00,v4.1.0-produccion,buena:completo/semana_anterior
B10_ARQ,2026-09-01 13:00:00,totalpowerfactor,0.9858954,2026-08-31 14:30:00,v4.1.0-produccion,buena:completo/semana_anterior
B10_ARQ,2026-09-01 13:10:00,totalpowerfactor,0.98813176,2026-08-31 14:30:00,v4.1.0-produccion,buena:completo/semana_anterior
B10_ARQ,2026-09-01 13:20:00,totalpowerfactor,0.9882678,2026-08-31 14:30:00,v4.1.0-produccion,buena:completo/semana_anterior
B10_ARQ,2026-09-01 13:30:00,totalpowerfactor,0.99,2026-08-31 14:30:00,v4.1.0-produccion,buena:completo/semana_anterior
B10_ARQ,2026-09-01 13:40:00,totalpowerfactor,0.99,2026-08-31 14:30:00,v4.1.0-produccion,buena:completo/semana_anterior
B10_ARQ,2026-09-01 13:50:00,totalpowerfactor,0.99,2026-08-31 14:30:00,v4.1.0-produccion,buena:completo/semana_anterior
B10_ARQ,2026-09-01 14:00:00,totalpowerfactor,0.99,2026-08-31 14:30:00,v4.1.0-produccion,buena:completo/semana_anterior
B10_ARQ,2026-09-01 14:10:00,totalpowerfactor,0.99,2026-08-31 14:30:00,v4.1.0-produccion,buena:completo/semana_anterior
B10_ARQ,2026-09-01 14:20:00,totalpowerfactor,0.99,2026-08-31 14:30:00,v4.1.0-produccion,buena:completo/semana_anterior
B10_ARQ,2026-09-01 14:30:00,totalpowerfactor,0.99,2026-08-31 14:30:00,v4.1.0-produccion,buena:completo/semana_anterior
B10_ARQ,2026-08-31 14:40:00,voltaje_promedio,123.37857,2026-08-31 14:30:00,v4.1.0-produccion,buena:completo/semana_anterior
B10_ARQ,2026-08-31 14:50:00,voltaje_promedio,123.46238,2026-08-31 14:30:00,v4.1.0-produccion,buena:completo/semana_anterior
B10_ARQ,2026-08-31 15:00:00,voltaje_promedio,123.45623,2026-08-31 14:30:00,v4.1.0-produccion,buena:completo/semana_anterior
B10_ARQ,2026-08-31 15:10:00,voltaje_promedio,123.45742,2026-08-31 14:30:00,v4.1.0-produccion,buena:completo/semana_anterior
B10_ARQ,2026-08-31 15:20:00,voltaje_promedio,123.55414,2026-08-31 14:30:00,v4.1.0-produccion,buena:completo/semana_anterior
B10_ARQ,2026-08-31 15:30:00,voltaje_promedio,123.62375,2026-08-31 14:30:00,v4.1.0-produccion,buena:completo/semana_anterior
B10_ARQ,2026-08-31 15:40:00,voltaje_promedio,123.73865,2026-08-31 14:30:00,v4.1.0-produccion,buena:completo/semana_anterior
B10_ARQ,2026-08-31 15:50:00,voltaje_promedio,123.76499,2026-08-31 14:30:00,v4.1.0-produccion,buena:completo/semana_anterior
B10_ARQ,2026-08-31 16:00:00,voltaje_promedio,123.821266,2026-08-31 14:30:00,v4.1.0-produccion,buena:completo/semana_anterior
B10_ARQ,2026-08-31 16:10:00,voltaje_promedio,123.92645,2026-08-31 14:30:00,v4.1.0-produccion,buena:completo/semana_anterior
B10_ARQ,2026-08-31 16:20:00,voltaje_promedio,123.98174,2026-08-31 14:30:00,v4.1.0-produccion,buena:completo/semana_anterior
B10_ARQ,2026-08-31 16:30:00,voltaje_promedio,123.9915,2026-08-31 14:30:00,v4.1.0-produccion,buena:completo/semana_anterior
B10_ARQ,2026-08-31 16:40:00,voltaje_promedio,124.09513,2026-08-31 14:30:00,v4.1.0-produccion,buena:completo/semana_anterior
B10_ARQ,2026-08-31 16:50:00,voltaje_promedio,124.1491,2026-08-31 14:30:00,v4.1.0-produccion,buena:completo/semana_anterior
B10_ARQ,2026-08-31 17:00:00,voltaje_promedio,124.24931,2026-08-31 14:30:00,v4.1.0-produccion,buena:completo/semana_anterior
B10_ARQ,2026-08-31 17:10:00,voltaje_promedio,124.28488,2026-08-31 14:30:00,v4.1.0-produccion,buena:completo/semana_anterior
B10_ARQ,2026-08-31 17:20:00,voltaje_promedio,124.36178,2026-08-31 14:30:00,v4.1.0-produccion,buena:completo/semana_anterior
B10_ARQ,2026-08-31 17:30:00,voltaje_promedio,124.386925,2026-08-31 14:30:00,v4.1.0-produccion,buena:completo/semana_anterior
B10_ARQ,2026-08-31 17:40:00,voltaje_promedio,124.37578,2026-08-31 14:30:00,v4.1.0-produccion,buena:completo/semana_anterior
B10_ARQ,2026-08-31 17:50:00,voltaje_promedio,124.43781,2026-08-31 14:30:00,v4.1.0-produccion,buena:completo/semana_anterior
B10_ARQ,2026-08-31 18:00:00,voltaje_promedio,124.55674,2026-08-31 14:30:00,v4.1.0-produccion,buena:completo/semana_anterior
B10_ARQ,2026-08-31 18:10:00,voltaje_promedio,124.54116,2026-08-31 14:30:00,v4.1.0-produccion,buena:completo/semana_anterior
B10_ARQ,2026-08-31 18:20:00,voltaje_promedio,124.61175,2026-08-31 14:30:00,v4.1.0-produccion,buena:completo/semana_anterior
B10_ARQ,2026-08-31 18:30:00,voltaje_promedio,124.60848,2026-08-31 14:30:00,v4.1.0-produccion,buena:completo/semana_anterior
B10_ARQ,2026-08-31 18:40:00,voltaje_promedio,124.677986,2026-08-31 14:30:00,v4.1.0-produccion,buena:completo/semana_anterior
B10_ARQ,2026-08-31 18:50:00,voltaje_promedio,124.694176,2026-08-31 14:30:00,v4.1.0-produccion,buena:completo/semana_anterior
B10_ARQ,2026-08-31 19:00:00,voltaje_promedio,124.70778,2026-08-31 14:30:00,v4.1.0-produccion,buena:completo/semana_anterior
B10_ARQ,2026-08-31 19:10:00,voltaje_promedio,124.785614,2026-08-31 14:30:00,v4.1.0-produccion,buena:completo/semana_anterior
B10_ARQ,2026-08-31 19:20:00,voltaje_promedio,124.92742,2026-08-31 14:30:00,v4.1.0-produccion,buena:completo/semana_anterior
B10_ARQ,2026-08-31 19:30:00,voltaje_promedio,124.94345,2026-08-31 14:30:00,v4.1.0-produccion,buena:completo/semana_anterior
B10_ARQ,2026-08-31 19:40:00,voltaje_promedio,125.02574,2026-08-31 14:30:00,v4.1.0-produccion,buena:completo/semana_anterior
B10_ARQ,2026-08-31 19:50:00,voltaje_promedio,125.03279,2026-08-31 14:30:00,v4.1.0-produccion,buena:completo/semana_anterior
B10_ARQ,2026-08-31 20:00:00,voltaje_promedio,125.07988,2026-08-31 14:30:00,v4.1.0-produccion,buena:completo/semana_anterior
B10_ARQ,2026-08-31 20:10:00,voltaje_promedio,125.16499,2026-08-31 14:30:00,v4.1.0-produccion,buena:completo/semana_anterior
B10_ARQ,2026-08-31 20:20:00,voltaje_promedio,125.240486,2026-08-31 14:30:00,v4.1.0-produccion,buena:completo/semana_anterior
B10_ARQ,2026-08-31 20:30:00,voltaje_promedio,125.23663,2026-08-31 14:30:00,v4.1.0-produccion,buena:completo/semana_anterior
B10_ARQ,2026-08-31 20:40:00,voltaje_promedio,125.29663,2026-08-31 14:30:00,v4.1.0-produccion,buena:completo/semana_anterior
B10_ARQ,2026-08-31 20:50:00,voltaje_promedio,125.32017,2026-08-31 14:30:00,v4.1.0-produccion,buena:completo/semana_anterior
B10_ARQ,2026-08-31 21:00:00,voltaje_promedio,125.36751,2026-08-31 14:30:00,v4.1.0-produccion,buena:completo/semana_anterior
B10_ARQ,2026-08-31 21:10:00,voltaje_promedio,125.40996,2026-08-31 14:30:00,v4.1.0-produccion,buena:completo/semana_anterior
B10_ARQ,2026-08-31 21:20:00,voltaje_promedio,125.45899,2026-08-31 14:30:00,v4.1.0-produccion,buena:completo/semana_anterior
B10_ARQ,2026-08-31 21:30:00,voltaje_promedio,125.51712,2026-08-31 14:30:00,v4.1.0-produccion,buena:completo/semana_anterior
B10_ARQ,2026-08-31 21:40:00,voltaje_promedio,125.5345,2026-08-31 14:30:00,v4.1.0-produccion,buena:completo/semana_anterior
B10_ARQ,2026-08-31 21:50:00,voltaje_promedio,125.571915,2026-08-31 14:30:00,v4.1.0-produccion,buena:completo/semana_anterior
B10_ARQ,2026-08-31 22:00:00,voltaje_promedio,125.61296,2026-08-31 14:30:00,v4.1.0-produccion,buena:completo/semana_anterior
B10_ARQ,2026-08-31 22:10:00,voltaje_promedio,125.6319,2026-08-31 14:30:00,v4.1.0-produccion,buena:completo/semana_anterior
B10_ARQ,2026-08-31 22:20:00,voltaje_promedio,125.64387,2026-08-31 14:30:00,v4.1.0-produccion,buena:completo/semana_anterior
B10_ARQ,2026-08-31 22:30:00,voltaje_promedio,125.63962,2026-08-31 14:30:00,v4.1.0-produccion,buena:completo/semana_anterior
B10_ARQ,2026-08-31 22:40:00,voltaje_promedio,125.64253,2026-08-31 14:30:00,v4.1.0-produccion,buena:completo/semana_anterior
B10_ARQ,2026-08-31 22:50:00,voltaje_promedio,125.683586,2026-08-31 14:30:00,v4.1.0-produccion,buena:completo/semana_anterior
B10_ARQ,2026-08-31 23:00:00,voltaje_promedio,125.74599,2026-08-31 14:30:00,v4.1.0-produccion,buena:completo/semana_anterior
B10_ARQ,2026-08-31 23:10:00,voltaje_promedio,125.77662,2026-08-31 14:30:00,v4.1.0-produccion,buena:completo/semana_anterior
B10_ARQ,2026-08-31 23:20:00,voltaje_promedio,125.818306,2026-08-31 14:30:00,v4.1.0-produccion,buena:completo/semana_anterior
B10_ARQ,2026-08-31 23:30:00,voltaje_promedio,125.78927,2026-08-31 14:30:00,v4.1.0-produccion,buena:completo/semana_anterior
B10_ARQ,2026-08-31 23:40:00,voltaje_promedio,125.74548,2026-08-31 14:30:00,v4.1.0-produccion,buena:completo/semana_anterior
B10_ARQ,2026-08-31 23:50:00,voltaje_promedio,125.74985,2026-08-31 14:30:00,v4.1.0-produccion,buena:completo/semana_anterior
B10_ARQ,2026-09-01 00:00:00,voltaje_promedio,125.76121,2026-08-31 14:30:00,v4.1.0-produccion,buena:completo/semana_anterior
B10_ARQ,2026-09-01 00:10:00,voltaje_promedio,125.78711,2026-08-31 14:30:00,v4.1.0-produccion,buena:completo/semana_anterior
B10_ARQ,2026-09-01 00:20:00,voltaje_promedio,125.809906,2026-08-31 14:30:00,v4.1.0-produccion,buena:completo/semana_anterior
B10_ARQ,2026-09-01 00:30:00,voltaje_promedio,125.825874,2026-08-31 14:30:00,v4.1.0-produccion,buena:completo/semana_anterior
B10_ARQ,2026-09-01 00:40:00,voltaje_promedio,125.78782,2026-08-31 14:30:00,v4.1.0-produccion,buena:completo/semana_anterior
B10_ARQ,2026-09-01 00:50:00,voltaje_promedio,125.77551,2026-08-31 14:30:00,v4.1.0-produccion,buena:completo/semana_anterior
B10_ARQ,2026-09-01 01:00:00,voltaje_promedio,125.777336,2026-08-31 14:30:00,v4.1.0-produccion,buena:completo/semana_anterior
B10_ARQ,2026-09-01 01:10:00,voltaje_promedio,125.77892,2026-08-31 14:30:00,v4.1.0-produccion,buena:completo/semana_anterior
B10_ARQ,2026-09-01 01:20:00,voltaje_promedio,125.73546,2026-08-31 14:30:00,v4.1.0-produccion,buena:completo/semana_anterior
B10_ARQ,2026-09-01 01:30:00,voltaje_promedio,125.739136,2026-08-31 14:30:00,v4.1.0-produccion,buena:completo/semana_anterior
B10_ARQ,2026-09-01 01:40:00,voltaje_promedio,125.75017,2026-08-31 14:30:00,v4.1.0-produccion,buena:completo/semana_anterior
B10_ARQ,2026-09-01 01:50:00,voltaje_promedio,125.73631,2026-08-31 14:30:00,v4.1.0-produccion,buena:completo/semana_anterior
B10_ARQ,2026-09-01 02:00:00,voltaje_promedio,125.68469,2026-08-31 14:30:00,v4.1.0-produccion,buena:completo/semana_anterior
B10_ARQ,2026-09-01 02:10:00,voltaje_promedio,125.67154,2026-08-31 14:30:00,v4.1.0-produccion,buena:completo/semana_anterior
B10_ARQ,2026-09-01 02:20:00,voltaje_promedio,125.67317,2026-08-31 14:30:00,v4.1.0-produccion,buena:completo/semana_anterior
B10_ARQ,2026-09-01 02:30:00,voltaje_promedio,125.6472,2026-08-31 14:30:00,v4.1.0-produccion,buena:completo/semana_anterior
B10_ARQ,2026-09-01 02:40:00,voltaje_promedio,125.69653,2026-08-31 14:30:00,v4.1.0-produccion,buena:completo/semana_anterior
B10_ARQ,2026-09-01 02:50:00,voltaje_promedio,125.69534,2026-08-31 14:30:00,v4.1.0-produccion,buena:completo/semana_anterior
B10_ARQ,2026-09-01 03:00:00,voltaje_promedio,125.638504,2026-08-31 14:30:00,v4.1.0-produccion,buena:completo/semana_anterior
B10_ARQ,2026-09-01 03:10:00,voltaje_promedio,125.5716,2026-08-31 14:30:00,v4.1.0-produccion,buena:completo/semana_anterior
B10_ARQ,2026-09-01 03:20:00,voltaje_promedio,125.50738,2026-08-31 14:30:00,v4.1.0-produccion,buena:completo/semana_anterior
B10_ARQ,2026-09-01 03:30:00,voltaje_promedio,125.51966,2026-08-31 14:30:00,v4.1.0-produccion,buena:completo/semana_anterior
B10_ARQ,2026-09-01 03:40:00,voltaje_promedio,125.45566,2026-08-31 14:30:00,v4.1.0-produccion,buena:completo/semana_anterior
B10_ARQ,2026-09-01 03:50:00,voltaje_promedio,125.388855,2026-08-31 14:30:00,v4.1.0-produccion,buena:completo/semana_anterior
B10_ARQ,2026-09-01 04:00:00,voltaje_promedio,125.31345,2026-08-31 14:30:00,v4.1.0-produccion,buena:completo/semana_anterior
B10_ARQ,2026-09-01 04:10:00,voltaje_promedio,125.27585,2026-08-31 14:30:00,v4.1.0-produccion,buena:completo/semana_anterior
B10_ARQ,2026-09-01 04:20:00,voltaje_promedio,125.20421,2026-08-31 14:30:00,v4.1.0-produccion,buena:completo/semana_anterior
B10_ARQ,2026-09-01 04:30:00,voltaje_promedio,125.05774,2026-08-31 14:30:00,v4.1.0-produccion,buena:completo/semana_anterior
B10_ARQ,2026-09-01 04:40:00,voltaje_promedio,124.95494,2026-08-31 14:30:00,v4.1.0-produccion,buena:completo/semana_anterior
B10_ARQ,2026-09-01 04:50:00,voltaje_promedio,124.88706,2026-08-31 14:30:00,v4.1.0-produccion,buena:completo/semana_anterior
B10_ARQ,2026-09-01 05:00:00,voltaje_promedio,124.90173,2026-08-31 14:30:00,v4.1.0-produccion,buena:completo/semana_anterior
B10_ARQ,2026-09-01 05:10:00,voltaje_promedio,124.81252,2026-08-31 14:30:00,v4.1.0-produccion,buena:completo/semana_anterior
B10_ARQ,2026-09-01 05:20:00,voltaje_promedio,124.64393,2026-08-31 14:30:00,v4.1.0-produccion,buena:completo/semana_anterior
B10_ARQ,2026-09-01 05:30:00,voltaje_promedio,124.54984,2026-08-31 14:30:00,v4.1.0-produccion,buena:completo/semana_anterior
B10_ARQ,2026-09-01 05:40:00,voltaje_promedio,124.48164,2026-08-31 14:30:00,v4.1.0-produccion,buena:completo/semana_anterior
B10_ARQ,2026-09-01 05:50:00,voltaje_promedio,124.34249,2026-08-31 14:30:00,v4.1.0-produccion,buena:completo/semana_anterior
B10_ARQ,2026-09-01 06:00:00,voltaje_promedio,124.29075,2026-08-31 14:30:00,v4.1.0-produccion,buena:completo/semana_anterior
B10_ARQ,2026-09-01 06:10:00,voltaje_promedio,124.16454,2026-08-31 14:30:00,v4.1.0-produccion,buena:completo/semana_anterior
B10_ARQ,2026-09-01 06:20:00,voltaje_promedio,124.0441,2026-08-31 14:30:00,v4.1.0-produccion,buena:completo/semana_anterior
B10_ARQ,2026-09-01 06:30:00,voltaje_promedio,124.02774,2026-08-31 14:30:00,v4.1.0-produccion,buena:completo/semana_anterior
B10_ARQ,2026-09-01 06:40:00,voltaje_promedio,123.97767,2026-08-31 14:30:00,v4.1.0-produccion,buena:completo/semana_anterior
B10_ARQ,2026-09-01 06:50:00,voltaje_promedio,123.93149,2026-08-31 14:30:00,v4.1.0-produccion,buena:completo/semana_anterior
B10_ARQ,2026-09-01 07:00:00,voltaje_promedio,123.91408,2026-08-31 14:30:00,v4.1.0-produccion,buena:completo/semana_anterior
B10_ARQ,2026-09-01 07:10:00,voltaje_promedio,123.84704,2026-08-31 14:30:00,v4.1.0-produccion,buena:completo/semana_anterior
B10_ARQ,2026-09-01 07:20:00,voltaje_promedio,123.68013,2026-08-31 14:30:00,v4.1.0-produccion,buena:completo/semana_anterior
B10_ARQ,2026-09-01 07:30:00,voltaje_promedio,123.69993,2026-08-31 14:30:00,v4.1.0-produccion,buena:completo/semana_anterior
B10_ARQ,2026-09-01 07:40:00,voltaje_promedio,123.70159,2026-08-31 14:30:00,v4.1.0-produccion,buena:completo/semana_anterior
B10_ARQ,2026-09-01 07:50:00,voltaje_promedio,123.65862,2026-08-31 14:30:00,v4.1.0-produccion,buena:completo/semana_anterior
B10_ARQ,2026-09-01 08:00:00,voltaje_promedio,123.62395,2026-08-31 14:30:00,v4.1.0-produccion,buena:completo/semana_anterior
B10_ARQ,2026-09-01 08:10:00,voltaje_promedio,123.52828,2026-08-31 14:30:00,v4.1.0-produccion,buena:completo/semana_anterior
B10_ARQ,2026-09-01 08:20:00,voltaje_promedio,123.4562,2026-08-31 14:30:00,v4.1.0-produccion,buena:completo/semana_anterior
B10_ARQ,2026-09-01 08:30:00,voltaje_promedio,123.47601,2026-08-31 14:30:00,v4.1.0-produccion,buena:completo/semana_anterior
B10_ARQ,2026-09-01 08:40:00,voltaje_promedio,123.422195,2026-08-31 14:30:00,v4.1.0-produccion,buena:completo/semana_anterior
B10_ARQ,2026-09-01 08:50:00,voltaje_promedio,123.461685,2026-08-31 14:30:00,v4.1.0-produccion,buena:completo/semana_anterior
B10_ARQ,2026-09-01 09:00:00,voltaje_promedio,123.414055,2026-08-31 14:30:00,v4.1.0-produccion,buena:completo/semana_anterior
B10_ARQ,2026-09-01 09:10:00,voltaje_promedio,123.384,2026-08-31 14:30:00,v4.1.0-produccion,buena:completo/semana_anterior
B10_ARQ,2026-09-01 09:20:00,voltaje_promedio,123.3387,2026-08-31 14:30:00,v4.1.0-produccion,buena:completo/semana_anterior
B10_ARQ,2026-09-01 09:30:00,voltaje_promedio,123.361885,2026-08-31 14:30:00,v4.1.0-produccion,buena:completo/semana_anterior
B10_ARQ,2026-09-01 09:40:00,voltaje_promedio,123.36596,2026-08-31 14:30:00,v4.1.0-produccion,buena:completo/semana_anterior
B10_ARQ,2026-09-01 09:50:00,voltaje_promedio,123.38209,2026-08-31 14:30:00,v4.1.0-produccion,buena:completo/semana_anterior
B10_ARQ,2026-09-01 10:00:00,voltaje_promedio,123.337654,2026-08-31 14:30:00,v4.1.0-produccion,buena:completo/semana_anterior
B10_ARQ,2026-09-01 10:10:00,voltaje_promedio,123.30074,2026-08-31 14:30:00,v4.1.0-produccion,buena:completo/semana_anterior
B10_ARQ,2026-09-01 10:20:00,voltaje_promedio,123.29168,2026-08-31 14:30:00,v4.1.0-produccion,buena:completo/semana_anterior
B10_ARQ,2026-09-01 10:30:00,voltaje_promedio,123.29737,2026-08-31 14:30:00,v4.1.0-produccion,buena:completo/semana_anterior
B10_ARQ,2026-09-01 10:40:00,voltaje_promedio,123.33718,2026-08-31 14:30:00,v4.1.0-produccion,buena:completo/semana_anterior
B10_ARQ,2026-09-01 10:50:00,voltaje_promedio,123.30762,2026-08-31 14:30:00,v4.1.0-produccion,buena:completo/semana_anterior
B10_ARQ,2026-09-01 11:00:00,voltaje_promedio,123.25567,2026-08-31 14:30:00,v4.1.0-produccion,buena:completo/semana_anterior
B10_ARQ,2026-09-01 11:10:00,voltaje_promedio,123.366455,2026-08-31 14:30:00,v4.1.0-produccion,buena:completo/semana_anterior
B10_ARQ,2026-09-01 11:20:00,voltaje_promedio,123.318054,2026-08-31 14:30:00,v4.1.0-produccion,buena:completo/semana_anterior
B10_ARQ,2026-09-01 11:30:00,voltaje_promedio,123.35447,2026-08-31 14:30:00,v4.1.0-produccion,buena:completo/semana_anterior
B10_ARQ,2026-09-01 11:40:00,voltaje_promedio,123.40556,2026-08-31 14:30:00,v4.1.0-produccion,buena:completo/semana_anterior
B10_ARQ,2026-09-01 11:50:00,voltaje_promedio,123.38016,2026-08-31 14:30:00,v4.1.0-produccion,buena:completo/semana_anterior
B10_ARQ,2026-09-01 12:00:00,voltaje_promedio,123.36902,2026-08-31 14:30:00,v4.1.0-produccion,buena:completo/semana_anterior
B10_ARQ,2026-09-01 12:10:00,voltaje_promedio,123.39936,2026-08-31 14:30:00,v4.1.0-produccion,buena:completo/semana_anterior
B10_ARQ,2026-09-01 12:20:00,voltaje_promedio,123.35125,2026-08-31 14:30:00,v4.1.0-produccion,buena:completo/semana_anterior
B10_ARQ,2026-09-01 12:30:00,voltaje_promedio,123.43234,2026-08-31 14:30:00,v4.1.0-produccion,buena:completo/semana_anterior
B10_ARQ,2026-09-01 12:40:00,voltaje_promedio,123.47993,2026-08-31 14:30:00,v4.1.0-produccion,buena:completo/semana_anterior
B10_ARQ,2026-09-01 12:50:00,voltaje_promedio,123.4825,2026-08-31 14:30:00,v4.1.0-produccion,buena:completo/semana_anterior
B10_ARQ,2026-09-01 13:00:00,voltaje_promedio,123.423706,2026-08-31 14:30:00,v4.1.0-produccion,buena:completo/semana_anterior
B10_ARQ,2026-09-01 13:10:00,voltaje_promedio,123.4016,2026-08-31 14:30:00,v4.1.0-produccion,buena:completo/semana_anterior
B10_ARQ,2026-09-01 13:20:00,voltaje_promedio,123.43004,2026-08-31 14:30:00,v4.1.0-produccion,buena:completo/semana_anterior
B10_ARQ,2026-09-01 13:30:00,voltaje_promedio,123.40756,2026-08-31 14:30:00,v4.1.0-produccion,buena:completo/semana_anterior
B10_ARQ,2026-09-01 13:40:00,voltaje_promedio,123.41712,2026-08-31 14:30:00,v4.1.0-produccion,buena:completo/semana_anterior
B10_ARQ,2026-09-01 13:50:00,voltaje_promedio,123.49636,2026-08-31 14:30:00,v4.1.0-produccion,buena:completo/semana_anterior
B10_ARQ,2026-09-01 14:00:00,voltaje_promedio,123.44863,2026-08-31 14:30:00,v4.1.0-produccion,buena:completo/semana_anterior
B10_ARQ,2026-09-01 14:10:00,voltaje_promedio,123.52502,2026-08-31 14:30:00,v4.1.0-produccion,buena:completo/semana_anterior
B10_ARQ,2026-09-01 14:20:00,voltaje_promedio,123.54493,2026-08-31 14:30:00,v4.1.0-produccion,buena:completo/semana_anterior
B10_ARQ,2026-09-01 14:30:00,voltaje_promedio,123.58639,2026-08-31 14:30:00,v4.1.0-produccion,buena:completo/semana_anterior
B12_DERE,2026-08-31 14:40:00,activepower,13532.37,2026-08-31 14:30:00,v4.1.0-produccion,buena:completo/semana_anterior
B12_DERE,2026-08-31 14:50:00,activepower,13376.655,2026-08-31 14:30:00,v4.1.0-produccion,buena:completo/semana_anterior
B12_DERE,2026-08-31 15:00:00,activepower,13134.403,2026-08-31 14:30:00,v4.1.0-produccion,buena:completo/semana_anterior
B12_DERE,2026-08-31 15:10:00,activepower,13060.552,2026-08-31 14:30:00,v4.1.0-produccion,buena:completo/semana_anterior
B12_DERE,2026-08-31 15:20:00,activepower,13068.916,2026-08-31 14:30:00,v4.1.0-produccion,buena:completo/semana_anterior
B12_DERE,2026-08-31 15:30:00,activepower,13068.464,2026-08-31 14:30:00,v4.1.0-produccion,buena:completo/semana_anterior
B12_DERE,2026-08-31 15:40:00,activepower,13065.443,2026-08-31 14:30:00,v4.1.0-produccion,buena:completo/semana_anterior
B12_DERE,2026-08-31 15:50:00,activepower,13019.679,2026-08-31 14:30:00,v4.1.0-produccion,buena:completo/semana_anterior
B12_DERE,2026-08-31 16:00:00,activepower,13093.169,2026-08-31 14:30:00,v4.1.0-produccion,buena:completo/semana_anterior
B12_DERE,2026-08-31 16:10:00,activepower,12534.087,2026-08-31 14:30:00,v4.1.0-produccion,buena:completo/semana_anterior
B12_DERE,2026-08-31 16:20:00,activepower,12354.531,2026-08-31 14:30:00,v4.1.0-produccion,buena:completo/semana_anterior
B12_DERE,2026-08-31 16:30:00,activepower,12238.646,2026-08-31 14:30:00,v4.1.0-produccion,buena:completo/semana_anterior
B12_DERE,2026-08-31 16:40:00,activepower,12401.647,2026-08-31 14:30:00,v4.1.0-produccion,buena:completo/semana_anterior
B12_DERE,2026-08-31 16:50:00,activepower,12103.905,2026-08-31 14:30:00,v4.1.0-produccion,buena:completo/semana_anterior
B12_DERE,2026-08-31 17:00:00,activepower,11912.895,2026-08-31 14:30:00,v4.1.0-produccion,buena:completo/semana_anterior
B12_DERE,2026-08-31 17:10:00,activepower,11616.593,2026-08-31 14:30:00,v4.1.0-produccion,buena:completo/semana_anterior
B12_DERE,2026-08-31 17:20:00,activepower,11173.152,2026-08-31 14:30:00,v4.1.0-produccion,buena:completo/semana_anterior
B12_DERE,2026-08-31 17:30:00,activepower,10981.231,2026-08-31 14:30:00,v4.1.0-produccion,buena:completo/semana_anterior
B12_DERE,2026-08-31 17:40:00,activepower,10979.759,2026-08-31 14:30:00,v4.1.0-produccion,buena:completo/semana_anterior
B12_DERE,2026-08-31 17:50:00,activepower,10676.271,2026-08-31 14:30:00,v4.1.0-produccion,buena:completo/semana_anterior
B12_DERE,2026-08-31 18:00:00,activepower,10466.108,2026-08-31 14:30:00,v4.1.0-produccion,buena:completo/semana_anterior
B12_DERE,2026-08-31 18:10:00,activepower,10101.247,2026-08-31 14:30:00,v4.1.0-produccion,buena:completo/semana_anterior
B12_DERE,2026-08-31 18:20:00,activepower,9863.521,2026-08-31 14:30:00,v4.1.0-produccion,buena:completo/semana_anterior
B12_DERE,2026-08-31 18:30:00,activepower,9597.034,2026-08-31 14:30:00,v4.1.0-produccion,buena:completo/semana_anterior
B12_DERE,2026-08-31 18:40:00,activepower,9318.717,2026-08-31 14:30:00,v4.1.0-produccion,buena:completo/semana_anterior
B12_DERE,2026-08-31 18:50:00,activepower,9115.336,2026-08-31 14:30:00,v4.1.0-produccion,buena:completo/semana_anterior
B12_DERE,2026-08-31 19:00:00,activepower,8895.989,2026-08-31 14:30:00,v4.1.0-produccion,buena:completo/semana_anterior
B12_DERE,2026-08-31 19:10:00,activepower,8688.878,2026-08-31 14:30:00,v4.1.0-produccion,buena:completo/semana_anterior
B12_DERE,2026-08-31 19:20:00,activepower,8158.0117,2026-08-31 14:30:00,v4.1.0-produccion,buena:completo/semana_anterior
B12_DERE,2026-08-31 19:30:00,activepower,7790.1025,2026-08-31 14:30:00,v4.1.0-produccion,buena:completo/semana_anterior
B12_DERE,2026-08-31 19:40:00,activepower,7623.9077,2026-08-31 14:30:00,v4.1.0-produccion,buena:completo/semana_anterior
B12_DERE,2026-08-31 19:50:00,activepower,7442.7354,2026-08-31 14:30:00,v4.1.0-produccion,buena:completo/semana_anterior
B12_DERE,2026-08-31 20:00:00,activepower,7036.946,2026-08-31 14:30:00,v4.1.0-produccion,buena:completo/semana_anterior
B12_DERE,2026-08-31 20:10:00,activepower,6866.165,2026-08-31 14:30:00,v4.1.0-produccion,buena:completo/semana_anterior
B12_DERE,2026-08-31 20:20:00,activepower,6453.8433,2026-08-31 14:30:00,v4.1.0-produccion,buena:completo/semana_anterior
B12_DERE,2026-08-31 20:30:00,activepower,6174.9717,2026-08-31 14:30:00,v4.1.0-produccion,buena:completo/semana_anterior
B12_DERE,2026-08-31 20:40:00,activepower,5853.7314,2026-08-31 14:30:00,v4.1.0-produccion,buena:completo/semana_anterior
B12_DERE,2026-08-31 20:50:00,activepower,5604.944,2026-08-31 14:30:00,v4.1.0-produccion,buena:completo/semana_anterior
B12_DERE,2026-08-31 21:00:00,activepower,5260.628,2026-08-31 14:30:00,v4.1.0-produccion,buena:completo/semana_anterior
B12_DERE,2026-08-31 21:10:00,activepower,5075.257,2026-08-31 14:30:00,v4.1.0-produccion,buena:completo/semana_anterior
B12_DERE,2026-08-31 21:20:00,activepower,4819.232,2026-08-31 14:30:00,v4.1.0-produccion,buena:completo/semana_anterior
B12_DERE,2026-08-31 21:30:00,activepower,4531.2266,2026-08-31 14:30:00,v4.1.0-produccion,buena:completo/semana_anterior
B12_DERE,2026-08-31 21:40:00,activepower,4265.286,2026-08-31 14:30:00,v4.1.0-produccion,buena:completo/semana_anterior
B12_DERE,2026-08-31 21:50:00,activepower,4114.77,2026-08-31 14:30:00,v4.1.0-produccion,buena:completo/semana_anterior
B12_DERE,2026-08-31 22:00:00,activepower,3689.316,2026-08-31 14:30:00,v4.1.0-produccion,buena:completo/semana_anterior
B12_DERE,2026-08-31 22:10:00,activepower,3794.299,2026-08-31 14:30:00,v4.1.0-produccion,buena:completo/semana_anterior
B12_DERE,2026-08-31 22:20:00,activepower,3596.4902,2026-08-31 14:30:00,v4.1.0-produccion,buena:completo/semana_anterior
B12_DERE,2026-08-31 22:30:00,activepower,3550.638,2026-08-31 14:30:00,v4.1.0-produccion,buena:completo/semana_anterior
B12_DERE,2026-08-31 22:40:00,activepower,3155.5745,2026-08-31 14:30:00,v4.1.0-produccion,buena:completo/semana_anterior
B12_DERE,2026-08-31 22:50:00,activepower,3013.1475,2026-08-31 14:30:00,v4.1.0-produccion,buena:completo/semana_anterior
B12_DERE,2026-08-31 23:00:00,activepower,2988.3794,2026-08-31 14:30:00,v4.1.0-produccion,buena:completo/semana_anterior
B12_DERE,2026-08-31 23:10:00,activepower,2983.3545,2026-08-31 14:30:00,v4.1.0-produccion,buena:completo/semana_anterior
B12_DERE,2026-08-31 23:20:00,activepower,2910.799,2026-08-31 14:30:00,v4.1.0-produccion,buena:completo/semana_anterior
B12_DERE,2026-08-31 23:30:00,activepower,2755.269,2026-08-31 14:30:00,v4.1.0-produccion,buena:completo/semana_anterior
B12_DERE,2026-08-31 23:40:00,activepower,2671.0352,2026-08-31 14:30:00,v4.1.0-produccion,buena:completo/semana_anterior
B12_DERE,2026-08-31 23:50:00,activepower,2610.3892,2026-08-31 14:30:00,v4.1.0-produccion,buena:completo/semana_anterior
B12_DERE,2026-09-01 00:00:00,activepower,2648.704,2026-08-31 14:30:00,v4.1.0-produccion,buena:completo/semana_anterior
B12_DERE,2026-09-01 00:10:00,activepower,2664.029,2026-08-31 14:30:00,v4.1.0-produccion,buena:completo/semana_anterior
B12_DERE,2026-09-01 00:20:00,activepower,2719.591,2026-08-31 14:30:00,v4.1.0-produccion,buena:completo/semana_anterior
B12_DERE,2026-09-01 00:30:00,activepower,2692.6792,2026-08-31 14:30:00,v4.1.0-produccion,buena:completo/semana_anterior
B12_DERE,2026-09-01 00:40:00,activepower,2747.3875,2026-08-31 14:30:00,v4.1.0-produccion,buena:completo/semana_anterior
B12_DERE,2026-09-01 00:50:00,activepower,2647.795,2026-08-31 14:30:00,v4.1.0-produccion,buena:completo/semana_anterior
B12_DERE,2026-09-01 01:00:00,activepower,2699.6748,2026-08-31 14:30:00,v4.1.0-produccion,buena:completo/semana_anterior
B12_DERE,2026-09-01 01:10:00,activepower,2645.855,2026-08-31 14:30:00,v4.1.0-produccion,buena:completo/semana_anterior
B12_DERE,2026-09-01 01:20:00,activepower,2679.2942,2026-08-31 14:30:00,v4.1.0-produccion,buena:completo/semana_anterior
B12_DERE,2026-09-01 01:30:00,activepower,2721.7466,2026-08-31 14:30:00,v4.1.0-produccion,buena:completo/semana_anterior
B12_DERE,2026-09-01 01:40:00,activepower,2616.6414,2026-08-31 14:30:00,v4.1.0-produccion,buena:completo/semana_anterior
B12_DERE,2026-09-01 01:50:00,activepower,2620.07,2026-08-31 14:30:00,v4.1.0-produccion,buena:completo/semana_anterior
B12_DERE,2026-09-01 02:00:00,activepower,2595.9226,2026-08-31 14:30:00,v4.1.0-produccion,buena:completo/semana_anterior
B12_DERE,2026-09-01 02:10:00,activepower,2320.8743,2026-08-31 14:30:00,v4.1.0-produccion,buena:completo/semana_anterior
B12_DERE,2026-09-01 02:20:00,activepower,2523.82,2026-08-31 14:30:00,v4.1.0-produccion,buena:completo/semana_anterior
B12_DERE,2026-09-01 02:30:00,activepower,2402.655,2026-08-31 14:30:00,v4.1.0-produccion,buena:completo/semana_anterior
B12_DERE,2026-09-01 02:40:00,activepower,2361.692,2026-08-31 14:30:00,v4.1.0-produccion,buena:completo/semana_anterior
B12_DERE,2026-09-01 02:50:00,activepower,2324.1523,2026-08-31 14:30:00,v4.1.0-produccion,buena:completo/semana_anterior
B12_DERE,2026-09-01 03:00:00,activepower,2443.7734,2026-08-31 14:30:00,v4.1.0-produccion,buena:completo/semana_anterior
B12_DERE,2026-09-01 03:10:00,activepower,2314.0898,2026-08-31 14:30:00,v4.1.0-produccion,buena:completo/semana_anterior
B12_DERE,2026-09-01 03:20:00,activepower,2426.0366,2026-08-31 14:30:00,v4.1.0-produccion,buena:completo/semana_anterior
B12_DERE,2026-09-01 03:30:00,activepower,2607.8333,2026-08-31 14:30:00,v4.1.0-produccion,buena:completo/semana_anterior
B12_DERE,2026-09-01 03:40:00,activepower,2551.191,2026-08-31 14:30:00,v4.1.0-produccion,buena:completo/semana_anterior
B12_DERE,2026-09-01 03:50:00,activepower,2705.648,2026-08-31 14:30:00,v4.1.0-produccion,buena:completo/semana_anterior
B12_DERE,2026-09-01 04:00:00,activepower,2972.404,2026-08-31 14:30:00,v4.1.0-produccion,buena:completo/semana_anterior
B12_DERE,2026-09-01 04:10:00,activepower,3089.8186,2026-08-31 14:30:00,v4.1.0-produccion,buena:completo/semana_anterior
B12_DERE,2026-09-01 04:20:00,activepower,3507.8271,2026-08-31 14:30:00,v4.1.0-produccion,buena:completo/semana_anterior
B12_DERE,2026-09-01 04:30:00,activepower,3761.2092,2026-08-31 14:30:00,v4.1.0-produccion,buena:completo/semana_anterior
B12_DERE,2026-09-01 04:40:00,activepower,4291.135,2026-08-31 14:30:00,v4.1.0-produccion,buena:completo/semana_anterior
B12_DERE,2026-09-01 04:50:00,activepower,4464.4023,2026-08-31 14:30:00,v4.1.0-produccion,buena:completo/semana_anterior
B12_DERE,2026-09-01 05:00:00,activepower,5019.238,2026-08-31 14:30:00,v4.1.0-produccion,buena:completo/semana_anterior
B12_DERE,2026-09-01 05:10:00,activepower,5513.3325,2026-08-31 14:30:00,v4.1.0-produccion,buena:completo/semana_anterior
B12_DERE,2026-09-01 05:20:00,activepower,6414.3604,2026-08-31 14:30:00,v4.1.0-produccion,buena:completo/semana_anterior
B12_DERE,2026-09-01 05:30:00,activepower,7040.7124,2026-08-31 14:30:00,v4.1.0-produccion,buena:completo/semana_anterior
B12_DERE,2026-09-01 05:40:00,activepower,7657.1074,2026-08-31 14:30:00,v4.1.0-produccion,buena:completo/semana_anterior
B12_DERE,2026-09-01 05:50:00,activepower,8455.037,2026-08-31 14:30:00,v4.1.0-produccion,buena:completo/semana_anterior
B12_DERE,2026-09-01 06:00:00,activepower,9163.907,2026-08-31 14:30:00,v4.1.0-produccion,buena:completo/semana_anterior
B12_DERE,2026-09-01 06:10:00,activepower,9779.792,2026-08-31 14:30:00,v4.1.0-produccion,buena:completo/semana_anterior
B12_DERE,2026-09-01 06:20:00,activepower,10525.055,2026-08-31 14:30:00,v4.1.0-produccion,buena:completo/semana_anterior
B12_DERE,2026-09-01 06:30:00,activepower,11243.318,2026-08-31 14:30:00,v4.1.0-produccion,buena:completo/semana_anterior
B12_DERE,2026-09-01 06:40:00,activepower,11969.347,2026-08-31 14:30:00,v4.1.0-produccion,buena:completo/semana_anterior
B12_DERE,2026-09-01 06:50:00,activepower,12546.414,2026-08-31 14:30:00,v4.1.0-produccion,buena:completo/semana_anterior
B12_DERE,2026-09-01 07:00:00,activepower,12937.573,2026-08-31 14:30:00,v4.1.0-produccion,buena:completo/semana_anterior
B12_DERE,2026-09-01 07:10:00,activepower,13587.838,2026-08-31 14:30:00,v4.1.0-produccion,buena:completo/semana_anterior
B12_DERE,2026-09-01 07:20:00,activepower,14335.383,2026-08-31 14:30:00,v4.1.0-produccion,buena:completo/semana_anterior
B12_DERE,2026-09-01 07:30:00,activepower,14951.473,2026-08-31 14:30:00,v4.1.0-produccion,buena:completo/semana_anterior
B12_DERE,2026-09-01 07:40:00,activepower,15531.537,2026-08-31 14:30:00,v4.1.0-produccion,buena:completo/semana_anterior
B12_DERE,2026-09-01 07:50:00,activepower,16007.692,2026-08-31 14:30:00,v4.1.0-produccion,buena:completo/semana_anterior
B12_DERE,2026-09-01 08:00:00,activepower,16163.089,2026-08-31 14:30:00,v4.1.0-produccion,buena:completo/semana_anterior
B12_DERE,2026-09-01 08:10:00,activepower,16529.455,2026-08-31 14:30:00,v4.1.0-produccion,buena:completo/semana_anterior
B12_DERE,2026-09-01 08:20:00,activepower,16731.33,2026-08-31 14:30:00,v4.1.0-produccion,buena:completo/semana_anterior
B12_DERE,2026-09-01 08:30:00,activepower,16878.016,2026-08-31 14:30:00,v4.1.0-produccion,buena:completo/semana_anterior
B12_DERE,2026-09-01 08:40:00,activepower,17409.53,2026-08-31 14:30:00,v4.1.0-produccion,buena:completo/semana_anterior
B12_DERE,2026-09-01 08:50:00,activepower,17419.506,2026-08-31 14:30:00,v4.1.0-produccion,buena:completo/semana_anterior
B12_DERE,2026-09-01 09:00:00,activepower,17388.152,2026-08-31 14:30:00,v4.1.0-produccion,buena:completo/semana_anterior
B12_DERE,2026-09-01 09:10:00,activepower,17089.217,2026-08-31 14:30:00,v4.1.0-produccion,buena:completo/semana_anterior
B12_DERE,2026-09-01 09:20:00,activepower,16908.953,2026-08-31 14:30:00,v4.1.0-produccion,buena:completo/semana_anterior
B12_DERE,2026-09-01 09:30:00,activepower,17056.035,2026-08-31 14:30:00,v4.1.0-produccion,buena:completo/semana_anterior
B12_DERE,2026-09-01 09:40:00,activepower,17191.129,2026-08-31 14:30:00,v4.1.0-produccion,buena:completo/semana_anterior
B12_DERE,2026-09-01 09:50:00,activepower,17167.604,2026-08-31 14:30:00,v4.1.0-produccion,buena:completo/semana_anterior
B12_DERE,2026-09-01 10:00:00,activepower,16841.355,2026-08-31 14:30:00,v4.1.0-produccion,buena:completo/semana_anterior
B12_DERE,2026-09-01 10:10:00,activepower,16508.713,2026-08-31 14:30:00,v4.1.0-produccion,buena:completo/semana_anterior
B12_DERE,2026-09-01 10:20:00,activepower,16109.574,2026-08-31 14:30:00,v4.1.0-produccion,buena:completo/semana_anterior
B12_DERE,2026-09-01 10:30:00,activepower,16092.675,2026-08-31 14:30:00,v4.1.0-produccion,buena:completo/semana_anterior
B12_DERE,2026-09-01 10:40:00,activepower,16395.691,2026-08-31 14:30:00,v4.1.0-produccion,buena:completo/semana_anterior
B12_DERE,2026-09-01 10:50:00,activepower,16228.217,2026-08-31 14:30:00,v4.1.0-produccion,buena:completo/semana_anterior
B12_DERE,2026-09-01 11:00:00,activepower,15981.033,2026-08-31 14:30:00,v4.1.0-produccion,buena:completo/semana_anterior
B12_DERE,2026-09-01 11:10:00,activepower,15525.086,2026-08-31 14:30:00,v4.1.0-produccion,buena:completo/semana_anterior
B12_DERE,2026-09-01 11:20:00,activepower,15150.313,2026-08-31 14:30:00,v4.1.0-produccion,buena:completo/semana_anterior
B12_DERE,2026-09-01 11:30:00,activepower,15100.383,2026-08-31 14:30:00,v4.1.0-produccion,buena:completo/semana_anterior
B12_DERE,2026-09-01 11:40:00,activepower,15214.147,2026-08-31 14:30:00,v4.1.0-produccion,buena:completo/semana_anterior
B12_DERE,2026-09-01 11:50:00,activepower,15157.598,2026-08-31 14:30:00,v4.1.0-produccion,buena:completo/semana_anterior
B12_DERE,2026-09-01 12:00:00,activepower,15014.853,2026-08-31 14:30:00,v4.1.0-produccion,buena:completo/semana_anterior
B12_DERE,2026-09-01 12:10:00,activepower,14542.601,2026-08-31 14:30:00,v4.1.0-produccion,buena:completo/semana_anterior
B12_DERE,2026-09-01 12:20:00,activepower,14622.035,2026-08-31 14:30:00,v4.1.0-produccion,buena:completo/semana_anterior
B12_DERE,2026-09-01 12:30:00,activepower,14566.506,2026-08-31 14:30:00,v4.1.0-produccion,buena:completo/semana_anterior
B12_DERE,2026-09-01 12:40:00,activepower,14981.851,2026-08-31 14:30:00,v4.1.0-produccion,buena:completo/semana_anterior
B12_DERE,2026-09-01 12:50:00,activepower,14748.79,2026-08-31 14:30:00,v4.1.0-produccion,buena:completo/semana_anterior
B12_DERE,2026-09-01 13:00:00,activepower,14631.96,2026-08-31 14:30:00,v4.1.0-produccion,buena:completo/semana_anterior
B12_DERE,2026-09-01 13:10:00,activepower,14472.423,2026-08-31 14:30:00,v4.1.0-produccion,buena:completo/semana_anterior
B12_DERE,2026-09-01 13:20:00,activepower,14653.852,2026-08-31 14:30:00,v4.1.0-produccion,buena:completo/semana_anterior
B12_DERE,2026-09-01 13:30:00,activepower,14675.156,2026-08-31 14:30:00,v4.1.0-produccion,buena:completo/semana_anterior
B12_DERE,2026-09-01 13:40:00,activepower,14883.238,2026-08-31 14:30:00,v4.1.0-produccion,buena:completo/semana_anterior
B12_DERE,2026-09-01 13:50:00,activepower,15002.019,2026-08-31 14:30:00,v4.1.0-produccion,buena:completo/semana_anterior
B12_DERE,2026-09-01 14:00:00,activepower,14824.14,2026-08-31 14:30:00,v4.1.0-produccion,buena:completo/semana_anterior
B12_DERE,2026-09-01 14:10:00,activepower,14628.576,2026-08-31 14:30:00,v4.1.0-produccion,buena:completo/semana_anterior
B12_DERE,2026-09-01 14:20:00,activepower,14508.403,2026-08-31 14:30:00,v4.1.0-produccion,buena:completo/semana_anterior
B12_DERE,2026-09-01 14:30:00,activepower,14725.468,2026-08-31 14:30:00,v4.1.0-produccion,buena:completo/semana_anterior
B12_DERE,2026-08-31 14:40:00,totalpowerfactor,0.96368843,2026-08-31 14:30:00,v4.1.0-produccion,buena:completo/semana_anterior
B12_DERE,2026-08-31 14:50:00,totalpowerfactor,0.96449655,2026-08-31 14:30:00,v4.1.0-produccion,buena:completo/semana_anterior
B12_DERE,2026-08-31 15:00:00,totalpowerfactor,0.9606829,2026-08-31 14:30:00,v4.1.0-produccion,buena:completo/semana_anterior
B12_DERE,2026-08-31 15:10:00,totalpowerfactor,0.96063507,2026-08-31 14:30:00,v4.1.0-produccion,buena:completo/semana_anterior
B12_DERE,2026-08-31 15:20:00,totalpowerfactor,0.9546053,2026-08-31 14:30:00,v4.1.0-produccion,buena:completo/semana_anterior
B12_DERE,2026-08-31 15:30:00,totalpowerfactor,0.9610042,2026-08-31 14:30:00,v4.1.0-produccion,buena:completo/semana_anterior
B12_DERE,2026-08-31 15:40:00,totalpowerfactor,0.96606576,2026-08-31 14:30:00,v4.1.0-produccion,buena:completo/semana_anterior
B12_DERE,2026-08-31 15:50:00,totalpowerfactor,0.9642688,2026-08-31 14:30:00,v4.1.0-produccion,buena:completo/semana_anterior
B12_DERE,2026-08-31 16:00:00,totalpowerfactor,0.96512014,2026-08-31 14:30:00,v4.1.0-produccion,buena:completo/semana_anterior
B12_DERE,2026-08-31 16:10:00,totalpowerfactor,0.96720874,2026-08-31 14:30:00,v4.1.0-produccion,buena:completo/semana_anterior
B12_DERE,2026-08-31 16:20:00,totalpowerfactor,0.9633464,2026-08-31 14:30:00,v4.1.0-produccion,buena:completo/semana_anterior
B12_DERE,2026-08-31 16:30:00,totalpowerfactor,0.9648042,2026-08-31 14:30:00,v4.1.0-produccion,buena:completo/semana_anterior
B12_DERE,2026-08-31 16:40:00,totalpowerfactor,0.9580963,2026-08-31 14:30:00,v4.1.0-produccion,buena:completo/semana_anterior
B12_DERE,2026-08-31 16:50:00,totalpowerfactor,0.95063394,2026-08-31 14:30:00,v4.1.0-produccion,buena:completo/semana_anterior
B12_DERE,2026-08-31 17:00:00,totalpowerfactor,0.9533096,2026-08-31 14:30:00,v4.1.0-produccion,buena:completo/semana_anterior
B12_DERE,2026-08-31 17:10:00,totalpowerfactor,0.95031685,2026-08-31 14:30:00,v4.1.0-produccion,buena:completo/semana_anterior
B12_DERE,2026-08-31 17:20:00,totalpowerfactor,0.9417338,2026-08-31 14:30:00,v4.1.0-produccion,buena:completo/semana_anterior
B12_DERE,2026-08-31 17:30:00,totalpowerfactor,0.9449241,2026-08-31 14:30:00,v4.1.0-produccion,buena:completo/semana_anterior
B12_DERE,2026-08-31 17:40:00,totalpowerfactor,0.9394592,2026-08-31 14:30:00,v4.1.0-produccion,buena:completo/semana_anterior
B12_DERE,2026-08-31 17:50:00,totalpowerfactor,0.9353808,2026-08-31 14:30:00,v4.1.0-produccion,buena:completo/semana_anterior
B12_DERE,2026-08-31 18:00:00,totalpowerfactor,0.9302399,2026-08-31 14:30:00,v4.1.0-produccion,buena:completo/semana_anterior
B12_DERE,2026-08-31 18:10:00,totalpowerfactor,0.92331165,2026-08-31 14:30:00,v4.1.0-produccion,buena:completo/semana_anterior
B12_DERE,2026-08-31 18:20:00,totalpowerfactor,0.91694343,2026-08-31 14:30:00,v4.1.0-produccion,buena:completo/semana_anterior
B12_DERE,2026-08-31 18:30:00,totalpowerfactor,0.91238374,2026-08-31 14:30:00,v4.1.0-produccion,buena:completo/semana_anterior
B12_DERE,2026-08-31 18:40:00,totalpowerfactor,0.9003464,2026-08-31 14:30:00,v4.1.0-produccion,buena:completo/semana_anterior
B12_DERE,2026-08-31 18:50:00,totalpowerfactor,0.89693475,2026-08-31 14:30:00,v4.1.0-produccion,buena:completo/semana_anterior
B12_DERE,2026-08-31 19:00:00,totalpowerfactor,0.8923157,2026-08-31 14:30:00,v4.1.0-produccion,buena:completo/semana_anterior
B12_DERE,2026-08-31 19:10:00,totalpowerfactor,0.88319653,2026-08-31 14:30:00,v4.1.0-produccion,buena:completo/semana_anterior
B12_DERE,2026-08-31 19:20:00,totalpowerfactor,0.86926913,2026-08-31 14:30:00,v4.1.0-produccion,buena:completo/semana_anterior
B12_DERE,2026-08-31 19:30:00,totalpowerfactor,0.8615582,2026-08-31 14:30:00,v4.1.0-produccion,buena:completo/semana_anterior
B12_DERE,2026-08-31 19:40:00,totalpowerfactor,0.85091734,2026-08-31 14:30:00,v4.1.0-produccion,buena:completo/semana_anterior
B12_DERE,2026-08-31 19:50:00,totalpowerfactor,0.8386551,2026-08-31 14:30:00,v4.1.0-produccion,buena:completo/semana_anterior
B12_DERE,2026-08-31 20:00:00,totalpowerfactor,0.8279857,2026-08-31 14:30:00,v4.1.0-produccion,buena:completo/semana_anterior
B12_DERE,2026-08-31 20:10:00,totalpowerfactor,0.820716,2026-08-31 14:30:00,v4.1.0-produccion,buena:completo/semana_anterior
B12_DERE,2026-08-31 20:20:00,totalpowerfactor,0.8049645,2026-08-31 14:30:00,v4.1.0-produccion,buena:completo/semana_anterior
B12_DERE,2026-08-31 20:30:00,totalpowerfactor,0.7919767,2026-08-31 14:30:00,v4.1.0-produccion,buena:completo/semana_anterior
B12_DERE,2026-08-31 20:40:00,totalpowerfactor,0.7748742,2026-08-31 14:30:00,v4.1.0-produccion,buena:completo/semana_anterior
B12_DERE,2026-08-31 20:50:00,totalpowerfactor,0.7694146,2026-08-31 14:30:00,v4.1.0-produccion,buena:completo/semana_anterior
B12_DERE,2026-08-31 21:00:00,totalpowerfactor,0.7494314,2026-08-31 14:30:00,v4.1.0-produccion,buena:completo/semana_anterior
B12_DERE,2026-08-31 21:10:00,totalpowerfactor,0.74916744,2026-08-31 14:30:00,v4.1.0-produccion,buena:completo/semana_anterior
B12_DERE,2026-08-31 21:20:00,totalpowerfactor,0.7281031,2026-08-31 14:30:00,v4.1.0-produccion,buena:completo/semana_anterior
B12_DERE,2026-08-31 21:30:00,totalpowerfactor,0.71606344,2026-08-31 14:30:00,v4.1.0-produccion,buena:completo/semana_anterior
B12_DERE,2026-08-31 21:40:00,totalpowerfactor,0.69416004,2026-08-31 14:30:00,v4.1.0-produccion,buena:completo/semana_anterior
B12_DERE,2026-08-31 21:50:00,totalpowerfactor,0.68671024,2026-08-31 14:30:00,v4.1.0-produccion,buena:completo/semana_anterior
B12_DERE,2026-08-31 22:00:00,totalpowerfactor,0.67088485,2026-08-31 14:30:00,v4.1.0-produccion,buena:completo/semana_anterior
B12_DERE,2026-08-31 22:10:00,totalpowerfactor,0.66294813,2026-08-31 14:30:00,v4.1.0-produccion,buena:completo/semana_anterior
B12_DERE,2026-08-31 22:20:00,totalpowerfactor,0.642724,2026-08-31 14:30:00,v4.1.0-produccion,buena:completo/semana_anterior
B12_DERE,2026-08-31 22:30:00,totalpowerfactor,0.624216,2026-08-31 14:30:00,v4.1.0-produccion,buena:completo/semana_anterior
B12_DERE,2026-08-31 22:40:00,totalpowerfactor,0.612852,2026-08-31 14:30:00,v4.1.0-produccion,buena:completo/semana_anterior
B12_DERE,2026-08-31 22:50:00,totalpowerfactor,0.6007248,2026-08-31 14:30:00,v4.1.0-produccion,buena:completo/semana_anterior
B12_DERE,2026-08-31 23:00:00,totalpowerfactor,0.58681333,2026-08-31 14:30:00,v4.1.0-produccion,buena:completo/semana_anterior
B12_DERE,2026-08-31 23:10:00,totalpowerfactor,0.5813877,2026-08-31 14:30:00,v4.1.0-produccion,buena:completo/semana_anterior
B12_DERE,2026-08-31 23:20:00,totalpowerfactor,0.5668826,2026-08-31 14:30:00,v4.1.0-produccion,buena:completo/semana_anterior
B12_DERE,2026-08-31 23:30:00,totalpowerfactor,0.5567752,2026-08-31 14:30:00,v4.1.0-produccion,buena:completo/semana_anterior
B12_DERE,2026-08-31 23:40:00,totalpowerfactor,0.5491669,2026-08-31 14:30:00,v4.1.0-produccion,buena:completo/semana_anterior
B12_DERE,2026-08-31 23:50:00,totalpowerfactor,0.5376076,2026-08-31 14:30:00,v4.1.0-produccion,buena:completo/semana_anterior
B12_DERE,2026-09-01 00:00:00,totalpowerfactor,0.5333698,2026-08-31 14:30:00,v4.1.0-produccion,buena:completo/semana_anterior
B12_DERE,2026-09-01 00:10:00,totalpowerfactor,0.52479035,2026-08-31 14:30:00,v4.1.0-produccion,buena:completo/semana_anterior
B12_DERE,2026-09-01 00:20:00,totalpowerfactor,0.5182556,2026-08-31 14:30:00,v4.1.0-produccion,buena:completo/semana_anterior
B12_DERE,2026-09-01 00:30:00,totalpowerfactor,0.5125499,2026-08-31 14:30:00,v4.1.0-produccion,buena:completo/semana_anterior
B12_DERE,2026-09-01 00:40:00,totalpowerfactor,0.506451,2026-08-31 14:30:00,v4.1.0-produccion,buena:completo/semana_anterior
B12_DERE,2026-09-01 00:50:00,totalpowerfactor,0.5035766,2026-08-31 14:30:00,v4.1.0-produccion,buena:completo/semana_anterior
B12_DERE,2026-09-01 01:00:00,totalpowerfactor,0.50022095,2026-08-31 14:30:00,v4.1.0-produccion,buena:completo/semana_anterior
B12_DERE,2026-09-01 01:10:00,totalpowerfactor,0.49889252,2026-08-31 14:30:00,v4.1.0-produccion,buena:completo/semana_anterior
B12_DERE,2026-09-01 01:20:00,totalpowerfactor,0.49403533,2026-08-31 14:30:00,v4.1.0-produccion,buena:completo/semana_anterior
B12_DERE,2026-09-01 01:30:00,totalpowerfactor,0.48944393,2026-08-31 14:30:00,v4.1.0-produccion,buena:completo/semana_anterior
B12_DERE,2026-09-01 01:40:00,totalpowerfactor,0.4888254,2026-08-31 14:30:00,v4.1.0-produccion,buena:completo/semana_anterior
B12_DERE,2026-09-01 01:50:00,totalpowerfactor,0.49279565,2026-08-31 14:30:00,v4.1.0-produccion,buena:completo/semana_anterior
B12_DERE,2026-09-01 02:00:00,totalpowerfactor,0.48830205,2026-08-31 14:30:00,v4.1.0-produccion,buena:completo/semana_anterior
B12_DERE,2026-09-01 02:10:00,totalpowerfactor,0.49237818,2026-08-31 14:30:00,v4.1.0-produccion,buena:completo/semana_anterior
B12_DERE,2026-09-01 02:20:00,totalpowerfactor,0.4907751,2026-08-31 14:30:00,v4.1.0-produccion,buena:completo/semana_anterior
B12_DERE,2026-09-01 02:30:00,totalpowerfactor,0.49893886,2026-08-31 14:30:00,v4.1.0-produccion,buena:completo/semana_anterior
B12_DERE,2026-09-01 02:40:00,totalpowerfactor,0.5053014,2026-08-31 14:30:00,v4.1.0-produccion,buena:completo/semana_anterior
B12_DERE,2026-09-01 02:50:00,totalpowerfactor,0.5057858,2026-08-31 14:30:00,v4.1.0-produccion,buena:completo/semana_anterior
B12_DERE,2026-09-01 03:00:00,totalpowerfactor,0.5180733,2026-08-31 14:30:00,v4.1.0-produccion,buena:completo/semana_anterior
B12_DERE,2026-09-01 03:10:00,totalpowerfactor,0.52319133,2026-08-31 14:30:00,v4.1.0-produccion,buena:completo/semana_anterior
B12_DERE,2026-09-01 03:20:00,totalpowerfactor,0.54278386,2026-08-31 14:30:00,v4.1.0-produccion,buena:completo/semana_anterior
B12_DERE,2026-09-01 03:30:00,totalpowerfactor,0.5516237,2026-08-31 14:30:00,v4.1.0-produccion,buena:completo/semana_anterior
B12_DERE,2026-09-01 03:40:00,totalpowerfactor,0.56225324,2026-08-31 14:30:00,v4.1.0-produccion,buena:completo/semana_anterior
B12_DERE,2026-09-01 03:50:00,totalpowerfactor,0.5769576,2026-08-31 14:30:00,v4.1.0-produccion,buena:completo/semana_anterior
B12_DERE,2026-09-01 04:00:00,totalpowerfactor,0.5935749,2026-08-31 14:30:00,v4.1.0-produccion,buena:completo/semana_anterior
B12_DERE,2026-09-01 04:10:00,totalpowerfactor,0.6129354,2026-08-31 14:30:00,v4.1.0-produccion,buena:completo/semana_anterior
B12_DERE,2026-09-01 04:20:00,totalpowerfactor,0.64422524,2026-08-31 14:30:00,v4.1.0-produccion,buena:completo/semana_anterior
B12_DERE,2026-09-01 04:30:00,totalpowerfactor,0.6532181,2026-08-31 14:30:00,v4.1.0-produccion,buena:completo/semana_anterior
B12_DERE,2026-09-01 04:40:00,totalpowerfactor,0.66963124,2026-08-31 14:30:00,v4.1.0-produccion,buena:completo/semana_anterior
B12_DERE,2026-09-01 04:50:00,totalpowerfactor,0.6893073,2026-08-31 14:30:00,v4.1.0-produccion,buena:completo/semana_anterior
B12_DERE,2026-09-01 05:00:00,totalpowerfactor,0.7164513,2026-08-31 14:30:00,v4.1.0-produccion,buena:completo/semana_anterior
B12_DERE,2026-09-01 05:10:00,totalpowerfactor,0.7378849,2026-08-31 14:30:00,v4.1.0-produccion,buena:completo/semana_anterior
B12_DERE,2026-09-01 05:20:00,totalpowerfactor,0.769801,2026-08-31 14:30:00,v4.1.0-produccion,buena:completo/semana_anterior
B12_DERE,2026-09-01 05:30:00,totalpowerfactor,0.78350633,2026-08-31 14:30:00,v4.1.0-produccion,buena:completo/semana_anterior
B12_DERE,2026-09-01 05:40:00,totalpowerfactor,0.8026922,2026-08-31 14:30:00,v4.1.0-produccion,buena:completo/semana_anterior
B12_DERE,2026-09-01 05:50:00,totalpowerfactor,0.8188216,2026-08-31 14:30:00,v4.1.0-produccion,buena:completo/semana_anterior
B12_DERE,2026-09-01 06:00:00,totalpowerfactor,0.8339085,2026-08-31 14:30:00,v4.1.0-produccion,buena:completo/semana_anterior
B12_DERE,2026-09-01 06:10:00,totalpowerfactor,0.8594907,2026-08-31 14:30:00,v4.1.0-produccion,buena:completo/semana_anterior
B12_DERE,2026-09-01 06:20:00,totalpowerfactor,0.8821763,2026-08-31 14:30:00,v4.1.0-produccion,buena:completo/semana_anterior
B12_DERE,2026-09-01 06:30:00,totalpowerfactor,0.8909459,2026-08-31 14:30:00,v4.1.0-produccion,buena:completo/semana_anterior
B12_DERE,2026-09-01 06:40:00,totalpowerfactor,0.8971497,2026-08-31 14:30:00,v4.1.0-produccion,buena:completo/semana_anterior
B12_DERE,2026-09-01 06:50:00,totalpowerfactor,0.90401554,2026-08-31 14:30:00,v4.1.0-produccion,buena:completo/semana_anterior
B12_DERE,2026-09-01 07:00:00,totalpowerfactor,0.91418415,2026-08-31 14:30:00,v4.1.0-produccion,buena:completo/semana_anterior
B12_DERE,2026-09-01 07:10:00,totalpowerfactor,0.93186885,2026-08-31 14:30:00,v4.1.0-produccion,buena:completo/semana_anterior
B12_DERE,2026-09-01 07:20:00,totalpowerfactor,0.9389262,2026-08-31 14:30:00,v4.1.0-produccion,buena:completo/semana_anterior
B12_DERE,2026-09-01 07:30:00,totalpowerfactor,0.9459542,2026-08-31 14:30:00,v4.1.0-produccion,buena:completo/semana_anterior
B12_DERE,2026-09-01 07:40:00,totalpowerfactor,0.95259076,2026-08-31 14:30:00,v4.1.0-produccion,buena:completo/semana_anterior
B12_DERE,2026-09-01 07:50:00,totalpowerfactor,0.9551355,2026-08-31 14:30:00,v4.1.0-produccion,buena:completo/semana_anterior
B12_DERE,2026-09-01 08:00:00,totalpowerfactor,0.9587534,2026-08-31 14:30:00,v4.1.0-produccion,buena:completo/semana_anterior
B12_DERE,2026-09-01 08:10:00,totalpowerfactor,0.96393895,2026-08-31 14:30:00,v4.1.0-produccion,buena:completo/semana_anterior
B12_DERE,2026-09-01 08:20:00,totalpowerfactor,0.9685238,2026-08-31 14:30:00,v4.1.0-produccion,buena:completo/semana_anterior
B12_DERE,2026-09-01 08:30:00,totalpowerfactor,0.9687653,2026-08-31 14:30:00,v4.1.0-produccion,buena:completo/semana_anterior
B12_DERE,2026-09-01 08:40:00,totalpowerfactor,0.97274965,2026-08-31 14:30:00,v4.1.0-produccion,buena:completo/semana_anterior
B12_DERE,2026-09-01 08:50:00,totalpowerfactor,0.969157,2026-08-31 14:30:00,v4.1.0-produccion,buena:completo/semana_anterior
B12_DERE,2026-09-01 09:00:00,totalpowerfactor,0.97396886,2026-08-31 14:30:00,v4.1.0-produccion,buena:completo/semana_anterior
B12_DERE,2026-09-01 09:10:00,totalpowerfactor,0.97320527,2026-08-31 14:30:00,v4.1.0-produccion,buena:completo/semana_anterior
B12_DERE,2026-09-01 09:20:00,totalpowerfactor,0.9755832,2026-08-31 14:30:00,v4.1.0-produccion,buena:completo/semana_anterior
B12_DERE,2026-09-01 09:30:00,totalpowerfactor,0.9768467,2026-08-31 14:30:00,v4.1.0-produccion,buena:completo/semana_anterior
B12_DERE,2026-09-01 09:40:00,totalpowerfactor,0.9703629,2026-08-31 14:30:00,v4.1.0-produccion,buena:completo/semana_anterior
B12_DERE,2026-09-01 09:50:00,totalpowerfactor,0.9676328,2026-08-31 14:30:00,v4.1.0-produccion,buena:completo/semana_anterior
B12_DERE,2026-09-01 10:00:00,totalpowerfactor,0.9695634,2026-08-31 14:30:00,v4.1.0-produccion,buena:completo/semana_anterior
B12_DERE,2026-09-01 10:10:00,totalpowerfactor,0.9653912,2026-08-31 14:30:00,v4.1.0-produccion,buena:completo/semana_anterior
B12_DERE,2026-09-01 10:20:00,totalpowerfactor,0.9668085,2026-08-31 14:30:00,v4.1.0-produccion,buena:completo/semana_anterior
B12_DERE,2026-09-01 10:30:00,totalpowerfactor,0.97005016,2026-08-31 14:30:00,v4.1.0-produccion,buena:completo/semana_anterior
B12_DERE,2026-09-01 10:40:00,totalpowerfactor,0.9716618,2026-08-31 14:30:00,v4.1.0-produccion,buena:completo/semana_anterior
B12_DERE,2026-09-01 10:50:00,totalpowerfactor,0.9665266,2026-08-31 14:30:00,v4.1.0-produccion,buena:completo/semana_anterior
B12_DERE,2026-09-01 11:00:00,totalpowerfactor,0.9625672,2026-08-31 14:30:00,v4.1.0-produccion,buena:completo/semana_anterior
B12_DERE,2026-09-01 11:10:00,totalpowerfactor,0.9653839,2026-08-31 14:30:00,v4.1.0-produccion,buena:completo/semana_anterior
B12_DERE,2026-09-01 11:20:00,totalpowerfactor,0.9615572,2026-08-31 14:30:00,v4.1.0-produccion,buena:completo/semana_anterior
B12_DERE,2026-09-01 11:30:00,totalpowerfactor,0.9618243,2026-08-31 14:30:00,v4.1.0-produccion,buena:completo/semana_anterior
B12_DERE,2026-09-01 11:40:00,totalpowerfactor,0.9640312,2026-08-31 14:30:00,v4.1.0-produccion,buena:completo/semana_anterior
B12_DERE,2026-09-01 11:50:00,totalpowerfactor,0.96598756,2026-08-31 14:30:00,v4.1.0-produccion,buena:completo/semana_anterior
B12_DERE,2026-09-01 12:00:00,totalpowerfactor,0.962989,2026-08-31 14:30:00,v4.1.0-produccion,buena:completo/semana_anterior
B12_DERE,2026-09-01 12:10:00,totalpowerfactor,0.96073633,2026-08-31 14:30:00,v4.1.0-produccion,buena:completo/semana_anterior
B12_DERE,2026-09-01 12:20:00,totalpowerfactor,0.96147376,2026-08-31 14:30:00,v4.1.0-produccion,buena:completo/semana_anterior
B12_DERE,2026-09-01 12:30:00,totalpowerfactor,0.9616929,2026-08-31 14:30:00,v4.1.0-produccion,buena:completo/semana_anterior
B12_DERE,2026-09-01 12:40:00,totalpowerfactor,0.96101516,2026-08-31 14:30:00,v4.1.0-produccion,buena:completo/semana_anterior
B12_DERE,2026-09-01 12:50:00,totalpowerfactor,0.9643453,2026-08-31 14:30:00,v4.1.0-produccion,buena:completo/semana_anterior
B12_DERE,2026-09-01 13:00:00,totalpowerfactor,0.959922,2026-08-31 14:30:00,v4.1.0-produccion,buena:completo/semana_anterior
B12_DERE,2026-09-01 13:10:00,totalpowerfactor,0.9607002,2026-08-31 14:30:00,v4.1.0-produccion,buena:completo/semana_anterior
B12_DERE,2026-09-01 13:20:00,totalpowerfactor,0.96668285,2026-08-31 14:30:00,v4.1.0-produccion,buena:completo/semana_anterior
B12_DERE,2026-09-01 13:30:00,totalpowerfactor,0.96675056,2026-08-31 14:30:00,v4.1.0-produccion,buena:completo/semana_anterior
B12_DERE,2026-09-01 13:40:00,totalpowerfactor,0.9717629,2026-08-31 14:30:00,v4.1.0-produccion,buena:completo/semana_anterior
B12_DERE,2026-09-01 13:50:00,totalpowerfactor,0.96948314,2026-08-31 14:30:00,v4.1.0-produccion,buena:completo/semana_anterior
B12_DERE,2026-09-01 14:00:00,totalpowerfactor,0.96677995,2026-08-31 14:30:00,v4.1.0-produccion,buena:completo/semana_anterior
B12_DERE,2026-09-01 14:10:00,totalpowerfactor,0.96973634,2026-08-31 14:30:00,v4.1.0-produccion,buena:completo/semana_anterior
B12_DERE,2026-09-01 14:20:00,totalpowerfactor,0.9705039,2026-08-31 14:30:00,v4.1.0-produccion,buena:completo/semana_anterior
B12_DERE,2026-09-01 14:30:00,totalpowerfactor,0.96806675,2026-08-31 14:30:00,v4.1.0-produccion,buena:completo/semana_anterior
B12_DERE,2026-08-31 14:40:00,voltaje_promedio,121.82956,2026-08-31 14:30:00,v4.1.0-produccion,buena:completo/semana_anterior
B12_DERE,2026-08-31 14:50:00,voltaje_promedio,121.850555,2026-08-31 14:30:00,v4.1.0-produccion,buena:completo/semana_anterior
B12_DERE,2026-08-31 15:00:00,voltaje_promedio,121.83272,2026-08-31 14:30:00,v4.1.0-produccion,buena:completo/semana_anterior
B12_DERE,2026-08-31 15:10:00,voltaje_promedio,121.851974,2026-08-31 14:30:00,v4.1.0-produccion,buena:completo/semana_anterior
B12_DERE,2026-08-31 15:20:00,voltaje_promedio,121.9076,2026-08-31 14:30:00,v4.1.0-produccion,buena:completo/semana_anterior
B12_DERE,2026-08-31 15:30:00,voltaje_promedio,121.9932,2026-08-31 14:30:00,v4.1.0-produccion,buena:completo/semana_anterior
B12_DERE,2026-08-31 15:40:00,voltaje_promedio,122.037964,2026-08-31 14:30:00,v4.1.0-produccion,buena:completo/semana_anterior
B12_DERE,2026-08-31 15:50:00,voltaje_promedio,122.04476,2026-08-31 14:30:00,v4.1.0-produccion,buena:completo/semana_anterior
B12_DERE,2026-08-31 16:00:00,voltaje_promedio,122.093925,2026-08-31 14:30:00,v4.1.0-produccion,buena:completo/semana_anterior
B12_DERE,2026-08-31 16:10:00,voltaje_promedio,122.16023,2026-08-31 14:30:00,v4.1.0-produccion,buena:completo/semana_anterior
B12_DERE,2026-08-31 16:20:00,voltaje_promedio,122.2044,2026-08-31 14:30:00,v4.1.0-produccion,buena:completo/semana_anterior
B12_DERE,2026-08-31 16:30:00,voltaje_promedio,122.19093,2026-08-31 14:30:00,v4.1.0-produccion,buena:completo/semana_anterior
B12_DERE,2026-08-31 16:40:00,voltaje_promedio,122.2298,2026-08-31 14:30:00,v4.1.0-produccion,buena:completo/semana_anterior
B12_DERE,2026-08-31 16:50:00,voltaje_promedio,122.21101,2026-08-31 14:30:00,v4.1.0-produccion,buena:completo/semana_anterior
B12_DERE,2026-08-31 17:00:00,voltaje_promedio,122.3102,2026-08-31 14:30:00,v4.1.0-produccion,buena:completo/semana_anterior
B12_DERE,2026-08-31 17:10:00,voltaje_promedio,122.30463,2026-08-31 14:30:00,v4.1.0-produccion,buena:completo/semana_anterior
B12_DERE,2026-08-31 17:20:00,voltaje_promedio,122.31694,2026-08-31 14:30:00,v4.1.0-produccion,buena:completo/semana_anterior
B12_DERE,2026-08-31 17:30:00,voltaje_promedio,122.33896,2026-08-31 14:30:00,v4.1.0-produccion,buena:completo/semana_anterior
B12_DERE,2026-08-31 17:40:00,voltaje_promedio,122.339005,2026-08-31 14:30:00,v4.1.0-produccion,buena:completo/semana_anterior
B12_DERE,2026-08-31 17:50:00,voltaje_promedio,122.427895,2026-08-31 14:30:00,v4.1.0-produccion,buena:completo/semana_anterior
B12_DERE,2026-08-31 18:00:00,voltaje_promedio,122.466,2026-08-31 14:30:00,v4.1.0-produccion,buena:completo/semana_anterior
B12_DERE,2026-08-31 18:10:00,voltaje_promedio,122.484825,2026-08-31 14:30:00,v4.1.0-produccion,buena:completo/semana_anterior
B12_DERE,2026-08-31 18:20:00,voltaje_promedio,122.50351,2026-08-31 14:30:00,v4.1.0-produccion,buena:completo/semana_anterior
B12_DERE,2026-08-31 18:30:00,voltaje_promedio,122.55662,2026-08-31 14:30:00,v4.1.0-produccion,buena:completo/semana_anterior
B12_DERE,2026-08-31 18:40:00,voltaje_promedio,122.52967,2026-08-31 14:30:00,v4.1.0-produccion,buena:completo/semana_anterior
B12_DERE,2026-08-31 18:50:00,voltaje_promedio,122.53609,2026-08-31 14:30:00,v4.1.0-produccion,buena:completo/semana_anterior
B12_DERE,2026-08-31 19:00:00,voltaje_promedio,122.51826,2026-08-31 14:30:00,v4.1.0-produccion,buena:completo/semana_anterior
B12_DERE,2026-08-31 19:10:00,voltaje_promedio,122.48201,2026-08-31 14:30:00,v4.1.0-produccion,buena:completo/semana_anterior
B12_DERE,2026-08-31 19:20:00,voltaje_promedio,122.60971,2026-08-31 14:30:00,v4.1.0-produccion,buena:completo/semana_anterior
B12_DERE,2026-08-31 19:30:00,voltaje_promedio,122.619316,2026-08-31 14:30:00,v4.1.0-produccion,buena:completo/semana_anterior
B12_DERE,2026-08-31 19:40:00,voltaje_promedio,122.720505,2026-08-31 14:30:00,v4.1.0-produccion,buena:completo/semana_anterior
B12_DERE,2026-08-31 19:50:00,voltaje_promedio,122.765656,2026-08-31 14:30:00,v4.1.0-produccion,buena:completo/semana_anterior
B12_DERE,2026-08-31 20:00:00,voltaje_promedio,122.82253,2026-08-31 14:30:00,v4.1.0-produccion,buena:completo/semana_anterior
B12_DERE,2026-08-31 20:10:00,voltaje_promedio,122.81279,2026-08-31 14:30:00,v4.1.0-produccion,buena:completo/semana_anterior
B12_DERE,2026-08-31 20:20:00,voltaje_promedio,122.82748,2026-08-31 14:30:00,v4.1.0-produccion,buena:completo/semana_anterior
B12_DERE,2026-08-31 20:30:00,voltaje_promedio,122.852905,2026-08-31 14:30:00,v4.1.0-produccion,buena:completo/semana_anterior
B12_DERE,2026-08-31 20:40:00,voltaje_promedio,122.85718,2026-08-31 14:30:00,v4.1.0-produccion,buena:completo/semana_anterior
B12_DERE,2026-08-31 20:50:00,voltaje_promedio,122.95834,2026-08-31 14:30:00,v4.1.0-produccion,buena:completo/semana_anterior
B12_DERE,2026-08-31 21:00:00,voltaje_promedio,122.964905,2026-08-31 14:30:00,v4.1.0-produccion,buena:completo/semana_anterior
B12_DERE,2026-08-31 21:10:00,voltaje_promedio,123.10715,2026-08-31 14:30:00,v4.1.0-produccion,buena:completo/semana_anterior
B12_DERE,2026-08-31 21:20:00,voltaje_promedio,123.119934,2026-08-31 14:30:00,v4.1.0-produccion,buena:completo/semana_anterior
B12_DERE,2026-08-31 21:30:00,voltaje_promedio,123.1222,2026-08-31 14:30:00,v4.1.0-produccion,buena:completo/semana_anterior
B12_DERE,2026-08-31 21:40:00,voltaje_promedio,123.07732,2026-08-31 14:30:00,v4.1.0-produccion,buena:completo/semana_anterior
B12_DERE,2026-08-31 21:50:00,voltaje_promedio,123.043564,2026-08-31 14:30:00,v4.1.0-produccion,buena:completo/semana_anterior
B12_DERE,2026-08-31 22:00:00,voltaje_promedio,123.08865,2026-08-31 14:30:00,v4.1.0-produccion,buena:completo/semana_anterior
B12_DERE,2026-08-31 22:10:00,voltaje_promedio,123.15738,2026-08-31 14:30:00,v4.1.0-produccion,buena:completo/semana_anterior
B12_DERE,2026-08-31 22:20:00,voltaje_promedio,123.11704,2026-08-31 14:30:00,v4.1.0-produccion,buena:completo/semana_anterior
B12_DERE,2026-08-31 22:30:00,voltaje_promedio,123.088234,2026-08-31 14:30:00,v4.1.0-produccion,buena:completo/semana_anterior
B12_DERE,2026-08-31 22:40:00,voltaje_promedio,123.071396,2026-08-31 14:30:00,v4.1.0-produccion,buena:completo/semana_anterior
B12_DERE,2026-08-31 22:50:00,voltaje_promedio,123.0467,2026-08-31 14:30:00,v4.1.0-produccion,buena:completo/semana_anterior
B12_DERE,2026-08-31 23:00:00,voltaje_promedio,123.11098,2026-08-31 14:30:00,v4.1.0-produccion,buena:completo/semana_anterior
B12_DERE,2026-08-31 23:10:00,voltaje_promedio,123.134186,2026-08-31 14:30:00,v4.1.0-produccion,buena:completo/semana_anterior
B12_DERE,2026-08-31 23:20:00,voltaje_promedio,123.152336,2026-08-31 14:30:00,v4.1.0-produccion,buena:completo/semana_anterior
B12_DERE,2026-08-31 23:30:00,voltaje_promedio,123.13666,2026-08-31 14:30:00,v4.1.0-produccion,buena:completo/semana_anterior
B12_DERE,2026-08-31 23:40:00,voltaje_promedio,123.110275,2026-08-31 14:30:00,v4.1.0-produccion,buena:completo/semana_anterior
B12_DERE,2026-08-31 23:50:00,voltaje_promedio,123.10258,2026-08-31 14:30:00,v4.1.0-produccion,buena:completo/semana_anterior
B12_DERE,2026-09-01 00:00:00,voltaje_promedio,123.10773,2026-08-31 14:30:00,v4.1.0-produccion,buena:completo/semana_anterior
B12_DERE,2026-09-01 00:10:00,voltaje_promedio,123.07489,2026-08-31 14:30:00,v4.1.0-produccion,buena:completo/semana_anterior
B12_DERE,2026-09-01 00:20:00,voltaje_promedio,123.12204,2026-08-31 14:30:00,v4.1.0-produccion,buena:completo/semana_anterior
B12_DERE,2026-09-01 00:30:00,voltaje_promedio,123.08512,2026-08-31 14:30:00,v4.1.0-produccion,buena:completo/semana_anterior
B12_DERE,2026-09-01 00:40:00,voltaje_promedio,123.11335,2026-08-31 14:30:00,v4.1.0-produccion,buena:completo/semana_anterior
B12_DERE,2026-09-01 00:50:00,voltaje_promedio,123.173706,2026-08-31 14:30:00,v4.1.0-produccion,buena:completo/semana_anterior
B12_DERE,2026-09-01 01:00:00,voltaje_promedio,123.18396,2026-08-31 14:30:00,v4.1.0-produccion,buena:completo/semana_anterior
B12_DERE,2026-09-01 01:10:00,voltaje_promedio,123.18003,2026-08-31 14:30:00,v4.1.0-produccion,buena:completo/semana_anterior
B12_DERE,2026-09-01 01:20:00,voltaje_promedio,123.153725,2026-08-31 14:30:00,v4.1.0-produccion,buena:completo/semana_anterior
B12_DERE,2026-09-01 01:30:00,voltaje_promedio,123.16444,2026-08-31 14:30:00,v4.1.0-produccion,buena:completo/semana_anterior
B12_DERE,2026-09-01 01:40:00,voltaje_promedio,123.21734,2026-08-31 14:30:00,v4.1.0-produccion,buena:completo/semana_anterior
B12_DERE,2026-09-01 01:50:00,voltaje_promedio,123.27282,2026-08-31 14:30:00,v4.1.0-produccion,buena:completo/semana_anterior
B12_DERE,2026-09-01 02:00:00,voltaje_promedio,123.25784,2026-08-31 14:30:00,v4.1.0-produccion,buena:completo/semana_anterior
B12_DERE,2026-09-01 02:10:00,voltaje_promedio,123.172935,2026-08-31 14:30:00,v4.1.0-produccion,buena:completo/semana_anterior
B12_DERE,2026-09-01 02:20:00,voltaje_promedio,123.21915,2026-08-31 14:30:00,v4.1.0-produccion,buena:completo/semana_anterior
B12_DERE,2026-09-01 02:30:00,voltaje_promedio,123.211914,2026-08-31 14:30:00,v4.1.0-produccion,buena:completo/semana_anterior
B12_DERE,2026-09-01 02:40:00,voltaje_promedio,123.28351,2026-08-31 14:30:00,v4.1.0-produccion,buena:completo/semana_anterior
B12_DERE,2026-09-01 02:50:00,voltaje_promedio,123.31668,2026-08-31 14:30:00,v4.1.0-produccion,buena:completo/semana_anterior
B12_DERE,2026-09-01 03:00:00,voltaje_promedio,123.2811,2026-08-31 14:30:00,v4.1.0-produccion,buena:completo/semana_anterior
B12_DERE,2026-09-01 03:10:00,voltaje_promedio,123.18348,2026-08-31 14:30:00,v4.1.0-produccion,buena:completo/semana_anterior
B12_DERE,2026-09-01 03:20:00,voltaje_promedio,123.14493,2026-08-31 14:30:00,v4.1.0-produccion,buena:completo/semana_anterior
B12_DERE,2026-09-01 03:30:00,voltaje_promedio,123.13567,2026-08-31 14:30:00,v4.1.0-produccion,buena:completo/semana_anterior
B12_DERE,2026-09-01 03:40:00,voltaje_promedio,123.07942,2026-08-31 14:30:00,v4.1.0-produccion,buena:completo/semana_anterior
B12_DERE,2026-09-01 03:50:00,voltaje_promedio,123.01586,2026-08-31 14:30:00,v4.1.0-produccion,buena:completo/semana_anterior
B12_DERE,2026-09-01 04:00:00,voltaje_promedio,122.94933,2026-08-31 14:30:00,v4.1.0-produccion,buena:completo/semana_anterior
B12_DERE,2026-09-01 04:10:00,voltaje_promedio,122.8813,2026-08-31 14:30:00,v4.1.0-produccion,buena:completo/semana_anterior
B12_DERE,2026-09-01 04:20:00,voltaje_promedio,122.78503,2026-08-31 14:30:00,v4.1.0-produccion,buena:completo/semana_anterior
B12_DERE,2026-09-01 04:30:00,voltaje_promedio,122.66576,2026-08-31 14:30:00,v4.1.0-produccion,buena:completo/semana_anterior
B12_DERE,2026-09-01 04:40:00,voltaje_promedio,122.54555,2026-08-31 14:30:00,v4.1.0-produccion,buena:completo/semana_anterior
B12_DERE,2026-09-01 04:50:00,voltaje_promedio,122.422585,2026-08-31 14:30:00,v4.1.0-produccion,buena:completo/semana_anterior
B12_DERE,2026-09-01 05:00:00,voltaje_promedio,122.411606,2026-08-31 14:30:00,v4.1.0-produccion,buena:completo/semana_anterior
B12_DERE,2026-09-01 05:10:00,voltaje_promedio,122.316055,2026-08-31 14:30:00,v4.1.0-produccion,buena:completo/semana_anterior
B12_DERE,2026-09-01 05:20:00,voltaje_promedio,122.17516,2026-08-31 14:30:00,v4.1.0-produccion,buena:completo/semana_anterior
B12_DERE,2026-09-01 05:30:00,voltaje_promedio,122.14399,2026-08-31 14:30:00,v4.1.0-produccion,buena:completo/semana_anterior
B12_DERE,2026-09-01 05:40:00,voltaje_promedio,122.07066,2026-08-31 14:30:00,v4.1.0-produccion,buena:completo/semana_anterior
B12_DERE,2026-09-01 05:50:00,voltaje_promedio,121.87408,2026-08-31 14:30:00,v4.1.0-produccion,buena:completo/semana_anterior
B12_DERE,2026-09-01 06:00:00,voltaje_promedio,121.76686,2026-08-31 14:30:00,v4.1.0-produccion,buena:completo/semana_anterior
B12_DERE,2026-09-01 06:10:00,voltaje_promedio,121.61181,2026-08-31 14:30:00,v4.1.0-produccion,buena:completo/semana_anterior
B12_DERE,2026-09-01 06:20:00,voltaje_promedio,121.57206,2026-08-31 14:30:00,v4.1.0-produccion,buena:completo/semana_anterior
B12_DERE,2026-09-01 06:30:00,voltaje_promedio,121.59753,2026-08-31 14:30:00,v4.1.0-produccion,buena:completo/semana_anterior
B12_DERE,2026-09-01 06:40:00,voltaje_promedio,121.65976,2026-08-31 14:30:00,v4.1.0-produccion,buena:completo/semana_anterior
B12_DERE,2026-09-01 06:50:00,voltaje_promedio,121.57118,2026-08-31 14:30:00,v4.1.0-produccion,buena:completo/semana_anterior
B12_DERE,2026-09-01 07:00:00,voltaje_promedio,121.4505,2026-08-31 14:30:00,v4.1.0-produccion,buena:completo/semana_anterior
B12_DERE,2026-09-01 07:10:00,voltaje_promedio,121.394775,2026-08-31 14:30:00,v4.1.0-produccion,buena:completo/semana_anterior
B12_DERE,2026-09-01 07:20:00,voltaje_promedio,121.38043,2026-08-31 14:30:00,v4.1.0-produccion,buena:completo/semana_anterior
B12_DERE,2026-09-01 07:30:00,voltaje_promedio,121.42277,2026-08-31 14:30:00,v4.1.0-produccion,buena:completo/semana_anterior
B12_DERE,2026-09-01 07:40:00,voltaje_promedio,121.360504,2026-08-31 14:30:00,v4.1.0-produccion,buena:completo/semana_anterior
B12_DERE,2026-09-01 07:50:00,voltaje_promedio,121.33654,2026-08-31 14:30:00,v4.1.0-produccion,buena:completo/semana_anterior
B12_DERE,2026-09-01 08:00:00,voltaje_promedio,121.32896,2026-08-31 14:30:00,v4.1.0-produccion,buena:completo/semana_anterior
B12_DERE,2026-09-01 08:10:00,voltaje_promedio,121.35028,2026-08-31 14:30:00,v4.1.0-produccion,buena:completo/semana_anterior
B12_DERE,2026-09-01 08:20:00,voltaje_promedio,121.27388,2026-08-31 14:30:00,v4.1.0-produccion,buena:completo/semana_anterior
B12_DERE,2026-09-01 08:30:00,voltaje_promedio,121.35264,2026-08-31 14:30:00,v4.1.0-produccion,buena:completo/semana_anterior
B12_DERE,2026-09-01 08:40:00,voltaje_promedio,121.31955,2026-08-31 14:30:00,v4.1.0-produccion,buena:completo/semana_anterior
B12_DERE,2026-09-01 08:50:00,voltaje_promedio,121.3012,2026-08-31 14:30:00,v4.1.0-produccion,buena:completo/semana_anterior
B12_DERE,2026-09-01 09:00:00,voltaje_promedio,121.29889,2026-08-31 14:30:00,v4.1.0-produccion,buena:completo/semana_anterior
B12_DERE,2026-09-01 09:10:00,voltaje_promedio,121.33667,2026-08-31 14:30:00,v4.1.0-produccion,buena:completo/semana_anterior
B12_DERE,2026-09-01 09:20:00,voltaje_promedio,121.35409,2026-08-31 14:30:00,v4.1.0-produccion,buena:completo/semana_anterior
B12_DERE,2026-09-01 09:30:00,voltaje_promedio,121.3671,2026-08-31 14:30:00,v4.1.0-produccion,buena:completo/semana_anterior
B12_DERE,2026-09-01 09:40:00,voltaje_promedio,121.40301,2026-08-31 14:30:00,v4.1.0-produccion,buena:completo/semana_anterior
B12_DERE,2026-09-01 09:50:00,voltaje_promedio,121.45952,2026-08-31 14:30:00,v4.1.0-produccion,buena:completo/semana_anterior
B12_DERE,2026-09-01 10:00:00,voltaje_promedio,121.44607,2026-08-31 14:30:00,v4.1.0-produccion,buena:completo/semana_anterior
B12_DERE,2026-09-01 10:10:00,voltaje_promedio,121.4807,2026-08-31 14:30:00,v4.1.0-produccion,buena:completo/semana_anterior
B12_DERE,2026-09-01 10:20:00,voltaje_promedio,121.5064,2026-08-31 14:30:00,v4.1.0-produccion,buena:completo/semana_anterior
B12_DERE,2026-09-01 10:30:00,voltaje_promedio,121.51311,2026-08-31 14:30:00,v4.1.0-produccion,buena:completo/semana_anterior
B12_DERE,2026-09-01 10:40:00,voltaje_promedio,121.515465,2026-08-31 14:30:00,v4.1.0-produccion,buena:completo/semana_anterior
B12_DERE,2026-09-01 10:50:00,voltaje_promedio,121.48984,2026-08-31 14:30:00,v4.1.0-produccion,buena:completo/semana_anterior
B12_DERE,2026-09-01 11:00:00,voltaje_promedio,121.42165,2026-08-31 14:30:00,v4.1.0-produccion,buena:completo/semana_anterior
B12_DERE,2026-09-01 11:10:00,voltaje_promedio,121.51057,2026-08-31 14:30:00,v4.1.0-produccion,buena:completo/semana_anterior
B12_DERE,2026-09-01 11:20:00,voltaje_promedio,121.48696,2026-08-31 14:30:00,v4.1.0-produccion,buena:completo/semana_anterior
B12_DERE,2026-09-01 11:30:00,voltaje_promedio,121.536194,2026-08-31 14:30:00,v4.1.0-produccion,buena:completo/semana_anterior
B12_DERE,2026-09-01 11:40:00,voltaje_promedio,121.57826,2026-08-31 14:30:00,v4.1.0-produccion,buena:completo/semana_anterior
B12_DERE,2026-09-01 11:50:00,voltaje_promedio,121.55484,2026-08-31 14:30:00,v4.1.0-produccion,buena:completo/semana_anterior
B12_DERE,2026-09-01 12:00:00,voltaje_promedio,121.59946,2026-08-31 14:30:00,v4.1.0-produccion,buena:completo/semana_anterior
B12_DERE,2026-09-01 12:10:00,voltaje_promedio,121.668976,2026-08-31 14:30:00,v4.1.0-produccion,buena:completo/semana_anterior
B12_DERE,2026-09-01 12:20:00,voltaje_promedio,121.622345,2026-08-31 14:30:00,v4.1.0-produccion,buena:completo/semana_anterior
B12_DERE,2026-09-01 12:30:00,voltaje_promedio,121.67966,2026-08-31 14:30:00,v4.1.0-produccion,buena:completo/semana_anterior
B12_DERE,2026-09-01 12:40:00,voltaje_promedio,121.68483,2026-08-31 14:30:00,v4.1.0-produccion,buena:completo/semana_anterior
B12_DERE,2026-09-01 12:50:00,voltaje_promedio,121.736435,2026-08-31 14:30:00,v4.1.0-produccion,buena:completo/semana_anterior
B12_DERE,2026-09-01 13:00:00,voltaje_promedio,121.68864,2026-08-31 14:30:00,v4.1.0-produccion,buena:completo/semana_anterior
B12_DERE,2026-09-01 13:10:00,voltaje_promedio,121.650925,2026-08-31 14:30:00,v4.1.0-produccion,buena:completo/semana_anterior
B12_DERE,2026-09-01 13:20:00,voltaje_promedio,121.64448,2026-08-31 14:30:00,v4.1.0-produccion,buena:completo/semana_anterior
B12_DERE,2026-09-01 13:30:00,voltaje_promedio,121.66065,2026-08-31 14:30:00,v4.1.0-produccion,buena:completo/semana_anterior
B12_DERE,2026-09-01 13:40:00,voltaje_promedio,121.716965,2026-08-31 14:30:00,v4.1.0-produccion,buena:completo/semana_anterior
B12_DERE,2026-09-01 13:50:00,voltaje_promedio,121.67255,2026-08-31 14:30:00,v4.1.0-produccion,buena:completo/semana_anterior
B12_DERE,2026-09-01 14:00:00,voltaje_promedio,121.66899,2026-08-31 14:30:00,v4.1.0-produccion,buena:completo/semana_anterior
B12_DERE,2026-09-01 14:10:00,voltaje_promedio,121.81656,2026-08-31 14:30:00,v4.1.0-produccion,buena:completo/semana_anterior
B12_DERE,2026-09-01 14:20:00,voltaje_promedio,121.82956,2026-08-31 14:30:00,v4.1.0-produccion,buena:completo/semana_anterior
B12_DERE,2026-09-01 14:30:00,voltaje_promedio,121.843,2026-08-31 14:30:00,v4.1.0-produccion,buena:completo/semana_anterior
B15_BIBL,2026-08-31 14:40:00,activepower,65616.93,2026-08-31 14:30:00,v4.1.0-produccion,buena:completo/semana_anterior
B15_BIBL,2026-08-31 14:50:00,activepower,64877.348,2026-08-31 14:30:00,v4.1.0-produccion,buena:completo/semana_anterior
B15_BIBL,2026-08-31 15:00:00,activepower,63847.53,2026-08-31 14:30:00,v4.1.0-produccion,buena:completo/semana_anterior
B15_BIBL,2026-08-31 15:10:00,activepower,63529.633,2026-08-31 14:30:00,v4.1.0-produccion,buena:completo/semana_anterior
B15_BIBL,2026-08-31 15:20:00,activepower,63973.04,2026-08-31 14:30:00,v4.1.0-produccion,buena:completo/semana_anterior
B15_BIBL,2026-08-31 15:30:00,activepower,63694.656,2026-08-31 14:30:00,v4.1.0-produccion,buena:completo/semana_anterior
B15_BIBL,2026-08-31 15:40:00,activepower,62998.86,2026-08-31 14:30:00,v4.1.0-produccion,buena:completo/semana_anterior
B15_BIBL,2026-08-31 15:50:00,activepower,62221.426,2026-08-31 14:30:00,v4.1.0-produccion,buena:completo/semana_anterior
B15_BIBL,2026-08-31 16:00:00,activepower,62580.246,2026-08-31 14:30:00,v4.1.0-produccion,buena:completo/semana_anterior
B15_BIBL,2026-08-31 16:10:00,activepower,61648.574,2026-08-31 14:30:00,v4.1.0-produccion,buena:completo/semana_anterior
B15_BIBL,2026-08-31 16:20:00,activepower,61045.332,2026-08-31 14:30:00,v4.1.0-produccion,buena:completo/semana_anterior
B15_BIBL,2026-08-31 16:30:00,activepower,60065.184,2026-08-31 14:30:00,v4.1.0-produccion,buena:completo/semana_anterior
B15_BIBL,2026-08-31 16:40:00,activepower,59373.875,2026-08-31 14:30:00,v4.1.0-produccion,buena:completo/semana_anterior
B15_BIBL,2026-08-31 16:50:00,activepower,58038.38,2026-08-31 14:30:00,v4.1.0-produccion,buena:completo/semana_anterior
B15_BIBL,2026-08-31 17:00:00,activepower,57365.176,2026-08-31 14:30:00,v4.1.0-produccion,buena:completo/semana_anterior
B15_BIBL,2026-08-31 17:10:00,activepower,55955.25,2026-08-31 14:30:00,v4.1.0-produccion,buena:completo/semana_anterior
B15_BIBL,2026-08-31 17:20:00,activepower,54862.25,2026-08-31 14:30:00,v4.1.0-produccion,buena:completo/semana_anterior
B15_BIBL,2026-08-31 17:30:00,activepower,53439.72,2026-08-31 14:30:00,v4.1.0-produccion,buena:completo/semana_anterior
B15_BIBL,2026-08-31 17:40:00,activepower,52676.883,2026-08-31 14:30:00,v4.1.0-produccion,buena:completo/semana_anterior
B15_BIBL,2026-08-31 17:50:00,activepower,50834.668,2026-08-31 14:30:00,v4.1.0-produccion,buena:completo/semana_anterior
B15_BIBL,2026-08-31 18:00:00,activepower,49690.59,2026-08-31 14:30:00,v4.1.0-produccion,buena:completo/semana_anterior
B15_BIBL,2026-08-31 18:10:00,activepower,47907.2,2026-08-31 14:30:00,v4.1.0-produccion,buena:completo/semana_anterior
B15_BIBL,2026-08-31 18:20:00,activepower,46848.18,2026-08-31 14:30:00,v4.1.0-produccion,buena:completo/semana_anterior
B15_BIBL,2026-08-31 18:30:00,activepower,45728.973,2026-08-31 14:30:00,v4.1.0-produccion,buena:completo/semana_anterior
B15_BIBL,2026-08-31 18:40:00,activepower,43041.332,2026-08-31 14:30:00,v4.1.0-produccion,buena:completo/semana_anterior
B15_BIBL,2026-08-31 18:50:00,activepower,40947.758,2026-08-31 14:30:00,v4.1.0-produccion,buena:completo/semana_anterior
B15_BIBL,2026-08-31 19:00:00,activepower,39822.984,2026-08-31 14:30:00,v4.1.0-produccion,buena:completo/semana_anterior
B15_BIBL,2026-08-31 19:10:00,activepower,38331.79,2026-08-31 14:30:00,v4.1.0-produccion,buena:completo/semana_anterior
B15_BIBL,2026-08-31 19:20:00,activepower,36692.316,2026-08-31 14:30:00,v4.1.0-produccion,buena:completo/semana_anterior
B15_BIBL,2026-08-31 19:30:00,activepower,34568.31,2026-08-31 14:30:00,v4.1.0-produccion,buena:completo/semana_anterior
B15_BIBL,2026-08-31 19:40:00,activepower,32824.832,2026-08-31 14:30:00,v4.1.0-produccion,buena:completo/semana_anterior
B15_BIBL,2026-08-31 19:50:00,activepower,31200.445,2026-08-31 14:30:00,v4.1.0-produccion,buena:completo/semana_anterior
B15_BIBL,2026-08-31 20:00:00,activepower,29596.35,2026-08-31 14:30:00,v4.1.0-produccion,buena:completo/semana_anterior
B15_BIBL,2026-08-31 20:10:00,activepower,28573.797,2026-08-31 14:30:00,v4.1.0-produccion,buena:completo/semana_anterior
B15_BIBL,2026-08-31 20:20:00,activepower,26562.89,2026-08-31 14:30:00,v4.1.0-produccion,buena:completo/semana_anterior
B15_BIBL,2026-08-31 20:30:00,activepower,25138.314,2026-08-31 14:30:00,v4.1.0-produccion,buena:completo/semana_anterior
B15_BIBL,2026-08-31 20:40:00,activepower,23573.393,2026-08-31 14:30:00,v4.1.0-produccion,buena:completo/semana_anterior
B15_BIBL,2026-08-31 20:50:00,activepower,21700.314,2026-08-31 14:30:00,v4.1.0-produccion,buena:completo/semana_anterior
B15_BIBL,2026-08-31 21:00:00,activepower,20742.975,2026-08-31 14:30:00,v4.1.0-produccion,buena:completo/semana_anterior
B15_BIBL,2026-08-31 21:10:00,activepower,19820.258,2026-08-31 14:30:00,v4.1.0-produccion,buena:completo/semana_anterior
B15_BIBL,2026-08-31 21:20:00,activepower,18936.09,2026-08-31 14:30:00,v4.1.0-produccion,buena:completo/semana_anterior
B15_BIBL,2026-08-31 21:30:00,activepower,17895.453,2026-08-31 14:30:00,v4.1.0-produccion,buena:completo/semana_anterior
B15_BIBL,2026-08-31 21:40:00,activepower,16985.488,2026-08-31 14:30:00,v4.1.0-produccion,buena:completo/semana_anterior
B15_BIBL,2026-08-31 21:50:00,activepower,15830.903,2026-08-31 14:30:00,v4.1.0-produccion,buena:completo/semana_anterior
B15_BIBL,2026-08-31 22:00:00,activepower,14756.186,2026-08-31 14:30:00,v4.1.0-produccion,buena:completo/semana_anterior
B15_BIBL,2026-08-31 22:10:00,activepower,14544.601,2026-08-31 14:30:00,v4.1.0-produccion,buena:completo/semana_anterior
B15_BIBL,2026-08-31 22:20:00,activepower,14001.24,2026-08-31 14:30:00,v4.1.0-produccion,buena:completo/semana_anterior
B15_BIBL,2026-08-31 22:30:00,activepower,13381.72,2026-08-31 14:30:00,v4.1.0-produccion,buena:completo/semana_anterior
B15_BIBL,2026-08-31 22:40:00,activepower,12656.517,2026-08-31 14:30:00,v4.1.0-produccion,buena:completo/semana_anterior
B15_BIBL,2026-08-31 22:50:00,activepower,12153.767,2026-08-31 14:30:00,v4.1.0-produccion,buena:completo/semana_anterior
B15_BIBL,2026-08-31 23:00:00,activepower,11698.471,2026-08-31 14:30:00,v4.1.0-produccion,buena:completo/semana_anterior
B15_BIBL,2026-08-31 23:10:00,activepower,11632.973,2026-08-31 14:30:00,v4.1.0-produccion,buena:completo/semana_anterior
B15_BIBL,2026-08-31 23:20:00,activepower,11085.723,2026-08-31 14:30:00,v4.1.0-produccion,buena:completo/semana_anterior
B15_BIBL,2026-08-31 23:30:00,activepower,10542.304,2026-08-31 14:30:00,v4.1.0-produccion,buena:completo/semana_anterior
B15_BIBL,2026-08-31 23:40:00,activepower,9957.078,2026-08-31 14:30:00,v4.1.0-produccion,buena:completo/semana_anterior
B15_BIBL,2026-08-31 23:50:00,activepower,9950.717,2026-08-31 14:30:00,v4.1.0-produccion,buena:completo/semana_anterior
B15_BIBL,2026-09-01 00:00:00,activepower,9906.702,2026-08-31 14:30:00,v4.1.0-produccion,buena:completo/semana_anterior
B15_BIBL,2026-09-01 00:10:00,activepower,9672.73,2026-08-31 14:30:00,v4.1.0-produccion,buena:completo/semana_anterior
B15_BIBL,2026-09-01 00:20:00,activepower,9687.967,2026-08-31 14:30:00,v4.1.0-produccion,buena:completo/semana_anterior
B15_BIBL,2026-09-01 00:30:00,activepower,9523.277,2026-08-31 14:30:00,v4.1.0-produccion,buena:completo/semana_anterior
B15_BIBL,2026-09-01 00:40:00,activepower,9504.207,2026-08-31 14:30:00,v4.1.0-produccion,buena:completo/semana_anterior
B15_BIBL,2026-09-01 00:50:00,activepower,9137.504,2026-08-31 14:30:00,v4.1.0-produccion,buena:completo/semana_anterior
B15_BIBL,2026-09-01 01:00:00,activepower,9488.668,2026-08-31 14:30:00,v4.1.0-produccion,buena:completo/semana_anterior
B15_BIBL,2026-09-01 01:10:00,activepower,9175.999,2026-08-31 14:30:00,v4.1.0-produccion,buena:completo/semana_anterior
B15_BIBL,2026-09-01 01:20:00,activepower,9127.375,2026-08-31 14:30:00,v4.1.0-produccion,buena:completo/semana_anterior
B15_BIBL,2026-09-01 01:30:00,activepower,9394.635,2026-08-31 14:30:00,v4.1.0-produccion,buena:completo/semana_anterior
B15_BIBL,2026-09-01 01:40:00,activepower,9391.819,2026-08-31 14:30:00,v4.1.0-produccion,buena:completo/semana_anterior
B15_BIBL,2026-09-01 01:50:00,activepower,9185.947,2026-08-31 14:30:00,v4.1.0-produccion,buena:completo/semana_anterior
B15_BIBL,2026-09-01 02:00:00,activepower,9054.401,2026-08-31 14:30:00,v4.1.0-produccion,buena:completo/semana_anterior
B15_BIBL,2026-09-01 02:10:00,activepower,8836.4,2026-08-31 14:30:00,v4.1.0-produccion,buena:completo/semana_anterior
B15_BIBL,2026-09-01 02:20:00,activepower,9093.775,2026-08-31 14:30:00,v4.1.0-produccion,buena:completo/semana_anterior
B15_BIBL,2026-09-01 02:30:00,activepower,8998.376,2026-08-31 14:30:00,v4.1.0-produccion,buena:completo/semana_anterior
B15_BIBL,2026-09-01 02:40:00,activepower,8858.252,2026-08-31 14:30:00,v4.1.0-produccion,buena:completo/semana_anterior
B15_BIBL,2026-09-01 02:50:00,activepower,9105.629,2026-08-31 14:30:00,v4.1.0-produccion,buena:completo/semana_anterior
B15_BIBL,2026-09-01 03:00:00,activepower,9480.01,2026-08-31 14:30:00,v4.1.0-produccion,buena:completo/semana_anterior
B15_BIBL,2026-09-01 03:10:00,activepower,9327.401,2026-08-31 14:30:00,v4.1.0-produccion,buena:completo/semana_anterior
B15_BIBL,2026-09-01 03:20:00,activepower,10000.293,2026-08-31 14:30:00,v4.1.0-produccion,buena:completo/semana_anterior
B15_BIBL,2026-09-01 03:30:00,activepower,10874.025,2026-08-31 14:30:00,v4.1.0-produccion,buena:completo/semana_anterior
B15_BIBL,2026-09-01 03:40:00,activepower,11363.701,2026-08-31 14:30:00,v4.1.0-produccion,buena:completo/semana_anterior
B15_BIBL,2026-09-01 03:50:00,activepower,11809.031,2026-08-31 14:30:00,v4.1.0-produccion,buena:completo/semana_anterior
B15_BIBL,2026-09-01 04:00:00,activepower,12889.744,2026-08-31 14:30:00,v4.1.0-produccion,buena:completo/semana_anterior
B15_BIBL,2026-09-01 04:10:00,activepower,13407.966,2026-08-31 14:30:00,v4.1.0-produccion,buena:completo/semana_anterior
B15_BIBL,2026-09-01 04:20:00,activepower,14970.312,2026-08-31 14:30:00,v4.1.0-produccion,buena:completo/semana_anterior
B15_BIBL,2026-09-01 04:30:00,activepower,15999.8125,2026-08-31 14:30:00,v4.1.0-produccion,buena:completo/semana_anterior
B15_BIBL,2026-09-01 04:40:00,activepower,17370.045,2026-08-31 14:30:00,v4.1.0-produccion,buena:completo/semana_anterior
B15_BIBL,2026-09-01 04:50:00,activepower,18180.82,2026-08-31 14:30:00,v4.1.0-produccion,buena:completo/semana_anterior
B15_BIBL,2026-09-01 05:00:00,activepower,20148.516,2026-08-31 14:30:00,v4.1.0-produccion,buena:completo/semana_anterior
B15_BIBL,2026-09-01 05:10:00,activepower,21974.139,2026-08-31 14:30:00,v4.1.0-produccion,buena:completo/semana_anterior
B15_BIBL,2026-09-01 05:20:00,activepower,24644.893,2026-08-31 14:30:00,v4.1.0-produccion,buena:completo/semana_anterior
B15_BIBL,2026-09-01 05:30:00,activepower,27082.59,2026-08-31 14:30:00,v4.1.0-produccion,buena:completo/semana_anterior
B15_BIBL,2026-09-01 05:40:00,activepower,29090.066,2026-08-31 14:30:00,v4.1.0-produccion,buena:completo/semana_anterior
B15_BIBL,2026-09-01 05:50:00,activepower,31307.389,2026-08-31 14:30:00,v4.1.0-produccion,buena:completo/semana_anterior
B15_BIBL,2026-09-01 06:00:00,activepower,33700.477,2026-08-31 14:30:00,v4.1.0-produccion,buena:completo/semana_anterior
B15_BIBL,2026-09-01 06:10:00,activepower,35720.91,2026-08-31 14:30:00,v4.1.0-produccion,buena:completo/semana_anterior
B15_BIBL,2026-09-01 06:20:00,activepower,38007.227,2026-08-31 14:30:00,v4.1.0-produccion,buena:completo/semana_anterior
B15_BIBL,2026-09-01 06:30:00,activepower,41016.67,2026-08-31 14:30:00,v4.1.0-produccion,buena:completo/semana_anterior
B15_BIBL,2026-09-01 06:40:00,activepower,42963.82,2026-08-31 14:30:00,v4.1.0-produccion,buena:completo/semana_anterior
B15_BIBL,2026-09-01 06:50:00,activepower,45377.652,2026-08-31 14:30:00,v4.1.0-produccion,buena:completo/semana_anterior
B15_BIBL,2026-09-01 07:00:00,activepower,46422.36,2026-08-31 14:30:00,v4.1.0-produccion,buena:completo/semana_anterior
B15_BIBL,2026-09-01 07:10:00,activepower,48763.766,2026-08-31 14:30:00,v4.1.0-produccion,buena:completo/semana_anterior
B15_BIBL,2026-09-01 07:20:00,activepower,51159.12,2026-08-31 14:30:00,v4.1.0-produccion,buena:completo/semana_anterior
B15_BIBL,2026-09-01 07:30:00,activepower,53583.805,2026-08-31 14:30:00,v4.1.0-produccion,buena:completo/semana_anterior
B15_BIBL,2026-09-01 07:40:00,activepower,55578.574,2026-08-31 14:30:00,v4.1.0-produccion,buena:completo/semana_anterior
B15_BIBL,2026-09-01 07:50:00,activepower,57275.89,2026-08-31 14:30:00,v4.1.0-produccion,buena:completo/semana_anterior
B15_BIBL,2026-09-01 08:00:00,activepower,58544.527,2026-08-31 14:30:00,v4.1.0-produccion,buena:completo/semana_anterior
B15_BIBL,2026-09-01 08:10:00,activepower,60205.47,2026-08-31 14:30:00,v4.1.0-produccion,buena:completo/semana_anterior
B15_BIBL,2026-09-01 08:20:00,activepower,61399.906,2026-08-31 14:30:00,v4.1.0-produccion,buena:completo/semana_anterior
B15_BIBL,2026-09-01 08:30:00,activepower,62872.79,2026-08-31 14:30:00,v4.1.0-produccion,buena:completo/semana_anterior
B15_BIBL,2026-09-01 08:40:00,activepower,64408.543,2026-08-31 14:30:00,v4.1.0-produccion,buena:completo/semana_anterior
B15_BIBL,2026-09-01 08:50:00,activepower,65532.934,2026-08-31 14:30:00,v4.1.0-produccion,buena:completo/semana_anterior
B15_BIBL,2026-09-01 09:00:00,activepower,66136.72,2026-08-31 14:30:00,v4.1.0-produccion,buena:completo/semana_anterior
B15_BIBL,2026-09-01 09:10:00,activepower,65955.484,2026-08-31 14:30:00,v4.1.0-produccion,buena:completo/semana_anterior
B15_BIBL,2026-09-01 09:20:00,activepower,66336.47,2026-08-31 14:30:00,v4.1.0-produccion,buena:completo/semana_anterior
B15_BIBL,2026-09-01 09:30:00,activepower,67136.445,2026-08-31 14:30:00,v4.1.0-produccion,buena:completo/semana_anterior
B15_BIBL,2026-09-01 09:40:00,activepower,68305.16,2026-08-31 14:30:00,v4.1.0-produccion,buena:completo/semana_anterior
B15_BIBL,2026-09-01 09:50:00,activepower,68274.21,2026-08-31 14:30:00,v4.1.0-produccion,buena:completo/semana_anterior
B15_BIBL,2026-09-01 10:00:00,activepower,68275.25,2026-08-31 14:30:00,v4.1.0-produccion,buena:completo/semana_anterior
B15_BIBL,2026-09-01 10:10:00,activepower,68285.875,2026-08-31 14:30:00,v4.1.0-produccion,buena:completo/semana_anterior
B15_BIBL,2026-09-01 10:20:00,activepower,67194.1,2026-08-31 14:30:00,v4.1.0-produccion,buena:completo/semana_anterior
B15_BIBL,2026-09-01 10:30:00,activepower,67090.89,2026-08-31 14:30:00,v4.1.0-produccion,buena:completo/semana_anterior
B15_BIBL,2026-09-01 10:40:00,activepower,67341.33,2026-08-31 14:30:00,v4.1.0-produccion,buena:completo/semana_anterior
B15_BIBL,2026-09-01 10:50:00,activepower,66662.46,2026-08-31 14:30:00,v4.1.0-produccion,buena:completo/semana_anterior
B15_BIBL,2026-09-01 11:00:00,activepower,66368.08,2026-08-31 14:30:00,v4.1.0-produccion,buena:completo/semana_anterior
B15_BIBL,2026-09-01 11:10:00,activepower,65437.113,2026-08-31 14:30:00,v4.1.0-produccion,buena:completo/semana_anterior
B15_BIBL,2026-09-01 11:20:00,activepower,64627.44,2026-08-31 14:30:00,v4.1.0-produccion,buena:completo/semana_anterior
B15_BIBL,2026-09-01 11:30:00,activepower,64279.996,2026-08-31 14:30:00,v4.1.0-produccion,buena:completo/semana_anterior
B15_BIBL,2026-09-01 11:40:00,activepower,64368.664,2026-08-31 14:30:00,v4.1.0-produccion,buena:completo/semana_anterior
B15_BIBL,2026-09-01 11:50:00,activepower,64301.016,2026-08-31 14:30:00,v4.1.0-produccion,buena:completo/semana_anterior
B15_BIBL,2026-09-01 12:00:00,activepower,63795.496,2026-08-31 14:30:00,v4.1.0-produccion,buena:completo/semana_anterior
B15_BIBL,2026-09-01 12:10:00,activepower,63145.83,2026-08-31 14:30:00,v4.1.0-produccion,buena:completo/semana_anterior
B15_BIBL,2026-09-01 12:20:00,activepower,62967.746,2026-08-31 14:30:00,v4.1.0-produccion,buena:completo/semana_anterior
B15_BIBL,2026-09-01 12:30:00,activepower,62663.906,2026-08-31 14:30:00,v4.1.0-produccion,buena:completo/semana_anterior
B15_BIBL,2026-09-01 12:40:00,activepower,63492.87,2026-08-31 14:30:00,v4.1.0-produccion,buena:completo/semana_anterior
B15_BIBL,2026-09-01 12:50:00,activepower,62959.223,2026-08-31 14:30:00,v4.1.0-produccion,buena:completo/semana_anterior
B15_BIBL,2026-09-01 13:00:00,activepower,62887.887,2026-08-31 14:30:00,v4.1.0-produccion,buena:completo/semana_anterior
B15_BIBL,2026-09-01 13:10:00,activepower,62399.508,2026-08-31 14:30:00,v4.1.0-produccion,buena:completo/semana_anterior
B15_BIBL,2026-09-01 13:20:00,activepower,62855.27,2026-08-31 14:30:00,v4.1.0-produccion,buena:completo/semana_anterior
B15_BIBL,2026-09-01 13:30:00,activepower,62402.4,2026-08-31 14:30:00,v4.1.0-produccion,buena:completo/semana_anterior
B15_BIBL,2026-09-01 13:40:00,activepower,62944.105,2026-08-31 14:30:00,v4.1.0-produccion,buena:completo/semana_anterior
B15_BIBL,2026-09-01 13:50:00,activepower,63011.613,2026-08-31 14:30:00,v4.1.0-produccion,buena:completo/semana_anterior
B15_BIBL,2026-09-01 14:00:00,activepower,62584.547,2026-08-31 14:30:00,v4.1.0-produccion,buena:completo/semana_anterior
B15_BIBL,2026-09-01 14:10:00,activepower,61848.062,2026-08-31 14:30:00,v4.1.0-produccion,buena:completo/semana_anterior
B15_BIBL,2026-09-01 14:20:00,activepower,61538.293,2026-08-31 14:30:00,v4.1.0-produccion,buena:completo/semana_anterior
B15_BIBL,2026-09-01 14:30:00,activepower,62415.652,2026-08-31 14:30:00,v4.1.0-produccion,buena:completo/semana_anterior
B15_BIBL,2026-08-31 14:40:00,totalpowerfactor,0.9905034,2026-08-31 14:30:00,v4.1.0-produccion,buena:completo/semana_anterior
B15_BIBL,2026-08-31 14:50:00,totalpowerfactor,0.99067205,2026-08-31 14:30:00,v4.1.0-produccion,buena:completo/semana_anterior
B15_BIBL,2026-08-31 15:00:00,totalpowerfactor,0.990399,2026-08-31 14:30:00,v4.1.0-produccion,buena:completo/semana_anterior
B15_BIBL,2026-08-31 15:10:00,totalpowerfactor,0.9905355,2026-08-31 14:30:00,v4.1.0-produccion,buena:completo/semana_anterior
B15_BIBL,2026-08-31 15:20:00,totalpowerfactor,0.99025136,2026-08-31 14:30:00,v4.1.0-produccion,buena:completo/semana_anterior
B15_BIBL,2026-08-31 15:30:00,totalpowerfactor,0.9905002,2026-08-31 14:30:00,v4.1.0-produccion,buena:completo/semana_anterior
B15_BIBL,2026-08-31 15:40:00,totalpowerfactor,0.99046284,2026-08-31 14:30:00,v4.1.0-produccion,buena:completo/semana_anterior
B15_BIBL,2026-08-31 15:50:00,totalpowerfactor,0.9908881,2026-08-31 14:30:00,v4.1.0-produccion,buena:completo/semana_anterior
B15_BIBL,2026-08-31 16:00:00,totalpowerfactor,0.99093807,2026-08-31 14:30:00,v4.1.0-produccion,buena:completo/semana_anterior
B15_BIBL,2026-08-31 16:10:00,totalpowerfactor,0.9913497,2026-08-31 14:30:00,v4.1.0-produccion,buena:completo/semana_anterior
B15_BIBL,2026-08-31 16:20:00,totalpowerfactor,0.99110717,2026-08-31 14:30:00,v4.1.0-produccion,buena:completo/semana_anterior
B15_BIBL,2026-08-31 16:30:00,totalpowerfactor,0.99125904,2026-08-31 14:30:00,v4.1.0-produccion,buena:completo/semana_anterior
B15_BIBL,2026-08-31 16:40:00,totalpowerfactor,0.99104387,2026-08-31 14:30:00,v4.1.0-produccion,buena:completo/semana_anterior
B15_BIBL,2026-08-31 16:50:00,totalpowerfactor,0.991257,2026-08-31 14:30:00,v4.1.0-produccion,buena:completo/semana_anterior
B15_BIBL,2026-08-31 17:00:00,totalpowerfactor,0.9910385,2026-08-31 14:30:00,v4.1.0-produccion,buena:completo/semana_anterior
B15_BIBL,2026-08-31 17:10:00,totalpowerfactor,0.99121195,2026-08-31 14:30:00,v4.1.0-produccion,buena:completo/semana_anterior
B15_BIBL,2026-08-31 17:20:00,totalpowerfactor,0.99092036,2026-08-31 14:30:00,v4.1.0-produccion,buena:completo/semana_anterior
B15_BIBL,2026-08-31 17:30:00,totalpowerfactor,0.99128157,2026-08-31 14:30:00,v4.1.0-produccion,buena:completo/semana_anterior
B15_BIBL,2026-08-31 17:40:00,totalpowerfactor,0.9913188,2026-08-31 14:30:00,v4.1.0-produccion,buena:completo/semana_anterior
B15_BIBL,2026-08-31 17:50:00,totalpowerfactor,0.9915547,2026-08-31 14:30:00,v4.1.0-produccion,buena:completo/semana_anterior
B15_BIBL,2026-08-31 18:00:00,totalpowerfactor,0.9913379,2026-08-31 14:30:00,v4.1.0-produccion,buena:completo/semana_anterior
B15_BIBL,2026-08-31 18:10:00,totalpowerfactor,0.9916388,2026-08-31 14:30:00,v4.1.0-produccion,buena:completo/semana_anterior
B15_BIBL,2026-08-31 18:20:00,totalpowerfactor,0.9914634,2026-08-31 14:30:00,v4.1.0-produccion,buena:completo/semana_anterior
B15_BIBL,2026-08-31 18:30:00,totalpowerfactor,0.99178934,2026-08-31 14:30:00,v4.1.0-produccion,buena:completo/semana_anterior
B15_BIBL,2026-08-31 18:40:00,totalpowerfactor,0.9918114,2026-08-31 14:30:00,v4.1.0-produccion,buena:completo/semana_anterior
B15_BIBL,2026-08-31 18:50:00,totalpowerfactor,0.99196726,2026-08-31 14:30:00,v4.1.0-produccion,buena:completo/semana_anterior
B15_BIBL,2026-08-31 19:00:00,totalpowerfactor,0.9921204,2026-08-31 14:30:00,v4.1.0-produccion,buena:completo/semana_anterior
B15_BIBL,2026-08-31 19:10:00,totalpowerfactor,0.9919122,2026-08-31 14:30:00,v4.1.0-produccion,buena:completo/semana_anterior
B15_BIBL,2026-08-31 19:20:00,totalpowerfactor,0.9918589,2026-08-31 14:30:00,v4.1.0-produccion,buena:completo/semana_anterior
B15_BIBL,2026-08-31 19:30:00,totalpowerfactor,0.99172854,2026-08-31 14:30:00,v4.1.0-produccion,buena:completo/semana_anterior
B15_BIBL,2026-08-31 19:40:00,totalpowerfactor,0.9922896,2026-08-31 14:30:00,v4.1.0-produccion,buena:completo/semana_anterior
B15_BIBL,2026-08-31 19:50:00,totalpowerfactor,0.99167955,2026-08-31 14:30:00,v4.1.0-produccion,buena:completo/semana_anterior
B15_BIBL,2026-08-31 20:00:00,totalpowerfactor,0.99127656,2026-08-31 14:30:00,v4.1.0-produccion,buena:completo/semana_anterior
B15_BIBL,2026-08-31 20:10:00,totalpowerfactor,0.99153805,2026-08-31 14:30:00,v4.1.0-produccion,buena:completo/semana_anterior
B15_BIBL,2026-08-31 20:20:00,totalpowerfactor,0.9910972,2026-08-31 14:30:00,v4.1.0-produccion,buena:completo/semana_anterior
B15_BIBL,2026-08-31 20:30:00,totalpowerfactor,0.99103695,2026-08-31 14:30:00,v4.1.0-produccion,buena:completo/semana_anterior
B15_BIBL,2026-08-31 20:40:00,totalpowerfactor,0.9908506,2026-08-31 14:30:00,v4.1.0-produccion,buena:completo/semana_anterior
B15_BIBL,2026-08-31 20:50:00,totalpowerfactor,0.9908488,2026-08-31 14:30:00,v4.1.0-produccion,buena:completo/semana_anterior
B15_BIBL,2026-08-31 21:00:00,totalpowerfactor,0.9903542,2026-08-31 14:30:00,v4.1.0-produccion,buena:completo/semana_anterior
B15_BIBL,2026-08-31 21:10:00,totalpowerfactor,0.9904907,2026-08-31 14:30:00,v4.1.0-produccion,buena:completo/semana_anterior
B15_BIBL,2026-08-31 21:20:00,totalpowerfactor,0.9899009,2026-08-31 14:30:00,v4.1.0-produccion,buena:completo/semana_anterior
B15_BIBL,2026-08-31 21:30:00,totalpowerfactor,0.9899782,2026-08-31 14:30:00,v4.1.0-produccion,buena:completo/semana_anterior
B15_BIBL,2026-08-31 21:40:00,totalpowerfactor,0.9899103,2026-08-31 14:30:00,v4.1.0-produccion,buena:completo/semana_anterior
B15_BIBL,2026-08-31 21:50:00,totalpowerfactor,0.98993194,2026-08-31 14:30:00,v4.1.0-produccion,buena:completo/semana_anterior
B15_BIBL,2026-08-31 22:00:00,totalpowerfactor,0.9892753,2026-08-31 14:30:00,v4.1.0-produccion,buena:completo/semana_anterior
B15_BIBL,2026-08-31 22:10:00,totalpowerfactor,0.9891574,2026-08-31 14:30:00,v4.1.0-produccion,buena:completo/semana_anterior
B15_BIBL,2026-08-31 22:20:00,totalpowerfactor,0.98863405,2026-08-31 14:30:00,v4.1.0-produccion,buena:completo/semana_anterior
B15_BIBL,2026-08-31 22:30:00,totalpowerfactor,0.9878252,2026-08-31 14:30:00,v4.1.0-produccion,buena:completo/semana_anterior
B15_BIBL,2026-08-31 22:40:00,totalpowerfactor,0.98839974,2026-08-31 14:30:00,v4.1.0-produccion,buena:completo/semana_anterior
B15_BIBL,2026-08-31 22:50:00,totalpowerfactor,0.9882884,2026-08-31 14:30:00,v4.1.0-produccion,buena:completo/semana_anterior
B15_BIBL,2026-08-31 23:00:00,totalpowerfactor,0.9878487,2026-08-31 14:30:00,v4.1.0-produccion,buena:completo/semana_anterior
B15_BIBL,2026-08-31 23:10:00,totalpowerfactor,0.9882904,2026-08-31 14:30:00,v4.1.0-produccion,buena:completo/semana_anterior
B15_BIBL,2026-08-31 23:20:00,totalpowerfactor,0.988031,2026-08-31 14:30:00,v4.1.0-produccion,buena:completo/semana_anterior
B15_BIBL,2026-08-31 23:30:00,totalpowerfactor,0.98797256,2026-08-31 14:30:00,v4.1.0-produccion,buena:completo/semana_anterior
B15_BIBL,2026-08-31 23:40:00,totalpowerfactor,0.9880573,2026-08-31 14:30:00,v4.1.0-produccion,buena:completo/semana_anterior
B15_BIBL,2026-08-31 23:50:00,totalpowerfactor,0.98794943,2026-08-31 14:30:00,v4.1.0-produccion,buena:completo/semana_anterior
B15_BIBL,2026-09-01 00:00:00,totalpowerfactor,0.98738825,2026-08-31 14:30:00,v4.1.0-produccion,buena:completo/semana_anterior
B15_BIBL,2026-09-01 00:10:00,totalpowerfactor,0.9873911,2026-08-31 14:30:00,v4.1.0-produccion,buena:completo/semana_anterior
B15_BIBL,2026-09-01 00:20:00,totalpowerfactor,0.98754287,2026-08-31 14:30:00,v4.1.0-produccion,buena:completo/semana_anterior
B15_BIBL,2026-09-01 00:30:00,totalpowerfactor,0.98681843,2026-08-31 14:30:00,v4.1.0-produccion,buena:completo/semana_anterior
B15_BIBL,2026-09-01 00:40:00,totalpowerfactor,0.986908,2026-08-31 14:30:00,v4.1.0-produccion,buena:completo/semana_anterior
B15_BIBL,2026-09-01 00:50:00,totalpowerfactor,0.9870831,2026-08-31 14:30:00,v4.1.0-produccion,buena:completo/semana_anterior
B15_BIBL,2026-09-01 01:00:00,totalpowerfactor,0.9864055,2026-08-31 14:30:00,v4.1.0-produccion,buena:completo/semana_anterior
B15_BIBL,2026-09-01 01:10:00,totalpowerfactor,0.9859418,2026-08-31 14:30:00,v4.1.0-produccion,buena:completo/semana_anterior
B15_BIBL,2026-09-01 01:20:00,totalpowerfactor,0.9862589,2026-08-31 14:30:00,v4.1.0-produccion,buena:completo/semana_anterior
B15_BIBL,2026-09-01 01:30:00,totalpowerfactor,0.9861525,2026-08-31 14:30:00,v4.1.0-produccion,buena:completo/semana_anterior
B15_BIBL,2026-09-01 01:40:00,totalpowerfactor,0.9855494,2026-08-31 14:30:00,v4.1.0-produccion,buena:completo/semana_anterior
B15_BIBL,2026-09-01 01:50:00,totalpowerfactor,0.9862855,2026-08-31 14:30:00,v4.1.0-produccion,buena:completo/semana_anterior
B15_BIBL,2026-09-01 02:00:00,totalpowerfactor,0.9855736,2026-08-31 14:30:00,v4.1.0-produccion,buena:completo/semana_anterior
B15_BIBL,2026-09-01 02:10:00,totalpowerfactor,0.9854741,2026-08-31 14:30:00,v4.1.0-produccion,buena:completo/semana_anterior
B15_BIBL,2026-09-01 02:20:00,totalpowerfactor,0.98549825,2026-08-31 14:30:00,v4.1.0-produccion,buena:completo/semana_anterior
B15_BIBL,2026-09-01 02:30:00,totalpowerfactor,0.98581684,2026-08-31 14:30:00,v4.1.0-produccion,buena:completo/semana_anterior
B15_BIBL,2026-09-01 02:40:00,totalpowerfactor,0.9854124,2026-08-31 14:30:00,v4.1.0-produccion,buena:completo/semana_anterior
B15_BIBL,2026-09-01 02:50:00,totalpowerfactor,0.9851368,2026-08-31 14:30:00,v4.1.0-produccion,buena:completo/semana_anterior
B15_BIBL,2026-09-01 03:00:00,totalpowerfactor,0.9850842,2026-08-31 14:30:00,v4.1.0-produccion,buena:completo/semana_anterior
B15_BIBL,2026-09-01 03:10:00,totalpowerfactor,0.9852963,2026-08-31 14:30:00,v4.1.0-produccion,buena:completo/semana_anterior
B15_BIBL,2026-09-01 03:20:00,totalpowerfactor,0.9861839,2026-08-31 14:30:00,v4.1.0-produccion,buena:completo/semana_anterior
B15_BIBL,2026-09-01 03:30:00,totalpowerfactor,0.9863805,2026-08-31 14:30:00,v4.1.0-produccion,buena:completo/semana_anterior
B15_BIBL,2026-09-01 03:40:00,totalpowerfactor,0.98609,2026-08-31 14:30:00,v4.1.0-produccion,buena:completo/semana_anterior
B15_BIBL,2026-09-01 03:50:00,totalpowerfactor,0.9864875,2026-08-31 14:30:00,v4.1.0-produccion,buena:completo/semana_anterior
B15_BIBL,2026-09-01 04:00:00,totalpowerfactor,0.98683196,2026-08-31 14:30:00,v4.1.0-produccion,buena:completo/semana_anterior
B15_BIBL,2026-09-01 04:10:00,totalpowerfactor,0.9871818,2026-08-31 14:30:00,v4.1.0-produccion,buena:completo/semana_anterior
B15_BIBL,2026-09-01 04:20:00,totalpowerfactor,0.988043,2026-08-31 14:30:00,v4.1.0-produccion,buena:completo/semana_anterior
B15_BIBL,2026-09-01 04:30:00,totalpowerfactor,0.9881587,2026-08-31 14:30:00,v4.1.0-produccion,buena:completo/semana_anterior
B15_BIBL,2026-09-01 04:40:00,totalpowerfactor,0.98795205,2026-08-31 14:30:00,v4.1.0-produccion,buena:completo/semana_anterior
B15_BIBL,2026-09-01 04:50:00,totalpowerfactor,0.9881887,2026-08-31 14:30:00,v4.1.0-produccion,buena:completo/semana_anterior
B15_BIBL,2026-09-01 05:00:00,totalpowerfactor,0.9884802,2026-08-31 14:30:00,v4.1.0-produccion,buena:completo/semana_anterior
B15_BIBL,2026-09-01 05:10:00,totalpowerfactor,0.9884344,2026-08-31 14:30:00,v4.1.0-produccion,buena:completo/semana_anterior
B15_BIBL,2026-09-01 05:20:00,totalpowerfactor,0.9891788,2026-08-31 14:30:00,v4.1.0-produccion,buena:completo/semana_anterior
B15_BIBL,2026-09-01 05:30:00,totalpowerfactor,0.9896979,2026-08-31 14:30:00,v4.1.0-produccion,buena:completo/semana_anterior
B15_BIBL,2026-09-01 05:40:00,totalpowerfactor,0.98944926,2026-08-31 14:30:00,v4.1.0-produccion,buena:completo/semana_anterior
B15_BIBL,2026-09-01 05:50:00,totalpowerfactor,0.99007344,2026-08-31 14:30:00,v4.1.0-produccion,buena:completo/semana_anterior
B15_BIBL,2026-09-01 06:00:00,totalpowerfactor,0.989257,2026-08-31 14:30:00,v4.1.0-produccion,buena:completo/semana_anterior
B15_BIBL,2026-09-01 06:10:00,totalpowerfactor,0.9899966,2026-08-31 14:30:00,v4.1.0-produccion,buena:completo/semana_anterior
B15_BIBL,2026-09-01 06:20:00,totalpowerfactor,0.9906741,2026-08-31 14:30:00,v4.1.0-produccion,buena:completo/semana_anterior
B15_BIBL,2026-09-01 06:30:00,totalpowerfactor,0.99106705,2026-08-31 14:30:00,v4.1.0-produccion,buena:completo/semana_anterior
B15_BIBL,2026-09-01 06:40:00,totalpowerfactor,0.99077326,2026-08-31 14:30:00,v4.1.0-produccion,buena:completo/semana_anterior
B15_BIBL,2026-09-01 06:50:00,totalpowerfactor,0.9906041,2026-08-31 14:30:00,v4.1.0-produccion,buena:completo/semana_anterior
B15_BIBL,2026-09-01 07:00:00,totalpowerfactor,0.9905834,2026-08-31 14:30:00,v4.1.0-produccion,buena:completo/semana_anterior
B15_BIBL,2026-09-01 07:10:00,totalpowerfactor,0.9910889,2026-08-31 14:30:00,v4.1.0-produccion,buena:completo/semana_anterior
B15_BIBL,2026-09-01 07:20:00,totalpowerfactor,0.9908987,2026-08-31 14:30:00,v4.1.0-produccion,buena:completo/semana_anterior
B15_BIBL,2026-09-01 07:30:00,totalpowerfactor,0.99064577,2026-08-31 14:30:00,v4.1.0-produccion,buena:completo/semana_anterior
B15_BIBL,2026-09-01 07:40:00,totalpowerfactor,0.99091166,2026-08-31 14:30:00,v4.1.0-produccion,buena:completo/semana_anterior
B15_BIBL,2026-09-01 07:50:00,totalpowerfactor,0.9906831,2026-08-31 14:30:00,v4.1.0-produccion,buena:completo/semana_anterior
B15_BIBL,2026-09-01 08:00:00,totalpowerfactor,0.99089193,2026-08-31 14:30:00,v4.1.0-produccion,buena:completo/semana_anterior
B15_BIBL,2026-09-01 08:10:00,totalpowerfactor,0.9905083,2026-08-31 14:30:00,v4.1.0-produccion,buena:completo/semana_anterior
B15_BIBL,2026-09-01 08:20:00,totalpowerfactor,0.99078655,2026-08-31 14:30:00,v4.1.0-produccion,buena:completo/semana_anterior
B15_BIBL,2026-09-01 08:30:00,totalpowerfactor,0.99090856,2026-08-31 14:30:00,v4.1.0-produccion,buena:completo/semana_anterior
B15_BIBL,2026-09-01 08:40:00,totalpowerfactor,0.99120206,2026-08-31 14:30:00,v4.1.0-produccion,buena:completo/semana_anterior
B15_BIBL,2026-09-01 08:50:00,totalpowerfactor,0.9906698,2026-08-31 14:30:00,v4.1.0-produccion,buena:completo/semana_anterior
B15_BIBL,2026-09-01 09:00:00,totalpowerfactor,0.9909681,2026-08-31 14:30:00,v4.1.0-produccion,buena:completo/semana_anterior
B15_BIBL,2026-09-01 09:10:00,totalpowerfactor,0.99071336,2026-08-31 14:30:00,v4.1.0-produccion,buena:completo/semana_anterior
B15_BIBL,2026-09-01 09:20:00,totalpowerfactor,0.99083257,2026-08-31 14:30:00,v4.1.0-produccion,buena:completo/semana_anterior
B15_BIBL,2026-09-01 09:30:00,totalpowerfactor,0.9908989,2026-08-31 14:30:00,v4.1.0-produccion,buena:completo/semana_anterior
B15_BIBL,2026-09-01 09:40:00,totalpowerfactor,0.9906951,2026-08-31 14:30:00,v4.1.0-produccion,buena:completo/semana_anterior
B15_BIBL,2026-09-01 09:50:00,totalpowerfactor,0.9902903,2026-08-31 14:30:00,v4.1.0-produccion,buena:completo/semana_anterior
B15_BIBL,2026-09-01 10:00:00,totalpowerfactor,0.99052477,2026-08-31 14:30:00,v4.1.0-produccion,buena:completo/semana_anterior
B15_BIBL,2026-09-01 10:10:00,totalpowerfactor,0.9903161,2026-08-31 14:30:00,v4.1.0-produccion,buena:completo/semana_anterior
B15_BIBL,2026-09-01 10:20:00,totalpowerfactor,0.9900132,2026-08-31 14:30:00,v4.1.0-produccion,buena:completo/semana_anterior
B15_BIBL,2026-09-01 10:30:00,totalpowerfactor,0.9908577,2026-08-31 14:30:00,v4.1.0-produccion,buena:completo/semana_anterior
B15_BIBL,2026-09-01 10:40:00,totalpowerfactor,0.99077564,2026-08-31 14:30:00,v4.1.0-produccion,buena:completo/semana_anterior
B15_BIBL,2026-09-01 10:50:00,totalpowerfactor,0.99061126,2026-08-31 14:30:00,v4.1.0-produccion,buena:completo/semana_anterior
B15_BIBL,2026-09-01 11:00:00,totalpowerfactor,0.99015254,2026-08-31 14:30:00,v4.1.0-produccion,buena:completo/semana_anterior
B15_BIBL,2026-09-01 11:10:00,totalpowerfactor,0.9902367,2026-08-31 14:30:00,v4.1.0-produccion,buena:completo/semana_anterior
B15_BIBL,2026-09-01 11:20:00,totalpowerfactor,0.9901297,2026-08-31 14:30:00,v4.1.0-produccion,buena:completo/semana_anterior
B15_BIBL,2026-09-01 11:30:00,totalpowerfactor,0.9900852,2026-08-31 14:30:00,v4.1.0-produccion,buena:completo/semana_anterior
B15_BIBL,2026-09-01 11:40:00,totalpowerfactor,0.9902114,2026-08-31 14:30:00,v4.1.0-produccion,buena:completo/semana_anterior
B15_BIBL,2026-09-01 11:50:00,totalpowerfactor,0.9903159,2026-08-31 14:30:00,v4.1.0-produccion,buena:completo/semana_anterior
B15_BIBL,2026-09-01 12:00:00,totalpowerfactor,0.9902346,2026-08-31 14:30:00,v4.1.0-produccion,buena:completo/semana_anterior
B15_BIBL,2026-09-01 12:10:00,totalpowerfactor,0.98999316,2026-08-31 14:30:00,v4.1.0-produccion,buena:completo/semana_anterior
B15_BIBL,2026-09-01 12:20:00,totalpowerfactor,0.99016607,2026-08-31 14:30:00,v4.1.0-produccion,buena:completo/semana_anterior
B15_BIBL,2026-09-01 12:30:00,totalpowerfactor,0.98996973,2026-08-31 14:30:00,v4.1.0-produccion,buena:completo/semana_anterior
B15_BIBL,2026-09-01 12:40:00,totalpowerfactor,0.9899392,2026-08-31 14:30:00,v4.1.0-produccion,buena:completo/semana_anterior
B15_BIBL,2026-09-01 12:50:00,totalpowerfactor,0.9899237,2026-08-31 14:30:00,v4.1.0-produccion,buena:completo/semana_anterior
B15_BIBL,2026-09-01 13:00:00,totalpowerfactor,0.98965263,2026-08-31 14:30:00,v4.1.0-produccion,buena:completo/semana_anterior
B15_BIBL,2026-09-01 13:10:00,totalpowerfactor,0.98980045,2026-08-31 14:30:00,v4.1.0-produccion,buena:completo/semana_anterior
B15_BIBL,2026-09-01 13:20:00,totalpowerfactor,0.98990464,2026-08-31 14:30:00,v4.1.0-produccion,buena:completo/semana_anterior
B15_BIBL,2026-09-01 13:30:00,totalpowerfactor,0.98987055,2026-08-31 14:30:00,v4.1.0-produccion,buena:completo/semana_anterior
B15_BIBL,2026-09-01 13:40:00,totalpowerfactor,0.9904824,2026-08-31 14:30:00,v4.1.0-produccion,buena:completo/semana_anterior
B15_BIBL,2026-09-01 13:50:00,totalpowerfactor,0.99048024,2026-08-31 14:30:00,v4.1.0-produccion,buena:completo/semana_anterior
B15_BIBL,2026-09-01 14:00:00,totalpowerfactor,0.9901888,2026-08-31 14:30:00,v4.1.0-produccion,buena:completo/semana_anterior
B15_BIBL,2026-09-01 14:10:00,totalpowerfactor,0.9905467,2026-08-31 14:30:00,v4.1.0-produccion,buena:completo/semana_anterior
B15_BIBL,2026-09-01 14:20:00,totalpowerfactor,0.9905095,2026-08-31 14:30:00,v4.1.0-produccion,buena:completo/semana_anterior
B15_BIBL,2026-09-01 14:30:00,totalpowerfactor,0.99009037,2026-08-31 14:30:00,v4.1.0-produccion,buena:completo/semana_anterior
B15_BIBL,2026-08-31 14:40:00,voltaje_promedio,122.5947,2026-08-31 14:30:00,v4.1.0-produccion,buena:completo/semana_anterior
B15_BIBL,2026-08-31 14:50:00,voltaje_promedio,122.5974,2026-08-31 14:30:00,v4.1.0-produccion,buena:completo/semana_anterior
B15_BIBL,2026-08-31 15:00:00,voltaje_promedio,122.57576,2026-08-31 14:30:00,v4.1.0-produccion,buena:completo/semana_anterior
B15_BIBL,2026-08-31 15:10:00,voltaje_promedio,122.567825,2026-08-31 14:30:00,v4.1.0-produccion,buena:completo/semana_anterior
B15_BIBL,2026-08-31 15:20:00,voltaje_promedio,122.67188,2026-08-31 14:30:00,v4.1.0-produccion,buena:completo/semana_anterior
B15_BIBL,2026-08-31 15:30:00,voltaje_promedio,122.794365,2026-08-31 14:30:00,v4.1.0-produccion,buena:completo/semana_anterior
B15_BIBL,2026-08-31 15:40:00,voltaje_promedio,122.84681,2026-08-31 14:30:00,v4.1.0-produccion,buena:completo/semana_anterior
B15_BIBL,2026-08-31 15:50:00,voltaje_promedio,122.83013,2026-08-31 14:30:00,v4.1.0-produccion,buena:completo/semana_anterior
B15_BIBL,2026-08-31 16:00:00,voltaje_promedio,122.87523,2026-08-31 14:30:00,v4.1.0-produccion,buena:completo/semana_anterior
B15_BIBL,2026-08-31 16:10:00,voltaje_promedio,122.94418,2026-08-31 14:30:00,v4.1.0-produccion,buena:completo/semana_anterior
B15_BIBL,2026-08-31 16:20:00,voltaje_promedio,122.99589,2026-08-31 14:30:00,v4.1.0-produccion,buena:completo/semana_anterior
B15_BIBL,2026-08-31 16:30:00,voltaje_promedio,122.96096,2026-08-31 14:30:00,v4.1.0-produccion,buena:completo/semana_anterior
B15_BIBL,2026-08-31 16:40:00,voltaje_promedio,123.0258,2026-08-31 14:30:00,v4.1.0-produccion,buena:completo/semana_anterior
B15_BIBL,2026-08-31 16:50:00,voltaje_promedio,122.99579,2026-08-31 14:30:00,v4.1.0-produccion,buena:completo/semana_anterior
B15_BIBL,2026-08-31 17:00:00,voltaje_promedio,123.1402,2026-08-31 14:30:00,v4.1.0-produccion,buena:completo/semana_anterior
B15_BIBL,2026-08-31 17:10:00,voltaje_promedio,123.11704,2026-08-31 14:30:00,v4.1.0-produccion,buena:completo/semana_anterior
B15_BIBL,2026-08-31 17:20:00,voltaje_promedio,123.136116,2026-08-31 14:30:00,v4.1.0-produccion,buena:completo/semana_anterior
B15_BIBL,2026-08-31 17:30:00,voltaje_promedio,123.23865,2026-08-31 14:30:00,v4.1.0-produccion,buena:completo/semana_anterior
B15_BIBL,2026-08-31 17:40:00,voltaje_promedio,123.235855,2026-08-31 14:30:00,v4.1.0-produccion,buena:completo/semana_anterior
B15_BIBL,2026-08-31 17:50:00,voltaje_promedio,123.25193,2026-08-31 14:30:00,v4.1.0-produccion,buena:completo/semana_anterior
B15_BIBL,2026-08-31 18:00:00,voltaje_promedio,123.33564,2026-08-31 14:30:00,v4.1.0-produccion,buena:completo/semana_anterior
B15_BIBL,2026-08-31 18:10:00,voltaje_promedio,123.32993,2026-08-31 14:30:00,v4.1.0-produccion,buena:completo/semana_anterior
B15_BIBL,2026-08-31 18:20:00,voltaje_promedio,123.38621,2026-08-31 14:30:00,v4.1.0-produccion,buena:completo/semana_anterior
B15_BIBL,2026-08-31 18:30:00,voltaje_promedio,123.448975,2026-08-31 14:30:00,v4.1.0-produccion,buena:completo/semana_anterior
B15_BIBL,2026-08-31 18:40:00,voltaje_promedio,123.504715,2026-08-31 14:30:00,v4.1.0-produccion,buena:completo/semana_anterior
B15_BIBL,2026-08-31 18:50:00,voltaje_promedio,123.51036,2026-08-31 14:30:00,v4.1.0-produccion,buena:completo/semana_anterior
B15_BIBL,2026-08-31 19:00:00,voltaje_promedio,123.53213,2026-08-31 14:30:00,v4.1.0-produccion,buena:completo/semana_anterior
B15_BIBL,2026-08-31 19:10:00,voltaje_promedio,123.52654,2026-08-31 14:30:00,v4.1.0-produccion,buena:completo/semana_anterior
B15_BIBL,2026-08-31 19:20:00,voltaje_promedio,123.64928,2026-08-31 14:30:00,v4.1.0-produccion,buena:completo/semana_anterior
B15_BIBL,2026-08-31 19:30:00,voltaje_promedio,123.686935,2026-08-31 14:30:00,v4.1.0-produccion,buena:completo/semana_anterior
B15_BIBL,2026-08-31 19:40:00,voltaje_promedio,123.79332,2026-08-31 14:30:00,v4.1.0-produccion,buena:completo/semana_anterior
B15_BIBL,2026-08-31 19:50:00,voltaje_promedio,123.76194,2026-08-31 14:30:00,v4.1.0-produccion,buena:completo/semana_anterior
B15_BIBL,2026-08-31 20:00:00,voltaje_promedio,123.82732,2026-08-31 14:30:00,v4.1.0-produccion,buena:completo/semana_anterior
B15_BIBL,2026-08-31 20:10:00,voltaje_promedio,123.8689,2026-08-31 14:30:00,v4.1.0-produccion,buena:completo/semana_anterior
B15_BIBL,2026-08-31 20:20:00,voltaje_promedio,123.930725,2026-08-31 14:30:00,v4.1.0-produccion,buena:completo/semana_anterior
B15_BIBL,2026-08-31 20:30:00,voltaje_promedio,123.95717,2026-08-31 14:30:00,v4.1.0-produccion,buena:completo/semana_anterior
B15_BIBL,2026-08-31 20:40:00,voltaje_promedio,123.93653,2026-08-31 14:30:00,v4.1.0-produccion,buena:completo/semana_anterior
B15_BIBL,2026-08-31 20:50:00,voltaje_promedio,123.94436,2026-08-31 14:30:00,v4.1.0-produccion,buena:completo/semana_anterior
B15_BIBL,2026-08-31 21:00:00,voltaje_promedio,124.00151,2026-08-31 14:30:00,v4.1.0-produccion,buena:completo/semana_anterior
B15_BIBL,2026-08-31 21:10:00,voltaje_promedio,124.11495,2026-08-31 14:30:00,v4.1.0-produccion,buena:completo/semana_anterior
B15_BIBL,2026-08-31 21:20:00,voltaje_promedio,124.104836,2026-08-31 14:30:00,v4.1.0-produccion,buena:completo/semana_anterior
B15_BIBL,2026-08-31 21:30:00,voltaje_promedio,124.17426,2026-08-31 14:30:00,v4.1.0-produccion,buena:completo/semana_anterior
B15_BIBL,2026-08-31 21:40:00,voltaje_promedio,124.15661,2026-08-31 14:30:00,v4.1.0-produccion,buena:completo/semana_anterior
B15_BIBL,2026-08-31 21:50:00,voltaje_promedio,124.05915,2026-08-31 14:30:00,v4.1.0-produccion,buena:completo/semana_anterior
B15_BIBL,2026-08-31 22:00:00,voltaje_promedio,124.170265,2026-08-31 14:30:00,v4.1.0-produccion,buena:completo/semana_anterior
B15_BIBL,2026-08-31 22:10:00,voltaje_promedio,124.169785,2026-08-31 14:30:00,v4.1.0-produccion,buena:completo/semana_anterior
B15_BIBL,2026-08-31 22:20:00,voltaje_promedio,124.19051,2026-08-31 14:30:00,v4.1.0-produccion,buena:completo/semana_anterior
B15_BIBL,2026-08-31 22:30:00,voltaje_promedio,124.16382,2026-08-31 14:30:00,v4.1.0-produccion,buena:completo/semana_anterior
B15_BIBL,2026-08-31 22:40:00,voltaje_promedio,124.14125,2026-08-31 14:30:00,v4.1.0-produccion,buena:completo/semana_anterior
B15_BIBL,2026-08-31 22:50:00,voltaje_promedio,124.114655,2026-08-31 14:30:00,v4.1.0-produccion,buena:completo/semana_anterior
B15_BIBL,2026-08-31 23:00:00,voltaje_promedio,124.16955,2026-08-31 14:30:00,v4.1.0-produccion,buena:completo/semana_anterior
B15_BIBL,2026-08-31 23:10:00,voltaje_promedio,124.11814,2026-08-31 14:30:00,v4.1.0-produccion,buena:completo/semana_anterior
B15_BIBL,2026-08-31 23:20:00,voltaje_promedio,124.17076,2026-08-31 14:30:00,v4.1.0-produccion,buena:completo/semana_anterior
B15_BIBL,2026-08-31 23:30:00,voltaje_promedio,124.14717,2026-08-31 14:30:00,v4.1.0-produccion,buena:completo/semana_anterior
B15_BIBL,2026-08-31 23:40:00,voltaje_promedio,124.106735,2026-08-31 14:30:00,v4.1.0-produccion,buena:completo/semana_anterior
B15_BIBL,2026-08-31 23:50:00,voltaje_promedio,124.07809,2026-08-31 14:30:00,v4.1.0-produccion,buena:completo/semana_anterior
B15_BIBL,2026-09-01 00:00:00,voltaje_promedio,124.083374,2026-08-31 14:30:00,v4.1.0-produccion,buena:completo/semana_anterior
B15_BIBL,2026-09-01 00:10:00,voltaje_promedio,124.07533,2026-08-31 14:30:00,v4.1.0-produccion,buena:completo/semana_anterior
B15_BIBL,2026-09-01 00:20:00,voltaje_promedio,124.111595,2026-08-31 14:30:00,v4.1.0-produccion,buena:completo/semana_anterior
B15_BIBL,2026-09-01 00:30:00,voltaje_promedio,124.06836,2026-08-31 14:30:00,v4.1.0-produccion,buena:completo/semana_anterior
B15_BIBL,2026-09-01 00:40:00,voltaje_promedio,124.07924,2026-08-31 14:30:00,v4.1.0-produccion,buena:completo/semana_anterior
B15_BIBL,2026-09-01 00:50:00,voltaje_promedio,124.07502,2026-08-31 14:30:00,v4.1.0-produccion,buena:completo/semana_anterior
B15_BIBL,2026-09-01 01:00:00,voltaje_promedio,124.06741,2026-08-31 14:30:00,v4.1.0-produccion,buena:completo/semana_anterior
B15_BIBL,2026-09-01 01:10:00,voltaje_promedio,124.070786,2026-08-31 14:30:00,v4.1.0-produccion,buena:completo/semana_anterior
B15_BIBL,2026-09-01 01:20:00,voltaje_promedio,124.02426,2026-08-31 14:30:00,v4.1.0-produccion,buena:completo/semana_anterior
B15_BIBL,2026-09-01 01:30:00,voltaje_promedio,124.06669,2026-08-31 14:30:00,v4.1.0-produccion,buena:completo/semana_anterior
B15_BIBL,2026-09-01 01:40:00,voltaje_promedio,124.06844,2026-08-31 14:30:00,v4.1.0-produccion,buena:completo/semana_anterior
B15_BIBL,2026-09-01 01:50:00,voltaje_promedio,124.05962,2026-08-31 14:30:00,v4.1.0-produccion,buena:completo/semana_anterior
B15_BIBL,2026-09-01 02:00:00,voltaje_promedio,124.004005,2026-08-31 14:30:00,v4.1.0-produccion,buena:completo/semana_anterior
B15_BIBL,2026-09-01 02:10:00,voltaje_promedio,123.944496,2026-08-31 14:30:00,v4.1.0-produccion,buena:completo/semana_anterior
B15_BIBL,2026-09-01 02:20:00,voltaje_promedio,123.978676,2026-08-31 14:30:00,v4.1.0-produccion,buena:completo/semana_anterior
B15_BIBL,2026-09-01 02:30:00,voltaje_promedio,124.004135,2026-08-31 14:30:00,v4.1.0-produccion,buena:completo/semana_anterior
B15_BIBL,2026-09-01 02:40:00,voltaje_promedio,124.01567,2026-08-31 14:30:00,v4.1.0-produccion,buena:completo/semana_anterior
B15_BIBL,2026-09-01 02:50:00,voltaje_promedio,123.96471,2026-08-31 14:30:00,v4.1.0-produccion,buena:completo/semana_anterior
B15_BIBL,2026-09-01 03:00:00,voltaje_promedio,123.89918,2026-08-31 14:30:00,v4.1.0-produccion,buena:completo/semana_anterior
B15_BIBL,2026-09-01 03:10:00,voltaje_promedio,123.825645,2026-08-31 14:30:00,v4.1.0-produccion,buena:completo/semana_anterior
B15_BIBL,2026-09-01 03:20:00,voltaje_promedio,123.77499,2026-08-31 14:30:00,v4.1.0-produccion,buena:completo/semana_anterior
B15_BIBL,2026-09-01 03:30:00,voltaje_promedio,123.7976,2026-08-31 14:30:00,v4.1.0-produccion,buena:completo/semana_anterior
B15_BIBL,2026-09-01 03:40:00,voltaje_promedio,123.74741,2026-08-31 14:30:00,v4.1.0-produccion,buena:completo/semana_anterior
B15_BIBL,2026-09-01 03:50:00,voltaje_promedio,123.64506,2026-08-31 14:30:00,v4.1.0-produccion,buena:completo/semana_anterior
B15_BIBL,2026-09-01 04:00:00,voltaje_promedio,123.56554,2026-08-31 14:30:00,v4.1.0-produccion,buena:completo/semana_anterior
B15_BIBL,2026-09-01 04:10:00,voltaje_promedio,123.61685,2026-08-31 14:30:00,v4.1.0-produccion,buena:completo/semana_anterior
B15_BIBL,2026-09-01 04:20:00,voltaje_promedio,123.462814,2026-08-31 14:30:00,v4.1.0-produccion,buena:completo/semana_anterior
B15_BIBL,2026-09-01 04:30:00,voltaje_promedio,123.391136,2026-08-31 14:30:00,v4.1.0-produccion,buena:completo/semana_anterior
B15_BIBL,2026-09-01 04:40:00,voltaje_promedio,123.22981,2026-08-31 14:30:00,v4.1.0-produccion,buena:completo/semana_anterior
B15_BIBL,2026-09-01 04:50:00,voltaje_promedio,123.136955,2026-08-31 14:30:00,v4.1.0-produccion,buena:completo/semana_anterior
B15_BIBL,2026-09-01 05:00:00,voltaje_promedio,123.171295,2026-08-31 14:30:00,v4.1.0-produccion,buena:completo/semana_anterior
B15_BIBL,2026-09-01 05:10:00,voltaje_promedio,123.11303,2026-08-31 14:30:00,v4.1.0-produccion,buena:completo/semana_anterior
B15_BIBL,2026-09-01 05:20:00,voltaje_promedio,122.9619,2026-08-31 14:30:00,v4.1.0-produccion,buena:completo/semana_anterior
B15_BIBL,2026-09-01 05:30:00,voltaje_promedio,122.868065,2026-08-31 14:30:00,v4.1.0-produccion,buena:completo/semana_anterior
B15_BIBL,2026-09-01 05:40:00,voltaje_promedio,122.795334,2026-08-31 14:30:00,v4.1.0-produccion,buena:completo/semana_anterior
B15_BIBL,2026-09-01 05:50:00,voltaje_promedio,122.55706,2026-08-31 14:30:00,v4.1.0-produccion,buena:completo/semana_anterior
B15_BIBL,2026-09-01 06:00:00,voltaje_promedio,122.51702,2026-08-31 14:30:00,v4.1.0-produccion,buena:completo/semana_anterior
B15_BIBL,2026-09-01 06:10:00,voltaje_promedio,122.36194,2026-08-31 14:30:00,v4.1.0-produccion,buena:completo/semana_anterior
B15_BIBL,2026-09-01 06:20:00,voltaje_promedio,122.30969,2026-08-31 14:30:00,v4.1.0-produccion,buena:completo/semana_anterior
B15_BIBL,2026-09-01 06:30:00,voltaje_promedio,122.40738,2026-08-31 14:30:00,v4.1.0-produccion,buena:completo/semana_anterior
B15_BIBL,2026-09-01 06:40:00,voltaje_promedio,122.35465,2026-08-31 14:30:00,v4.1.0-produccion,buena:completo/semana_anterior
B15_BIBL,2026-09-01 06:50:00,voltaje_promedio,122.2728,2026-08-31 14:30:00,v4.1.0-produccion,buena:completo/semana_anterior
B15_BIBL,2026-09-01 07:00:00,voltaje_promedio,122.199265,2026-08-31 14:30:00,v4.1.0-produccion,buena:completo/semana_anterior
B15_BIBL,2026-09-01 07:10:00,voltaje_promedio,122.193436,2026-08-31 14:30:00,v4.1.0-produccion,buena:completo/semana_anterior
B15_BIBL,2026-09-01 07:20:00,voltaje_promedio,122.12056,2026-08-31 14:30:00,v4.1.0-produccion,buena:completo/semana_anterior
B15_BIBL,2026-09-01 07:30:00,voltaje_promedio,122.12029,2026-08-31 14:30:00,v4.1.0-produccion,buena:completo/semana_anterior
B15_BIBL,2026-09-01 07:40:00,voltaje_promedio,122.121185,2026-08-31 14:30:00,v4.1.0-produccion,buena:completo/semana_anterior
B15_BIBL,2026-09-01 07:50:00,voltaje_promedio,122.04999,2026-08-31 14:30:00,v4.1.0-produccion,buena:completo/semana_anterior
B15_BIBL,2026-09-01 08:00:00,voltaje_promedio,122.03708,2026-08-31 14:30:00,v4.1.0-produccion,buena:completo/semana_anterior
B15_BIBL,2026-09-01 08:10:00,voltaje_promedio,122.0259,2026-08-31 14:30:00,v4.1.0-produccion,buena:completo/semana_anterior
B15_BIBL,2026-09-01 08:20:00,voltaje_promedio,122.03183,2026-08-31 14:30:00,v4.1.0-produccion,buena:completo/semana_anterior
B15_BIBL,2026-09-01 08:30:00,voltaje_promedio,122.05669,2026-08-31 14:30:00,v4.1.0-produccion,buena:completo/semana_anterior
B15_BIBL,2026-09-01 08:40:00,voltaje_promedio,122.00768,2026-08-31 14:30:00,v4.1.0-produccion,buena:completo/semana_anterior
B15_BIBL,2026-09-01 08:50:00,voltaje_promedio,121.93345,2026-08-31 14:30:00,v4.1.0-produccion,buena:completo/semana_anterior
B15_BIBL,2026-09-01 09:00:00,voltaje_promedio,121.93763,2026-08-31 14:30:00,v4.1.0-produccion,buena:completo/semana_anterior
B15_BIBL,2026-09-01 09:10:00,voltaje_promedio,121.91414,2026-08-31 14:30:00,v4.1.0-produccion,buena:completo/semana_anterior
B15_BIBL,2026-09-01 09:20:00,voltaje_promedio,121.93877,2026-08-31 14:30:00,v4.1.0-produccion,buena:completo/semana_anterior
B15_BIBL,2026-09-01 09:30:00,voltaje_promedio,121.947624,2026-08-31 14:30:00,v4.1.0-produccion,buena:completo/semana_anterior
B15_BIBL,2026-09-01 09:40:00,voltaje_promedio,122.00076,2026-08-31 14:30:00,v4.1.0-produccion,buena:completo/semana_anterior
B15_BIBL,2026-09-01 09:50:00,voltaje_promedio,122.04481,2026-08-31 14:30:00,v4.1.0-produccion,buena:completo/semana_anterior
B15_BIBL,2026-09-01 10:00:00,voltaje_promedio,122.04188,2026-08-31 14:30:00,v4.1.0-produccion,buena:completo/semana_anterior
B15_BIBL,2026-09-01 10:10:00,voltaje_promedio,122.02735,2026-08-31 14:30:00,v4.1.0-produccion,buena:completo/semana_anterior
B15_BIBL,2026-09-01 10:20:00,voltaje_promedio,122.03458,2026-08-31 14:30:00,v4.1.0-produccion,buena:completo/semana_anterior
B15_BIBL,2026-09-01 10:30:00,voltaje_promedio,122.048386,2026-08-31 14:30:00,v4.1.0-produccion,buena:completo/semana_anterior
B15_BIBL,2026-09-01 10:40:00,voltaje_promedio,122.113235,2026-08-31 14:30:00,v4.1.0-produccion,buena:completo/semana_anterior
B15_BIBL,2026-09-01 10:50:00,voltaje_promedio,122.08333,2026-08-31 14:30:00,v4.1.0-produccion,buena:completo/semana_anterior
B15_BIBL,2026-09-01 11:00:00,voltaje_promedio,122.06873,2026-08-31 14:30:00,v4.1.0-produccion,buena:completo/semana_anterior
B15_BIBL,2026-09-01 11:10:00,voltaje_promedio,122.18999,2026-08-31 14:30:00,v4.1.0-produccion,buena:completo/semana_anterior
B15_BIBL,2026-09-01 11:20:00,voltaje_promedio,122.1839,2026-08-31 14:30:00,v4.1.0-produccion,buena:completo/semana_anterior
B15_BIBL,2026-09-01 11:30:00,voltaje_promedio,122.18226,2026-08-31 14:30:00,v4.1.0-produccion,buena:completo/semana_anterior
B15_BIBL,2026-09-01 11:40:00,voltaje_promedio,122.204895,2026-08-31 14:30:00,v4.1.0-produccion,buena:completo/semana_anterior
B15_BIBL,2026-09-01 11:50:00,voltaje_promedio,122.2032,2026-08-31 14:30:00,v4.1.0-produccion,buena:completo/semana_anterior
B15_BIBL,2026-09-01 12:00:00,voltaje_promedio,122.24095,2026-08-31 14:30:00,v4.1.0-produccion,buena:completo/semana_anterior
B15_BIBL,2026-09-01 12:10:00,voltaje_promedio,122.257454,2026-08-31 14:30:00,v4.1.0-produccion,buena:completo/semana_anterior
B15_BIBL,2026-09-01 12:20:00,voltaje_promedio,122.21854,2026-08-31 14:30:00,v4.1.0-produccion,buena:completo/semana_anterior
B15_BIBL,2026-09-01 12:30:00,voltaje_promedio,122.287125,2026-08-31 14:30:00,v4.1.0-produccion,buena:completo/semana_anterior
B15_BIBL,2026-09-01 12:40:00,voltaje_promedio,122.34289,2026-08-31 14:30:00,v4.1.0-produccion,buena:completo/semana_anterior
B15_BIBL,2026-09-01 12:50:00,voltaje_promedio,122.35227,2026-08-31 14:30:00,v4.1.0-produccion,buena:completo/semana_anterior
B15_BIBL,2026-09-01 13:00:00,voltaje_promedio,122.29088,2026-08-31 14:30:00,v4.1.0-produccion,buena:completo/semana_anterior
B15_BIBL,2026-09-01 13:10:00,voltaje_promedio,122.26783,2026-08-31 14:30:00,v4.1.0-produccion,buena:completo/semana_anterior
B15_BIBL,2026-09-01 13:20:00,voltaje_promedio,122.327675,2026-08-31 14:30:00,v4.1.0-produccion,buena:completo/semana_anterior
B15_BIBL,2026-09-01 13:30:00,voltaje_promedio,122.34755,2026-08-31 14:30:00,v4.1.0-produccion,buena:completo/semana_anterior
B15_BIBL,2026-09-01 13:40:00,voltaje_promedio,122.38658,2026-08-31 14:30:00,v4.1.0-produccion,buena:completo/semana_anterior
B15_BIBL,2026-09-01 13:50:00,voltaje_promedio,122.39312,2026-08-31 14:30:00,v4.1.0-produccion,buena:completo/semana_anterior
B15_BIBL,2026-09-01 14:00:00,voltaje_promedio,122.33727,2026-08-31 14:30:00,v4.1.0-produccion,buena:completo/semana_anterior
B15_BIBL,2026-09-01 14:10:00,voltaje_promedio,122.44707,2026-08-31 14:30:00,v4.1.0-produccion,buena:completo/semana_anterior
B15_BIBL,2026-09-01 14:20:00,voltaje_promedio,122.51314,2026-08-31 14:30:00,v4.1.0-produccion,buena:completo/semana_anterior
B15_BIBL,2026-09-01 14:30:00,voltaje_promedio,122.53027,2026-08-31 14:30:00,v4.1.0-produccion,buena:completo/semana_anterior
B17_POLI,2026-08-31 14:40:00,activepower,9333.999,2026-08-31 14:30:00,v4.1.0-produccion,buena:completo/semana_anterior
B17_POLI,2026-08-31 14:50:00,activepower,9351.34,2026-08-31 14:30:00,v4.1.0-produccion,buena:completo/semana_anterior
B17_POLI,2026-08-31 15:00:00,activepower,9315.23,2026-08-31 14:30:00,v4.1.0-produccion,buena:completo/semana_anterior
B17_POLI,2026-08-31 15:10:00,activepower,9580.287,2026-08-31 14:30:00,v4.1.0-produccion,buena:completo/semana_anterior
B17_POLI,2026-08-31 15:20:00,activepower,9824.652,2026-08-31 14:30:00,v4.1.0-produccion,buena:completo/semana_anterior
B17_POLI,2026-08-31 15:30:00,activepower,10037.401,2026-08-31 14:30:00,v4.1.0-produccion,buena:completo/semana_anterior
B17_POLI,2026-08-31 15:40:00,activepower,10061.906,2026-08-31 14:30:00,v4.1.0-produccion,buena:completo/semana_anterior
B17_POLI,2026-08-31 15:50:00,activepower,10265.277,2026-08-31 14:30:00,v4.1.0-produccion,buena:completo/semana_anterior
B17_POLI,2026-08-31 16:00:00,activepower,10548.5,2026-08-31 14:30:00,v4.1.0-produccion,buena:completo/semana_anterior
B17_POLI,2026-08-31 16:10:00,activepower,10526.564,2026-08-31 14:30:00,v4.1.0-produccion,buena:completo/semana_anterior
B17_POLI,2026-08-31 16:20:00,activepower,10722.667,2026-08-31 14:30:00,v4.1.0-produccion,buena:completo/semana_anterior
B17_POLI,2026-08-31 16:30:00,activepower,10922.299,2026-08-31 14:30:00,v4.1.0-produccion,buena:completo/semana_anterior
B17_POLI,2026-08-31 16:40:00,activepower,11287.009,2026-08-31 14:30:00,v4.1.0-produccion,buena:completo/semana_anterior
B17_POLI,2026-08-31 16:50:00,activepower,11312.128,2026-08-31 14:30:00,v4.1.0-produccion,buena:completo/semana_anterior
B17_POLI,2026-08-31 17:00:00,activepower,11513.324,2026-08-31 14:30:00,v4.1.0-produccion,buena:completo/semana_anterior
B17_POLI,2026-08-31 17:10:00,activepower,11658.325,2026-08-31 14:30:00,v4.1.0-produccion,buena:completo/semana_anterior
B17_POLI,2026-08-31 17:20:00,activepower,11529.638,2026-08-31 14:30:00,v4.1.0-produccion,buena:completo/semana_anterior
B17_POLI,2026-08-31 17:30:00,activepower,11653.928,2026-08-31 14:30:00,v4.1.0-produccion,buena:completo/semana_anterior
B17_POLI,2026-08-31 17:40:00,activepower,11935.076,2026-08-31 14:30:00,v4.1.0-produccion,buena:completo/semana_anterior
B17_POLI,2026-08-31 17:50:00,activepower,12005.762,2026-08-31 14:30:00,v4.1.0-produccion,buena:completo/semana_anterior
B17_POLI,2026-08-31 18:00:00,activepower,12227.643,2026-08-31 14:30:00,v4.1.0-produccion,buena:completo/semana_anterior
B17_POLI,2026-08-31 18:10:00,activepower,12127.394,2026-08-31 14:30:00,v4.1.0-produccion,buena:completo/semana_anterior
B17_POLI,2026-08-31 18:20:00,activepower,12259.5205,2026-08-31 14:30:00,v4.1.0-produccion,buena:completo/semana_anterior
B17_POLI,2026-08-31 18:30:00,activepower,12363.773,2026-08-31 14:30:00,v4.1.0-produccion,buena:completo/semana_anterior
B17_POLI,2026-08-31 18:40:00,activepower,12414.549,2026-08-31 14:30:00,v4.1.0-produccion,buena:completo/semana_anterior
B17_POLI,2026-08-31 18:50:00,activepower,12470.357,2026-08-31 14:30:00,v4.1.0-produccion,buena:completo/semana_anterior
B17_POLI,2026-08-31 19:00:00,activepower,12457.405,2026-08-31 14:30:00,v4.1.0-produccion,buena:completo/semana_anterior
B17_POLI,2026-08-31 19:10:00,activepower,12509.22,2026-08-31 14:30:00,v4.1.0-produccion,buena:completo/semana_anterior
B17_POLI,2026-08-31 19:20:00,activepower,12083.307,2026-08-31 14:30:00,v4.1.0-produccion,buena:completo/semana_anterior
B17_POLI,2026-08-31 19:30:00,activepower,11891.379,2026-08-31 14:30:00,v4.1.0-produccion,buena:completo/semana_anterior
B17_POLI,2026-08-31 19:40:00,activepower,11899.941,2026-08-31 14:30:00,v4.1.0-produccion,buena:completo/semana_anterior
B17_POLI,2026-08-31 19:50:00,activepower,11739.784,2026-08-31 14:30:00,v4.1.0-produccion,buena:completo/semana_anterior
B17_POLI,2026-08-31 20:00:00,activepower,11463.587,2026-08-31 14:30:00,v4.1.0-produccion,buena:completo/semana_anterior
B17_POLI,2026-08-31 20:10:00,activepower,11405.687,2026-08-31 14:30:00,v4.1.0-produccion,buena:completo/semana_anterior
B17_POLI,2026-08-31 20:20:00,activepower,10965.362,2026-08-31 14:30:00,v4.1.0-produccion,buena:completo/semana_anterior
B17_POLI,2026-08-31 20:30:00,activepower,10743.6045,2026-08-31 14:30:00,v4.1.0-produccion,buena:completo/semana_anterior
B17_POLI,2026-08-31 20:40:00,activepower,10495.1455,2026-08-31 14:30:00,v4.1.0-produccion,buena:completo/semana_anterior
B17_POLI,2026-08-31 20:50:00,activepower,10184.592,2026-08-31 14:30:00,v4.1.0-produccion,buena:completo/semana_anterior
B17_POLI,2026-08-31 21:00:00,activepower,9763.769,2026-08-31 14:30:00,v4.1.0-produccion,buena:completo/semana_anterior
B17_POLI,2026-08-31 21:10:00,activepower,9495.877,2026-08-31 14:30:00,v4.1.0-produccion,buena:completo/semana_anterior
B17_POLI,2026-08-31 21:20:00,activepower,9120.606,2026-08-31 14:30:00,v4.1.0-produccion,buena:completo/semana_anterior
B17_POLI,2026-08-31 21:30:00,activepower,8728.017,2026-08-31 14:30:00,v4.1.0-produccion,buena:completo/semana_anterior
B17_POLI,2026-08-31 21:40:00,activepower,8306.078,2026-08-31 14:30:00,v4.1.0-produccion,buena:completo/semana_anterior
B17_POLI,2026-08-31 21:50:00,activepower,7863.56,2026-08-31 14:30:00,v4.1.0-produccion,buena:completo/semana_anterior
B17_POLI,2026-08-31 22:00:00,activepower,7401.7046,2026-08-31 14:30:00,v4.1.0-produccion,buena:completo/semana_anterior
B17_POLI,2026-08-31 22:10:00,activepower,7264.4062,2026-08-31 14:30:00,v4.1.0-produccion,buena:completo/semana_anterior
B17_POLI,2026-08-31 22:20:00,activepower,6841.814,2026-08-31 14:30:00,v4.1.0-produccion,buena:completo/semana_anterior
B17_POLI,2026-08-31 22:30:00,activepower,6610.435,2026-08-31 14:30:00,v4.1.0-produccion,buena:completo/semana_anterior
B17_POLI,2026-08-31 22:40:00,activepower,6112.561,2026-08-31 14:30:00,v4.1.0-produccion,buena:completo/semana_anterior
B17_POLI,2026-08-31 22:50:00,activepower,5778.959,2026-08-31 14:30:00,v4.1.0-produccion,buena:completo/semana_anterior
B17_POLI,2026-08-31 23:00:00,activepower,5573.695,2026-08-31 14:30:00,v4.1.0-produccion,buena:completo/semana_anterior
B17_POLI,2026-08-31 23:10:00,activepower,5502.924,2026-08-31 14:30:00,v4.1.0-produccion,buena:completo/semana_anterior
B17_POLI,2026-08-31 23:20:00,activepower,5133.5137,2026-08-31 14:30:00,v4.1.0-produccion,buena:completo/semana_anterior
B17_POLI,2026-08-31 23:30:00,activepower,4899.2983,2026-08-31 14:30:00,v4.1.0-produccion,buena:completo/semana_anterior
B17_POLI,2026-08-31 23:40:00,activepower,4656.65,2026-08-31 14:30:00,v4.1.0-produccion,buena:completo/semana_anterior
B17_POLI,2026-08-31 23:50:00,activepower,4435.9473,2026-08-31 14:30:00,v4.1.0-produccion,buena:completo/semana_anterior
B17_POLI,2026-09-01 00:00:00,activepower,4342.337,2026-08-31 14:30:00,v4.1.0-produccion,buena:completo/semana_anterior
B17_POLI,2026-09-01 00:10:00,activepower,4347.655,2026-08-31 14:30:00,v4.1.0-produccion,buena:completo/semana_anterior
B17_POLI,2026-09-01 00:20:00,activepower,4187.963,2026-08-31 14:30:00,v4.1.0-produccion,buena:completo/semana_anterior
B17_POLI,2026-09-01 00:30:00,activepower,4144.533,2026-08-31 14:30:00,v4.1.0-produccion,buena:completo/semana_anterior
B17_POLI,2026-09-01 00:40:00,activepower,4024.3113,2026-08-31 14:30:00,v4.1.0-produccion,buena:completo/semana_anterior
B17_POLI,2026-09-01 00:50:00,activepower,4045.3591,2026-08-31 14:30:00,v4.1.0-produccion,buena:completo/semana_anterior
B17_POLI,2026-09-01 01:00:00,activepower,3920.4097,2026-08-31 14:30:00,v4.1.0-produccion,buena:completo/semana_anterior
B17_POLI,2026-09-01 01:10:00,activepower,4030.4521,2026-08-31 14:30:00,v4.1.0-produccion,buena:completo/semana_anterior
B17_POLI,2026-09-01 01:20:00,activepower,3925.1958,2026-08-31 14:30:00,v4.1.0-produccion,buena:completo/semana_anterior
B17_POLI,2026-09-01 01:30:00,activepower,4042.5642,2026-08-31 14:30:00,v4.1.0-produccion,buena:completo/semana_anterior
B17_POLI,2026-09-01 01:40:00,activepower,3824.669,2026-08-31 14:30:00,v4.1.0-produccion,buena:completo/semana_anterior
B17_POLI,2026-09-01 01:50:00,activepower,3885.6628,2026-08-31 14:30:00,v4.1.0-produccion,buena:completo/semana_anterior
B17_POLI,2026-09-01 02:00:00,activepower,3907.9465,2026-08-31 14:30:00,v4.1.0-produccion,buena:completo/semana_anterior
B17_POLI,2026-09-01 02:10:00,activepower,3851.9758,2026-08-31 14:30:00,v4.1.0-produccion,buena:completo/semana_anterior
B17_POLI,2026-09-01 02:20:00,activepower,4029.3254,2026-08-31 14:30:00,v4.1.0-produccion,buena:completo/semana_anterior
B17_POLI,2026-09-01 02:30:00,activepower,4071.9312,2026-08-31 14:30:00,v4.1.0-produccion,buena:completo/semana_anterior
B17_POLI,2026-09-01 02:40:00,activepower,3935.9397,2026-08-31 14:30:00,v4.1.0-produccion,buena:completo/semana_anterior
B17_POLI,2026-09-01 02:50:00,activepower,3951.384,2026-08-31 14:30:00,v4.1.0-produccion,buena:completo/semana_anterior
B17_POLI,2026-09-01 03:00:00,activepower,4039.9058,2026-08-31 14:30:00,v4.1.0-produccion,buena:completo/semana_anterior
B17_POLI,2026-09-01 03:10:00,activepower,3975.7197,2026-08-31 14:30:00,v4.1.0-produccion,buena:completo/semana_anterior
B17_POLI,2026-09-01 03:20:00,activepower,4188.005,2026-08-31 14:30:00,v4.1.0-produccion,buena:completo/semana_anterior
B17_POLI,2026-09-01 03:30:00,activepower,4170.9316,2026-08-31 14:30:00,v4.1.0-produccion,buena:completo/semana_anterior
B17_POLI,2026-09-01 03:40:00,activepower,4158.3633,2026-08-31 14:30:00,v4.1.0-produccion,buena:completo/semana_anterior
B17_POLI,2026-09-01 03:50:00,activepower,4259.31,2026-08-31 14:30:00,v4.1.0-produccion,buena:completo/semana_anterior
B17_POLI,2026-09-01 04:00:00,activepower,4190.8257,2026-08-31 14:30:00,v4.1.0-produccion,buena:completo/semana_anterior
B17_POLI,2026-09-01 04:10:00,activepower,4241.218,2026-08-31 14:30:00,v4.1.0-produccion,buena:completo/semana_anterior
B17_POLI,2026-09-01 04:20:00,activepower,4310.4473,2026-08-31 14:30:00,v4.1.0-produccion,buena:completo/semana_anterior
B17_POLI,2026-09-01 04:30:00,activepower,4462.0566,2026-08-31 14:30:00,v4.1.0-produccion,buena:completo/semana_anterior
B17_POLI,2026-09-01 04:40:00,activepower,4559.0005,2026-08-31 14:30:00,v4.1.0-produccion,buena:completo/semana_anterior
B17_POLI,2026-09-01 04:50:00,activepower,4497.5938,2026-08-31 14:30:00,v4.1.0-produccion,buena:completo/semana_anterior
B17_POLI,2026-09-01 05:00:00,activepower,4628.3916,2026-08-31 14:30:00,v4.1.0-produccion,buena:completo/semana_anterior
B17_POLI,2026-09-01 05:10:00,activepower,4575.646,2026-08-31 14:30:00,v4.1.0-produccion,buena:completo/semana_anterior
B17_POLI,2026-09-01 05:20:00,activepower,5002.1855,2026-08-31 14:30:00,v4.1.0-produccion,buena:completo/semana_anterior
B17_POLI,2026-09-01 05:30:00,activepower,5068.98,2026-08-31 14:30:00,v4.1.0-produccion,buena:completo/semana_anterior
B17_POLI,2026-09-01 05:40:00,activepower,5122.702,2026-08-31 14:30:00,v4.1.0-produccion,buena:completo/semana_anterior
B17_POLI,2026-09-01 05:50:00,activepower,5312.2124,2026-08-31 14:30:00,v4.1.0-produccion,buena:completo/semana_anterior
B17_POLI,2026-09-01 06:00:00,activepower,5472.1953,2026-08-31 14:30:00,v4.1.0-produccion,buena:completo/semana_anterior
B17_POLI,2026-09-01 06:10:00,activepower,5614.5215,2026-08-31 14:30:00,v4.1.0-produccion,buena:completo/semana_anterior
B17_POLI,2026-09-01 06:20:00,activepower,5786.971,2026-08-31 14:30:00,v4.1.0-produccion,buena:completo/semana_anterior
B17_POLI,2026-09-01 06:30:00,activepower,5806.338,2026-08-31 14:30:00,v4.1.0-produccion,buena:completo/semana_anterior
B17_POLI,2026-09-01 06:40:00,activepower,5939.346,2026-08-31 14:30:00,v4.1.0-produccion,buena:completo/semana_anterior
B17_POLI,2026-09-01 06:50:00,activepower,6173.629,2026-08-31 14:30:00,v4.1.0-produccion,buena:completo/semana_anterior
B17_POLI,2026-09-01 07:00:00,activepower,6265.5127,2026-08-31 14:30:00,v4.1.0-produccion,buena:completo/semana_anterior
B17_POLI,2026-09-01 07:10:00,activepower,6444.332,2026-08-31 14:30:00,v4.1.0-produccion,buena:completo/semana_anterior
B17_POLI,2026-09-01 07:20:00,activepower,6947.024,2026-08-31 14:30:00,v4.1.0-produccion,buena:completo/semana_anterior
B17_POLI,2026-09-01 07:30:00,activepower,7136.8955,2026-08-31 14:30:00,v4.1.0-produccion,buena:completo/semana_anterior
B17_POLI,2026-09-01 07:40:00,activepower,7253.076,2026-08-31 14:30:00,v4.1.0-produccion,buena:completo/semana_anterior
B17_POLI,2026-09-01 07:50:00,activepower,7493.6445,2026-08-31 14:30:00,v4.1.0-produccion,buena:completo/semana_anterior
B17_POLI,2026-09-01 08:00:00,activepower,7534.072,2026-08-31 14:30:00,v4.1.0-produccion,buena:completo/semana_anterior
B17_POLI,2026-09-01 08:10:00,activepower,7665.048,2026-08-31 14:30:00,v4.1.0-produccion,buena:completo/semana_anterior
B17_POLI,2026-09-01 08:20:00,activepower,7807.2114,2026-08-31 14:30:00,v4.1.0-produccion,buena:completo/semana_anterior
B17_POLI,2026-09-01 08:30:00,activepower,7757.719,2026-08-31 14:30:00,v4.1.0-produccion,buena:completo/semana_anterior
B17_POLI,2026-09-01 08:40:00,activepower,8005.6245,2026-08-31 14:30:00,v4.1.0-produccion,buena:completo/semana_anterior
B17_POLI,2026-09-01 08:50:00,activepower,7927.217,2026-08-31 14:30:00,v4.1.0-produccion,buena:completo/semana_anterior
B17_POLI,2026-09-01 09:00:00,activepower,8011.7744,2026-08-31 14:30:00,v4.1.0-produccion,buena:completo/semana_anterior
B17_POLI,2026-09-01 09:10:00,activepower,7864.838,2026-08-31 14:30:00,v4.1.0-produccion,buena:completo/semana_anterior
B17_POLI,2026-09-01 09:20:00,activepower,7858.7695,2026-08-31 14:30:00,v4.1.0-produccion,buena:completo/semana_anterior
B17_POLI,2026-09-01 09:30:00,activepower,7825.1133,2026-08-31 14:30:00,v4.1.0-produccion,buena:completo/semana_anterior
B17_POLI,2026-09-01 09:40:00,activepower,7659.818,2026-08-31 14:30:00,v4.1.0-produccion,buena:completo/semana_anterior
B17_POLI,2026-09-01 09:50:00,activepower,7583.4907,2026-08-31 14:30:00,v4.1.0-produccion,buena:completo/semana_anterior
B17_POLI,2026-09-01 10:00:00,activepower,7571.0454,2026-08-31 14:30:00,v4.1.0-produccion,buena:completo/semana_anterior
B17_POLI,2026-09-01 10:10:00,activepower,7538.989,2026-08-31 14:30:00,v4.1.0-produccion,buena:completo/semana_anterior
B17_POLI,2026-09-01 10:20:00,activepower,7394.5674,2026-08-31 14:30:00,v4.1.0-produccion,buena:completo/semana_anterior
B17_POLI,2026-09-01 10:30:00,activepower,7574.2593,2026-08-31 14:30:00,v4.1.0-produccion,buena:completo/semana_anterior
B17_POLI,2026-09-01 10:40:00,activepower,7619.188,2026-08-31 14:30:00,v4.1.0-produccion,buena:completo/semana_anterior
B17_POLI,2026-09-01 10:50:00,activepower,7557.334,2026-08-31 14:30:00,v4.1.0-produccion,buena:completo/semana_anterior
B17_POLI,2026-09-01 11:00:00,activepower,7524.443,2026-08-31 14:30:00,v4.1.0-produccion,buena:completo/semana_anterior
B17_POLI,2026-09-01 11:10:00,activepower,7452.8994,2026-08-31 14:30:00,v4.1.0-produccion,buena:completo/semana_anterior
B17_POLI,2026-09-01 11:20:00,activepower,7309.5776,2026-08-31 14:30:00,v4.1.0-produccion,buena:completo/semana_anterior
B17_POLI,2026-09-01 11:30:00,activepower,7337.4985,2026-08-31 14:30:00,v4.1.0-produccion,buena:completo/semana_anterior
B17_POLI,2026-09-01 11:40:00,activepower,7138.2905,2026-08-31 14:30:00,v4.1.0-produccion,buena:completo/semana_anterior
B17_POLI,2026-09-01 11:50:00,activepower,7198.235,2026-08-31 14:30:00,v4.1.0-produccion,buena:completo/semana_anterior
B17_POLI,2026-09-01 12:00:00,activepower,7377.8677,2026-08-31 14:30:00,v4.1.0-produccion,buena:completo/semana_anterior
B17_POLI,2026-09-01 12:10:00,activepower,7211.769,2026-08-31 14:30:00,v4.1.0-produccion,buena:completo/semana_anterior
B17_POLI,2026-09-01 12:20:00,activepower,7177.3926,2026-08-31 14:30:00,v4.1.0-produccion,buena:completo/semana_anterior
B17_POLI,2026-09-01 12:30:00,activepower,7242.9824,2026-08-31 14:30:00,v4.1.0-produccion,buena:completo/semana_anterior
B17_POLI,2026-09-01 12:40:00,activepower,7403.424,2026-08-31 14:30:00,v4.1.0-produccion,buena:completo/semana_anterior
B17_POLI,2026-09-01 12:50:00,activepower,7337.027,2026-08-31 14:30:00,v4.1.0-produccion,buena:completo/semana_anterior
B17_POLI,2026-09-01 13:00:00,activepower,7451.624,2026-08-31 14:30:00,v4.1.0-produccion,buena:completo/semana_anterior
B17_POLI,2026-09-01 13:10:00,activepower,7324.3423,2026-08-31 14:30:00,v4.1.0-produccion,buena:completo/semana_anterior
B17_POLI,2026-09-01 13:20:00,activepower,7438.719,2026-08-31 14:30:00,v4.1.0-produccion,buena:completo/semana_anterior
B17_POLI,2026-09-01 13:30:00,activepower,7467.0186,2026-08-31 14:30:00,v4.1.0-produccion,buena:completo/semana_anterior
B17_POLI,2026-09-01 13:40:00,activepower,7387.964,2026-08-31 14:30:00,v4.1.0-produccion,buena:completo/semana_anterior
B17_POLI,2026-09-01 13:50:00,activepower,7521.097,2026-08-31 14:30:00,v4.1.0-produccion,buena:completo/semana_anterior
B17_POLI,2026-09-01 14:00:00,activepower,7662.949,2026-08-31 14:30:00,v4.1.0-produccion,buena:completo/semana_anterior
B17_POLI,2026-09-01 14:10:00,activepower,7830.598,2026-08-31 14:30:00,v4.1.0-produccion,buena:completo/semana_anterior
B17_POLI,2026-09-01 14:20:00,activepower,7666.5176,2026-08-31 14:30:00,v4.1.0-produccion,buena:completo/semana_anterior
B17_POLI,2026-09-01 14:30:00,activepower,7774.2876,2026-08-31 14:30:00,v4.1.0-produccion,buena:completo/semana_anterior
B17_POLI,2026-08-31 14:40:00,totalpowerfactor,0.9604277,2026-08-31 14:30:00,v4.1.0-produccion,buena:completo/semana_anterior
B17_POLI,2026-08-31 14:50:00,totalpowerfactor,0.95942795,2026-08-31 14:30:00,v4.1.0-produccion,buena:completo/semana_anterior
B17_POLI,2026-08-31 15:00:00,totalpowerfactor,0.95883703,2026-08-31 14:30:00,v4.1.0-produccion,buena:completo/semana_anterior
B17_POLI,2026-08-31 15:10:00,totalpowerfactor,0.95933914,2026-08-31 14:30:00,v4.1.0-produccion,buena:completo/semana_anterior
B17_POLI,2026-08-31 15:20:00,totalpowerfactor,0.95814013,2026-08-31 14:30:00,v4.1.0-produccion,buena:completo/semana_anterior
B17_POLI,2026-08-31 15:30:00,totalpowerfactor,0.9583918,2026-08-31 14:30:00,v4.1.0-produccion,buena:completo/semana_anterior
B17_POLI,2026-08-31 15:40:00,totalpowerfactor,0.960232,2026-08-31 14:30:00,v4.1.0-produccion,buena:completo/semana_anterior
B17_POLI,2026-08-31 15:50:00,totalpowerfactor,0.9584958,2026-08-31 14:30:00,v4.1.0-produccion,buena:completo/semana_anterior
B17_POLI,2026-08-31 16:00:00,totalpowerfactor,0.9593895,2026-08-31 14:30:00,v4.1.0-produccion,buena:completo/semana_anterior
B17_POLI,2026-08-31 16:10:00,totalpowerfactor,0.9591088,2026-08-31 14:30:00,v4.1.0-produccion,buena:completo/semana_anterior
B17_POLI,2026-08-31 16:20:00,totalpowerfactor,0.95916116,2026-08-31 14:30:00,v4.1.0-produccion,buena:completo/semana_anterior
B17_POLI,2026-08-31 16:30:00,totalpowerfactor,0.95964074,2026-08-31 14:30:00,v4.1.0-produccion,buena:completo/semana_anterior
B17_POLI,2026-08-31 16:40:00,totalpowerfactor,0.9585501,2026-08-31 14:30:00,v4.1.0-produccion,buena:completo/semana_anterior
B17_POLI,2026-08-31 16:50:00,totalpowerfactor,0.95863414,2026-08-31 14:30:00,v4.1.0-produccion,buena:completo/semana_anterior
B17_POLI,2026-08-31 17:00:00,totalpowerfactor,0.95589906,2026-08-31 14:30:00,v4.1.0-produccion,buena:completo/semana_anterior
B17_POLI,2026-08-31 17:10:00,totalpowerfactor,0.95543337,2026-08-31 14:30:00,v4.1.0-produccion,buena:completo/semana_anterior
B17_POLI,2026-08-31 17:20:00,totalpowerfactor,0.95218885,2026-08-31 14:30:00,v4.1.0-produccion,buena:completo/semana_anterior
B17_POLI,2026-08-31 17:30:00,totalpowerfactor,0.9539403,2026-08-31 14:30:00,v4.1.0-produccion,buena:completo/semana_anterior
B17_POLI,2026-08-31 17:40:00,totalpowerfactor,0.951877,2026-08-31 14:30:00,v4.1.0-produccion,buena:completo/semana_anterior
B17_POLI,2026-08-31 17:50:00,totalpowerfactor,0.95084393,2026-08-31 14:30:00,v4.1.0-produccion,buena:completo/semana_anterior
B17_POLI,2026-08-31 18:00:00,totalpowerfactor,0.94987774,2026-08-31 14:30:00,v4.1.0-produccion,buena:completo/semana_anterior
B17_POLI,2026-08-31 18:10:00,totalpowerfactor,0.9477067,2026-08-31 14:30:00,v4.1.0-produccion,buena:completo/semana_anterior
B17_POLI,2026-08-31 18:20:00,totalpowerfactor,0.9458607,2026-08-31 14:30:00,v4.1.0-produccion,buena:completo/semana_anterior
B17_POLI,2026-08-31 18:30:00,totalpowerfactor,0.9453773,2026-08-31 14:30:00,v4.1.0-produccion,buena:completo/semana_anterior
B17_POLI,2026-08-31 18:40:00,totalpowerfactor,0.9428519,2026-08-31 14:30:00,v4.1.0-produccion,buena:completo/semana_anterior
B17_POLI,2026-08-31 18:50:00,totalpowerfactor,0.9407625,2026-08-31 14:30:00,v4.1.0-produccion,buena:completo/semana_anterior
B17_POLI,2026-08-31 19:00:00,totalpowerfactor,0.93904275,2026-08-31 14:30:00,v4.1.0-produccion,buena:completo/semana_anterior
B17_POLI,2026-08-31 19:10:00,totalpowerfactor,0.93599117,2026-08-31 14:30:00,v4.1.0-produccion,buena:completo/semana_anterior
B17_POLI,2026-08-31 19:20:00,totalpowerfactor,0.93386096,2026-08-31 14:30:00,v4.1.0-produccion,buena:completo/semana_anterior
B17_POLI,2026-08-31 19:30:00,totalpowerfactor,0.93187183,2026-08-31 14:30:00,v4.1.0-produccion,buena:completo/semana_anterior
B17_POLI,2026-08-31 19:40:00,totalpowerfactor,0.92885154,2026-08-31 14:30:00,v4.1.0-produccion,buena:completo/semana_anterior
B17_POLI,2026-08-31 19:50:00,totalpowerfactor,0.9256771,2026-08-31 14:30:00,v4.1.0-produccion,buena:completo/semana_anterior
B17_POLI,2026-08-31 20:00:00,totalpowerfactor,0.9235535,2026-08-31 14:30:00,v4.1.0-produccion,buena:completo/semana_anterior
B17_POLI,2026-08-31 20:10:00,totalpowerfactor,0.92183554,2026-08-31 14:30:00,v4.1.0-produccion,buena:completo/semana_anterior
B17_POLI,2026-08-31 20:20:00,totalpowerfactor,0.91828835,2026-08-31 14:30:00,v4.1.0-produccion,buena:completo/semana_anterior
B17_POLI,2026-08-31 20:30:00,totalpowerfactor,0.9148615,2026-08-31 14:30:00,v4.1.0-produccion,buena:completo/semana_anterior
B17_POLI,2026-08-31 20:40:00,totalpowerfactor,0.9097983,2026-08-31 14:30:00,v4.1.0-produccion,buena:completo/semana_anterior
B17_POLI,2026-08-31 20:50:00,totalpowerfactor,0.90846044,2026-08-31 14:30:00,v4.1.0-produccion,buena:completo/semana_anterior
B17_POLI,2026-08-31 21:00:00,totalpowerfactor,0.9044555,2026-08-31 14:30:00,v4.1.0-produccion,buena:completo/semana_anterior
B17_POLI,2026-08-31 21:10:00,totalpowerfactor,0.904594,2026-08-31 14:30:00,v4.1.0-produccion,buena:completo/semana_anterior
B17_POLI,2026-08-31 21:20:00,totalpowerfactor,0.8977928,2026-08-31 14:30:00,v4.1.0-produccion,buena:completo/semana_anterior
B17_POLI,2026-08-31 21:30:00,totalpowerfactor,0.89480036,2026-08-31 14:30:00,v4.1.0-produccion,buena:completo/semana_anterior
B17_POLI,2026-08-31 21:40:00,totalpowerfactor,0.88688254,2026-08-31 14:30:00,v4.1.0-produccion,buena:completo/semana_anterior
B17_POLI,2026-08-31 21:50:00,totalpowerfactor,0.884352,2026-08-31 14:30:00,v4.1.0-produccion,buena:completo/semana_anterior
B17_POLI,2026-08-31 22:00:00,totalpowerfactor,0.87937355,2026-08-31 14:30:00,v4.1.0-produccion,buena:completo/semana_anterior
B17_POLI,2026-08-31 22:10:00,totalpowerfactor,0.87665063,2026-08-31 14:30:00,v4.1.0-produccion,buena:completo/semana_anterior
B17_POLI,2026-08-31 22:20:00,totalpowerfactor,0.87113434,2026-08-31 14:30:00,v4.1.0-produccion,buena:completo/semana_anterior
B17_POLI,2026-08-31 22:30:00,totalpowerfactor,0.8668757,2026-08-31 14:30:00,v4.1.0-produccion,buena:completo/semana_anterior
B17_POLI,2026-08-31 22:40:00,totalpowerfactor,0.8606743,2026-08-31 14:30:00,v4.1.0-produccion,buena:completo/semana_anterior
B17_POLI,2026-08-31 22:50:00,totalpowerfactor,0.8571265,2026-08-31 14:30:00,v4.1.0-produccion,buena:completo/semana_anterior
B17_POLI,2026-08-31 23:00:00,totalpowerfactor,0.8503765,2026-08-31 14:30:00,v4.1.0-produccion,buena:completo/semana_anterior
B17_POLI,2026-08-31 23:10:00,totalpowerfactor,0.8481234,2026-08-31 14:30:00,v4.1.0-produccion,buena:completo/semana_anterior
B17_POLI,2026-08-31 23:20:00,totalpowerfactor,0.8427732,2026-08-31 14:30:00,v4.1.0-produccion,buena:completo/semana_anterior
B17_POLI,2026-08-31 23:30:00,totalpowerfactor,0.83966166,2026-08-31 14:30:00,v4.1.0-produccion,buena:completo/semana_anterior
B17_POLI,2026-08-31 23:40:00,totalpowerfactor,0.83260053,2026-08-31 14:30:00,v4.1.0-produccion,buena:completo/semana_anterior
B17_POLI,2026-08-31 23:50:00,totalpowerfactor,0.8289029,2026-08-31 14:30:00,v4.1.0-produccion,buena:completo/semana_anterior
B17_POLI,2026-09-01 00:00:00,totalpowerfactor,0.82686746,2026-08-31 14:30:00,v4.1.0-produccion,buena:completo/semana_anterior
B17_POLI,2026-09-01 00:10:00,totalpowerfactor,0.8241334,2026-08-31 14:30:00,v4.1.0-produccion,buena:completo/semana_anterior
B17_POLI,2026-09-01 00:20:00,totalpowerfactor,0.8182981,2026-08-31 14:30:00,v4.1.0-produccion,buena:completo/semana_anterior
B17_POLI,2026-09-01 00:30:00,totalpowerfactor,0.81911325,2026-08-31 14:30:00,v4.1.0-produccion,buena:completo/semana_anterior
B17_POLI,2026-09-01 00:40:00,totalpowerfactor,0.8132095,2026-08-31 14:30:00,v4.1.0-produccion,buena:completo/semana_anterior
B17_POLI,2026-09-01 00:50:00,totalpowerfactor,0.8120221,2026-08-31 14:30:00,v4.1.0-produccion,buena:completo/semana_anterior
B17_POLI,2026-09-01 01:00:00,totalpowerfactor,0.8114857,2026-08-31 14:30:00,v4.1.0-produccion,buena:completo/semana_anterior
B17_POLI,2026-09-01 01:10:00,totalpowerfactor,0.8111923,2026-08-31 14:30:00,v4.1.0-produccion,buena:completo/semana_anterior
B17_POLI,2026-09-01 01:20:00,totalpowerfactor,0.80906117,2026-08-31 14:30:00,v4.1.0-produccion,buena:completo/semana_anterior
B17_POLI,2026-09-01 01:30:00,totalpowerfactor,0.809198,2026-08-31 14:30:00,v4.1.0-produccion,buena:completo/semana_anterior
B17_POLI,2026-09-01 01:40:00,totalpowerfactor,0.8080805,2026-08-31 14:30:00,v4.1.0-produccion,buena:completo/semana_anterior
B17_POLI,2026-09-01 01:50:00,totalpowerfactor,0.8091205,2026-08-31 14:30:00,v4.1.0-produccion,buena:completo/semana_anterior
B17_POLI,2026-09-01 02:00:00,totalpowerfactor,0.8110913,2026-08-31 14:30:00,v4.1.0-produccion,buena:completo/semana_anterior
B17_POLI,2026-09-01 02:10:00,totalpowerfactor,0.8143727,2026-08-31 14:30:00,v4.1.0-produccion,buena:completo/semana_anterior
B17_POLI,2026-09-01 02:20:00,totalpowerfactor,0.81380653,2026-08-31 14:30:00,v4.1.0-produccion,buena:completo/semana_anterior
B17_POLI,2026-09-01 02:30:00,totalpowerfactor,0.8183574,2026-08-31 14:30:00,v4.1.0-produccion,buena:completo/semana_anterior
B17_POLI,2026-09-01 02:40:00,totalpowerfactor,0.8200796,2026-08-31 14:30:00,v4.1.0-produccion,buena:completo/semana_anterior
B17_POLI,2026-09-01 02:50:00,totalpowerfactor,0.8217695,2026-08-31 14:30:00,v4.1.0-produccion,buena:completo/semana_anterior
B17_POLI,2026-09-01 03:00:00,totalpowerfactor,0.8230634,2026-08-31 14:30:00,v4.1.0-produccion,buena:completo/semana_anterior
B17_POLI,2026-09-01 03:10:00,totalpowerfactor,0.8266078,2026-08-31 14:30:00,v4.1.0-produccion,buena:completo/semana_anterior
B17_POLI,2026-09-01 03:20:00,totalpowerfactor,0.8299144,2026-08-31 14:30:00,v4.1.0-produccion,buena:completo/semana_anterior
B17_POLI,2026-09-01 03:30:00,totalpowerfactor,0.8362071,2026-08-31 14:30:00,v4.1.0-produccion,buena:completo/semana_anterior
B17_POLI,2026-09-01 03:40:00,totalpowerfactor,0.83829737,2026-08-31 14:30:00,v4.1.0-produccion,buena:completo/semana_anterior
B17_POLI,2026-09-01 03:50:00,totalpowerfactor,0.84243333,2026-08-31 14:30:00,v4.1.0-produccion,buena:completo/semana_anterior
B17_POLI,2026-09-01 04:00:00,totalpowerfactor,0.8473475,2026-08-31 14:30:00,v4.1.0-produccion,buena:completo/semana_anterior
B17_POLI,2026-09-01 04:10:00,totalpowerfactor,0.85296416,2026-08-31 14:30:00,v4.1.0-produccion,buena:completo/semana_anterior
B17_POLI,2026-09-01 04:20:00,totalpowerfactor,0.85977507,2026-08-31 14:30:00,v4.1.0-produccion,buena:completo/semana_anterior
B17_POLI,2026-09-01 04:30:00,totalpowerfactor,0.86319244,2026-08-31 14:30:00,v4.1.0-produccion,buena:completo/semana_anterior
B17_POLI,2026-09-01 04:40:00,totalpowerfactor,0.8698353,2026-08-31 14:30:00,v4.1.0-produccion,buena:completo/semana_anterior
B17_POLI,2026-09-01 04:50:00,totalpowerfactor,0.87541217,2026-08-31 14:30:00,v4.1.0-produccion,buena:completo/semana_anterior
B17_POLI,2026-09-01 05:00:00,totalpowerfactor,0.88094103,2026-08-31 14:30:00,v4.1.0-produccion,buena:completo/semana_anterior
B17_POLI,2026-09-01 05:10:00,totalpowerfactor,0.8886139,2026-08-31 14:30:00,v4.1.0-produccion,buena:completo/semana_anterior
B17_POLI,2026-09-01 05:20:00,totalpowerfactor,0.89813673,2026-08-31 14:30:00,v4.1.0-produccion,buena:completo/semana_anterior
B17_POLI,2026-09-01 05:30:00,totalpowerfactor,0.9024667,2026-08-31 14:30:00,v4.1.0-produccion,buena:completo/semana_anterior
B17_POLI,2026-09-01 05:40:00,totalpowerfactor,0.9078769,2026-08-31 14:30:00,v4.1.0-produccion,buena:completo/semana_anterior
B17_POLI,2026-09-01 05:50:00,totalpowerfactor,0.9124347,2026-08-31 14:30:00,v4.1.0-produccion,buena:completo/semana_anterior
B17_POLI,2026-09-01 06:00:00,totalpowerfactor,0.9189784,2026-08-31 14:30:00,v4.1.0-produccion,buena:completo/semana_anterior
B17_POLI,2026-09-01 06:10:00,totalpowerfactor,0.9263767,2026-08-31 14:30:00,v4.1.0-produccion,buena:completo/semana_anterior
B17_POLI,2026-09-01 06:20:00,totalpowerfactor,0.9316541,2026-08-31 14:30:00,v4.1.0-produccion,buena:completo/semana_anterior
B17_POLI,2026-09-01 06:30:00,totalpowerfactor,0.93481123,2026-08-31 14:30:00,v4.1.0-produccion,buena:completo/semana_anterior
B17_POLI,2026-09-01 06:40:00,totalpowerfactor,0.93748814,2026-08-31 14:30:00,v4.1.0-produccion,buena:completo/semana_anterior
B17_POLI,2026-09-01 06:50:00,totalpowerfactor,0.94091076,2026-08-31 14:30:00,v4.1.0-produccion,buena:completo/semana_anterior
B17_POLI,2026-09-01 07:00:00,totalpowerfactor,0.943311,2026-08-31 14:30:00,v4.1.0-produccion,buena:completo/semana_anterior
B17_POLI,2026-09-01 07:10:00,totalpowerfactor,0.9472523,2026-08-31 14:30:00,v4.1.0-produccion,buena:completo/semana_anterior
B17_POLI,2026-09-01 07:20:00,totalpowerfactor,0.94975436,2026-08-31 14:30:00,v4.1.0-produccion,buena:completo/semana_anterior
B17_POLI,2026-09-01 07:30:00,totalpowerfactor,0.95174134,2026-08-31 14:30:00,v4.1.0-produccion,buena:completo/semana_anterior
B17_POLI,2026-09-01 07:40:00,totalpowerfactor,0.9549506,2026-08-31 14:30:00,v4.1.0-produccion,buena:completo/semana_anterior
B17_POLI,2026-09-01 07:50:00,totalpowerfactor,0.9563749,2026-08-31 14:30:00,v4.1.0-produccion,buena:completo/semana_anterior
B17_POLI,2026-09-01 08:00:00,totalpowerfactor,0.9578758,2026-08-31 14:30:00,v4.1.0-produccion,buena:completo/semana_anterior
B17_POLI,2026-09-01 08:10:00,totalpowerfactor,0.96041566,2026-08-31 14:30:00,v4.1.0-produccion,buena:completo/semana_anterior
B17_POLI,2026-09-01 08:20:00,totalpowerfactor,0.9619279,2026-08-31 14:30:00,v4.1.0-produccion,buena:completo/semana_anterior
B17_POLI,2026-09-01 08:30:00,totalpowerfactor,0.9621533,2026-08-31 14:30:00,v4.1.0-produccion,buena:completo/semana_anterior
B17_POLI,2026-09-01 08:40:00,totalpowerfactor,0.9630449,2026-08-31 14:30:00,v4.1.0-produccion,buena:completo/semana_anterior
B17_POLI,2026-09-01 08:50:00,totalpowerfactor,0.96267253,2026-08-31 14:30:00,v4.1.0-produccion,buena:completo/semana_anterior
B17_POLI,2026-09-01 09:00:00,totalpowerfactor,0.96635413,2026-08-31 14:30:00,v4.1.0-produccion,buena:completo/semana_anterior
B17_POLI,2026-09-01 09:10:00,totalpowerfactor,0.9661598,2026-08-31 14:30:00,v4.1.0-produccion,buena:completo/semana_anterior
B17_POLI,2026-09-01 09:20:00,totalpowerfactor,0.9657339,2026-08-31 14:30:00,v4.1.0-produccion,buena:completo/semana_anterior
B17_POLI,2026-09-01 09:30:00,totalpowerfactor,0.96619,2026-08-31 14:30:00,v4.1.0-produccion,buena:completo/semana_anterior
B17_POLI,2026-09-01 09:40:00,totalpowerfactor,0.9643948,2026-08-31 14:30:00,v4.1.0-produccion,buena:completo/semana_anterior
B17_POLI,2026-09-01 09:50:00,totalpowerfactor,0.9642602,2026-08-31 14:30:00,v4.1.0-produccion,buena:completo/semana_anterior
B17_POLI,2026-09-01 10:00:00,totalpowerfactor,0.96565026,2026-08-31 14:30:00,v4.1.0-produccion,buena:completo/semana_anterior
B17_POLI,2026-09-01 10:10:00,totalpowerfactor,0.9657885,2026-08-31 14:30:00,v4.1.0-produccion,buena:completo/semana_anterior
B17_POLI,2026-09-01 10:20:00,totalpowerfactor,0.9659393,2026-08-31 14:30:00,v4.1.0-produccion,buena:completo/semana_anterior
B17_POLI,2026-09-01 10:30:00,totalpowerfactor,0.96592283,2026-08-31 14:30:00,v4.1.0-produccion,buena:completo/semana_anterior
B17_POLI,2026-09-01 10:40:00,totalpowerfactor,0.96548724,2026-08-31 14:30:00,v4.1.0-produccion,buena:completo/semana_anterior
B17_POLI,2026-09-01 10:50:00,totalpowerfactor,0.9653787,2026-08-31 14:30:00,v4.1.0-produccion,buena:completo/semana_anterior
B17_POLI,2026-09-01 11:00:00,totalpowerfactor,0.96660167,2026-08-31 14:30:00,v4.1.0-produccion,buena:completo/semana_anterior
B17_POLI,2026-09-01 11:10:00,totalpowerfactor,0.9646318,2026-08-31 14:30:00,v4.1.0-produccion,buena:completo/semana_anterior
B17_POLI,2026-09-01 11:20:00,totalpowerfactor,0.96397066,2026-08-31 14:30:00,v4.1.0-produccion,buena:completo/semana_anterior
B17_POLI,2026-09-01 11:30:00,totalpowerfactor,0.96403956,2026-08-31 14:30:00,v4.1.0-produccion,buena:completo/semana_anterior
B17_POLI,2026-09-01 11:40:00,totalpowerfactor,0.9645593,2026-08-31 14:30:00,v4.1.0-produccion,buena:completo/semana_anterior
B17_POLI,2026-09-01 11:50:00,totalpowerfactor,0.96331865,2026-08-31 14:30:00,v4.1.0-produccion,buena:completo/semana_anterior
B17_POLI,2026-09-01 12:00:00,totalpowerfactor,0.96422875,2026-08-31 14:30:00,v4.1.0-produccion,buena:completo/semana_anterior
B17_POLI,2026-09-01 12:10:00,totalpowerfactor,0.96288276,2026-08-31 14:30:00,v4.1.0-produccion,buena:completo/semana_anterior
B17_POLI,2026-09-01 12:20:00,totalpowerfactor,0.9618189,2026-08-31 14:30:00,v4.1.0-produccion,buena:completo/semana_anterior
B17_POLI,2026-09-01 12:30:00,totalpowerfactor,0.9629122,2026-08-31 14:30:00,v4.1.0-produccion,buena:completo/semana_anterior
B17_POLI,2026-09-01 12:40:00,totalpowerfactor,0.9604676,2026-08-31 14:30:00,v4.1.0-produccion,buena:completo/semana_anterior
B17_POLI,2026-09-01 12:50:00,totalpowerfactor,0.96026105,2026-08-31 14:30:00,v4.1.0-produccion,buena:completo/semana_anterior
B17_POLI,2026-09-01 13:00:00,totalpowerfactor,0.9606029,2026-08-31 14:30:00,v4.1.0-produccion,buena:completo/semana_anterior
B17_POLI,2026-09-01 13:10:00,totalpowerfactor,0.9617405,2026-08-31 14:30:00,v4.1.0-produccion,buena:completo/semana_anterior
B17_POLI,2026-09-01 13:20:00,totalpowerfactor,0.9610554,2026-08-31 14:30:00,v4.1.0-produccion,buena:completo/semana_anterior
B17_POLI,2026-09-01 13:30:00,totalpowerfactor,0.96135473,2026-08-31 14:30:00,v4.1.0-produccion,buena:completo/semana_anterior
B17_POLI,2026-09-01 13:40:00,totalpowerfactor,0.9608096,2026-08-31 14:30:00,v4.1.0-produccion,buena:completo/semana_anterior
B17_POLI,2026-09-01 13:50:00,totalpowerfactor,0.95716286,2026-08-31 14:30:00,v4.1.0-produccion,buena:completo/semana_anterior
B17_POLI,2026-09-01 14:00:00,totalpowerfactor,0.9585191,2026-08-31 14:30:00,v4.1.0-produccion,buena:completo/semana_anterior
B17_POLI,2026-09-01 14:10:00,totalpowerfactor,0.9579052,2026-08-31 14:30:00,v4.1.0-produccion,buena:completo/semana_anterior
B17_POLI,2026-09-01 14:20:00,totalpowerfactor,0.95862055,2026-08-31 14:30:00,v4.1.0-produccion,buena:completo/semana_anterior
B17_POLI,2026-09-01 14:30:00,totalpowerfactor,0.9581831,2026-08-31 14:30:00,v4.1.0-produccion,buena:completo/semana_anterior
B17_POLI,2026-08-31 14:40:00,voltaje_promedio,127.64048,2026-08-31 14:30:00,v4.1.0-produccion,buena:completo/semana_anterior
B17_POLI,2026-08-31 14:50:00,voltaje_promedio,127.66259,2026-08-31 14:30:00,v4.1.0-produccion,buena:completo/semana_anterior
B17_POLI,2026-08-31 15:00:00,voltaje_promedio,127.64336,2026-08-31 14:30:00,v4.1.0-produccion,buena:completo/semana_anterior
B17_POLI,2026-08-31 15:10:00,voltaje_promedio,127.59538,2026-08-31 14:30:00,v4.1.0-produccion,buena:completo/semana_anterior
B17_POLI,2026-08-31 15:20:00,voltaje_promedio,127.57563,2026-08-31 14:30:00,v4.1.0-produccion,buena:completo/semana_anterior
B17_POLI,2026-08-31 15:30:00,voltaje_promedio,127.612366,2026-08-31 14:30:00,v4.1.0-produccion,buena:completo/semana_anterior
B17_POLI,2026-08-31 15:40:00,voltaje_promedio,127.664215,2026-08-31 14:30:00,v4.1.0-produccion,buena:completo/semana_anterior
B17_POLI,2026-08-31 15:50:00,voltaje_promedio,127.64117,2026-08-31 14:30:00,v4.1.0-produccion,buena:completo/semana_anterior
B17_POLI,2026-08-31 16:00:00,voltaje_promedio,127.68257,2026-08-31 14:30:00,v4.1.0-produccion,buena:completo/semana_anterior
B17_POLI,2026-08-31 16:10:00,voltaje_promedio,127.706795,2026-08-31 14:30:00,v4.1.0-produccion,buena:completo/semana_anterior
B17_POLI,2026-08-31 16:20:00,voltaje_promedio,127.69161,2026-08-31 14:30:00,v4.1.0-produccion,buena:completo/semana_anterior
B17_POLI,2026-08-31 16:30:00,voltaje_promedio,127.69938,2026-08-31 14:30:00,v4.1.0-produccion,buena:completo/semana_anterior
B17_POLI,2026-08-31 16:40:00,voltaje_promedio,127.754395,2026-08-31 14:30:00,v4.1.0-produccion,buena:completo/semana_anterior
B17_POLI,2026-08-31 16:50:00,voltaje_promedio,127.76428,2026-08-31 14:30:00,v4.1.0-produccion,buena:completo/semana_anterior
B17_POLI,2026-08-31 17:00:00,voltaje_promedio,127.843185,2026-08-31 14:30:00,v4.1.0-produccion,buena:completo/semana_anterior
B17_POLI,2026-08-31 17:10:00,voltaje_promedio,127.820206,2026-08-31 14:30:00,v4.1.0-produccion,buena:completo/semana_anterior
B17_POLI,2026-08-31 17:20:00,voltaje_promedio,127.87281,2026-08-31 14:30:00,v4.1.0-produccion,buena:completo/semana_anterior
B17_POLI,2026-08-31 17:30:00,voltaje_promedio,127.90673,2026-08-31 14:30:00,v4.1.0-produccion,buena:completo/semana_anterior
B17_POLI,2026-08-31 17:40:00,voltaje_promedio,127.885056,2026-08-31 14:30:00,v4.1.0-produccion,buena:completo/semana_anterior
B17_POLI,2026-08-31 17:50:00,voltaje_promedio,127.97233,2026-08-31 14:30:00,v4.1.0-produccion,buena:completo/semana_anterior
B17_POLI,2026-08-31 18:00:00,voltaje_promedio,127.987,2026-08-31 14:30:00,v4.1.0-produccion,buena:completo/semana_anterior
B17_POLI,2026-08-31 18:10:00,voltaje_promedio,127.98816,2026-08-31 14:30:00,v4.1.0-produccion,buena:completo/semana_anterior
B17_POLI,2026-08-31 18:20:00,voltaje_promedio,128.04811,2026-08-31 14:30:00,v4.1.0-produccion,buena:completo/semana_anterior
B17_POLI,2026-08-31 18:30:00,voltaje_promedio,128.04663,2026-08-31 14:30:00,v4.1.0-produccion,buena:completo/semana_anterior
B17_POLI,2026-08-31 18:40:00,voltaje_promedio,128.00052,2026-08-31 14:30:00,v4.1.0-produccion,buena:completo/semana_anterior
B17_POLI,2026-08-31 18:50:00,voltaje_promedio,128.04427,2026-08-31 14:30:00,v4.1.0-produccion,buena:completo/semana_anterior
B17_POLI,2026-08-31 19:00:00,voltaje_promedio,128.01541,2026-08-31 14:30:00,v4.1.0-produccion,buena:completo/semana_anterior
B17_POLI,2026-08-31 19:10:00,voltaje_promedio,128.07703,2026-08-31 14:30:00,v4.1.0-produccion,buena:completo/semana_anterior
B17_POLI,2026-08-31 19:20:00,voltaje_promedio,128.15787,2026-08-31 14:30:00,v4.1.0-produccion,buena:completo/semana_anterior
B17_POLI,2026-08-31 19:30:00,voltaje_promedio,128.13412,2026-08-31 14:30:00,v4.1.0-produccion,buena:completo/semana_anterior
B17_POLI,2026-08-31 19:40:00,voltaje_promedio,128.17229,2026-08-31 14:30:00,v4.1.0-produccion,buena:completo/semana_anterior
B17_POLI,2026-08-31 19:50:00,voltaje_promedio,128.24075,2026-08-31 14:30:00,v4.1.0-produccion,buena:completo/semana_anterior
B17_POLI,2026-08-31 20:00:00,voltaje_promedio,128.24474,2026-08-31 14:30:00,v4.1.0-produccion,buena:completo/semana_anterior
B17_POLI,2026-08-31 20:10:00,voltaje_promedio,128.29048,2026-08-31 14:30:00,v4.1.0-produccion,buena:completo/semana_anterior
B17_POLI,2026-08-31 20:20:00,voltaje_promedio,128.28291,2026-08-31 14:30:00,v4.1.0-produccion,buena:completo/semana_anterior
B17_POLI,2026-08-31 20:30:00,voltaje_promedio,128.33774,2026-08-31 14:30:00,v4.1.0-produccion,buena:completo/semana_anterior
B17_POLI,2026-08-31 20:40:00,voltaje_promedio,128.30891,2026-08-31 14:30:00,v4.1.0-produccion,buena:completo/semana_anterior
B17_POLI,2026-08-31 20:50:00,voltaje_promedio,128.38895,2026-08-31 14:30:00,v4.1.0-produccion,buena:completo/semana_anterior
B17_POLI,2026-08-31 21:00:00,voltaje_promedio,128.43796,2026-08-31 14:30:00,v4.1.0-produccion,buena:completo/semana_anterior
B17_POLI,2026-08-31 21:10:00,voltaje_promedio,128.5315,2026-08-31 14:30:00,v4.1.0-produccion,buena:completo/semana_anterior
B17_POLI,2026-08-31 21:20:00,voltaje_promedio,128.58533,2026-08-31 14:30:00,v4.1.0-produccion,buena:completo/semana_anterior
B17_POLI,2026-08-31 21:30:00,voltaje_promedio,128.5716,2026-08-31 14:30:00,v4.1.0-produccion,buena:completo/semana_anterior
B17_POLI,2026-08-31 21:40:00,voltaje_promedio,128.57613,2026-08-31 14:30:00,v4.1.0-produccion,buena:completo/semana_anterior
B17_POLI,2026-08-31 21:50:00,voltaje_promedio,128.60928,2026-08-31 14:30:00,v4.1.0-produccion,buena:completo/semana_anterior
B17_POLI,2026-08-31 22:00:00,voltaje_promedio,128.63446,2026-08-31 14:30:00,v4.1.0-produccion,buena:completo/semana_anterior
B17_POLI,2026-08-31 22:10:00,voltaje_promedio,128.68481,2026-08-31 14:30:00,v4.1.0-produccion,buena:completo/semana_anterior
B17_POLI,2026-08-31 22:20:00,voltaje_promedio,128.63907,2026-08-31 14:30:00,v4.1.0-produccion,buena:completo/semana_anterior
B17_POLI,2026-08-31 22:30:00,voltaje_promedio,128.63966,2026-08-31 14:30:00,v4.1.0-produccion,buena:completo/semana_anterior
B17_POLI,2026-08-31 22:40:00,voltaje_promedio,128.66205,2026-08-31 14:30:00,v4.1.0-produccion,buena:completo/semana_anterior
B17_POLI,2026-08-31 22:50:00,voltaje_promedio,128.7311,2026-08-31 14:30:00,v4.1.0-produccion,buena:completo/semana_anterior
B17_POLI,2026-08-31 23:00:00,voltaje_promedio,128.77893,2026-08-31 14:30:00,v4.1.0-produccion,buena:completo/semana_anterior
B17_POLI,2026-08-31 23:10:00,voltaje_promedio,128.90149,2026-08-31 14:30:00,v4.1.0-produccion,buena:completo/semana_anterior
B17_POLI,2026-08-31 23:20:00,voltaje_promedio,128.85796,2026-08-31 14:30:00,v4.1.0-produccion,buena:completo/semana_anterior
B17_POLI,2026-08-31 23:30:00,voltaje_promedio,128.8473,2026-08-31 14:30:00,v4.1.0-produccion,buena:completo/semana_anterior
B17_POLI,2026-08-31 23:40:00,voltaje_promedio,128.88351,2026-08-31 14:30:00,v4.1.0-produccion,buena:completo/semana_anterior
B17_POLI,2026-08-31 23:50:00,voltaje_promedio,128.89485,2026-08-31 14:30:00,v4.1.0-produccion,buena:completo/semana_anterior
B17_POLI,2026-09-01 00:00:00,voltaje_promedio,128.94453,2026-08-31 14:30:00,v4.1.0-produccion,buena:completo/semana_anterior
B17_POLI,2026-09-01 00:10:00,voltaje_promedio,128.95253,2026-08-31 14:30:00,v4.1.0-produccion,buena:completo/semana_anterior
B17_POLI,2026-09-01 00:20:00,voltaje_promedio,128.94173,2026-08-31 14:30:00,v4.1.0-produccion,buena:completo/semana_anterior
B17_POLI,2026-09-01 00:30:00,voltaje_promedio,128.90721,2026-08-31 14:30:00,v4.1.0-produccion,buena:completo/semana_anterior
B17_POLI,2026-09-01 00:40:00,voltaje_promedio,128.91327,2026-08-31 14:30:00,v4.1.0-produccion,buena:completo/semana_anterior
B17_POLI,2026-09-01 00:50:00,voltaje_promedio,128.9274,2026-08-31 14:30:00,v4.1.0-produccion,buena:completo/semana_anterior
B17_POLI,2026-09-01 01:00:00,voltaje_promedio,128.94093,2026-08-31 14:30:00,v4.1.0-produccion,buena:completo/semana_anterior
B17_POLI,2026-09-01 01:10:00,voltaje_promedio,128.95035,2026-08-31 14:30:00,v4.1.0-produccion,buena:completo/semana_anterior
B17_POLI,2026-09-01 01:20:00,voltaje_promedio,128.92355,2026-08-31 14:30:00,v4.1.0-produccion,buena:completo/semana_anterior
B17_POLI,2026-09-01 01:30:00,voltaje_promedio,128.91116,2026-08-31 14:30:00,v4.1.0-produccion,buena:completo/semana_anterior
B17_POLI,2026-09-01 01:40:00,voltaje_promedio,128.91086,2026-08-31 14:30:00,v4.1.0-produccion,buena:completo/semana_anterior
B17_POLI,2026-09-01 01:50:00,voltaje_promedio,128.91727,2026-08-31 14:30:00,v4.1.0-produccion,buena:completo/semana_anterior
B17_POLI,2026-09-01 02:00:00,voltaje_promedio,128.9228,2026-08-31 14:30:00,v4.1.0-produccion,buena:completo/semana_anterior
B17_POLI,2026-09-01 02:10:00,voltaje_promedio,128.88103,2026-08-31 14:30:00,v4.1.0-produccion,buena:completo/semana_anterior
B17_POLI,2026-09-01 02:20:00,voltaje_promedio,128.85126,2026-08-31 14:30:00,v4.1.0-produccion,buena:completo/semana_anterior
B17_POLI,2026-09-01 02:30:00,voltaje_promedio,128.81566,2026-08-31 14:30:00,v4.1.0-produccion,buena:completo/semana_anterior
B17_POLI,2026-09-01 02:40:00,voltaje_promedio,128.84384,2026-08-31 14:30:00,v4.1.0-produccion,buena:completo/semana_anterior
B17_POLI,2026-09-01 02:50:00,voltaje_promedio,128.87947,2026-08-31 14:30:00,v4.1.0-produccion,buena:completo/semana_anterior
B17_POLI,2026-09-01 03:00:00,voltaje_promedio,128.86136,2026-08-31 14:30:00,v4.1.0-produccion,buena:completo/semana_anterior
B17_POLI,2026-09-01 03:10:00,voltaje_promedio,128.80817,2026-08-31 14:30:00,v4.1.0-produccion,buena:completo/semana_anterior
B17_POLI,2026-09-01 03:20:00,voltaje_promedio,128.75229,2026-08-31 14:30:00,v4.1.0-produccion,buena:completo/semana_anterior
B17_POLI,2026-09-01 03:30:00,voltaje_promedio,128.79008,2026-08-31 14:30:00,v4.1.0-produccion,buena:completo/semana_anterior
B17_POLI,2026-09-01 03:40:00,voltaje_promedio,128.75345,2026-08-31 14:30:00,v4.1.0-produccion,buena:completo/semana_anterior
B17_POLI,2026-09-01 03:50:00,voltaje_promedio,128.68144,2026-08-31 14:30:00,v4.1.0-produccion,buena:completo/semana_anterior
B17_POLI,2026-09-01 04:00:00,voltaje_promedio,128.66039,2026-08-31 14:30:00,v4.1.0-produccion,buena:completo/semana_anterior
B17_POLI,2026-09-01 04:10:00,voltaje_promedio,128.60594,2026-08-31 14:30:00,v4.1.0-produccion,buena:completo/semana_anterior
B17_POLI,2026-09-01 04:20:00,voltaje_promedio,128.52211,2026-08-31 14:30:00,v4.1.0-produccion,buena:completo/semana_anterior
B17_POLI,2026-09-01 04:30:00,voltaje_promedio,128.43143,2026-08-31 14:30:00,v4.1.0-produccion,buena:completo/semana_anterior
B17_POLI,2026-09-01 04:40:00,voltaje_promedio,128.34677,2026-08-31 14:30:00,v4.1.0-produccion,buena:completo/semana_anterior
B17_POLI,2026-09-01 04:50:00,voltaje_promedio,128.28853,2026-08-31 14:30:00,v4.1.0-produccion,buena:completo/semana_anterior
B17_POLI,2026-09-01 05:00:00,voltaje_promedio,128.27042,2026-08-31 14:30:00,v4.1.0-produccion,buena:completo/semana_anterior
B17_POLI,2026-09-01 05:10:00,voltaje_promedio,128.21243,2026-08-31 14:30:00,v4.1.0-produccion,buena:completo/semana_anterior
B17_POLI,2026-09-01 05:20:00,voltaje_promedio,128.08992,2026-08-31 14:30:00,v4.1.0-produccion,buena:completo/semana_anterior
B17_POLI,2026-09-01 05:30:00,voltaje_promedio,128.06236,2026-08-31 14:30:00,v4.1.0-produccion,buena:completo/semana_anterior
B17_POLI,2026-09-01 05:40:00,voltaje_promedio,128.0195,2026-08-31 14:30:00,v4.1.0-produccion,buena:completo/semana_anterior
B17_POLI,2026-09-01 05:50:00,voltaje_promedio,127.85839,2026-08-31 14:30:00,v4.1.0-produccion,buena:completo/semana_anterior
B17_POLI,2026-09-01 06:00:00,voltaje_promedio,127.844246,2026-08-31 14:30:00,v4.1.0-produccion,buena:completo/semana_anterior
B17_POLI,2026-09-01 06:10:00,voltaje_promedio,127.77156,2026-08-31 14:30:00,v4.1.0-produccion,buena:completo/semana_anterior
B17_POLI,2026-09-01 06:20:00,voltaje_promedio,127.674065,2026-08-31 14:30:00,v4.1.0-produccion,buena:completo/semana_anterior
B17_POLI,2026-09-01 06:30:00,voltaje_promedio,127.6518,2026-08-31 14:30:00,v4.1.0-produccion,buena:completo/semana_anterior
B17_POLI,2026-09-01 06:40:00,voltaje_promedio,127.567535,2026-08-31 14:30:00,v4.1.0-produccion,buena:completo/semana_anterior
B17_POLI,2026-09-01 06:50:00,voltaje_promedio,127.525826,2026-08-31 14:30:00,v4.1.0-produccion,buena:completo/semana_anterior
B17_POLI,2026-09-01 07:00:00,voltaje_promedio,127.50586,2026-08-31 14:30:00,v4.1.0-produccion,buena:completo/semana_anterior
B17_POLI,2026-09-01 07:10:00,voltaje_promedio,127.46326,2026-08-31 14:30:00,v4.1.0-produccion,buena:completo/semana_anterior
B17_POLI,2026-09-01 07:20:00,voltaje_promedio,127.39189,2026-08-31 14:30:00,v4.1.0-produccion,buena:completo/semana_anterior
B17_POLI,2026-09-01 07:30:00,voltaje_promedio,127.47157,2026-08-31 14:30:00,v4.1.0-produccion,buena:completo/semana_anterior
B17_POLI,2026-09-01 07:40:00,voltaje_promedio,127.39289,2026-08-31 14:30:00,v4.1.0-produccion,buena:completo/semana_anterior
B17_POLI,2026-09-01 07:50:00,voltaje_promedio,127.323814,2026-08-31 14:30:00,v4.1.0-produccion,buena:completo/semana_anterior
B17_POLI,2026-09-01 08:00:00,voltaje_promedio,127.30571,2026-08-31 14:30:00,v4.1.0-produccion,buena:completo/semana_anterior
B17_POLI,2026-09-01 08:10:00,voltaje_promedio,127.28778,2026-08-31 14:30:00,v4.1.0-produccion,buena:completo/semana_anterior
B17_POLI,2026-09-01 08:20:00,voltaje_promedio,127.21136,2026-08-31 14:30:00,v4.1.0-produccion,buena:completo/semana_anterior
B17_POLI,2026-09-01 08:30:00,voltaje_promedio,127.27521,2026-08-31 14:30:00,v4.1.0-produccion,buena:completo/semana_anterior
B17_POLI,2026-09-01 08:40:00,voltaje_promedio,127.244415,2026-08-31 14:30:00,v4.1.0-produccion,buena:completo/semana_anterior
B17_POLI,2026-09-01 08:50:00,voltaje_promedio,127.21425,2026-08-31 14:30:00,v4.1.0-produccion,buena:completo/semana_anterior
B17_POLI,2026-09-01 09:00:00,voltaje_promedio,127.201805,2026-08-31 14:30:00,v4.1.0-produccion,buena:completo/semana_anterior
B17_POLI,2026-09-01 09:10:00,voltaje_promedio,127.27741,2026-08-31 14:30:00,v4.1.0-produccion,buena:completo/semana_anterior
B17_POLI,2026-09-01 09:20:00,voltaje_promedio,127.27507,2026-08-31 14:30:00,v4.1.0-produccion,buena:completo/semana_anterior
B17_POLI,2026-09-01 09:30:00,voltaje_promedio,127.305954,2026-08-31 14:30:00,v4.1.0-produccion,buena:completo/semana_anterior
B17_POLI,2026-09-01 09:40:00,voltaje_promedio,127.34718,2026-08-31 14:30:00,v4.1.0-produccion,buena:completo/semana_anterior
B17_POLI,2026-09-01 09:50:00,voltaje_promedio,127.39963,2026-08-31 14:30:00,v4.1.0-produccion,buena:completo/semana_anterior
B17_POLI,2026-09-01 10:00:00,voltaje_promedio,127.34403,2026-08-31 14:30:00,v4.1.0-produccion,buena:completo/semana_anterior
B17_POLI,2026-09-01 10:10:00,voltaje_promedio,127.36956,2026-08-31 14:30:00,v4.1.0-produccion,buena:completo/semana_anterior
B17_POLI,2026-09-01 10:20:00,voltaje_promedio,127.350746,2026-08-31 14:30:00,v4.1.0-produccion,buena:completo/semana_anterior
B17_POLI,2026-09-01 10:30:00,voltaje_promedio,127.34462,2026-08-31 14:30:00,v4.1.0-produccion,buena:completo/semana_anterior
B17_POLI,2026-09-01 10:40:00,voltaje_promedio,127.41029,2026-08-31 14:30:00,v4.1.0-produccion,buena:completo/semana_anterior
B17_POLI,2026-09-01 10:50:00,voltaje_promedio,127.37115,2026-08-31 14:30:00,v4.1.0-produccion,buena:completo/semana_anterior
B17_POLI,2026-09-01 11:00:00,voltaje_promedio,127.33048,2026-08-31 14:30:00,v4.1.0-produccion,buena:completo/semana_anterior
B17_POLI,2026-09-01 11:10:00,voltaje_promedio,127.39867,2026-08-31 14:30:00,v4.1.0-produccion,buena:completo/semana_anterior
B17_POLI,2026-09-01 11:20:00,voltaje_promedio,127.37343,2026-08-31 14:30:00,v4.1.0-produccion,buena:completo/semana_anterior
B17_POLI,2026-09-01 11:30:00,voltaje_promedio,127.40255,2026-08-31 14:30:00,v4.1.0-produccion,buena:completo/semana_anterior
B17_POLI,2026-09-01 11:40:00,voltaje_promedio,127.46875,2026-08-31 14:30:00,v4.1.0-produccion,buena:completo/semana_anterior
B17_POLI,2026-09-01 11:50:00,voltaje_promedio,127.42646,2026-08-31 14:30:00,v4.1.0-produccion,buena:completo/semana_anterior
B17_POLI,2026-09-01 12:00:00,voltaje_promedio,127.43803,2026-08-31 14:30:00,v4.1.0-produccion,buena:completo/semana_anterior
B17_POLI,2026-09-01 12:10:00,voltaje_promedio,127.53048,2026-08-31 14:30:00,v4.1.0-produccion,buena:completo/semana_anterior
B17_POLI,2026-09-01 12:20:00,voltaje_promedio,127.54625,2026-08-31 14:30:00,v4.1.0-produccion,buena:completo/semana_anterior
B17_POLI,2026-09-01 12:30:00,voltaje_promedio,127.61063,2026-08-31 14:30:00,v4.1.0-produccion,buena:completo/semana_anterior
B17_POLI,2026-09-01 12:40:00,voltaje_promedio,127.64723,2026-08-31 14:30:00,v4.1.0-produccion,buena:completo/semana_anterior
B17_POLI,2026-09-01 12:50:00,voltaje_promedio,127.6228,2026-08-31 14:30:00,v4.1.0-produccion,buena:completo/semana_anterior
B17_POLI,2026-09-01 13:00:00,voltaje_promedio,127.592354,2026-08-31 14:30:00,v4.1.0-produccion,buena:completo/semana_anterior
B17_POLI,2026-09-01 13:10:00,voltaje_promedio,127.6492,2026-08-31 14:30:00,v4.1.0-produccion,buena:completo/semana_anterior
B17_POLI,2026-09-01 13:20:00,voltaje_promedio,127.62454,2026-08-31 14:30:00,v4.1.0-produccion,buena:completo/semana_anterior
B17_POLI,2026-09-01 13:30:00,voltaje_promedio,127.62833,2026-08-31 14:30:00,v4.1.0-produccion,buena:completo/semana_anterior
B17_POLI,2026-09-01 13:40:00,voltaje_promedio,127.7223,2026-08-31 14:30:00,v4.1.0-produccion,buena:completo/semana_anterior
B17_POLI,2026-09-01 13:50:00,voltaje_promedio,127.688034,2026-08-31 14:30:00,v4.1.0-produccion,buena:completo/semana_anterior
B17_POLI,2026-09-01 14:00:00,voltaje_promedio,127.68497,2026-08-31 14:30:00,v4.1.0-produccion,buena:completo/semana_anterior
B17_POLI,2026-09-01 14:10:00,voltaje_promedio,127.73189,2026-08-31 14:30:00,v4.1.0-produccion,buena:completo/semana_anterior
B17_POLI,2026-09-01 14:20:00,voltaje_promedio,127.68388,2026-08-31 14:30:00,v4.1.0-produccion,buena:completo/semana_anterior
B17_POLI,2026-09-01 14:30:00,voltaje_promedio,127.73288,2026-08-31 14:30:00,v4.1.0-produccion,buena:completo/semana_anterior
B18_PARQ,2026-08-31 14:40:00,activepower,38343.824,2026-08-31 14:30:00,v4.1.0-produccion,buena:completo/semana_anterior
B18_PARQ,2026-08-31 14:50:00,activepower,38256.45,2026-08-31 14:30:00,v4.1.0-produccion,buena:completo/semana_anterior
B18_PARQ,2026-08-31 15:00:00,activepower,38187.37,2026-08-31 14:30:00,v4.1.0-produccion,buena:completo/semana_anterior
B18_PARQ,2026-08-31 15:10:00,activepower,37967.246,2026-08-31 14:30:00,v4.1.0-produccion,buena:completo/semana_anterior
B18_PARQ,2026-08-31 15:20:00,activepower,38521.742,2026-08-31 14:30:00,v4.1.0-produccion,buena:completo/semana_anterior
B18_PARQ,2026-08-31 15:30:00,activepower,39084.22,2026-08-31 14:30:00,v4.1.0-produccion,buena:completo/semana_anterior
B18_PARQ,2026-08-31 15:40:00,activepower,38964.69,2026-08-31 14:30:00,v4.1.0-produccion,buena:completo/semana_anterior
B18_PARQ,2026-08-31 15:50:00,activepower,39097.1,2026-08-31 14:30:00,v4.1.0-produccion,buena:completo/semana_anterior
B18_PARQ,2026-08-31 16:00:00,activepower,39788.586,2026-08-31 14:30:00,v4.1.0-produccion,buena:completo/semana_anterior
B18_PARQ,2026-08-31 16:10:00,activepower,39387.61,2026-08-31 14:30:00,v4.1.0-produccion,buena:completo/semana_anterior
B18_PARQ,2026-08-31 16:20:00,activepower,39711.805,2026-08-31 14:30:00,v4.1.0-produccion,buena:completo/semana_anterior
B18_PARQ,2026-08-31 16:30:00,activepower,40631.633,2026-08-31 14:30:00,v4.1.0-produccion,buena:completo/semana_anterior
B18_PARQ,2026-08-31 16:40:00,activepower,41521.67,2026-08-31 14:30:00,v4.1.0-produccion,buena:completo/semana_anterior
B18_PARQ,2026-08-31 16:50:00,activepower,41967.77,2026-08-31 14:30:00,v4.1.0-produccion,buena:completo/semana_anterior
B18_PARQ,2026-08-31 17:00:00,activepower,42512.645,2026-08-31 14:30:00,v4.1.0-produccion,buena:completo/semana_anterior
B18_PARQ,2026-08-31 17:10:00,activepower,42769.89,2026-08-31 14:30:00,v4.1.0-produccion,buena:completo/semana_anterior
B18_PARQ,2026-08-31 17:20:00,activepower,43085.72,2026-08-31 14:30:00,v4.1.0-produccion,buena:completo/semana_anterior
B18_PARQ,2026-08-31 17:30:00,activepower,43883.953,2026-08-31 14:30:00,v4.1.0-produccion,buena:completo/semana_anterior
B18_PARQ,2026-08-31 17:40:00,activepower,45392.96,2026-08-31 14:30:00,v4.1.0-produccion,buena:completo/semana_anterior
B18_PARQ,2026-08-31 17:50:00,activepower,46521.11,2026-08-31 14:30:00,v4.1.0-produccion,buena:completo/semana_anterior
B18_PARQ,2026-08-31 18:00:00,activepower,46984.227,2026-08-31 14:30:00,v4.1.0-produccion,buena:completo/semana_anterior
B18_PARQ,2026-08-31 18:10:00,activepower,47602.758,2026-08-31 14:30:00,v4.1.0-produccion,buena:completo/semana_anterior
B18_PARQ,2026-08-31 18:20:00,activepower,48258.043,2026-08-31 14:30:00,v4.1.0-produccion,buena:completo/semana_anterior
B18_PARQ,2026-08-31 18:30:00,activepower,49966.777,2026-08-31 14:30:00,v4.1.0-produccion,buena:completo/semana_anterior
B18_PARQ,2026-08-31 18:40:00,activepower,50829.477,2026-08-31 14:30:00,v4.1.0-produccion,buena:completo/semana_anterior
B18_PARQ,2026-08-31 18:50:00,activepower,51183.457,2026-08-31 14:30:00,v4.1.0-produccion,buena:completo/semana_anterior
B18_PARQ,2026-08-31 19:00:00,activepower,52124.305,2026-08-31 14:30:00,v4.1.0-produccion,buena:completo/semana_anterior
B18_PARQ,2026-08-31 19:10:00,activepower,52649.88,2026-08-31 14:30:00,v4.1.0-produccion,buena:completo/semana_anterior
B18_PARQ,2026-08-31 19:20:00,activepower,53086.305,2026-08-31 14:30:00,v4.1.0-produccion,buena:completo/semana_anterior
B18_PARQ,2026-08-31 19:30:00,activepower,53433.28,2026-08-31 14:30:00,v4.1.0-produccion,buena:completo/semana_anterior
B18_PARQ,2026-08-31 19:40:00,activepower,54580.062,2026-08-31 14:30:00,v4.1.0-produccion,buena:completo/semana_anterior
B18_PARQ,2026-08-31 19:50:00,activepower,54601.188,2026-08-31 14:30:00,v4.1.0-produccion,buena:completo/semana_anterior
B18_PARQ,2026-08-31 20:00:00,activepower,53901.242,2026-08-31 14:30:00,v4.1.0-produccion,buena:completo/semana_anterior
B18_PARQ,2026-08-31 20:10:00,activepower,54193.723,2026-08-31 14:30:00,v4.1.0-produccion,buena:completo/semana_anterior
B18_PARQ,2026-08-31 20:20:00,activepower,53615.547,2026-08-31 14:30:00,v4.1.0-produccion,buena:completo/semana_anterior
B18_PARQ,2026-08-31 20:30:00,activepower,52715.582,2026-08-31 14:30:00,v4.1.0-produccion,buena:completo/semana_anterior
B18_PARQ,2026-08-31 20:40:00,activepower,52786.457,2026-08-31 14:30:00,v4.1.0-produccion,buena:completo/semana_anterior
B18_PARQ,2026-08-31 20:50:00,activepower,51384.953,2026-08-31 14:30:00,v4.1.0-produccion,buena:completo/semana_anterior
B18_PARQ,2026-08-31 21:00:00,activepower,50589.66,2026-08-31 14:30:00,v4.1.0-produccion,buena:completo/semana_anterior
B18_PARQ,2026-08-31 21:10:00,activepower,49603.08,2026-08-31 14:30:00,v4.1.0-produccion,buena:completo/semana_anterior
B18_PARQ,2026-08-31 21:20:00,activepower,48679.16,2026-08-31 14:30:00,v4.1.0-produccion,buena:completo/semana_anterior
B18_PARQ,2026-08-31 21:30:00,activepower,47097.645,2026-08-31 14:30:00,v4.1.0-produccion,buena:completo/semana_anterior
B18_PARQ,2026-08-31 21:40:00,activepower,46405.17,2026-08-31 14:30:00,v4.1.0-produccion,buena:completo/semana_anterior
B18_PARQ,2026-08-31 21:50:00,activepower,44703.754,2026-08-31 14:30:00,v4.1.0-produccion,buena:completo/semana_anterior
B18_PARQ,2026-08-31 22:00:00,activepower,43328.207,2026-08-31 14:30:00,v4.1.0-produccion,buena:completo/semana_anterior
B18_PARQ,2026-08-31 22:10:00,activepower,42231.605,2026-08-31 14:30:00,v4.1.0-produccion,buena:completo/semana_anterior
B18_PARQ,2026-08-31 22:20:00,activepower,40472.004,2026-08-31 14:30:00,v4.1.0-produccion,buena:completo/semana_anterior
B18_PARQ,2026-08-31 22:30:00,activepower,38742.043,2026-08-31 14:30:00,v4.1.0-produccion,buena:completo/semana_anterior
B18_PARQ,2026-08-31 22:40:00,activepower,37218.484,2026-08-31 14:30:00,v4.1.0-produccion,buena:completo/semana_anterior
B18_PARQ,2026-08-31 22:50:00,activepower,35684.805,2026-08-31 14:30:00,v4.1.0-produccion,buena:completo/semana_anterior
B18_PARQ,2026-08-31 23:00:00,activepower,34499.52,2026-08-31 14:30:00,v4.1.0-produccion,buena:completo/semana_anterior
B18_PARQ,2026-08-31 23:10:00,activepower,33203.426,2026-08-31 14:30:00,v4.1.0-produccion,buena:completo/semana_anterior
B18_PARQ,2026-08-31 23:20:00,activepower,31499.906,2026-08-31 14:30:00,v4.1.0-produccion,buena:completo/semana_anterior
B18_PARQ,2026-08-31 23:30:00,activepower,29506.625,2026-08-31 14:30:00,v4.1.0-produccion,buena:completo/semana_anterior
B18_PARQ,2026-08-31 23:40:00,activepower,28199.61,2026-08-31 14:30:00,v4.1.0-produccion,buena:completo/semana_anterior
B18_PARQ,2026-08-31 23:50:00,activepower,26861.781,2026-08-31 14:30:00,v4.1.0-produccion,buena:completo/semana_anterior
B18_PARQ,2026-09-01 00:00:00,activepower,25917.082,2026-08-31 14:30:00,v4.1.0-produccion,buena:completo/semana_anterior
B18_PARQ,2026-09-01 00:10:00,activepower,24979.715,2026-08-31 14:30:00,v4.1.0-produccion,buena:completo/semana_anterior
B18_PARQ,2026-09-01 00:20:00,activepower,23536.371,2026-08-31 14:30:00,v4.1.0-produccion,buena:completo/semana_anterior
B18_PARQ,2026-09-01 00:30:00,activepower,22375.816,2026-08-31 14:30:00,v4.1.0-produccion,buena:completo/semana_anterior
B18_PARQ,2026-09-01 00:40:00,activepower,21460.766,2026-08-31 14:30:00,v4.1.0-produccion,buena:completo/semana_anterior
B18_PARQ,2026-09-01 00:50:00,activepower,20996.074,2026-08-31 14:30:00,v4.1.0-produccion,buena:completo/semana_anterior
B18_PARQ,2026-09-01 01:00:00,activepower,20012.316,2026-08-31 14:30:00,v4.1.0-produccion,buena:completo/semana_anterior
B18_PARQ,2026-09-01 01:10:00,activepower,20163.383,2026-08-31 14:30:00,v4.1.0-produccion,buena:completo/semana_anterior
B18_PARQ,2026-09-01 01:20:00,activepower,18883.074,2026-08-31 14:30:00,v4.1.0-produccion,buena:completo/semana_anterior
B18_PARQ,2026-09-01 01:30:00,activepower,18348.117,2026-08-31 14:30:00,v4.1.0-produccion,buena:completo/semana_anterior
B18_PARQ,2026-09-01 01:40:00,activepower,17855.277,2026-08-31 14:30:00,v4.1.0-produccion,buena:completo/semana_anterior
B18_PARQ,2026-09-01 01:50:00,activepower,17674.17,2026-08-31 14:30:00,v4.1.0-produccion,buena:completo/semana_anterior
B18_PARQ,2026-09-01 02:00:00,activepower,17141.676,2026-08-31 14:30:00,v4.1.0-produccion,buena:completo/semana_anterior
B18_PARQ,2026-09-01 02:10:00,activepower,17000.047,2026-08-31 14:30:00,v4.1.0-produccion,buena:completo/semana_anterior
B18_PARQ,2026-09-01 02:20:00,activepower,16775.154,2026-08-31 14:30:00,v4.1.0-produccion,buena:completo/semana_anterior
B18_PARQ,2026-09-01 02:30:00,activepower,16408.193,2026-08-31 14:30:00,v4.1.0-produccion,buena:completo/semana_anterior
B18_PARQ,2026-09-01 02:40:00,activepower,16334.574,2026-08-31 14:30:00,v4.1.0-produccion,buena:completo/semana_anterior
B18_PARQ,2026-09-01 02:50:00,activepower,16555.006,2026-08-31 14:30:00,v4.1.0-produccion,buena:completo/semana_anterior
B18_PARQ,2026-09-01 03:00:00,activepower,16699.88,2026-08-31 14:30:00,v4.1.0-produccion,buena:completo/semana_anterior
B18_PARQ,2026-09-01 03:10:00,activepower,16534.988,2026-08-31 14:30:00,v4.1.0-produccion,buena:completo/semana_anterior
B18_PARQ,2026-09-01 03:20:00,activepower,16956.453,2026-08-31 14:30:00,v4.1.0-produccion,buena:completo/semana_anterior
B18_PARQ,2026-09-01 03:30:00,activepower,17465.184,2026-08-31 14:30:00,v4.1.0-produccion,buena:completo/semana_anterior
B18_PARQ,2026-09-01 03:40:00,activepower,17685.914,2026-08-31 14:30:00,v4.1.0-produccion,buena:completo/semana_anterior
B18_PARQ,2026-09-01 03:50:00,activepower,17993.137,2026-08-31 14:30:00,v4.1.0-produccion,buena:completo/semana_anterior
B18_PARQ,2026-09-01 04:00:00,activepower,18548.516,2026-08-31 14:30:00,v4.1.0-produccion,buena:completo/semana_anterior
B18_PARQ,2026-09-01 04:10:00,activepower,18749.883,2026-08-31 14:30:00,v4.1.0-produccion,buena:completo/semana_anterior
B18_PARQ,2026-09-01 04:20:00,activepower,19520.07,2026-08-31 14:30:00,v4.1.0-produccion,buena:completo/semana_anterior
B18_PARQ,2026-09-01 04:30:00,activepower,19963.12,2026-08-31 14:30:00,v4.1.0-produccion,buena:completo/semana_anterior
B18_PARQ,2026-09-01 04:40:00,activepower,21391.617,2026-08-31 14:30:00,v4.1.0-produccion,buena:completo/semana_anterior
B18_PARQ,2026-09-01 04:50:00,activepower,21414.469,2026-08-31 14:30:00,v4.1.0-produccion,buena:completo/semana_anterior
B18_PARQ,2026-09-01 05:00:00,activepower,22527.146,2026-08-31 14:30:00,v4.1.0-produccion,buena:completo/semana_anterior
B18_PARQ,2026-09-01 05:10:00,activepower,23471.266,2026-08-31 14:30:00,v4.1.0-produccion,buena:completo/semana_anterior
B18_PARQ,2026-09-01 05:20:00,activepower,25144.11,2026-08-31 14:30:00,v4.1.0-produccion,buena:completo/semana_anterior
B18_PARQ,2026-09-01 05:30:00,activepower,26212.094,2026-08-31 14:30:00,v4.1.0-produccion,buena:completo/semana_anterior
B18_PARQ,2026-09-01 05:40:00,activepower,27201.152,2026-08-31 14:30:00,v4.1.0-produccion,buena:completo/semana_anterior
B18_PARQ,2026-09-01 05:50:00,activepower,28576.844,2026-08-31 14:30:00,v4.1.0-produccion,buena:completo/semana_anterior
B18_PARQ,2026-09-01 06:00:00,activepower,29643.184,2026-08-31 14:30:00,v4.1.0-produccion,buena:completo/semana_anterior
B18_PARQ,2026-09-01 06:10:00,activepower,31086.738,2026-08-31 14:30:00,v4.1.0-produccion,buena:completo/semana_anterior
B18_PARQ,2026-09-01 06:20:00,activepower,32329.582,2026-08-31 14:30:00,v4.1.0-produccion,buena:completo/semana_anterior
B18_PARQ,2026-09-01 06:30:00,activepower,33629.918,2026-08-31 14:30:00,v4.1.0-produccion,buena:completo/semana_anterior
B18_PARQ,2026-09-01 06:40:00,activepower,34734.312,2026-08-31 14:30:00,v4.1.0-produccion,buena:completo/semana_anterior
B18_PARQ,2026-09-01 06:50:00,activepower,35994.805,2026-08-31 14:30:00,v4.1.0-produccion,buena:completo/semana_anterior
B18_PARQ,2026-09-01 07:00:00,activepower,36898.55,2026-08-31 14:30:00,v4.1.0-produccion,buena:completo/semana_anterior
B18_PARQ,2026-09-01 07:10:00,activepower,38218.703,2026-08-31 14:30:00,v4.1.0-produccion,buena:completo/semana_anterior
B18_PARQ,2026-09-01 07:20:00,activepower,39533.047,2026-08-31 14:30:00,v4.1.0-produccion,buena:completo/semana_anterior
B18_PARQ,2026-09-01 07:30:00,activepower,40627.56,2026-08-31 14:30:00,v4.1.0-produccion,buena:completo/semana_anterior
B18_PARQ,2026-09-01 07:40:00,activepower,41612.312,2026-08-31 14:30:00,v4.1.0-produccion,buena:completo/semana_anterior
B18_PARQ,2026-09-01 07:50:00,activepower,42429.195,2026-08-31 14:30:00,v4.1.0-produccion,buena:completo/semana_anterior
B18_PARQ,2026-09-01 08:00:00,activepower,42949.08,2026-08-31 14:30:00,v4.1.0-produccion,buena:completo/semana_anterior
B18_PARQ,2026-09-01 08:10:00,activepower,43978.723,2026-08-31 14:30:00,v4.1.0-produccion,buena:completo/semana_anterior
B18_PARQ,2026-09-01 08:20:00,activepower,44405.203,2026-08-31 14:30:00,v4.1.0-produccion,buena:completo/semana_anterior
B18_PARQ,2026-09-01 08:30:00,activepower,44977.508,2026-08-31 14:30:00,v4.1.0-produccion,buena:completo/semana_anterior
B18_PARQ,2026-09-01 08:40:00,activepower,45713.543,2026-08-31 14:30:00,v4.1.0-produccion,buena:completo/semana_anterior
B18_PARQ,2026-09-01 08:50:00,activepower,45860.266,2026-08-31 14:30:00,v4.1.0-produccion,buena:completo/semana_anterior
B18_PARQ,2026-09-01 09:00:00,activepower,46350.336,2026-08-31 14:30:00,v4.1.0-produccion,buena:completo/semana_anterior
B18_PARQ,2026-09-01 09:10:00,activepower,45718.266,2026-08-31 14:30:00,v4.1.0-produccion,buena:completo/semana_anterior
B18_PARQ,2026-09-01 09:20:00,activepower,46223.63,2026-08-31 14:30:00,v4.1.0-produccion,buena:completo/semana_anterior
B18_PARQ,2026-09-01 09:30:00,activepower,46159.426,2026-08-31 14:30:00,v4.1.0-produccion,buena:completo/semana_anterior
B18_PARQ,2026-09-01 09:40:00,activepower,46641.195,2026-08-31 14:30:00,v4.1.0-produccion,buena:completo/semana_anterior
B18_PARQ,2026-09-01 09:50:00,activepower,45896.64,2026-08-31 14:30:00,v4.1.0-produccion,buena:completo/semana_anterior
B18_PARQ,2026-09-01 10:00:00,activepower,45545.79,2026-08-31 14:30:00,v4.1.0-produccion,buena:completo/semana_anterior
B18_PARQ,2026-09-01 10:10:00,activepower,45393.445,2026-08-31 14:30:00,v4.1.0-produccion,buena:completo/semana_anterior
B18_PARQ,2026-09-01 10:20:00,activepower,44753.45,2026-08-31 14:30:00,v4.1.0-produccion,buena:completo/semana_anterior
B18_PARQ,2026-09-01 10:30:00,activepower,44677.367,2026-08-31 14:30:00,v4.1.0-produccion,buena:completo/semana_anterior
B18_PARQ,2026-09-01 10:40:00,activepower,44733.434,2026-08-31 14:30:00,v4.1.0-produccion,buena:completo/semana_anterior
B18_PARQ,2026-09-01 10:50:00,activepower,44183.355,2026-08-31 14:30:00,v4.1.0-produccion,buena:completo/semana_anterior
B18_PARQ,2026-09-01 11:00:00,activepower,44014.777,2026-08-31 14:30:00,v4.1.0-produccion,buena:completo/semana_anterior
B18_PARQ,2026-09-01 11:10:00,activepower,43412.875,2026-08-31 14:30:00,v4.1.0-produccion,buena:completo/semana_anterior
B18_PARQ,2026-09-01 11:20:00,activepower,42626.855,2026-08-31 14:30:00,v4.1.0-produccion,buena:completo/semana_anterior
B18_PARQ,2026-09-01 11:30:00,activepower,42509.15,2026-08-31 14:30:00,v4.1.0-produccion,buena:completo/semana_anterior
B18_PARQ,2026-09-01 11:40:00,activepower,41974.977,2026-08-31 14:30:00,v4.1.0-produccion,buena:completo/semana_anterior
B18_PARQ,2026-09-01 11:50:00,activepower,41477.496,2026-08-31 14:30:00,v4.1.0-produccion,buena:completo/semana_anterior
B18_PARQ,2026-09-01 12:00:00,activepower,41763.246,2026-08-31 14:30:00,v4.1.0-produccion,buena:completo/semana_anterior
B18_PARQ,2026-09-01 12:10:00,activepower,40765.367,2026-08-31 14:30:00,v4.1.0-produccion,buena:completo/semana_anterior
B18_PARQ,2026-09-01 12:20:00,activepower,40615.11,2026-08-31 14:30:00,v4.1.0-produccion,buena:completo/semana_anterior
B18_PARQ,2026-09-01 12:30:00,activepower,40037.14,2026-08-31 14:30:00,v4.1.0-produccion,buena:completo/semana_anterior
B18_PARQ,2026-09-01 12:40:00,activepower,40243.82,2026-08-31 14:30:00,v4.1.0-produccion,buena:completo/semana_anterior
B18_PARQ,2026-09-01 12:50:00,activepower,39855.91,2026-08-31 14:30:00,v4.1.0-produccion,buena:completo/semana_anterior
B18_PARQ,2026-09-01 13:00:00,activepower,39872.977,2026-08-31 14:30:00,v4.1.0-produccion,buena:completo/semana_anterior
B18_PARQ,2026-09-01 13:10:00,activepower,39557.64,2026-08-31 14:30:00,v4.1.0-produccion,buena:completo/semana_anterior
B18_PARQ,2026-09-01 13:20:00,activepower,39774.83,2026-08-31 14:30:00,v4.1.0-produccion,buena:completo/semana_anterior
B18_PARQ,2026-09-01 13:30:00,activepower,39201.504,2026-08-31 14:30:00,v4.1.0-produccion,buena:completo/semana_anterior
B18_PARQ,2026-09-01 13:40:00,activepower,39169.188,2026-08-31 14:30:00,v4.1.0-produccion,buena:completo/semana_anterior
B18_PARQ,2026-09-01 13:50:00,activepower,39318.87,2026-08-31 14:30:00,v4.1.0-produccion,buena:completo/semana_anterior
B18_PARQ,2026-09-01 14:00:00,activepower,39120.277,2026-08-31 14:30:00,v4.1.0-produccion,buena:completo/semana_anterior
B18_PARQ,2026-09-01 14:10:00,activepower,38771.73,2026-08-31 14:30:00,v4.1.0-produccion,buena:completo/semana_anterior
B18_PARQ,2026-09-01 14:20:00,activepower,38416.527,2026-08-31 14:30:00,v4.1.0-produccion,buena:completo/semana_anterior
B18_PARQ,2026-09-01 14:30:00,activepower,38497.914,2026-08-31 14:30:00,v4.1.0-produccion,buena:completo/semana_anterior
B18_PARQ,2026-08-31 14:40:00,totalpowerfactor,0.98738265,2026-08-31 14:30:00,v4.1.0-produccion,buena:completo/semana_anterior
B18_PARQ,2026-08-31 14:50:00,totalpowerfactor,0.9873748,2026-08-31 14:30:00,v4.1.0-produccion,buena:completo/semana_anterior
B18_PARQ,2026-08-31 15:00:00,totalpowerfactor,0.98644996,2026-08-31 14:30:00,v4.1.0-produccion,buena:completo/semana_anterior
B18_PARQ,2026-08-31 15:10:00,totalpowerfactor,0.98646504,2026-08-31 14:30:00,v4.1.0-produccion,buena:completo/semana_anterior
B18_PARQ,2026-08-31 15:20:00,totalpowerfactor,0.98611736,2026-08-31 14:30:00,v4.1.0-produccion,buena:completo/semana_anterior
B18_PARQ,2026-08-31 15:30:00,totalpowerfactor,0.9857419,2026-08-31 14:30:00,v4.1.0-produccion,buena:completo/semana_anterior
B18_PARQ,2026-08-31 15:40:00,totalpowerfactor,0.98578656,2026-08-31 14:30:00,v4.1.0-produccion,buena:completo/semana_anterior
B18_PARQ,2026-08-31 15:50:00,totalpowerfactor,0.9859294,2026-08-31 14:30:00,v4.1.0-produccion,buena:completo/semana_anterior
B18_PARQ,2026-08-31 16:00:00,totalpowerfactor,0.9856437,2026-08-31 14:30:00,v4.1.0-produccion,buena:completo/semana_anterior
B18_PARQ,2026-08-31 16:10:00,totalpowerfactor,0.9864918,2026-08-31 14:30:00,v4.1.0-produccion,buena:completo/semana_anterior
B18_PARQ,2026-08-31 16:20:00,totalpowerfactor,0.9862978,2026-08-31 14:30:00,v4.1.0-produccion,buena:completo/semana_anterior
B18_PARQ,2026-08-31 16:30:00,totalpowerfactor,0.9865523,2026-08-31 14:30:00,v4.1.0-produccion,buena:completo/semana_anterior
B18_PARQ,2026-08-31 16:40:00,totalpowerfactor,0.9854177,2026-08-31 14:30:00,v4.1.0-produccion,buena:completo/semana_anterior
B18_PARQ,2026-08-31 16:50:00,totalpowerfactor,0.98521996,2026-08-31 14:30:00,v4.1.0-produccion,buena:completo/semana_anterior
B18_PARQ,2026-08-31 17:00:00,totalpowerfactor,0.98465395,2026-08-31 14:30:00,v4.1.0-produccion,buena:completo/semana_anterior
B18_PARQ,2026-08-31 17:10:00,totalpowerfactor,0.98521066,2026-08-31 14:30:00,v4.1.0-produccion,buena:completo/semana_anterior
B18_PARQ,2026-08-31 17:20:00,totalpowerfactor,0.98373514,2026-08-31 14:30:00,v4.1.0-produccion,buena:completo/semana_anterior
B18_PARQ,2026-08-31 17:30:00,totalpowerfactor,0.9840988,2026-08-31 14:30:00,v4.1.0-produccion,buena:completo/semana_anterior
B18_PARQ,2026-08-31 17:40:00,totalpowerfactor,0.9837148,2026-08-31 14:30:00,v4.1.0-produccion,buena:completo/semana_anterior
B18_PARQ,2026-08-31 17:50:00,totalpowerfactor,0.98323923,2026-08-31 14:30:00,v4.1.0-produccion,buena:completo/semana_anterior
B18_PARQ,2026-08-31 18:00:00,totalpowerfactor,0.98374593,2026-08-31 14:30:00,v4.1.0-produccion,buena:completo/semana_anterior
B18_PARQ,2026-08-31 18:10:00,totalpowerfactor,0.9837873,2026-08-31 14:30:00,v4.1.0-produccion,buena:completo/semana_anterior
B18_PARQ,2026-08-31 18:20:00,totalpowerfactor,0.98349565,2026-08-31 14:30:00,v4.1.0-produccion,buena:completo/semana_anterior
B18_PARQ,2026-08-31 18:30:00,totalpowerfactor,0.9839096,2026-08-31 14:30:00,v4.1.0-produccion,buena:completo/semana_anterior
B18_PARQ,2026-08-31 18:40:00,totalpowerfactor,0.9830625,2026-08-31 14:30:00,v4.1.0-produccion,buena:completo/semana_anterior
B18_PARQ,2026-08-31 18:50:00,totalpowerfactor,0.9824696,2026-08-31 14:30:00,v4.1.0-produccion,buena:completo/semana_anterior
B18_PARQ,2026-08-31 19:00:00,totalpowerfactor,0.98249614,2026-08-31 14:30:00,v4.1.0-produccion,buena:completo/semana_anterior
B18_PARQ,2026-08-31 19:10:00,totalpowerfactor,0.982542,2026-08-31 14:30:00,v4.1.0-produccion,buena:completo/semana_anterior
B18_PARQ,2026-08-31 19:20:00,totalpowerfactor,0.98119295,2026-08-31 14:30:00,v4.1.0-produccion,buena:completo/semana_anterior
B18_PARQ,2026-08-31 19:30:00,totalpowerfactor,0.9815651,2026-08-31 14:30:00,v4.1.0-produccion,buena:completo/semana_anterior
B18_PARQ,2026-08-31 19:40:00,totalpowerfactor,0.98069966,2026-08-31 14:30:00,v4.1.0-produccion,buena:completo/semana_anterior
B18_PARQ,2026-08-31 19:50:00,totalpowerfactor,0.97964156,2026-08-31 14:30:00,v4.1.0-produccion,buena:completo/semana_anterior
B18_PARQ,2026-08-31 20:00:00,totalpowerfactor,0.9800431,2026-08-31 14:30:00,v4.1.0-produccion,buena:completo/semana_anterior
B18_PARQ,2026-08-31 20:10:00,totalpowerfactor,0.97991824,2026-08-31 14:30:00,v4.1.0-produccion,buena:completo/semana_anterior
B18_PARQ,2026-08-31 20:20:00,totalpowerfactor,0.9786431,2026-08-31 14:30:00,v4.1.0-produccion,buena:completo/semana_anterior
B18_PARQ,2026-08-31 20:30:00,totalpowerfactor,0.97846854,2026-08-31 14:30:00,v4.1.0-produccion,buena:completo/semana_anterior
B18_PARQ,2026-08-31 20:40:00,totalpowerfactor,0.9772165,2026-08-31 14:30:00,v4.1.0-produccion,buena:completo/semana_anterior
B18_PARQ,2026-08-31 20:50:00,totalpowerfactor,0.97700214,2026-08-31 14:30:00,v4.1.0-produccion,buena:completo/semana_anterior
B18_PARQ,2026-08-31 21:00:00,totalpowerfactor,0.9766744,2026-08-31 14:30:00,v4.1.0-produccion,buena:completo/semana_anterior
B18_PARQ,2026-08-31 21:10:00,totalpowerfactor,0.9770682,2026-08-31 14:30:00,v4.1.0-produccion,buena:completo/semana_anterior
B18_PARQ,2026-08-31 21:20:00,totalpowerfactor,0.9756514,2026-08-31 14:30:00,v4.1.0-produccion,buena:completo/semana_anterior
B18_PARQ,2026-08-31 21:30:00,totalpowerfactor,0.9758175,2026-08-31 14:30:00,v4.1.0-produccion,buena:completo/semana_anterior
B18_PARQ,2026-08-31 21:40:00,totalpowerfactor,0.9743333,2026-08-31 14:30:00,v4.1.0-produccion,buena:completo/semana_anterior
B18_PARQ,2026-08-31 21:50:00,totalpowerfactor,0.97338307,2026-08-31 14:30:00,v4.1.0-produccion,buena:completo/semana_anterior
B18_PARQ,2026-08-31 22:00:00,totalpowerfactor,0.97271055,2026-08-31 14:30:00,v4.1.0-produccion,buena:completo/semana_anterior
B18_PARQ,2026-08-31 22:10:00,totalpowerfactor,0.9728085,2026-08-31 14:30:00,v4.1.0-produccion,buena:completo/semana_anterior
B18_PARQ,2026-08-31 22:20:00,totalpowerfactor,0.97166705,2026-08-31 14:30:00,v4.1.0-produccion,buena:completo/semana_anterior
B18_PARQ,2026-08-31 22:30:00,totalpowerfactor,0.96968293,2026-08-31 14:30:00,v4.1.0-produccion,buena:completo/semana_anterior
B18_PARQ,2026-08-31 22:40:00,totalpowerfactor,0.96938545,2026-08-31 14:30:00,v4.1.0-produccion,buena:completo/semana_anterior
B18_PARQ,2026-08-31 22:50:00,totalpowerfactor,0.96878344,2026-08-31 14:30:00,v4.1.0-produccion,buena:completo/semana_anterior
B18_PARQ,2026-08-31 23:00:00,totalpowerfactor,0.9675544,2026-08-31 14:30:00,v4.1.0-produccion,buena:completo/semana_anterior
B18_PARQ,2026-08-31 23:10:00,totalpowerfactor,0.9678379,2026-08-31 14:30:00,v4.1.0-produccion,buena:completo/semana_anterior
B18_PARQ,2026-08-31 23:20:00,totalpowerfactor,0.9670085,2026-08-31 14:30:00,v4.1.0-produccion,buena:completo/semana_anterior
B18_PARQ,2026-08-31 23:30:00,totalpowerfactor,0.9668944,2026-08-31 14:30:00,v4.1.0-produccion,buena:completo/semana_anterior
B18_PARQ,2026-08-31 23:40:00,totalpowerfactor,0.9649632,2026-08-31 14:30:00,v4.1.0-produccion,buena:completo/semana_anterior
B18_PARQ,2026-08-31 23:50:00,totalpowerfactor,0.9648187,2026-08-31 14:30:00,v4.1.0-produccion,buena:completo/semana_anterior
B18_PARQ,2026-09-01 00:00:00,totalpowerfactor,0.9638976,2026-08-31 14:30:00,v4.1.0-produccion,buena:completo/semana_anterior
B18_PARQ,2026-09-01 00:10:00,totalpowerfactor,0.9631484,2026-08-31 14:30:00,v4.1.0-produccion,buena:completo/semana_anterior
B18_PARQ,2026-09-01 00:20:00,totalpowerfactor,0.96310735,2026-08-31 14:30:00,v4.1.0-produccion,buena:completo/semana_anterior
B18_PARQ,2026-09-01 00:30:00,totalpowerfactor,0.96166134,2026-08-31 14:30:00,v4.1.0-produccion,buena:completo/semana_anterior
B18_PARQ,2026-09-01 00:40:00,totalpowerfactor,0.9605973,2026-08-31 14:30:00,v4.1.0-produccion,buena:completo/semana_anterior
B18_PARQ,2026-09-01 00:50:00,totalpowerfactor,0.9605622,2026-08-31 14:30:00,v4.1.0-produccion,buena:completo/semana_anterior
B18_PARQ,2026-09-01 01:00:00,totalpowerfactor,0.96032417,2026-08-31 14:30:00,v4.1.0-produccion,buena:completo/semana_anterior
B18_PARQ,2026-09-01 01:10:00,totalpowerfactor,0.9598134,2026-08-31 14:30:00,v4.1.0-produccion,buena:completo/semana_anterior
B18_PARQ,2026-09-01 01:20:00,totalpowerfactor,0.96059394,2026-08-31 14:30:00,v4.1.0-produccion,buena:completo/semana_anterior
B18_PARQ,2026-09-01 01:30:00,totalpowerfactor,0.9594375,2026-08-31 14:30:00,v4.1.0-produccion,buena:completo/semana_anterior
B18_PARQ,2026-09-01 01:40:00,totalpowerfactor,0.95851,2026-08-31 14:30:00,v4.1.0-produccion,buena:completo/semana_anterior
B18_PARQ,2026-09-01 01:50:00,totalpowerfactor,0.9594157,2026-08-31 14:30:00,v4.1.0-produccion,buena:completo/semana_anterior
B18_PARQ,2026-09-01 02:00:00,totalpowerfactor,0.95896214,2026-08-31 14:30:00,v4.1.0-produccion,buena:completo/semana_anterior
B18_PARQ,2026-09-01 02:10:00,totalpowerfactor,0.95935476,2026-08-31 14:30:00,v4.1.0-produccion,buena:completo/semana_anterior
B18_PARQ,2026-09-01 02:20:00,totalpowerfactor,0.9589633,2026-08-31 14:30:00,v4.1.0-produccion,buena:completo/semana_anterior
B18_PARQ,2026-09-01 02:30:00,totalpowerfactor,0.9595946,2026-08-31 14:30:00,v4.1.0-produccion,buena:completo/semana_anterior
B18_PARQ,2026-09-01 02:40:00,totalpowerfactor,0.95938873,2026-08-31 14:30:00,v4.1.0-produccion,buena:completo/semana_anterior
B18_PARQ,2026-09-01 02:50:00,totalpowerfactor,0.9599203,2026-08-31 14:30:00,v4.1.0-produccion,buena:completo/semana_anterior
B18_PARQ,2026-09-01 03:00:00,totalpowerfactor,0.9599216,2026-08-31 14:30:00,v4.1.0-produccion,buena:completo/semana_anterior
B18_PARQ,2026-09-01 03:10:00,totalpowerfactor,0.9610331,2026-08-31 14:30:00,v4.1.0-produccion,buena:completo/semana_anterior
B18_PARQ,2026-09-01 03:20:00,totalpowerfactor,0.9623924,2026-08-31 14:30:00,v4.1.0-produccion,buena:completo/semana_anterior
B18_PARQ,2026-09-01 03:30:00,totalpowerfactor,0.9638012,2026-08-31 14:30:00,v4.1.0-produccion,buena:completo/semana_anterior
B18_PARQ,2026-09-01 03:40:00,totalpowerfactor,0.96345156,2026-08-31 14:30:00,v4.1.0-produccion,buena:completo/semana_anterior
B18_PARQ,2026-09-01 03:50:00,totalpowerfactor,0.9651924,2026-08-31 14:30:00,v4.1.0-produccion,buena:completo/semana_anterior
B18_PARQ,2026-09-01 04:00:00,totalpowerfactor,0.96631986,2026-08-31 14:30:00,v4.1.0-produccion,buena:completo/semana_anterior
B18_PARQ,2026-09-01 04:10:00,totalpowerfactor,0.9679811,2026-08-31 14:30:00,v4.1.0-produccion,buena:completo/semana_anterior
B18_PARQ,2026-09-01 04:20:00,totalpowerfactor,0.97085404,2026-08-31 14:30:00,v4.1.0-produccion,buena:completo/semana_anterior
B18_PARQ,2026-09-01 04:30:00,totalpowerfactor,0.97096574,2026-08-31 14:30:00,v4.1.0-produccion,buena:completo/semana_anterior
B18_PARQ,2026-09-01 04:40:00,totalpowerfactor,0.9725159,2026-08-31 14:30:00,v4.1.0-produccion,buena:completo/semana_anterior
B18_PARQ,2026-09-01 04:50:00,totalpowerfactor,0.97448033,2026-08-31 14:30:00,v4.1.0-produccion,buena:completo/semana_anterior
B18_PARQ,2026-09-01 05:00:00,totalpowerfactor,0.97576666,2026-08-31 14:30:00,v4.1.0-produccion,buena:completo/semana_anterior
B18_PARQ,2026-09-01 05:10:00,totalpowerfactor,0.97798526,2026-08-31 14:30:00,v4.1.0-produccion,buena:completo/semana_anterior
B18_PARQ,2026-09-01 05:20:00,totalpowerfactor,0.97989804,2026-08-31 14:30:00,v4.1.0-produccion,buena:completo/semana_anterior
B18_PARQ,2026-09-01 05:30:00,totalpowerfactor,0.9810334,2026-08-31 14:30:00,v4.1.0-produccion,buena:completo/semana_anterior
B18_PARQ,2026-09-01 05:40:00,totalpowerfactor,0.9823368,2026-08-31 14:30:00,v4.1.0-produccion,buena:completo/semana_anterior
B18_PARQ,2026-09-01 05:50:00,totalpowerfactor,0.9833884,2026-08-31 14:30:00,v4.1.0-produccion,buena:completo/semana_anterior
B18_PARQ,2026-09-01 06:00:00,totalpowerfactor,0.9839487,2026-08-31 14:30:00,v4.1.0-produccion,buena:completo/semana_anterior
B18_PARQ,2026-09-01 06:10:00,totalpowerfactor,0.98539096,2026-08-31 14:30:00,v4.1.0-produccion,buena:completo/semana_anterior
B18_PARQ,2026-09-01 06:20:00,totalpowerfactor,0.987223,2026-08-31 14:30:00,v4.1.0-produccion,buena:completo/semana_anterior
B18_PARQ,2026-09-01 06:30:00,totalpowerfactor,0.9881586,2026-08-31 14:30:00,v4.1.0-produccion,buena:completo/semana_anterior
B18_PARQ,2026-09-01 06:40:00,totalpowerfactor,0.98692566,2026-08-31 14:30:00,v4.1.0-produccion,buena:completo/semana_anterior
B18_PARQ,2026-09-01 06:50:00,totalpowerfactor,0.98749036,2026-08-31 14:30:00,v4.1.0-produccion,buena:completo/semana_anterior
B18_PARQ,2026-09-01 07:00:00,totalpowerfactor,0.98739934,2026-08-31 14:30:00,v4.1.0-produccion,buena:completo/semana_anterior
B18_PARQ,2026-09-01 07:10:00,totalpowerfactor,0.98793125,2026-08-31 14:30:00,v4.1.0-produccion,buena:completo/semana_anterior
B18_PARQ,2026-09-01 07:20:00,totalpowerfactor,0.98722,2026-08-31 14:30:00,v4.1.0-produccion,buena:completo/semana_anterior
B18_PARQ,2026-09-01 07:30:00,totalpowerfactor,0.9876969,2026-08-31 14:30:00,v4.1.0-produccion,buena:completo/semana_anterior
B18_PARQ,2026-09-01 07:40:00,totalpowerfactor,0.987721,2026-08-31 14:30:00,v4.1.0-produccion,buena:completo/semana_anterior
B18_PARQ,2026-09-01 07:50:00,totalpowerfactor,0.98792934,2026-08-31 14:30:00,v4.1.0-produccion,buena:completo/semana_anterior
B18_PARQ,2026-09-01 08:00:00,totalpowerfactor,0.9881362,2026-08-31 14:30:00,v4.1.0-produccion,buena:completo/semana_anterior
B18_PARQ,2026-09-01 08:10:00,totalpowerfactor,0.98724693,2026-08-31 14:30:00,v4.1.0-produccion,buena:completo/semana_anterior
B18_PARQ,2026-09-01 08:20:00,totalpowerfactor,0.9870982,2026-08-31 14:30:00,v4.1.0-produccion,buena:completo/semana_anterior
B18_PARQ,2026-09-01 08:30:00,totalpowerfactor,0.98684216,2026-08-31 14:30:00,v4.1.0-produccion,buena:completo/semana_anterior
B18_PARQ,2026-09-01 08:40:00,totalpowerfactor,0.98703545,2026-08-31 14:30:00,v4.1.0-produccion,buena:completo/semana_anterior
B18_PARQ,2026-09-01 08:50:00,totalpowerfactor,0.98629504,2026-08-31 14:30:00,v4.1.0-produccion,buena:completo/semana_anterior
B18_PARQ,2026-09-01 09:00:00,totalpowerfactor,0.9862212,2026-08-31 14:30:00,v4.1.0-produccion,buena:completo/semana_anterior
B18_PARQ,2026-09-01 09:10:00,totalpowerfactor,0.98599094,2026-08-31 14:30:00,v4.1.0-produccion,buena:completo/semana_anterior
B18_PARQ,2026-09-01 09:20:00,totalpowerfactor,0.9859577,2026-08-31 14:30:00,v4.1.0-produccion,buena:completo/semana_anterior
B18_PARQ,2026-09-01 09:30:00,totalpowerfactor,0.98655915,2026-08-31 14:30:00,v4.1.0-produccion,buena:completo/semana_anterior
B18_PARQ,2026-09-01 09:40:00,totalpowerfactor,0.98548055,2026-08-31 14:30:00,v4.1.0-produccion,buena:completo/semana_anterior
B18_PARQ,2026-09-01 09:50:00,totalpowerfactor,0.9846735,2026-08-31 14:30:00,v4.1.0-produccion,buena:completo/semana_anterior
B18_PARQ,2026-09-01 10:00:00,totalpowerfactor,0.98452383,2026-08-31 14:30:00,v4.1.0-produccion,buena:completo/semana_anterior
B18_PARQ,2026-09-01 10:10:00,totalpowerfactor,0.9848114,2026-08-31 14:30:00,v4.1.0-produccion,buena:completo/semana_anterior
B18_PARQ,2026-09-01 10:20:00,totalpowerfactor,0.9847058,2026-08-31 14:30:00,v4.1.0-produccion,buena:completo/semana_anterior
B18_PARQ,2026-09-01 10:30:00,totalpowerfactor,0.9855124,2026-08-31 14:30:00,v4.1.0-produccion,buena:completo/semana_anterior
B18_PARQ,2026-09-01 10:40:00,totalpowerfactor,0.98527235,2026-08-31 14:30:00,v4.1.0-produccion,buena:completo/semana_anterior
B18_PARQ,2026-09-01 10:50:00,totalpowerfactor,0.9854915,2026-08-31 14:30:00,v4.1.0-produccion,buena:completo/semana_anterior
B18_PARQ,2026-09-01 11:00:00,totalpowerfactor,0.9853469,2026-08-31 14:30:00,v4.1.0-produccion,buena:completo/semana_anterior
B18_PARQ,2026-09-01 11:10:00,totalpowerfactor,0.98541594,2026-08-31 14:30:00,v4.1.0-produccion,buena:completo/semana_anterior
B18_PARQ,2026-09-01 11:20:00,totalpowerfactor,0.98613286,2026-08-31 14:30:00,v4.1.0-produccion,buena:completo/semana_anterior
B18_PARQ,2026-09-01 11:30:00,totalpowerfactor,0.98553485,2026-08-31 14:30:00,v4.1.0-produccion,buena:completo/semana_anterior
B18_PARQ,2026-09-01 11:40:00,totalpowerfactor,0.9859153,2026-08-31 14:30:00,v4.1.0-produccion,buena:completo/semana_anterior
B18_PARQ,2026-09-01 11:50:00,totalpowerfactor,0.9862187,2026-08-31 14:30:00,v4.1.0-produccion,buena:completo/semana_anterior
B18_PARQ,2026-09-01 12:00:00,totalpowerfactor,0.9862801,2026-08-31 14:30:00,v4.1.0-produccion,buena:completo/semana_anterior
B18_PARQ,2026-09-01 12:10:00,totalpowerfactor,0.98584855,2026-08-31 14:30:00,v4.1.0-produccion,buena:completo/semana_anterior
B18_PARQ,2026-09-01 12:20:00,totalpowerfactor,0.9860786,2026-08-31 14:30:00,v4.1.0-produccion,buena:completo/semana_anterior
B18_PARQ,2026-09-01 12:30:00,totalpowerfactor,0.98548895,2026-08-31 14:30:00,v4.1.0-produccion,buena:completo/semana_anterior
B18_PARQ,2026-09-01 12:40:00,totalpowerfactor,0.9852175,2026-08-31 14:30:00,v4.1.0-produccion,buena:completo/semana_anterior
B18_PARQ,2026-09-01 12:50:00,totalpowerfactor,0.9854487,2026-08-31 14:30:00,v4.1.0-produccion,buena:completo/semana_anterior
B18_PARQ,2026-09-01 13:00:00,totalpowerfactor,0.9856986,2026-08-31 14:30:00,v4.1.0-produccion,buena:completo/semana_anterior
B18_PARQ,2026-09-01 13:10:00,totalpowerfactor,0.98585874,2026-08-31 14:30:00,v4.1.0-produccion,buena:completo/semana_anterior
B18_PARQ,2026-09-01 13:20:00,totalpowerfactor,0.98605895,2026-08-31 14:30:00,v4.1.0-produccion,buena:completo/semana_anterior
B18_PARQ,2026-09-01 13:30:00,totalpowerfactor,0.9854727,2026-08-31 14:30:00,v4.1.0-produccion,buena:completo/semana_anterior
B18_PARQ,2026-09-01 13:40:00,totalpowerfactor,0.98659116,2026-08-31 14:30:00,v4.1.0-produccion,buena:completo/semana_anterior
B18_PARQ,2026-09-01 13:50:00,totalpowerfactor,0.9854738,2026-08-31 14:30:00,v4.1.0-produccion,buena:completo/semana_anterior
B18_PARQ,2026-09-01 14:00:00,totalpowerfactor,0.98570216,2026-08-31 14:30:00,v4.1.0-produccion,buena:completo/semana_anterior
B18_PARQ,2026-09-01 14:10:00,totalpowerfactor,0.98606646,2026-08-31 14:30:00,v4.1.0-produccion,buena:completo/semana_anterior
B18_PARQ,2026-09-01 14:20:00,totalpowerfactor,0.9850937,2026-08-31 14:30:00,v4.1.0-produccion,buena:completo/semana_anterior
B18_PARQ,2026-09-01 14:30:00,totalpowerfactor,0.98435754,2026-08-31 14:30:00,v4.1.0-produccion,buena:completo/semana_anterior
B18_PARQ,2026-08-31 14:40:00,voltaje_promedio,129.66537,2026-08-31 14:30:00,v4.1.0-produccion,buena:completo/semana_anterior
B18_PARQ,2026-08-31 14:50:00,voltaje_promedio,129.7058,2026-08-31 14:30:00,v4.1.0-produccion,buena:completo/semana_anterior
B18_PARQ,2026-08-31 15:00:00,voltaje_promedio,129.67227,2026-08-31 14:30:00,v4.1.0-produccion,buena:completo/semana_anterior
B18_PARQ,2026-08-31 15:10:00,voltaje_promedio,129.66176,2026-08-31 14:30:00,v4.1.0-produccion,buena:completo/semana_anterior
B18_PARQ,2026-08-31 15:20:00,voltaje_promedio,129.69868,2026-08-31 14:30:00,v4.1.0-produccion,buena:completo/semana_anterior
B18_PARQ,2026-08-31 15:30:00,voltaje_promedio,129.81223,2026-08-31 14:30:00,v4.1.0-produccion,buena:completo/semana_anterior
B18_PARQ,2026-08-31 15:40:00,voltaje_promedio,129.87206,2026-08-31 14:30:00,v4.1.0-produccion,buena:completo/semana_anterior
B18_PARQ,2026-08-31 15:50:00,voltaje_promedio,129.86266,2026-08-31 14:30:00,v4.1.0-produccion,buena:completo/semana_anterior
B18_PARQ,2026-08-31 16:00:00,voltaje_promedio,129.90771,2026-08-31 14:30:00,v4.1.0-produccion,buena:completo/semana_anterior
B18_PARQ,2026-08-31 16:10:00,voltaje_promedio,129.90556,2026-08-31 14:30:00,v4.1.0-produccion,buena:completo/semana_anterior
B18_PARQ,2026-08-31 16:20:00,voltaje_promedio,129.92828,2026-08-31 14:30:00,v4.1.0-produccion,buena:completo/semana_anterior
B18_PARQ,2026-08-31 16:30:00,voltaje_promedio,129.96284,2026-08-31 14:30:00,v4.1.0-produccion,buena:completo/semana_anterior
B18_PARQ,2026-08-31 16:40:00,voltaje_promedio,129.99,2026-08-31 14:30:00,v4.1.0-produccion,buena:completo/semana_anterior
B18_PARQ,2026-08-31 16:50:00,voltaje_promedio,129.93074,2026-08-31 14:30:00,v4.1.0-produccion,buena:completo/semana_anterior
B18_PARQ,2026-08-31 17:00:00,voltaje_promedio,130.05301,2026-08-31 14:30:00,v4.1.0-produccion,buena:completo/semana_anterior
B18_PARQ,2026-08-31 17:10:00,voltaje_promedio,130.03934,2026-08-31 14:30:00,v4.1.0-produccion,buena:completo/semana_anterior
B18_PARQ,2026-08-31 17:20:00,voltaje_promedio,130.09097,2026-08-31 14:30:00,v4.1.0-produccion,buena:completo/semana_anterior
B18_PARQ,2026-08-31 17:30:00,voltaje_promedio,130.11761,2026-08-31 14:30:00,v4.1.0-produccion,buena:completo/semana_anterior
B18_PARQ,2026-08-31 17:40:00,voltaje_promedio,130.06436,2026-08-31 14:30:00,v4.1.0-produccion,buena:completo/semana_anterior
B18_PARQ,2026-08-31 17:50:00,voltaje_promedio,130.08629,2026-08-31 14:30:00,v4.1.0-produccion,buena:completo/semana_anterior
B18_PARQ,2026-08-31 18:00:00,voltaje_promedio,130.16486,2026-08-31 14:30:00,v4.1.0-produccion,buena:completo/semana_anterior
B18_PARQ,2026-08-31 18:10:00,voltaje_promedio,130.17018,2026-08-31 14:30:00,v4.1.0-produccion,buena:completo/semana_anterior
B18_PARQ,2026-08-31 18:20:00,voltaje_promedio,130.19917,2026-08-31 14:30:00,v4.1.0-produccion,buena:completo/semana_anterior
B18_PARQ,2026-08-31 18:30:00,voltaje_promedio,130.21742,2026-08-31 14:30:00,v4.1.0-produccion,buena:completo/semana_anterior
B18_PARQ,2026-08-31 18:40:00,voltaje_promedio,130.16486,2026-08-31 14:30:00,v4.1.0-produccion,buena:completo/semana_anterior
B18_PARQ,2026-08-31 18:50:00,voltaje_promedio,130.12529,2026-08-31 14:30:00,v4.1.0-produccion,buena:completo/semana_anterior
B18_PARQ,2026-08-31 19:00:00,voltaje_promedio,130.13159,2026-08-31 14:30:00,v4.1.0-produccion,buena:completo/semana_anterior
B18_PARQ,2026-08-31 19:10:00,voltaje_promedio,130.15164,2026-08-31 14:30:00,v4.1.0-produccion,buena:completo/semana_anterior
B18_PARQ,2026-08-31 19:20:00,voltaje_promedio,130.24106,2026-08-31 14:30:00,v4.1.0-produccion,buena:completo/semana_anterior
B18_PARQ,2026-08-31 19:30:00,voltaje_promedio,130.2405,2026-08-31 14:30:00,v4.1.0-produccion,buena:completo/semana_anterior
B18_PARQ,2026-08-31 19:40:00,voltaje_promedio,130.29666,2026-08-31 14:30:00,v4.1.0-produccion,buena:completo/semana_anterior
B18_PARQ,2026-08-31 19:50:00,voltaje_promedio,130.29086,2026-08-31 14:30:00,v4.1.0-produccion,buena:completo/semana_anterior
B18_PARQ,2026-08-31 20:00:00,voltaje_promedio,130.34062,2026-08-31 14:30:00,v4.1.0-produccion,buena:completo/semana_anterior
B18_PARQ,2026-08-31 20:10:00,voltaje_promedio,130.42102,2026-08-31 14:30:00,v4.1.0-produccion,buena:completo/semana_anterior
B18_PARQ,2026-08-31 20:20:00,voltaje_promedio,130.42381,2026-08-31 14:30:00,v4.1.0-produccion,buena:completo/semana_anterior
B18_PARQ,2026-08-31 20:30:00,voltaje_promedio,130.43083,2026-08-31 14:30:00,v4.1.0-produccion,buena:completo/semana_anterior
B18_PARQ,2026-08-31 20:40:00,voltaje_promedio,130.43474,2026-08-31 14:30:00,v4.1.0-produccion,buena:completo/semana_anterior
B18_PARQ,2026-08-31 20:50:00,voltaje_promedio,130.47209,2026-08-31 14:30:00,v4.1.0-produccion,buena:completo/semana_anterior
B18_PARQ,2026-08-31 21:00:00,voltaje_promedio,130.5006,2026-08-31 14:30:00,v4.1.0-produccion,buena:completo/semana_anterior
B18_PARQ,2026-08-31 21:10:00,voltaje_promedio,130.56926,2026-08-31 14:30:00,v4.1.0-produccion,buena:completo/semana_anterior
B18_PARQ,2026-08-31 21:20:00,voltaje_promedio,130.60324,2026-08-31 14:30:00,v4.1.0-produccion,buena:completo/semana_anterior
B18_PARQ,2026-08-31 21:30:00,voltaje_promedio,130.59975,2026-08-31 14:30:00,v4.1.0-produccion,buena:completo/semana_anterior
B18_PARQ,2026-08-31 21:40:00,voltaje_promedio,130.60591,2026-08-31 14:30:00,v4.1.0-produccion,buena:completo/semana_anterior
B18_PARQ,2026-08-31 21:50:00,voltaje_promedio,130.62683,2026-08-31 14:30:00,v4.1.0-produccion,buena:completo/semana_anterior
B18_PARQ,2026-08-31 22:00:00,voltaje_promedio,130.68747,2026-08-31 14:30:00,v4.1.0-produccion,buena:completo/semana_anterior
B18_PARQ,2026-08-31 22:10:00,voltaje_promedio,130.72537,2026-08-31 14:30:00,v4.1.0-produccion,buena:completo/semana_anterior
B18_PARQ,2026-08-31 22:20:00,voltaje_promedio,130.73428,2026-08-31 14:30:00,v4.1.0-produccion,buena:completo/semana_anterior
B18_PARQ,2026-08-31 22:30:00,voltaje_promedio,130.65007,2026-08-31 14:30:00,v4.1.0-produccion,buena:completo/semana_anterior
B18_PARQ,2026-08-31 22:40:00,voltaje_promedio,130.62723,2026-08-31 14:30:00,v4.1.0-produccion,buena:completo/semana_anterior
B18_PARQ,2026-08-31 22:50:00,voltaje_promedio,130.71333,2026-08-31 14:30:00,v4.1.0-produccion,buena:completo/semana_anterior
B18_PARQ,2026-08-31 23:00:00,voltaje_promedio,130.79977,2026-08-31 14:30:00,v4.1.0-produccion,buena:completo/semana_anterior
B18_PARQ,2026-08-31 23:10:00,voltaje_promedio,130.78409,2026-08-31 14:30:00,v4.1.0-produccion,buena:completo/semana_anterior
B18_PARQ,2026-08-31 23:20:00,voltaje_promedio,130.84071,2026-08-31 14:30:00,v4.1.0-produccion,buena:completo/semana_anterior
B18_PARQ,2026-08-31 23:30:00,voltaje_promedio,130.8083,2026-08-31 14:30:00,v4.1.0-produccion,buena:completo/semana_anterior
B18_PARQ,2026-08-31 23:40:00,voltaje_promedio,130.81386,2026-08-31 14:30:00,v4.1.0-produccion,buena:completo/semana_anterior
B18_PARQ,2026-08-31 23:50:00,voltaje_promedio,130.80893,2026-08-31 14:30:00,v4.1.0-produccion,buena:completo/semana_anterior
B18_PARQ,2026-09-01 00:00:00,voltaje_promedio,130.84816,2026-08-31 14:30:00,v4.1.0-produccion,buena:completo/semana_anterior
B18_PARQ,2026-09-01 00:10:00,voltaje_promedio,130.86452,2026-08-31 14:30:00,v4.1.0-produccion,buena:completo/semana_anterior
B18_PARQ,2026-09-01 00:20:00,voltaje_promedio,130.87106,2026-08-31 14:30:00,v4.1.0-produccion,buena:completo/semana_anterior
B18_PARQ,2026-09-01 00:30:00,voltaje_promedio,130.83797,2026-08-31 14:30:00,v4.1.0-produccion,buena:completo/semana_anterior
B18_PARQ,2026-09-01 00:40:00,voltaje_promedio,130.88554,2026-08-31 14:30:00,v4.1.0-produccion,buena:completo/semana_anterior
B18_PARQ,2026-09-01 00:50:00,voltaje_promedio,130.92253,2026-08-31 14:30:00,v4.1.0-produccion,buena:completo/semana_anterior
B18_PARQ,2026-09-01 01:00:00,voltaje_promedio,130.88336,2026-08-31 14:30:00,v4.1.0-produccion,buena:completo/semana_anterior
B18_PARQ,2026-09-01 01:10:00,voltaje_promedio,130.91745,2026-08-31 14:30:00,v4.1.0-produccion,buena:completo/semana_anterior
B18_PARQ,2026-09-01 01:20:00,voltaje_promedio,130.88205,2026-08-31 14:30:00,v4.1.0-produccion,buena:completo/semana_anterior
B18_PARQ,2026-09-01 01:30:00,voltaje_promedio,130.84631,2026-08-31 14:30:00,v4.1.0-produccion,buena:completo/semana_anterior
B18_PARQ,2026-09-01 01:40:00,voltaje_promedio,130.89798,2026-08-31 14:30:00,v4.1.0-produccion,buena:completo/semana_anterior
B18_PARQ,2026-09-01 01:50:00,voltaje_promedio,130.89828,2026-08-31 14:30:00,v4.1.0-produccion,buena:completo/semana_anterior
B18_PARQ,2026-09-01 02:00:00,voltaje_promedio,130.87975,2026-08-31 14:30:00,v4.1.0-produccion,buena:completo/semana_anterior
B18_PARQ,2026-09-01 02:10:00,voltaje_promedio,130.86928,2026-08-31 14:30:00,v4.1.0-produccion,buena:completo/semana_anterior
B18_PARQ,2026-09-01 02:20:00,voltaje_promedio,130.82709,2026-08-31 14:30:00,v4.1.0-produccion,buena:completo/semana_anterior
B18_PARQ,2026-09-01 02:30:00,voltaje_promedio,130.83266,2026-08-31 14:30:00,v4.1.0-produccion,buena:completo/semana_anterior
B18_PARQ,2026-09-01 02:40:00,voltaje_promedio,130.8391,2026-08-31 14:30:00,v4.1.0-produccion,buena:completo/semana_anterior
B18_PARQ,2026-09-01 02:50:00,voltaje_promedio,130.82892,2026-08-31 14:30:00,v4.1.0-produccion,buena:completo/semana_anterior
B18_PARQ,2026-09-01 03:00:00,voltaje_promedio,130.81874,2026-08-31 14:30:00,v4.1.0-produccion,buena:completo/semana_anterior
B18_PARQ,2026-09-01 03:10:00,voltaje_promedio,130.7509,2026-08-31 14:30:00,v4.1.0-produccion,buena:completo/semana_anterior
B18_PARQ,2026-09-01 03:20:00,voltaje_promedio,130.70311,2026-08-31 14:30:00,v4.1.0-produccion,buena:completo/semana_anterior
B18_PARQ,2026-09-01 03:30:00,voltaje_promedio,130.68553,2026-08-31 14:30:00,v4.1.0-produccion,buena:completo/semana_anterior
B18_PARQ,2026-09-01 03:40:00,voltaje_promedio,130.61877,2026-08-31 14:30:00,v4.1.0-produccion,buena:completo/semana_anterior
B18_PARQ,2026-09-01 03:50:00,voltaje_promedio,130.48921,2026-08-31 14:30:00,v4.1.0-produccion,buena:completo/semana_anterior
B18_PARQ,2026-09-01 04:00:00,voltaje_promedio,130.42497,2026-08-31 14:30:00,v4.1.0-produccion,buena:completo/semana_anterior
B18_PARQ,2026-09-01 04:10:00,voltaje_promedio,130.41788,2026-08-31 14:30:00,v4.1.0-produccion,buena:completo/semana_anterior
B18_PARQ,2026-09-01 04:20:00,voltaje_promedio,130.34335,2026-08-31 14:30:00,v4.1.0-produccion,buena:completo/semana_anterior
B18_PARQ,2026-09-01 04:30:00,voltaje_promedio,130.24594,2026-08-31 14:30:00,v4.1.0-produccion,buena:completo/semana_anterior
B18_PARQ,2026-09-01 04:40:00,voltaje_promedio,130.17035,2026-08-31 14:30:00,v4.1.0-produccion,buena:completo/semana_anterior
B18_PARQ,2026-09-01 04:50:00,voltaje_promedio,130.11423,2026-08-31 14:30:00,v4.1.0-produccion,buena:completo/semana_anterior
B18_PARQ,2026-09-01 05:00:00,voltaje_promedio,130.11179,2026-08-31 14:30:00,v4.1.0-produccion,buena:completo/semana_anterior
B18_PARQ,2026-09-01 05:10:00,voltaje_promedio,130.03545,2026-08-31 14:30:00,v4.1.0-produccion,buena:completo/semana_anterior
B18_PARQ,2026-09-01 05:20:00,voltaje_promedio,129.88417,2026-08-31 14:30:00,v4.1.0-produccion,buena:completo/semana_anterior
B18_PARQ,2026-09-01 05:30:00,voltaje_promedio,129.82823,2026-08-31 14:30:00,v4.1.0-produccion,buena:completo/semana_anterior
B18_PARQ,2026-09-01 05:40:00,voltaje_promedio,129.73941,2026-08-31 14:30:00,v4.1.0-produccion,buena:completo/semana_anterior
B18_PARQ,2026-09-01 05:50:00,voltaje_promedio,129.59642,2026-08-31 14:30:00,v4.1.0-produccion,buena:completo/semana_anterior
B18_PARQ,2026-09-01 06:00:00,voltaje_promedio,129.55257,2026-08-31 14:30:00,v4.1.0-produccion,buena:completo/semana_anterior
B18_PARQ,2026-09-01 06:10:00,voltaje_promedio,129.43954,2026-08-31 14:30:00,v4.1.0-produccion,buena:completo/semana_anterior
B18_PARQ,2026-09-01 06:20:00,voltaje_promedio,129.34203,2026-08-31 14:30:00,v4.1.0-produccion,buena:completo/semana_anterior
B18_PARQ,2026-09-01 06:30:00,voltaje_promedio,129.3465,2026-08-31 14:30:00,v4.1.0-produccion,buena:completo/semana_anterior
B18_PARQ,2026-09-01 06:40:00,voltaje_promedio,129.28535,2026-08-31 14:30:00,v4.1.0-produccion,buena:completo/semana_anterior
B18_PARQ,2026-09-01 06:50:00,voltaje_promedio,129.22334,2026-08-31 14:30:00,v4.1.0-produccion,buena:completo/semana_anterior
B18_PARQ,2026-09-01 07:00:00,voltaje_promedio,129.18587,2026-08-31 14:30:00,v4.1.0-produccion,buena:completo/semana_anterior
B18_PARQ,2026-09-01 07:10:00,voltaje_promedio,129.14987,2026-08-31 14:30:00,v4.1.0-produccion,buena:completo/semana_anterior
B18_PARQ,2026-09-01 07:20:00,voltaje_promedio,129.08305,2026-08-31 14:30:00,v4.1.0-produccion,buena:completo/semana_anterior
B18_PARQ,2026-09-01 07:30:00,voltaje_promedio,129.07153,2026-08-31 14:30:00,v4.1.0-produccion,buena:completo/semana_anterior
B18_PARQ,2026-09-01 07:40:00,voltaje_promedio,128.98749,2026-08-31 14:30:00,v4.1.0-produccion,buena:completo/semana_anterior
B18_PARQ,2026-09-01 07:50:00,voltaje_promedio,128.95628,2026-08-31 14:30:00,v4.1.0-produccion,buena:completo/semana_anterior
B18_PARQ,2026-09-01 08:00:00,voltaje_promedio,128.94829,2026-08-31 14:30:00,v4.1.0-produccion,buena:completo/semana_anterior
B18_PARQ,2026-09-01 08:10:00,voltaje_promedio,128.9133,2026-08-31 14:30:00,v4.1.0-produccion,buena:completo/semana_anterior
B18_PARQ,2026-09-01 08:20:00,voltaje_promedio,128.86597,2026-08-31 14:30:00,v4.1.0-produccion,buena:completo/semana_anterior
B18_PARQ,2026-09-01 08:30:00,voltaje_promedio,128.91466,2026-08-31 14:30:00,v4.1.0-produccion,buena:completo/semana_anterior
B18_PARQ,2026-09-01 08:40:00,voltaje_promedio,128.87483,2026-08-31 14:30:00,v4.1.0-produccion,buena:completo/semana_anterior
B18_PARQ,2026-09-01 08:50:00,voltaje_promedio,128.89311,2026-08-31 14:30:00,v4.1.0-produccion,buena:completo/semana_anterior
B18_PARQ,2026-09-01 09:00:00,voltaje_promedio,128.87968,2026-08-31 14:30:00,v4.1.0-produccion,buena:completo/semana_anterior
B18_PARQ,2026-09-01 09:10:00,voltaje_promedio,128.92346,2026-08-31 14:30:00,v4.1.0-produccion,buena:completo/semana_anterior
B18_PARQ,2026-09-01 09:20:00,voltaje_promedio,128.97182,2026-08-31 14:30:00,v4.1.0-produccion,buena:completo/semana_anterior
B18_PARQ,2026-09-01 09:30:00,voltaje_promedio,129.00653,2026-08-31 14:30:00,v4.1.0-produccion,buena:completo/semana_anterior
B18_PARQ,2026-09-01 09:40:00,voltaje_promedio,129.00102,2026-08-31 14:30:00,v4.1.0-produccion,buena:completo/semana_anterior
B18_PARQ,2026-09-01 09:50:00,voltaje_promedio,129.05484,2026-08-31 14:30:00,v4.1.0-produccion,buena:completo/semana_anterior
B18_PARQ,2026-09-01 10:00:00,voltaje_promedio,128.99586,2026-08-31 14:30:00,v4.1.0-produccion,buena:completo/semana_anterior
B18_PARQ,2026-09-01 10:10:00,voltaje_promedio,129.02164,2026-08-31 14:30:00,v4.1.0-produccion,buena:completo/semana_anterior
B18_PARQ,2026-09-01 10:20:00,voltaje_promedio,129.02481,2026-08-31 14:30:00,v4.1.0-produccion,buena:completo/semana_anterior
B18_PARQ,2026-09-01 10:30:00,voltaje_promedio,129.04178,2026-08-31 14:30:00,v4.1.0-produccion,buena:completo/semana_anterior
B18_PARQ,2026-09-01 10:40:00,voltaje_promedio,129.05408,2026-08-31 14:30:00,v4.1.0-produccion,buena:completo/semana_anterior
B18_PARQ,2026-09-01 10:50:00,voltaje_promedio,129.01218,2026-08-31 14:30:00,v4.1.0-produccion,buena:completo/semana_anterior
B18_PARQ,2026-09-01 11:00:00,voltaje_promedio,128.98956,2026-08-31 14:30:00,v4.1.0-produccion,buena:completo/semana_anterior
B18_PARQ,2026-09-01 11:10:00,voltaje_promedio,129.141,2026-08-31 14:30:00,v4.1.0-produccion,buena:completo/semana_anterior
B18_PARQ,2026-09-01 11:20:00,voltaje_promedio,129.14175,2026-08-31 14:30:00,v4.1.0-produccion,buena:completo/semana_anterior
B18_PARQ,2026-09-01 11:30:00,voltaje_promedio,129.16022,2026-08-31 14:30:00,v4.1.0-produccion,buena:completo/semana_anterior
B18_PARQ,2026-09-01 11:40:00,voltaje_promedio,129.1727,2026-08-31 14:30:00,v4.1.0-produccion,buena:completo/semana_anterior
B18_PARQ,2026-09-01 11:50:00,voltaje_promedio,129.15164,2026-08-31 14:30:00,v4.1.0-produccion,buena:completo/semana_anterior
B18_PARQ,2026-09-01 12:00:00,voltaje_promedio,129.25352,2026-08-31 14:30:00,v4.1.0-produccion,buena:completo/semana_anterior
B18_PARQ,2026-09-01 12:10:00,voltaje_promedio,129.32248,2026-08-31 14:30:00,v4.1.0-produccion,buena:completo/semana_anterior
B18_PARQ,2026-09-01 12:20:00,voltaje_promedio,129.28555,2026-08-31 14:30:00,v4.1.0-produccion,buena:completo/semana_anterior
B18_PARQ,2026-09-01 12:30:00,voltaje_promedio,129.33253,2026-08-31 14:30:00,v4.1.0-produccion,buena:completo/semana_anterior
B18_PARQ,2026-09-01 12:40:00,voltaje_promedio,129.37329,2026-08-31 14:30:00,v4.1.0-produccion,buena:completo/semana_anterior
B18_PARQ,2026-09-01 12:50:00,voltaje_promedio,129.38713,2026-08-31 14:30:00,v4.1.0-produccion,buena:completo/semana_anterior
B18_PARQ,2026-09-01 13:00:00,voltaje_promedio,129.37468,2026-08-31 14:30:00,v4.1.0-produccion,buena:completo/semana_anterior
B18_PARQ,2026-09-01 13:10:00,voltaje_promedio,129.35701,2026-08-31 14:30:00,v4.1.0-produccion,buena:completo/semana_anterior
B18_PARQ,2026-09-01 13:20:00,voltaje_promedio,129.3797,2026-08-31 14:30:00,v4.1.0-produccion,buena:completo/semana_anterior
B18_PARQ,2026-09-01 13:30:00,voltaje_promedio,129.45705,2026-08-31 14:30:00,v4.1.0-produccion,buena:completo/semana_anterior
B18_PARQ,2026-09-01 13:40:00,voltaje_promedio,129.48654,2026-08-31 14:30:00,v4.1.0-produccion,buena:completo/semana_anterior
B18_PARQ,2026-09-01 13:50:00,voltaje_promedio,129.51447,2026-08-31 14:30:00,v4.1.0-produccion,buena:completo/semana_anterior
B18_PARQ,2026-09-01 14:00:00,voltaje_promedio,129.51663,2026-08-31 14:30:00,v4.1.0-produccion,buena:completo/semana_anterior
B18_PARQ,2026-09-01 14:10:00,voltaje_promedio,129.62134,2026-08-31 14:30:00,v4.1.0-produccion,buena:completo/semana_anterior
B18_PARQ,2026-09-01 14:20:00,voltaje_promedio,129.62566,2026-08-31 14:30:00,v4.1.0-produccion,buena:completo/semana_anterior
B18_PARQ,2026-09-01 14:30:00,voltaje_promedio,129.67235,2026-08-31 14:30:00,v4.1.0-produccion,buena:completo/semana_anterior
B3_RECT,2026-08-31 14:40:00,activepower,14174.252,2026-08-31 14:30:00,v4.1.0-produccion,buena:completo/semana_anterior
B3_RECT,2026-08-31 14:50:00,activepower,13782.726,2026-08-31 14:30:00,v4.1.0-produccion,buena:completo/semana_anterior
B3_RECT,2026-08-31 15:00:00,activepower,13404.646,2026-08-31 14:30:00,v4.1.0-produccion,buena:completo/semana_anterior
B3_RECT,2026-08-31 15:10:00,activepower,13155.117,2026-08-31 14:30:00,v4.1.0-produccion,buena:completo/semana_anterior
B3_RECT,2026-08-31 15:20:00,activepower,13004.147,2026-08-31 14:30:00,v4.1.0-produccion,buena:completo/semana_anterior
B3_RECT,2026-08-31 15:30:00,activepower,12557.711,2026-08-31 14:30:00,v4.1.0-produccion,buena:completo/semana_anterior
B3_RECT,2026-08-31 15:40:00,activepower,12229.344,2026-08-31 14:30:00,v4.1.0-produccion,buena:completo/semana_anterior
B3_RECT,2026-08-31 15:50:00,activepower,11771.275,2026-08-31 14:30:00,v4.1.0-produccion,buena:completo/semana_anterior
B3_RECT,2026-08-31 16:00:00,activepower,11610.841,2026-08-31 14:30:00,v4.1.0-produccion,buena:completo/semana_anterior
B3_RECT,2026-08-31 16:10:00,activepower,11213.798,2026-08-31 14:30:00,v4.1.0-produccion,buena:completo/semana_anterior
B3_RECT,2026-08-31 16:20:00,activepower,10761.9795,2026-08-31 14:30:00,v4.1.0-produccion,buena:completo/semana_anterior
B3_RECT,2026-08-31 16:30:00,activepower,10245.541,2026-08-31 14:30:00,v4.1.0-produccion,buena:completo/semana_anterior
B3_RECT,2026-08-31 16:40:00,activepower,9816.188,2026-08-31 14:30:00,v4.1.0-produccion,buena:completo/semana_anterior
B3_RECT,2026-08-31 16:50:00,activepower,9239.458,2026-08-31 14:30:00,v4.1.0-produccion,buena:completo/semana_anterior
B3_RECT,2026-08-31 17:00:00,activepower,8923.254,2026-08-31 14:30:00,v4.1.0-produccion,buena:completo/semana_anterior
B3_RECT,2026-08-31 17:10:00,activepower,8490.571,2026-08-31 14:30:00,v4.1.0-produccion,buena:completo/semana_anterior
B3_RECT,2026-08-31 17:20:00,activepower,8092.9976,2026-08-31 14:30:00,v4.1.0-produccion,buena:completo/semana_anterior
B3_RECT,2026-08-31 17:30:00,activepower,7690.1406,2026-08-31 14:30:00,v4.1.0-produccion,buena:completo/semana_anterior
B3_RECT,2026-08-31 17:40:00,activepower,7398.8867,2026-08-31 14:30:00,v4.1.0-produccion,buena:completo/semana_anterior
B3_RECT,2026-08-31 17:50:00,activepower,6945.2827,2026-08-31 14:30:00,v4.1.0-produccion,buena:completo/semana_anterior
B3_RECT,2026-08-31 18:00:00,activepower,6638.987,2026-08-31 14:30:00,v4.1.0-produccion,buena:completo/semana_anterior
B3_RECT,2026-08-31 18:10:00,activepower,6320.587,2026-08-31 14:30:00,v4.1.0-produccion,buena:completo/semana_anterior
B3_RECT,2026-08-31 18:20:00,activepower,6108.924,2026-08-31 14:30:00,v4.1.0-produccion,buena:completo/semana_anterior
B3_RECT,2026-08-31 18:30:00,activepower,5907.4688,2026-08-31 14:30:00,v4.1.0-produccion,buena:completo/semana_anterior
B3_RECT,2026-08-31 18:40:00,activepower,5349.0215,2026-08-31 14:30:00,v4.1.0-produccion,buena:completo/semana_anterior
B3_RECT,2026-08-31 18:50:00,activepower,5086.808,2026-08-31 14:30:00,v4.1.0-produccion,buena:completo/semana_anterior
B3_RECT,2026-08-31 19:00:00,activepower,4865.037,2026-08-31 14:30:00,v4.1.0-produccion,buena:completo/semana_anterior
B3_RECT,2026-08-31 19:10:00,activepower,4651.5566,2026-08-31 14:30:00,v4.1.0-produccion,buena:completo/semana_anterior
B3_RECT,2026-08-31 19:20:00,activepower,4491.748,2026-08-31 14:30:00,v4.1.0-produccion,buena:completo/semana_anterior
B3_RECT,2026-08-31 19:30:00,activepower,4175.8354,2026-08-31 14:30:00,v4.1.0-produccion,buena:completo/semana_anterior
B3_RECT,2026-08-31 19:40:00,activepower,3935.789,2026-08-31 14:30:00,v4.1.0-produccion,buena:completo/semana_anterior
B3_RECT,2026-08-31 19:50:00,activepower,3756.6306,2026-08-31 14:30:00,v4.1.0-produccion,buena:completo/semana_anterior
B3_RECT,2026-08-31 20:00:00,activepower,3580.8262,2026-08-31 14:30:00,v4.1.0-produccion,buena:completo/semana_anterior
B3_RECT,2026-08-31 20:10:00,activepower,3465.428,2026-08-31 14:30:00,v4.1.0-produccion,buena:completo/semana_anterior
B3_RECT,2026-08-31 20:20:00,activepower,3221.3237,2026-08-31 14:30:00,v4.1.0-produccion,buena:completo/semana_anterior
B3_RECT,2026-08-31 20:30:00,activepower,3122.2278,2026-08-31 14:30:00,v4.1.0-produccion,buena:completo/semana_anterior
B3_RECT,2026-08-31 20:40:00,activepower,2882.4146,2026-08-31 14:30:00,v4.1.0-produccion,buena:completo/semana_anterior
B3_RECT,2026-08-31 20:50:00,activepower,2661.3499,2026-08-31 14:30:00,v4.1.0-produccion,buena:completo/semana_anterior
B3_RECT,2026-08-31 21:00:00,activepower,2521.2349,2026-08-31 14:30:00,v4.1.0-produccion,buena:completo/semana_anterior
B3_RECT,2026-08-31 21:10:00,activepower,2476.3242,2026-08-31 14:30:00,v4.1.0-produccion,buena:completo/semana_anterior
B3_RECT,2026-08-31 21:20:00,activepower,2385.6772,2026-08-31 14:30:00,v4.1.0-produccion,buena:completo/semana_anterior
B3_RECT,2026-08-31 21:30:00,activepower,2333.397,2026-08-31 14:30:00,v4.1.0-produccion,buena:completo/semana_anterior
B3_RECT,2026-08-31 21:40:00,activepower,2202.582,2026-08-31 14:30:00,v4.1.0-produccion,buena:completo/semana_anterior
B3_RECT,2026-08-31 21:50:00,activepower,2079.8916,2026-08-31 14:30:00,v4.1.0-produccion,buena:completo/semana_anterior
B3_RECT,2026-08-31 22:00:00,activepower,1913.3452,2026-08-31 14:30:00,v4.1.0-produccion,buena:completo/semana_anterior
B3_RECT,2026-08-31 22:10:00,activepower,1913.7238,2026-08-31 14:30:00,v4.1.0-produccion,buena:completo/semana_anterior
B3_RECT,2026-08-31 22:20:00,activepower,1912.0645,2026-08-31 14:30:00,v4.1.0-produccion,buena:completo/semana_anterior
B3_RECT,2026-08-31 22:30:00,activepower,1846.2695,2026-08-31 14:30:00,v4.1.0-produccion,buena:completo/semana_anterior
B3_RECT,2026-08-31 22:40:00,activepower,1802.8457,2026-08-31 14:30:00,v4.1.0-produccion,buena:completo/semana_anterior
B3_RECT,2026-08-31 22:50:00,activepower,1754.0969,2026-08-31 14:30:00,v4.1.0-produccion,buena:completo/semana_anterior
B3_RECT,2026-08-31 23:00:00,activepower,1708.2933,2026-08-31 14:30:00,v4.1.0-produccion,buena:completo/semana_anterior
B3_RECT,2026-08-31 23:10:00,activepower,1740.681,2026-08-31 14:30:00,v4.1.0-produccion,buena:completo/semana_anterior
B3_RECT,2026-08-31 23:20:00,activepower,1674.9568,2026-08-31 14:30:00,v4.1.0-produccion,buena:completo/semana_anterior
B3_RECT,2026-08-31 23:30:00,activepower,1637.949,2026-08-31 14:30:00,v4.1.0-produccion,buena:completo/semana_anterior
B3_RECT,2026-08-31 23:40:00,activepower,1582.5542,2026-08-31 14:30:00,v4.1.0-produccion,buena:completo/semana_anterior
B3_RECT,2026-08-31 23:50:00,activepower,1560.0552,2026-08-31 14:30:00,v4.1.0-produccion,buena:completo/semana_anterior
B3_RECT,2026-09-01 00:00:00,activepower,1507.4565,2026-08-31 14:30:00,v4.1.0-produccion,buena:completo/semana_anterior
B3_RECT,2026-09-01 00:10:00,activepower,1584.9912,2026-08-31 14:30:00,v4.1.0-produccion,buena:completo/semana_anterior
B3_RECT,2026-09-01 00:20:00,activepower,1534.4459,2026-08-31 14:30:00,v4.1.0-produccion,buena:completo/semana_anterior
B3_RECT,2026-09-01 00:30:00,activepower,1572.2446,2026-08-31 14:30:00,v4.1.0-produccion,buena:completo/semana_anterior
B3_RECT,2026-09-01 00:40:00,activepower,1574.1681,2026-08-31 14:30:00,v4.1.0-produccion,buena:completo/semana_anterior
B3_RECT,2026-09-01 00:50:00,activepower,1514.8148,2026-08-31 14:30:00,v4.1.0-produccion,buena:completo/semana_anterior
B3_RECT,2026-09-01 01:00:00,activepower,1538.8374,2026-08-31 14:30:00,v4.1.0-produccion,buena:completo/semana_anterior
B3_RECT,2026-09-01 01:10:00,activepower,1480.5109,2026-08-31 14:30:00,v4.1.0-produccion,buena:completo/semana_anterior
B3_RECT,2026-09-01 01:20:00,activepower,1423.8037,2026-08-31 14:30:00,v4.1.0-produccion,buena:completo/semana_anterior
B3_RECT,2026-09-01 01:30:00,activepower,1525.4453,2026-08-31 14:30:00,v4.1.0-produccion,buena:completo/semana_anterior
B3_RECT,2026-09-01 01:40:00,activepower,1535.9415,2026-08-31 14:30:00,v4.1.0-produccion,buena:completo/semana_anterior
B3_RECT,2026-09-01 01:50:00,activepower,1500.5969,2026-08-31 14:30:00,v4.1.0-produccion,buena:completo/semana_anterior
B3_RECT,2026-09-01 02:00:00,activepower,1404.409,2026-08-31 14:30:00,v4.1.0-produccion,buena:completo/semana_anterior
B3_RECT,2026-09-01 02:10:00,activepower,1373.3906,2026-08-31 14:30:00,v4.1.0-produccion,buena:completo/semana_anterior
B3_RECT,2026-09-01 02:20:00,activepower,1366.7336,2026-08-31 14:30:00,v4.1.0-produccion,buena:completo/semana_anterior
B3_RECT,2026-09-01 02:30:00,activepower,1381.2517,2026-08-31 14:30:00,v4.1.0-produccion,buena:completo/semana_anterior
B3_RECT,2026-09-01 02:40:00,activepower,1344.3971,2026-08-31 14:30:00,v4.1.0-produccion,buena:completo/semana_anterior
B3_RECT,2026-09-01 02:50:00,activepower,1410.9578,2026-08-31 14:30:00,v4.1.0-produccion,buena:completo/semana_anterior
B3_RECT,2026-09-01 03:00:00,activepower,1392.8695,2026-08-31 14:30:00,v4.1.0-produccion,buena:completo/semana_anterior
B3_RECT,2026-09-01 03:10:00,activepower,1453.4387,2026-08-31 14:30:00,v4.1.0-produccion,buena:completo/semana_anterior
B3_RECT,2026-09-01 03:20:00,activepower,1505.5134,2026-08-31 14:30:00,v4.1.0-produccion,buena:completo/semana_anterior
B3_RECT,2026-09-01 03:30:00,activepower,1671.3672,2026-08-31 14:30:00,v4.1.0-produccion,buena:completo/semana_anterior
B3_RECT,2026-09-01 03:40:00,activepower,1724.71,2026-08-31 14:30:00,v4.1.0-produccion,buena:completo/semana_anterior
B3_RECT,2026-09-01 03:50:00,activepower,1754.905,2026-08-31 14:30:00,v4.1.0-produccion,buena:completo/semana_anterior
B3_RECT,2026-09-01 04:00:00,activepower,1880.4209,2026-08-31 14:30:00,v4.1.0-produccion,buena:completo/semana_anterior
B3_RECT,2026-09-01 04:10:00,activepower,1986.3564,2026-08-31 14:30:00,v4.1.0-produccion,buena:completo/semana_anterior
B3_RECT,2026-09-01 04:20:00,activepower,2217.5103,2026-08-31 14:30:00,v4.1.0-produccion,buena:completo/semana_anterior
B3_RECT,2026-09-01 04:30:00,activepower,2370.5725,2026-08-31 14:30:00,v4.1.0-produccion,buena:completo/semana_anterior
B3_RECT,2026-09-01 04:40:00,activepower,2580.618,2026-08-31 14:30:00,v4.1.0-produccion,buena:completo/semana_anterior
B3_RECT,2026-09-01 04:50:00,activepower,2733.396,2026-08-31 14:30:00,v4.1.0-produccion,buena:completo/semana_anterior
B3_RECT,2026-09-01 05:00:00,activepower,3049.2104,2026-08-31 14:30:00,v4.1.0-produccion,buena:completo/semana_anterior
B3_RECT,2026-09-01 05:10:00,activepower,3394.5828,2026-08-31 14:30:00,v4.1.0-produccion,buena:completo/semana_anterior
B3_RECT,2026-09-01 05:20:00,activepower,3864.46,2026-08-31 14:30:00,v4.1.0-produccion,buena:completo/semana_anterior
B3_RECT,2026-09-01 05:30:00,activepower,4298.767,2026-08-31 14:30:00,v4.1.0-produccion,buena:completo/semana_anterior
B3_RECT,2026-09-01 05:40:00,activepower,4735.891,2026-08-31 14:30:00,v4.1.0-produccion,buena:completo/semana_anterior
B3_RECT,2026-09-01 05:50:00,activepower,5094.8105,2026-08-31 14:30:00,v4.1.0-produccion,buena:completo/semana_anterior
B3_RECT,2026-09-01 06:00:00,activepower,5565.8223,2026-08-31 14:30:00,v4.1.0-produccion,buena:completo/semana_anterior
B3_RECT,2026-09-01 06:10:00,activepower,5955.127,2026-08-31 14:30:00,v4.1.0-produccion,buena:completo/semana_anterior
B3_RECT,2026-09-01 06:20:00,activepower,6391.978,2026-08-31 14:30:00,v4.1.0-produccion,buena:completo/semana_anterior
B3_RECT,2026-09-01 06:30:00,activepower,6910.1343,2026-08-31 14:30:00,v4.1.0-produccion,buena:completo/semana_anterior
B3_RECT,2026-09-01 06:40:00,activepower,7294.838,2026-08-31 14:30:00,v4.1.0-produccion,buena:completo/semana_anterior
B3_RECT,2026-09-01 06:50:00,activepower,7745.356,2026-08-31 14:30:00,v4.1.0-produccion,buena:completo/semana_anterior
B3_RECT,2026-09-01 07:00:00,activepower,7951.245,2026-08-31 14:30:00,v4.1.0-produccion,buena:completo/semana_anterior
B3_RECT,2026-09-01 07:10:00,activepower,8474.179,2026-08-31 14:30:00,v4.1.0-produccion,buena:completo/semana_anterior
B3_RECT,2026-09-01 07:20:00,activepower,8934.25,2026-08-31 14:30:00,v4.1.0-produccion,buena:completo/semana_anterior
B3_RECT,2026-09-01 07:30:00,activepower,9439.538,2026-08-31 14:30:00,v4.1.0-produccion,buena:completo/semana_anterior
B3_RECT,2026-09-01 07:40:00,activepower,9898.287,2026-08-31 14:30:00,v4.1.0-produccion,buena:completo/semana_anterior
B3_RECT,2026-09-01 07:50:00,activepower,10285.44,2026-08-31 14:30:00,v4.1.0-produccion,buena:completo/semana_anterior
B3_RECT,2026-09-01 08:00:00,activepower,10634.629,2026-08-31 14:30:00,v4.1.0-produccion,buena:completo/semana_anterior
B3_RECT,2026-09-01 08:10:00,activepower,10945.506,2026-08-31 14:30:00,v4.1.0-produccion,buena:completo/semana_anterior
B3_RECT,2026-09-01 08:20:00,activepower,11198.291,2026-08-31 14:30:00,v4.1.0-produccion,buena:completo/semana_anterior
B3_RECT,2026-09-01 08:30:00,activepower,11526.542,2026-08-31 14:30:00,v4.1.0-produccion,buena:completo/semana_anterior
B3_RECT,2026-09-01 08:40:00,activepower,11844.865,2026-08-31 14:30:00,v4.1.0-produccion,buena:completo/semana_anterior
B3_RECT,2026-09-01 08:50:00,activepower,12113.764,2026-08-31 14:30:00,v4.1.0-produccion,buena:completo/semana_anterior
B3_RECT,2026-09-01 09:00:00,activepower,12274.26,2026-08-31 14:30:00,v4.1.0-produccion,buena:completo/semana_anterior
B3_RECT,2026-09-01 09:10:00,activepower,12281.522,2026-08-31 14:30:00,v4.1.0-produccion,buena:completo/semana_anterior
B3_RECT,2026-09-01 09:20:00,activepower,12286.748,2026-08-31 14:30:00,v4.1.0-produccion,buena:completo/semana_anterior
B3_RECT,2026-09-01 09:30:00,activepower,12498.787,2026-08-31 14:30:00,v4.1.0-produccion,buena:completo/semana_anterior
B3_RECT,2026-09-01 09:40:00,activepower,12815.605,2026-08-31 14:30:00,v4.1.0-produccion,buena:completo/semana_anterior
B3_RECT,2026-09-01 09:50:00,activepower,12849.6455,2026-08-31 14:30:00,v4.1.0-produccion,buena:completo/semana_anterior
B3_RECT,2026-09-01 10:00:00,activepower,12927.267,2026-08-31 14:30:00,v4.1.0-produccion,buena:completo/semana_anterior
B3_RECT,2026-09-01 10:10:00,activepower,13033.468,2026-08-31 14:30:00,v4.1.0-produccion,buena:completo/semana_anterior
B3_RECT,2026-09-01 10:20:00,activepower,12811.972,2026-08-31 14:30:00,v4.1.0-produccion,buena:completo/semana_anterior
B3_RECT,2026-09-01 10:30:00,activepower,12869.594,2026-08-31 14:30:00,v4.1.0-produccion,buena:completo/semana_anterior
B3_RECT,2026-09-01 10:40:00,activepower,12966.868,2026-08-31 14:30:00,v4.1.0-produccion,buena:completo/semana_anterior
B3_RECT,2026-09-01 10:50:00,activepower,12934.912,2026-08-31 14:30:00,v4.1.0-produccion,buena:completo/semana_anterior
B3_RECT,2026-09-01 11:00:00,activepower,12961.845,2026-08-31 14:30:00,v4.1.0-produccion,buena:completo/semana_anterior
B3_RECT,2026-09-01 11:10:00,activepower,12911.185,2026-08-31 14:30:00,v4.1.0-produccion,buena:completo/semana_anterior
B3_RECT,2026-09-01 11:20:00,activepower,12800.921,2026-08-31 14:30:00,v4.1.0-produccion,buena:completo/semana_anterior
B3_RECT,2026-09-01 11:30:00,activepower,12819.145,2026-08-31 14:30:00,v4.1.0-produccion,buena:completo/semana_anterior
B3_RECT,2026-09-01 11:40:00,activepower,13018.197,2026-08-31 14:30:00,v4.1.0-produccion,buena:completo/semana_anterior
B3_RECT,2026-09-01 11:50:00,activepower,13090.61,2026-08-31 14:30:00,v4.1.0-produccion,buena:completo/semana_anterior
B3_RECT,2026-09-01 12:00:00,activepower,13063.823,2026-08-31 14:30:00,v4.1.0-produccion,buena:completo/semana_anterior
B3_RECT,2026-09-01 12:10:00,activepower,13017.266,2026-08-31 14:30:00,v4.1.0-produccion,buena:completo/semana_anterior
B3_RECT,2026-09-01 12:20:00,activepower,12973.622,2026-08-31 14:30:00,v4.1.0-produccion,buena:completo/semana_anterior
B3_RECT,2026-09-01 12:30:00,activepower,13036.947,2026-08-31 14:30:00,v4.1.0-produccion,buena:completo/semana_anterior
B3_RECT,2026-09-01 12:40:00,activepower,13302.098,2026-08-31 14:30:00,v4.1.0-produccion,buena:completo/semana_anterior
B3_RECT,2026-09-01 12:50:00,activepower,13220.829,2026-08-31 14:30:00,v4.1.0-produccion,buena:completo/semana_anterior
B3_RECT,2026-09-01 13:00:00,activepower,13283.572,2026-08-31 14:30:00,v4.1.0-produccion,buena:completo/semana_anterior
B3_RECT,2026-09-01 13:10:00,activepower,13209.5205,2026-08-31 14:30:00,v4.1.0-produccion,buena:completo/semana_anterior
B3_RECT,2026-09-01 13:20:00,activepower,13271.799,2026-08-31 14:30:00,v4.1.0-produccion,buena:completo/semana_anterior
B3_RECT,2026-09-01 13:30:00,activepower,13132.955,2026-08-31 14:30:00,v4.1.0-produccion,buena:completo/semana_anterior
B3_RECT,2026-09-01 13:40:00,activepower,13256.036,2026-08-31 14:30:00,v4.1.0-produccion,buena:completo/semana_anterior
B3_RECT,2026-09-01 13:50:00,activepower,13262.857,2026-08-31 14:30:00,v4.1.0-produccion,buena:completo/semana_anterior
B3_RECT,2026-09-01 14:00:00,activepower,13200.12,2026-08-31 14:30:00,v4.1.0-produccion,buena:completo/semana_anterior
B3_RECT,2026-09-01 14:10:00,activepower,13038.788,2026-08-31 14:30:00,v4.1.0-produccion,buena:completo/semana_anterior
B3_RECT,2026-09-01 14:20:00,activepower,12810.011,2026-08-31 14:30:00,v4.1.0-produccion,buena:completo/semana_anterior
B3_RECT,2026-09-01 14:30:00,activepower,12852.933,2026-08-31 14:30:00,v4.1.0-produccion,buena:completo/semana_anterior
B3_RECT,2026-08-31 14:40:00,totalpowerfactor,0.98445874,2026-08-31 14:30:00,v4.1.0-produccion,buena:completo/semana_anterior
B3_RECT,2026-08-31 14:50:00,totalpowerfactor,0.9849576,2026-08-31 14:30:00,v4.1.0-produccion,buena:completo/semana_anterior
B3_RECT,2026-08-31 15:00:00,totalpowerfactor,0.9847639,2026-08-31 14:30:00,v4.1.0-produccion,buena:completo/semana_anterior
B3_RECT,2026-08-31 15:10:00,totalpowerfactor,0.98514134,2026-08-31 14:30:00,v4.1.0-produccion,buena:completo/semana_anterior
B3_RECT,2026-08-31 15:20:00,totalpowerfactor,0.9847626,2026-08-31 14:30:00,v4.1.0-produccion,buena:completo/semana_anterior
B3_RECT,2026-08-31 15:30:00,totalpowerfactor,0.98546785,2026-08-31 14:30:00,v4.1.0-produccion,buena:completo/semana_anterior
B3_RECT,2026-08-31 15:40:00,totalpowerfactor,0.9856056,2026-08-31 14:30:00,v4.1.0-produccion,buena:completo/semana_anterior
B3_RECT,2026-08-31 15:50:00,totalpowerfactor,0.98626804,2026-08-31 14:30:00,v4.1.0-produccion,buena:completo/semana_anterior
B3_RECT,2026-08-31 16:00:00,totalpowerfactor,0.98674685,2026-08-31 14:30:00,v4.1.0-produccion,buena:completo/semana_anterior
B3_RECT,2026-08-31 16:10:00,totalpowerfactor,0.98748046,2026-08-31 14:30:00,v4.1.0-produccion,buena:completo/semana_anterior
B3_RECT,2026-08-31 16:20:00,totalpowerfactor,0.9871519,2026-08-31 14:30:00,v4.1.0-produccion,buena:completo/semana_anterior
B3_RECT,2026-08-31 16:30:00,totalpowerfactor,0.98763055,2026-08-31 14:30:00,v4.1.0-produccion,buena:completo/semana_anterior
B3_RECT,2026-08-31 16:40:00,totalpowerfactor,0.98722064,2026-08-31 14:30:00,v4.1.0-produccion,buena:completo/semana_anterior
B3_RECT,2026-08-31 16:50:00,totalpowerfactor,0.9876449,2026-08-31 14:30:00,v4.1.0-produccion,buena:completo/semana_anterior
B3_RECT,2026-08-31 17:00:00,totalpowerfactor,0.9872,2026-08-31 14:30:00,v4.1.0-produccion,buena:completo/semana_anterior
B3_RECT,2026-08-31 17:10:00,totalpowerfactor,0.98786235,2026-08-31 14:30:00,v4.1.0-produccion,buena:completo/semana_anterior
B3_RECT,2026-08-31 17:20:00,totalpowerfactor,0.9877185,2026-08-31 14:30:00,v4.1.0-produccion,buena:completo/semana_anterior
B3_RECT,2026-08-31 17:30:00,totalpowerfactor,0.9880991,2026-08-31 14:30:00,v4.1.0-produccion,buena:completo/semana_anterior
B3_RECT,2026-08-31 17:40:00,totalpowerfactor,0.98777837,2026-08-31 14:30:00,v4.1.0-produccion,buena:completo/semana_anterior
B3_RECT,2026-08-31 17:50:00,totalpowerfactor,0.9883445,2026-08-31 14:30:00,v4.1.0-produccion,buena:completo/semana_anterior
B3_RECT,2026-08-31 18:00:00,totalpowerfactor,0.9880198,2026-08-31 14:30:00,v4.1.0-produccion,buena:completo/semana_anterior
B3_RECT,2026-08-31 18:10:00,totalpowerfactor,0.98872024,2026-08-31 14:30:00,v4.1.0-produccion,buena:completo/semana_anterior
B3_RECT,2026-08-31 18:20:00,totalpowerfactor,0.9880647,2026-08-31 14:30:00,v4.1.0-produccion,buena:completo/semana_anterior
B3_RECT,2026-08-31 18:30:00,totalpowerfactor,0.9887972,2026-08-31 14:30:00,v4.1.0-produccion,buena:completo/semana_anterior
B3_RECT,2026-08-31 18:40:00,totalpowerfactor,0.9886428,2026-08-31 14:30:00,v4.1.0-produccion,buena:completo/semana_anterior
B3_RECT,2026-08-31 18:50:00,totalpowerfactor,0.9889434,2026-08-31 14:30:00,v4.1.0-produccion,buena:completo/semana_anterior
B3_RECT,2026-08-31 19:00:00,totalpowerfactor,0.98912007,2026-08-31 14:30:00,v4.1.0-produccion,buena:completo/semana_anterior
B3_RECT,2026-08-31 19:10:00,totalpowerfactor,0.9886427,2026-08-31 14:30:00,v4.1.0-produccion,buena:completo/semana_anterior
B3_RECT,2026-08-31 19:20:00,totalpowerfactor,0.9886596,2026-08-31 14:30:00,v4.1.0-produccion,buena:completo/semana_anterior
B3_RECT,2026-08-31 19:30:00,totalpowerfactor,0.98851305,2026-08-31 14:30:00,v4.1.0-produccion,buena:completo/semana_anterior
B3_RECT,2026-08-31 19:40:00,totalpowerfactor,0.98922163,2026-08-31 14:30:00,v4.1.0-produccion,buena:completo/semana_anterior
B3_RECT,2026-08-31 19:50:00,totalpowerfactor,0.98868424,2026-08-31 14:30:00,v4.1.0-produccion,buena:completo/semana_anterior
B3_RECT,2026-08-31 20:00:00,totalpowerfactor,0.9881373,2026-08-31 14:30:00,v4.1.0-produccion,buena:completo/semana_anterior
B3_RECT,2026-08-31 20:10:00,totalpowerfactor,0.98848826,2026-08-31 14:30:00,v4.1.0-produccion,buena:completo/semana_anterior
B3_RECT,2026-08-31 20:20:00,totalpowerfactor,0.98778766,2026-08-31 14:30:00,v4.1.0-produccion,buena:completo/semana_anterior
B3_RECT,2026-08-31 20:30:00,totalpowerfactor,0.9877854,2026-08-31 14:30:00,v4.1.0-produccion,buena:completo/semana_anterior
B3_RECT,2026-08-31 20:40:00,totalpowerfactor,0.98712486,2026-08-31 14:30:00,v4.1.0-produccion,buena:completo/semana_anterior
B3_RECT,2026-08-31 20:50:00,totalpowerfactor,0.9873258,2026-08-31 14:30:00,v4.1.0-produccion,buena:completo/semana_anterior
B3_RECT,2026-08-31 21:00:00,totalpowerfactor,0.98708785,2026-08-31 14:30:00,v4.1.0-produccion,buena:completo/semana_anterior
B3_RECT,2026-08-31 21:10:00,totalpowerfactor,0.9867659,2026-08-31 14:30:00,v4.1.0-produccion,buena:completo/semana_anterior
B3_RECT,2026-08-31 21:20:00,totalpowerfactor,0.98608625,2026-08-31 14:30:00,v4.1.0-produccion,buena:completo/semana_anterior
B3_RECT,2026-08-31 21:30:00,totalpowerfactor,0.9866496,2026-08-31 14:30:00,v4.1.0-produccion,buena:completo/semana_anterior
B3_RECT,2026-08-31 21:40:00,totalpowerfactor,0.98569447,2026-08-31 14:30:00,v4.1.0-produccion,buena:completo/semana_anterior
B3_RECT,2026-08-31 21:50:00,totalpowerfactor,0.98603594,2026-08-31 14:30:00,v4.1.0-produccion,buena:completo/semana_anterior
B3_RECT,2026-08-31 22:00:00,totalpowerfactor,0.9853691,2026-08-31 14:30:00,v4.1.0-produccion,buena:completo/semana_anterior
B3_RECT,2026-08-31 22:10:00,totalpowerfactor,0.9851117,2026-08-31 14:30:00,v4.1.0-produccion,buena:completo/semana_anterior
B3_RECT,2026-08-31 22:20:00,totalpowerfactor,0.9843797,2026-08-31 14:30:00,v4.1.0-produccion,buena:completo/semana_anterior
B3_RECT,2026-08-31 22:30:00,totalpowerfactor,0.9834378,2026-08-31 14:30:00,v4.1.0-produccion,buena:completo/semana_anterior
B3_RECT,2026-08-31 22:40:00,totalpowerfactor,0.98390913,2026-08-31 14:30:00,v4.1.0-produccion,buena:completo/semana_anterior
B3_RECT,2026-08-31 22:50:00,totalpowerfactor,0.98385966,2026-08-31 14:30:00,v4.1.0-produccion,buena:completo/semana_anterior
B3_RECT,2026-08-31 23:00:00,totalpowerfactor,0.9832114,2026-08-31 14:30:00,v4.1.0-produccion,buena:completo/semana_anterior
B3_RECT,2026-08-31 23:10:00,totalpowerfactor,0.98354644,2026-08-31 14:30:00,v4.1.0-produccion,buena:completo/semana_anterior
B3_RECT,2026-08-31 23:20:00,totalpowerfactor,0.9828861,2026-08-31 14:30:00,v4.1.0-produccion,buena:completo/semana_anterior
B3_RECT,2026-08-31 23:30:00,totalpowerfactor,0.98275924,2026-08-31 14:30:00,v4.1.0-produccion,buena:completo/semana_anterior
B3_RECT,2026-08-31 23:40:00,totalpowerfactor,0.9827297,2026-08-31 14:30:00,v4.1.0-produccion,buena:completo/semana_anterior
B3_RECT,2026-08-31 23:50:00,totalpowerfactor,0.98205924,2026-08-31 14:30:00,v4.1.0-produccion,buena:completo/semana_anterior
B3_RECT,2026-09-01 00:00:00,totalpowerfactor,0.98151016,2026-08-31 14:30:00,v4.1.0-produccion,buena:completo/semana_anterior
B3_RECT,2026-09-01 00:10:00,totalpowerfactor,0.9809711,2026-08-31 14:30:00,v4.1.0-produccion,buena:completo/semana_anterior
B3_RECT,2026-09-01 00:20:00,totalpowerfactor,0.9809917,2026-08-31 14:30:00,v4.1.0-produccion,buena:completo/semana_anterior
B3_RECT,2026-09-01 00:30:00,totalpowerfactor,0.9801914,2026-08-31 14:30:00,v4.1.0-produccion,buena:completo/semana_anterior
B3_RECT,2026-09-01 00:40:00,totalpowerfactor,0.9800291,2026-08-31 14:30:00,v4.1.0-produccion,buena:completo/semana_anterior
B3_RECT,2026-09-01 00:50:00,totalpowerfactor,0.97994554,2026-08-31 14:30:00,v4.1.0-produccion,buena:completo/semana_anterior
B3_RECT,2026-09-01 01:00:00,totalpowerfactor,0.9790365,2026-08-31 14:30:00,v4.1.0-produccion,buena:completo/semana_anterior
B3_RECT,2026-09-01 01:10:00,totalpowerfactor,0.9782976,2026-08-31 14:30:00,v4.1.0-produccion,buena:completo/semana_anterior
B3_RECT,2026-09-01 01:20:00,totalpowerfactor,0.97835803,2026-08-31 14:30:00,v4.1.0-produccion,buena:completo/semana_anterior
B3_RECT,2026-09-01 01:30:00,totalpowerfactor,0.9783486,2026-08-31 14:30:00,v4.1.0-produccion,buena:completo/semana_anterior
B3_RECT,2026-09-01 01:40:00,totalpowerfactor,0.97723454,2026-08-31 14:30:00,v4.1.0-produccion,buena:completo/semana_anterior
B3_RECT,2026-09-01 01:50:00,totalpowerfactor,0.9780307,2026-08-31 14:30:00,v4.1.0-produccion,buena:completo/semana_anterior
B3_RECT,2026-09-01 02:00:00,totalpowerfactor,0.9769439,2026-08-31 14:30:00,v4.1.0-produccion,buena:completo/semana_anterior
B3_RECT,2026-09-01 02:10:00,totalpowerfactor,0.9769341,2026-08-31 14:30:00,v4.1.0-produccion,buena:completo/semana_anterior
B3_RECT,2026-09-01 02:20:00,totalpowerfactor,0.97683674,2026-08-31 14:30:00,v4.1.0-produccion,buena:completo/semana_anterior
B3_RECT,2026-09-01 02:30:00,totalpowerfactor,0.97687346,2026-08-31 14:30:00,v4.1.0-produccion,buena:completo/semana_anterior
B3_RECT,2026-09-01 02:40:00,totalpowerfactor,0.9758328,2026-08-31 14:30:00,v4.1.0-produccion,buena:completo/semana_anterior
B3_RECT,2026-09-01 02:50:00,totalpowerfactor,0.97571003,2026-08-31 14:30:00,v4.1.0-produccion,buena:completo/semana_anterior
B3_RECT,2026-09-01 03:00:00,totalpowerfactor,0.9754166,2026-08-31 14:30:00,v4.1.0-produccion,buena:completo/semana_anterior
B3_RECT,2026-09-01 03:10:00,totalpowerfactor,0.9762368,2026-08-31 14:30:00,v4.1.0-produccion,buena:completo/semana_anterior
B3_RECT,2026-09-01 03:20:00,totalpowerfactor,0.9770763,2026-08-31 14:30:00,v4.1.0-produccion,buena:completo/semana_anterior
B3_RECT,2026-09-01 03:30:00,totalpowerfactor,0.97724104,2026-08-31 14:30:00,v4.1.0-produccion,buena:completo/semana_anterior
B3_RECT,2026-09-01 03:40:00,totalpowerfactor,0.9763402,2026-08-31 14:30:00,v4.1.0-produccion,buena:completo/semana_anterior
B3_RECT,2026-09-01 03:50:00,totalpowerfactor,0.977431,2026-08-31 14:30:00,v4.1.0-produccion,buena:completo/semana_anterior
B3_RECT,2026-09-01 04:00:00,totalpowerfactor,0.97829723,2026-08-31 14:30:00,v4.1.0-produccion,buena:completo/semana_anterior
B3_RECT,2026-09-01 04:10:00,totalpowerfactor,0.97891635,2026-08-31 14:30:00,v4.1.0-produccion,buena:completo/semana_anterior
B3_RECT,2026-09-01 04:20:00,totalpowerfactor,0.98030925,2026-08-31 14:30:00,v4.1.0-produccion,buena:completo/semana_anterior
B3_RECT,2026-09-01 04:30:00,totalpowerfactor,0.98043823,2026-08-31 14:30:00,v4.1.0-produccion,buena:completo/semana_anterior
B3_RECT,2026-09-01 04:40:00,totalpowerfactor,0.979961,2026-08-31 14:30:00,v4.1.0-produccion,buena:completo/semana_anterior
B3_RECT,2026-09-01 04:50:00,totalpowerfactor,0.9808717,2026-08-31 14:30:00,v4.1.0-produccion,buena:completo/semana_anterior
B3_RECT,2026-09-01 05:00:00,totalpowerfactor,0.98165166,2026-08-31 14:30:00,v4.1.0-produccion,buena:completo/semana_anterior
B3_RECT,2026-09-01 05:10:00,totalpowerfactor,0.982016,2026-08-31 14:30:00,v4.1.0-produccion,buena:completo/semana_anterior
B3_RECT,2026-09-01 05:20:00,totalpowerfactor,0.9836682,2026-08-31 14:30:00,v4.1.0-produccion,buena:completo/semana_anterior
B3_RECT,2026-09-01 05:30:00,totalpowerfactor,0.9844354,2026-08-31 14:30:00,v4.1.0-produccion,buena:completo/semana_anterior
B3_RECT,2026-09-01 05:40:00,totalpowerfactor,0.98435295,2026-08-31 14:30:00,v4.1.0-produccion,buena:completo/semana_anterior
B3_RECT,2026-09-01 05:50:00,totalpowerfactor,0.9857141,2026-08-31 14:30:00,v4.1.0-produccion,buena:completo/semana_anterior
B3_RECT,2026-09-01 06:00:00,totalpowerfactor,0.9855765,2026-08-31 14:30:00,v4.1.0-produccion,buena:completo/semana_anterior
B3_RECT,2026-09-01 06:10:00,totalpowerfactor,0.9871579,2026-08-31 14:30:00,v4.1.0-produccion,buena:completo/semana_anterior
B3_RECT,2026-09-01 06:20:00,totalpowerfactor,0.988054,2026-08-31 14:30:00,v4.1.0-produccion,buena:completo/semana_anterior
B3_RECT,2026-09-01 06:30:00,totalpowerfactor,0.98823255,2026-08-31 14:30:00,v4.1.0-produccion,buena:completo/semana_anterior
B3_RECT,2026-09-01 06:40:00,totalpowerfactor,0.9880319,2026-08-31 14:30:00,v4.1.0-produccion,buena:completo/semana_anterior
B3_RECT,2026-09-01 06:50:00,totalpowerfactor,0.9884554,2026-08-31 14:30:00,v4.1.0-produccion,buena:completo/semana_anterior
B3_RECT,2026-09-01 07:00:00,totalpowerfactor,0.9887614,2026-08-31 14:30:00,v4.1.0-produccion,buena:completo/semana_anterior
B3_RECT,2026-09-01 07:10:00,totalpowerfactor,0.9893013,2026-08-31 14:30:00,v4.1.0-produccion,buena:completo/semana_anterior
B3_RECT,2026-09-01 07:20:00,totalpowerfactor,0.98923206,2026-08-31 14:30:00,v4.1.0-produccion,buena:completo/semana_anterior
B3_RECT,2026-09-01 07:30:00,totalpowerfactor,0.98837525,2026-08-31 14:30:00,v4.1.0-produccion,buena:completo/semana_anterior
B3_RECT,2026-09-01 07:40:00,totalpowerfactor,0.9889407,2026-08-31 14:30:00,v4.1.0-produccion,buena:completo/semana_anterior
B3_RECT,2026-09-01 07:50:00,totalpowerfactor,0.98884267,2026-08-31 14:30:00,v4.1.0-produccion,buena:completo/semana_anterior
B3_RECT,2026-09-01 08:00:00,totalpowerfactor,0.9892275,2026-08-31 14:30:00,v4.1.0-produccion,buena:completo/semana_anterior
B3_RECT,2026-09-01 08:10:00,totalpowerfactor,0.98833364,2026-08-31 14:30:00,v4.1.0-produccion,buena:completo/semana_anterior
B3_RECT,2026-09-01 08:20:00,totalpowerfactor,0.98876536,2026-08-31 14:30:00,v4.1.0-produccion,buena:completo/semana_anterior
B3_RECT,2026-09-01 08:30:00,totalpowerfactor,0.9884414,2026-08-31 14:30:00,v4.1.0-produccion,buena:completo/semana_anterior
B3_RECT,2026-09-01 08:40:00,totalpowerfactor,0.98866874,2026-08-31 14:30:00,v4.1.0-produccion,buena:completo/semana_anterior
B3_RECT,2026-09-01 08:50:00,totalpowerfactor,0.9876247,2026-08-31 14:30:00,v4.1.0-produccion,buena:completo/semana_anterior
B3_RECT,2026-09-01 09:00:00,totalpowerfactor,0.9881163,2026-08-31 14:30:00,v4.1.0-produccion,buena:completo/semana_anterior
B3_RECT,2026-09-01 09:10:00,totalpowerfactor,0.9872385,2026-08-31 14:30:00,v4.1.0-produccion,buena:completo/semana_anterior
B3_RECT,2026-09-01 09:20:00,totalpowerfactor,0.9872571,2026-08-31 14:30:00,v4.1.0-produccion,buena:completo/semana_anterior
B3_RECT,2026-09-01 09:30:00,totalpowerfactor,0.986937,2026-08-31 14:30:00,v4.1.0-produccion,buena:completo/semana_anterior
B3_RECT,2026-09-01 09:40:00,totalpowerfactor,0.9866034,2026-08-31 14:30:00,v4.1.0-produccion,buena:completo/semana_anterior
B3_RECT,2026-09-01 09:50:00,totalpowerfactor,0.98633015,2026-08-31 14:30:00,v4.1.0-produccion,buena:completo/semana_anterior
B3_RECT,2026-09-01 10:00:00,totalpowerfactor,0.9863464,2026-08-31 14:30:00,v4.1.0-produccion,buena:completo/semana_anterior
B3_RECT,2026-09-01 10:10:00,totalpowerfactor,0.9861148,2026-08-31 14:30:00,v4.1.0-produccion,buena:completo/semana_anterior
B3_RECT,2026-09-01 10:20:00,totalpowerfactor,0.9852111,2026-08-31 14:30:00,v4.1.0-produccion,buena:completo/semana_anterior
B3_RECT,2026-09-01 10:30:00,totalpowerfactor,0.98634726,2026-08-31 14:30:00,v4.1.0-produccion,buena:completo/semana_anterior
B3_RECT,2026-09-01 10:40:00,totalpowerfactor,0.98588586,2026-08-31 14:30:00,v4.1.0-produccion,buena:completo/semana_anterior
B3_RECT,2026-09-01 10:50:00,totalpowerfactor,0.9856302,2026-08-31 14:30:00,v4.1.0-produccion,buena:completo/semana_anterior
B3_RECT,2026-09-01 11:00:00,totalpowerfactor,0.9849858,2026-08-31 14:30:00,v4.1.0-produccion,buena:completo/semana_anterior
B3_RECT,2026-09-01 11:10:00,totalpowerfactor,0.98502606,2026-08-31 14:30:00,v4.1.0-produccion,buena:completo/semana_anterior
B3_RECT,2026-09-01 11:20:00,totalpowerfactor,0.9845746,2026-08-31 14:30:00,v4.1.0-produccion,buena:completo/semana_anterior
B3_RECT,2026-09-01 11:30:00,totalpowerfactor,0.98465276,2026-08-31 14:30:00,v4.1.0-produccion,buena:completo/semana_anterior
B3_RECT,2026-09-01 11:40:00,totalpowerfactor,0.9846628,2026-08-31 14:30:00,v4.1.0-produccion,buena:completo/semana_anterior
B3_RECT,2026-09-01 11:50:00,totalpowerfactor,0.9849391,2026-08-31 14:30:00,v4.1.0-produccion,buena:completo/semana_anterior
B3_RECT,2026-09-01 12:00:00,totalpowerfactor,0.98470443,2026-08-31 14:30:00,v4.1.0-produccion,buena:completo/semana_anterior
B3_RECT,2026-09-01 12:10:00,totalpowerfactor,0.984259,2026-08-31 14:30:00,v4.1.0-produccion,buena:completo/semana_anterior
B3_RECT,2026-09-01 12:20:00,totalpowerfactor,0.9842032,2026-08-31 14:30:00,v4.1.0-produccion,buena:completo/semana_anterior
B3_RECT,2026-09-01 12:30:00,totalpowerfactor,0.98405755,2026-08-31 14:30:00,v4.1.0-produccion,buena:completo/semana_anterior
B3_RECT,2026-09-01 12:40:00,totalpowerfactor,0.9836147,2026-08-31 14:30:00,v4.1.0-produccion,buena:completo/semana_anterior
B3_RECT,2026-09-01 12:50:00,totalpowerfactor,0.9836016,2026-08-31 14:30:00,v4.1.0-produccion,buena:completo/semana_anterior
B3_RECT,2026-09-01 13:00:00,totalpowerfactor,0.98335004,2026-08-31 14:30:00,v4.1.0-produccion,buena:completo/semana_anterior
B3_RECT,2026-09-01 13:10:00,totalpowerfactor,0.9837643,2026-08-31 14:30:00,v4.1.0-produccion,buena:completo/semana_anterior
B3_RECT,2026-09-01 13:20:00,totalpowerfactor,0.98359627,2026-08-31 14:30:00,v4.1.0-produccion,buena:completo/semana_anterior
B3_RECT,2026-09-01 13:30:00,totalpowerfactor,0.98359907,2026-08-31 14:30:00,v4.1.0-produccion,buena:completo/semana_anterior
B3_RECT,2026-09-01 13:40:00,totalpowerfactor,0.98451626,2026-08-31 14:30:00,v4.1.0-produccion,buena:completo/semana_anterior
B3_RECT,2026-09-01 13:50:00,totalpowerfactor,0.9842793,2026-08-31 14:30:00,v4.1.0-produccion,buena:completo/semana_anterior
B3_RECT,2026-09-01 14:00:00,totalpowerfactor,0.9839403,2026-08-31 14:30:00,v4.1.0-produccion,buena:completo/semana_anterior
B3_RECT,2026-09-01 14:10:00,totalpowerfactor,0.9846823,2026-08-31 14:30:00,v4.1.0-produccion,buena:completo/semana_anterior
B3_RECT,2026-09-01 14:20:00,totalpowerfactor,0.98466283,2026-08-31 14:30:00,v4.1.0-produccion,buena:completo/semana_anterior
B3_RECT,2026-09-01 14:30:00,totalpowerfactor,0.9844822,2026-08-31 14:30:00,v4.1.0-produccion,buena:completo/semana_anterior
B3_RECT,2026-08-31 14:40:00,voltaje_promedio,126.14147,2026-08-31 14:30:00,v4.1.0-produccion,buena:completo/semana_anterior
B3_RECT,2026-08-31 14:50:00,voltaje_promedio,126.149345,2026-08-31 14:30:00,v4.1.0-produccion,buena:completo/semana_anterior
B3_RECT,2026-08-31 15:00:00,voltaje_promedio,126.11826,2026-08-31 14:30:00,v4.1.0-produccion,buena:completo/semana_anterior
B3_RECT,2026-08-31 15:10:00,voltaje_promedio,126.138626,2026-08-31 14:30:00,v4.1.0-produccion,buena:completo/semana_anterior
B3_RECT,2026-08-31 15:20:00,voltaje_promedio,126.218704,2026-08-31 14:30:00,v4.1.0-produccion,buena:completo/semana_anterior
B3_RECT,2026-08-31 15:30:00,voltaje_promedio,126.3595,2026-08-31 14:30:00,v4.1.0-produccion,buena:completo/semana_anterior
B3_RECT,2026-08-31 15:40:00,voltaje_promedio,126.4142,2026-08-31 14:30:00,v4.1.0-produccion,buena:completo/semana_anterior
B3_RECT,2026-08-31 15:50:00,voltaje_promedio,126.38306,2026-08-31 14:30:00,v4.1.0-produccion,buena:completo/semana_anterior
B3_RECT,2026-08-31 16:00:00,voltaje_promedio,126.41845,2026-08-31 14:30:00,v4.1.0-produccion,buena:completo/semana_anterior
B3_RECT,2026-08-31 16:10:00,voltaje_promedio,126.54132,2026-08-31 14:30:00,v4.1.0-produccion,buena:completo/semana_anterior
B3_RECT,2026-08-31 16:20:00,voltaje_promedio,126.591675,2026-08-31 14:30:00,v4.1.0-produccion,buena:completo/semana_anterior
B3_RECT,2026-08-31 16:30:00,voltaje_promedio,126.59696,2026-08-31 14:30:00,v4.1.0-produccion,buena:completo/semana_anterior
B3_RECT,2026-08-31 16:40:00,voltaje_promedio,126.65884,2026-08-31 14:30:00,v4.1.0-produccion,buena:completo/semana_anterior
B3_RECT,2026-08-31 16:50:00,voltaje_promedio,126.634544,2026-08-31 14:30:00,v4.1.0-produccion,buena:completo/semana_anterior
B3_RECT,2026-08-31 17:00:00,voltaje_promedio,126.77973,2026-08-31 14:30:00,v4.1.0-produccion,buena:completo/semana_anterior
B3_RECT,2026-08-31 17:10:00,voltaje_promedio,126.76561,2026-08-31 14:30:00,v4.1.0-produccion,buena:completo/semana_anterior
B3_RECT,2026-08-31 17:20:00,voltaje_promedio,126.79185,2026-08-31 14:30:00,v4.1.0-produccion,buena:completo/semana_anterior
B3_RECT,2026-08-31 17:30:00,voltaje_promedio,126.89324,2026-08-31 14:30:00,v4.1.0-produccion,buena:completo/semana_anterior
B3_RECT,2026-08-31 17:40:00,voltaje_promedio,126.88361,2026-08-31 14:30:00,v4.1.0-produccion,buena:completo/semana_anterior
B3_RECT,2026-08-31 17:50:00,voltaje_promedio,126.899666,2026-08-31 14:30:00,v4.1.0-produccion,buena:completo/semana_anterior
B3_RECT,2026-08-31 18:00:00,voltaje_promedio,126.96125,2026-08-31 14:30:00,v4.1.0-produccion,buena:completo/semana_anterior
B3_RECT,2026-08-31 18:10:00,voltaje_promedio,126.94359,2026-08-31 14:30:00,v4.1.0-produccion,buena:completo/semana_anterior
B3_RECT,2026-08-31 18:20:00,voltaje_promedio,126.94941,2026-08-31 14:30:00,v4.1.0-produccion,buena:completo/semana_anterior
B3_RECT,2026-08-31 18:30:00,voltaje_promedio,127.01456,2026-08-31 14:30:00,v4.1.0-produccion,buena:completo/semana_anterior
B3_RECT,2026-08-31 18:40:00,voltaje_promedio,127.05332,2026-08-31 14:30:00,v4.1.0-produccion,buena:completo/semana_anterior
B3_RECT,2026-08-31 18:50:00,voltaje_promedio,127.04706,2026-08-31 14:30:00,v4.1.0-produccion,buena:completo/semana_anterior
B3_RECT,2026-08-31 19:00:00,voltaje_promedio,127.049,2026-08-31 14:30:00,v4.1.0-produccion,buena:completo/semana_anterior
B3_RECT,2026-08-31 19:10:00,voltaje_promedio,127.064575,2026-08-31 14:30:00,v4.1.0-produccion,buena:completo/semana_anterior
B3_RECT,2026-08-31 19:20:00,voltaje_promedio,127.14174,2026-08-31 14:30:00,v4.1.0-produccion,buena:completo/semana_anterior
B3_RECT,2026-08-31 19:30:00,voltaje_promedio,127.17555,2026-08-31 14:30:00,v4.1.0-produccion,buena:completo/semana_anterior
B3_RECT,2026-08-31 19:40:00,voltaje_promedio,127.25731,2026-08-31 14:30:00,v4.1.0-produccion,buena:completo/semana_anterior
B3_RECT,2026-08-31 19:50:00,voltaje_promedio,127.20633,2026-08-31 14:30:00,v4.1.0-produccion,buena:completo/semana_anterior
B3_RECT,2026-08-31 20:00:00,voltaje_promedio,127.22756,2026-08-31 14:30:00,v4.1.0-produccion,buena:completo/semana_anterior
B3_RECT,2026-08-31 20:10:00,voltaje_promedio,127.29512,2026-08-31 14:30:00,v4.1.0-produccion,buena:completo/semana_anterior
B3_RECT,2026-08-31 20:20:00,voltaje_promedio,127.35347,2026-08-31 14:30:00,v4.1.0-produccion,buena:completo/semana_anterior
B3_RECT,2026-08-31 20:30:00,voltaje_promedio,127.37653,2026-08-31 14:30:00,v4.1.0-produccion,buena:completo/semana_anterior
B3_RECT,2026-08-31 20:40:00,voltaje_promedio,127.363594,2026-08-31 14:30:00,v4.1.0-produccion,buena:completo/semana_anterior
B3_RECT,2026-08-31 20:50:00,voltaje_promedio,127.36732,2026-08-31 14:30:00,v4.1.0-produccion,buena:completo/semana_anterior
B3_RECT,2026-08-31 21:00:00,voltaje_promedio,127.397385,2026-08-31 14:30:00,v4.1.0-produccion,buena:completo/semana_anterior
B3_RECT,2026-08-31 21:10:00,voltaje_promedio,127.481415,2026-08-31 14:30:00,v4.1.0-produccion,buena:completo/semana_anterior
B3_RECT,2026-08-31 21:20:00,voltaje_promedio,127.45685,2026-08-31 14:30:00,v4.1.0-produccion,buena:completo/semana_anterior
B3_RECT,2026-08-31 21:30:00,voltaje_promedio,127.51068,2026-08-31 14:30:00,v4.1.0-produccion,buena:completo/semana_anterior
B3_RECT,2026-08-31 21:40:00,voltaje_promedio,127.483154,2026-08-31 14:30:00,v4.1.0-produccion,buena:completo/semana_anterior
B3_RECT,2026-08-31 21:50:00,voltaje_promedio,127.403275,2026-08-31 14:30:00,v4.1.0-produccion,buena:completo/semana_anterior
B3_RECT,2026-08-31 22:00:00,voltaje_promedio,127.49246,2026-08-31 14:30:00,v4.1.0-produccion,buena:completo/semana_anterior
B3_RECT,2026-08-31 22:10:00,voltaje_promedio,127.49318,2026-08-31 14:30:00,v4.1.0-produccion,buena:completo/semana_anterior
B3_RECT,2026-08-31 22:20:00,voltaje_promedio,127.494,2026-08-31 14:30:00,v4.1.0-produccion,buena:completo/semana_anterior
B3_RECT,2026-08-31 22:30:00,voltaje_promedio,127.45062,2026-08-31 14:30:00,v4.1.0-produccion,buena:completo/semana_anterior
B3_RECT,2026-08-31 22:40:00,voltaje_promedio,127.42693,2026-08-31 14:30:00,v4.1.0-produccion,buena:completo/semana_anterior
B3_RECT,2026-08-31 22:50:00,voltaje_promedio,127.388794,2026-08-31 14:30:00,v4.1.0-produccion,buena:completo/semana_anterior
B3_RECT,2026-08-31 23:00:00,voltaje_promedio,127.41882,2026-08-31 14:30:00,v4.1.0-produccion,buena:completo/semana_anterior
B3_RECT,2026-08-31 23:10:00,voltaje_promedio,127.414154,2026-08-31 14:30:00,v4.1.0-produccion,buena:completo/semana_anterior
B3_RECT,2026-08-31 23:20:00,voltaje_promedio,127.44924,2026-08-31 14:30:00,v4.1.0-produccion,buena:completo/semana_anterior
B3_RECT,2026-08-31 23:30:00,voltaje_promedio,127.425354,2026-08-31 14:30:00,v4.1.0-produccion,buena:completo/semana_anterior
B3_RECT,2026-08-31 23:40:00,voltaje_promedio,127.36334,2026-08-31 14:30:00,v4.1.0-produccion,buena:completo/semana_anterior
B3_RECT,2026-08-31 23:50:00,voltaje_promedio,127.34685,2026-08-31 14:30:00,v4.1.0-produccion,buena:completo/semana_anterior
B3_RECT,2026-09-01 00:00:00,voltaje_promedio,127.35553,2026-08-31 14:30:00,v4.1.0-produccion,buena:completo/semana_anterior
B3_RECT,2026-09-01 00:10:00,voltaje_promedio,127.36298,2026-08-31 14:30:00,v4.1.0-produccion,buena:completo/semana_anterior
B3_RECT,2026-09-01 00:20:00,voltaje_promedio,127.39823,2026-08-31 14:30:00,v4.1.0-produccion,buena:completo/semana_anterior
B3_RECT,2026-09-01 00:30:00,voltaje_promedio,127.34693,2026-08-31 14:30:00,v4.1.0-produccion,buena:completo/semana_anterior
B3_RECT,2026-09-01 00:40:00,voltaje_promedio,127.35505,2026-08-31 14:30:00,v4.1.0-produccion,buena:completo/semana_anterior
B3_RECT,2026-09-01 00:50:00,voltaje_promedio,127.33651,2026-08-31 14:30:00,v4.1.0-produccion,buena:completo/semana_anterior
B3_RECT,2026-09-01 01:00:00,voltaje_promedio,127.32662,2026-08-31 14:30:00,v4.1.0-produccion,buena:completo/semana_anterior
B3_RECT,2026-09-01 01:10:00,voltaje_promedio,127.38151,2026-08-31 14:30:00,v4.1.0-produccion,buena:completo/semana_anterior
B3_RECT,2026-09-01 01:20:00,voltaje_promedio,127.32701,2026-08-31 14:30:00,v4.1.0-produccion,buena:completo/semana_anterior
B3_RECT,2026-09-01 01:30:00,voltaje_promedio,127.391975,2026-08-31 14:30:00,v4.1.0-produccion,buena:completo/semana_anterior
B3_RECT,2026-09-01 01:40:00,voltaje_promedio,127.37383,2026-08-31 14:30:00,v4.1.0-produccion,buena:completo/semana_anterior
B3_RECT,2026-09-01 01:50:00,voltaje_promedio,127.37407,2026-08-31 14:30:00,v4.1.0-produccion,buena:completo/semana_anterior
B3_RECT,2026-09-01 02:00:00,voltaje_promedio,127.30925,2026-08-31 14:30:00,v4.1.0-produccion,buena:completo/semana_anterior
B3_RECT,2026-09-01 02:10:00,voltaje_promedio,127.271385,2026-08-31 14:30:00,v4.1.0-produccion,buena:completo/semana_anterior
B3_RECT,2026-09-01 02:20:00,voltaje_promedio,127.29277,2026-08-31 14:30:00,v4.1.0-produccion,buena:completo/semana_anterior
B3_RECT,2026-09-01 02:30:00,voltaje_promedio,127.32511,2026-08-31 14:30:00,v4.1.0-produccion,buena:completo/semana_anterior
B3_RECT,2026-09-01 02:40:00,voltaje_promedio,127.354836,2026-08-31 14:30:00,v4.1.0-produccion,buena:completo/semana_anterior
B3_RECT,2026-09-01 02:50:00,voltaje_promedio,127.35321,2026-08-31 14:30:00,v4.1.0-produccion,buena:completo/semana_anterior
B3_RECT,2026-09-01 03:00:00,voltaje_promedio,127.28999,2026-08-31 14:30:00,v4.1.0-produccion,buena:completo/semana_anterior
B3_RECT,2026-09-01 03:10:00,voltaje_promedio,127.24411,2026-08-31 14:30:00,v4.1.0-produccion,buena:completo/semana_anterior
B3_RECT,2026-09-01 03:20:00,voltaje_promedio,127.21776,2026-08-31 14:30:00,v4.1.0-produccion,buena:completo/semana_anterior
B3_RECT,2026-09-01 03:30:00,voltaje_promedio,127.2432,2026-08-31 14:30:00,v4.1.0-produccion,buena:completo/semana_anterior
B3_RECT,2026-09-01 03:40:00,voltaje_promedio,127.1985,2026-08-31 14:30:00,v4.1.0-produccion,buena:completo/semana_anterior
B3_RECT,2026-09-01 03:50:00,voltaje_promedio,127.10795,2026-08-31 14:30:00,v4.1.0-produccion,buena:completo/semana_anterior
B3_RECT,2026-09-01 04:00:00,voltaje_promedio,127.01787,2026-08-31 14:30:00,v4.1.0-produccion,buena:completo/semana_anterior
B3_RECT,2026-09-01 04:10:00,voltaje_promedio,127.09417,2026-08-31 14:30:00,v4.1.0-produccion,buena:completo/semana_anterior
B3_RECT,2026-09-01 04:20:00,voltaje_promedio,126.9706,2026-08-31 14:30:00,v4.1.0-produccion,buena:completo/semana_anterior
B3_RECT,2026-09-01 04:30:00,voltaje_promedio,126.91898,2026-08-31 14:30:00,v4.1.0-produccion,buena:completo/semana_anterior
B3_RECT,2026-09-01 04:40:00,voltaje_promedio,126.794556,2026-08-31 14:30:00,v4.1.0-produccion,buena:completo/semana_anterior
B3_RECT,2026-09-01 04:50:00,voltaje_promedio,126.73146,2026-08-31 14:30:00,v4.1.0-produccion,buena:completo/semana_anterior
B3_RECT,2026-09-01 05:00:00,voltaje_promedio,126.74105,2026-08-31 14:30:00,v4.1.0-produccion,buena:completo/semana_anterior
B3_RECT,2026-09-01 05:10:00,voltaje_promedio,126.69867,2026-08-31 14:30:00,v4.1.0-produccion,buena:completo/semana_anterior
B3_RECT,2026-09-01 05:20:00,voltaje_promedio,126.58105,2026-08-31 14:30:00,v4.1.0-produccion,buena:completo/semana_anterior
B3_RECT,2026-09-01 05:30:00,voltaje_promedio,126.51266,2026-08-31 14:30:00,v4.1.0-produccion,buena:completo/semana_anterior
B3_RECT,2026-09-01 05:40:00,voltaje_promedio,126.48417,2026-08-31 14:30:00,v4.1.0-produccion,buena:completo/semana_anterior
B3_RECT,2026-09-01 05:50:00,voltaje_promedio,126.28947,2026-08-31 14:30:00,v4.1.0-produccion,buena:completo/semana_anterior
B3_RECT,2026-09-01 06:00:00,voltaje_promedio,126.23657,2026-08-31 14:30:00,v4.1.0-produccion,buena:completo/semana_anterior
B3_RECT,2026-09-01 06:10:00,voltaje_promedio,126.067635,2026-08-31 14:30:00,v4.1.0-produccion,buena:completo/semana_anterior
B3_RECT,2026-09-01 06:20:00,voltaje_promedio,126.01706,2026-08-31 14:30:00,v4.1.0-produccion,buena:completo/semana_anterior
B3_RECT,2026-09-01 06:30:00,voltaje_promedio,126.13173,2026-08-31 14:30:00,v4.1.0-produccion,buena:completo/semana_anterior
B3_RECT,2026-09-01 06:40:00,voltaje_promedio,126.0413,2026-08-31 14:30:00,v4.1.0-produccion,buena:completo/semana_anterior
B3_RECT,2026-09-01 06:50:00,voltaje_promedio,125.95961,2026-08-31 14:30:00,v4.1.0-produccion,buena:completo/semana_anterior
B3_RECT,2026-09-01 07:00:00,voltaje_promedio,125.88631,2026-08-31 14:30:00,v4.1.0-produccion,buena:completo/semana_anterior
B3_RECT,2026-09-01 07:10:00,voltaje_promedio,125.85547,2026-08-31 14:30:00,v4.1.0-produccion,buena:completo/semana_anterior
B3_RECT,2026-09-01 07:20:00,voltaje_promedio,125.80477,2026-08-31 14:30:00,v4.1.0-produccion,buena:completo/semana_anterior
B3_RECT,2026-09-01 07:30:00,voltaje_promedio,125.866135,2026-08-31 14:30:00,v4.1.0-produccion,buena:completo/semana_anterior
B3_RECT,2026-09-01 07:40:00,voltaje_promedio,125.854614,2026-08-31 14:30:00,v4.1.0-produccion,buena:completo/semana_anterior
B3_RECT,2026-09-01 07:50:00,voltaje_promedio,125.78921,2026-08-31 14:30:00,v4.1.0-produccion,buena:completo/semana_anterior
B3_RECT,2026-09-01 08:00:00,voltaje_promedio,125.72302,2026-08-31 14:30:00,v4.1.0-produccion,buena:completo/semana_anterior
B3_RECT,2026-09-01 08:10:00,voltaje_promedio,125.73806,2026-08-31 14:30:00,v4.1.0-produccion,buena:completo/semana_anterior
B3_RECT,2026-09-01 08:20:00,voltaje_promedio,125.72789,2026-08-31 14:30:00,v4.1.0-produccion,buena:completo/semana_anterior
B3_RECT,2026-09-01 08:30:00,voltaje_promedio,125.79872,2026-08-31 14:30:00,v4.1.0-produccion,buena:completo/semana_anterior
B3_RECT,2026-09-01 08:40:00,voltaje_promedio,125.753494,2026-08-31 14:30:00,v4.1.0-produccion,buena:completo/semana_anterior
B3_RECT,2026-09-01 08:50:00,voltaje_promedio,125.68939,2026-08-31 14:30:00,v4.1.0-produccion,buena:completo/semana_anterior
B3_RECT,2026-09-01 09:00:00,voltaje_promedio,125.6519,2026-08-31 14:30:00,v4.1.0-produccion,buena:completo/semana_anterior
B3_RECT,2026-09-01 09:10:00,voltaje_promedio,125.63579,2026-08-31 14:30:00,v4.1.0-produccion,buena:completo/semana_anterior
B3_RECT,2026-09-01 09:20:00,voltaje_promedio,125.64886,2026-08-31 14:30:00,v4.1.0-produccion,buena:completo/semana_anterior
B3_RECT,2026-09-01 09:30:00,voltaje_promedio,125.66122,2026-08-31 14:30:00,v4.1.0-produccion,buena:completo/semana_anterior
B3_RECT,2026-09-01 09:40:00,voltaje_promedio,125.70661,2026-08-31 14:30:00,v4.1.0-produccion,buena:completo/semana_anterior
B3_RECT,2026-09-01 09:50:00,voltaje_promedio,125.7452,2026-08-31 14:30:00,v4.1.0-produccion,buena:completo/semana_anterior
B3_RECT,2026-09-01 10:00:00,voltaje_promedio,125.718834,2026-08-31 14:30:00,v4.1.0-produccion,buena:completo/semana_anterior
B3_RECT,2026-09-01 10:10:00,voltaje_promedio,125.71468,2026-08-31 14:30:00,v4.1.0-produccion,buena:completo/semana_anterior
B3_RECT,2026-09-01 10:20:00,voltaje_promedio,125.71443,2026-08-31 14:30:00,v4.1.0-produccion,buena:completo/semana_anterior
B3_RECT,2026-09-01 10:30:00,voltaje_promedio,125.70262,2026-08-31 14:30:00,v4.1.0-produccion,buena:completo/semana_anterior
B3_RECT,2026-09-01 10:40:00,voltaje_promedio,125.71512,2026-08-31 14:30:00,v4.1.0-produccion,buena:completo/semana_anterior
B3_RECT,2026-09-01 10:50:00,voltaje_promedio,125.68728,2026-08-31 14:30:00,v4.1.0-produccion,buena:completo/semana_anterior
B3_RECT,2026-09-01 11:00:00,voltaje_promedio,125.66501,2026-08-31 14:30:00,v4.1.0-produccion,buena:completo/semana_anterior
B3_RECT,2026-09-01 11:10:00,voltaje_promedio,125.75662,2026-08-31 14:30:00,v4.1.0-produccion,buena:completo/semana_anterior
B3_RECT,2026-09-01 11:20:00,voltaje_promedio,125.737144,2026-08-31 14:30:00,v4.1.0-produccion,buena:completo/semana_anterior
B3_RECT,2026-09-01 11:30:00,voltaje_promedio,125.71274,2026-08-31 14:30:00,v4.1.0-produccion,buena:completo/semana_anterior
B3_RECT,2026-09-01 11:40:00,voltaje_promedio,125.69281,2026-08-31 14:30:00,v4.1.0-produccion,buena:completo/semana_anterior
B3_RECT,2026-09-01 11:50:00,voltaje_promedio,125.720436,2026-08-31 14:30:00,v4.1.0-produccion,buena:completo/semana_anterior
B3_RECT,2026-09-01 12:00:00,voltaje_promedio,125.74929,2026-08-31 14:30:00,v4.1.0-produccion,buena:completo/semana_anterior
B3_RECT,2026-09-01 12:10:00,voltaje_promedio,125.80016,2026-08-31 14:30:00,v4.1.0-produccion,buena:completo/semana_anterior
B3_RECT,2026-09-01 12:20:00,voltaje_promedio,125.79681,2026-08-31 14:30:00,v4.1.0-produccion,buena:completo/semana_anterior
B3_RECT,2026-09-01 12:30:00,voltaje_promedio,125.84857,2026-08-31 14:30:00,v4.1.0-produccion,buena:completo/semana_anterior
B3_RECT,2026-09-01 12:40:00,voltaje_promedio,125.90432,2026-08-31 14:30:00,v4.1.0-produccion,buena:completo/semana_anterior
B3_RECT,2026-09-01 12:50:00,voltaje_promedio,125.91882,2026-08-31 14:30:00,v4.1.0-produccion,buena:completo/semana_anterior
B3_RECT,2026-09-01 13:00:00,voltaje_promedio,125.86323,2026-08-31 14:30:00,v4.1.0-produccion,buena:completo/semana_anterior
B3_RECT,2026-09-01 13:10:00,voltaje_promedio,125.85913,2026-08-31 14:30:00,v4.1.0-produccion,buena:completo/semana_anterior
B3_RECT,2026-09-01 13:20:00,voltaje_promedio,125.91114,2026-08-31 14:30:00,v4.1.0-produccion,buena:completo/semana_anterior
B3_RECT,2026-09-01 13:30:00,voltaje_promedio,125.88414,2026-08-31 14:30:00,v4.1.0-produccion,buena:completo/semana_anterior
B3_RECT,2026-09-01 13:40:00,voltaje_promedio,125.932976,2026-08-31 14:30:00,v4.1.0-produccion,buena:completo/semana_anterior
B3_RECT,2026-09-01 13:50:00,voltaje_promedio,125.95955,2026-08-31 14:30:00,v4.1.0-produccion,buena:completo/semana_anterior
B3_RECT,2026-09-01 14:00:00,voltaje_promedio,125.89898,2026-08-31 14:30:00,v4.1.0-produccion,buena:completo/semana_anterior
B3_RECT,2026-09-01 14:10:00,voltaje_promedio,126.026245,2026-08-31 14:30:00,v4.1.0-produccion,buena:completo/semana_anterior
B3_RECT,2026-09-01 14:20:00,voltaje_promedio,126.08527,2026-08-31 14:30:00,v4.1.0-produccion,buena:completo/semana_anterior
B3_RECT,2026-09-01 14:30:00,voltaje_promedio,126.07173,2026-08-31 14:30:00,v4.1.0-produccion,buena:completo/semana_anterior
B4_PRIM,2026-08-31 14:40:00,activepower,35079.76,2026-08-31 14:30:00,v4.1.0-produccion,buena:completo/semana_anterior
B4_PRIM,2026-08-31 14:50:00,activepower,33902.156,2026-08-31 14:30:00,v4.1.0-produccion,buena:completo/semana_anterior
B4_PRIM,2026-08-31 15:00:00,activepower,32824.9,2026-08-31 14:30:00,v4.1.0-produccion,buena:completo/semana_anterior
B4_PRIM,2026-08-31 15:10:00,activepower,32162.676,2026-08-31 14:30:00,v4.1.0-produccion,buena:completo/semana_anterior
B4_PRIM,2026-08-31 15:20:00,activepower,31165.402,2026-08-31 14:30:00,v4.1.0-produccion,buena:completo/semana_anterior
B4_PRIM,2026-08-31 15:30:00,activepower,30023.242,2026-08-31 14:30:00,v4.1.0-produccion,buena:completo/semana_anterior
B4_PRIM,2026-08-31 15:40:00,activepower,28836.541,2026-08-31 14:30:00,v4.1.0-produccion,buena:completo/semana_anterior
B4_PRIM,2026-08-31 15:50:00,activepower,27697.379,2026-08-31 14:30:00,v4.1.0-produccion,buena:completo/semana_anterior
B4_PRIM,2026-08-31 16:00:00,activepower,27462.436,2026-08-31 14:30:00,v4.1.0-produccion,buena:completo/semana_anterior
B4_PRIM,2026-08-31 16:10:00,activepower,26190.762,2026-08-31 14:30:00,v4.1.0-produccion,buena:completo/semana_anterior
B4_PRIM,2026-08-31 16:20:00,activepower,25049.918,2026-08-31 14:30:00,v4.1.0-produccion,buena:completo/semana_anterior
B4_PRIM,2026-08-31 16:30:00,activepower,23928.055,2026-08-31 14:30:00,v4.1.0-produccion,buena:completo/semana_anterior
B4_PRIM,2026-08-31 16:40:00,activepower,23249.365,2026-08-31 14:30:00,v4.1.0-produccion,buena:completo/semana_anterior
B4_PRIM,2026-08-31 16:50:00,activepower,21936.715,2026-08-31 14:30:00,v4.1.0-produccion,buena:completo/semana_anterior
B4_PRIM,2026-08-31 17:00:00,activepower,21295.143,2026-08-31 14:30:00,v4.1.0-produccion,buena:completo/semana_anterior
B4_PRIM,2026-08-31 17:10:00,activepower,20670.191,2026-08-31 14:30:00,v4.1.0-produccion,buena:completo/semana_anterior
B4_PRIM,2026-08-31 17:20:00,activepower,19693.074,2026-08-31 14:30:00,v4.1.0-produccion,buena:completo/semana_anterior
B4_PRIM,2026-08-31 17:30:00,activepower,19056.773,2026-08-31 14:30:00,v4.1.0-produccion,buena:completo/semana_anterior
B4_PRIM,2026-08-31 17:40:00,activepower,18963.156,2026-08-31 14:30:00,v4.1.0-produccion,buena:completo/semana_anterior
B4_PRIM,2026-08-31 17:50:00,activepower,18527.883,2026-08-31 14:30:00,v4.1.0-produccion,buena:completo/semana_anterior
B4_PRIM,2026-08-31 18:00:00,activepower,17964.205,2026-08-31 14:30:00,v4.1.0-produccion,buena:completo/semana_anterior
B4_PRIM,2026-08-31 18:10:00,activepower,17741.344,2026-08-31 14:30:00,v4.1.0-produccion,buena:completo/semana_anterior
B4_PRIM,2026-08-31 18:20:00,activepower,17458.285,2026-08-31 14:30:00,v4.1.0-produccion,buena:completo/semana_anterior
B4_PRIM,2026-08-31 18:30:00,activepower,17365.855,2026-08-31 14:30:00,v4.1.0-produccion,buena:completo/semana_anterior
B4_PRIM,2026-08-31 18:40:00,activepower,16584.027,2026-08-31 14:30:00,v4.1.0-produccion,buena:completo/semana_anterior
B4_PRIM,2026-08-31 18:50:00,activepower,16425.105,2026-08-31 14:30:00,v4.1.0-produccion,buena:completo/semana_anterior
B4_PRIM,2026-08-31 19:00:00,activepower,16362.956,2026-08-31 14:30:00,v4.1.0-produccion,buena:completo/semana_anterior
B4_PRIM,2026-08-31 19:10:00,activepower,16403.621,2026-08-31 14:30:00,v4.1.0-produccion,buena:completo/semana_anterior
B4_PRIM,2026-08-31 19:20:00,activepower,15903.358,2026-08-31 14:30:00,v4.1.0-produccion,buena:completo/semana_anterior
B4_PRIM,2026-08-31 19:30:00,activepower,15681.242,2026-08-31 14:30:00,v4.1.0-produccion,buena:completo/semana_anterior
B4_PRIM,2026-08-31 19:40:00,activepower,15808.433,2026-08-31 14:30:00,v4.1.0-produccion,buena:completo/semana_anterior
B4_PRIM,2026-08-31 19:50:00,activepower,16042.562,2026-08-31 14:30:00,v4.1.0-produccion,buena:completo/semana_anterior
B4_PRIM,2026-08-31 20:00:00,activepower,15789.395,2026-08-31 14:30:00,v4.1.0-produccion,buena:completo/semana_anterior
B4_PRIM,2026-08-31 20:10:00,activepower,15955.619,2026-08-31 14:30:00,v4.1.0-produccion,buena:completo/semana_anterior
B4_PRIM,2026-08-31 20:20:00,activepower,15596.909,2026-08-31 14:30:00,v4.1.0-produccion,buena:completo/semana_anterior
B4_PRIM,2026-08-31 20:30:00,activepower,15567.175,2026-08-31 14:30:00,v4.1.0-produccion,buena:completo/semana_anterior
B4_PRIM,2026-08-31 20:40:00,activepower,15315.019,2026-08-31 14:30:00,v4.1.0-produccion,buena:completo/semana_anterior
B4_PRIM,2026-08-31 20:50:00,activepower,14961.534,2026-08-31 14:30:00,v4.1.0-produccion,buena:completo/semana_anterior
B4_PRIM,2026-08-31 21:00:00,activepower,14963.335,2026-08-31 14:30:00,v4.1.0-produccion,buena:completo/semana_anterior
B4_PRIM,2026-08-31 21:10:00,activepower,14809.765,2026-08-31 14:30:00,v4.1.0-produccion,buena:completo/semana_anterior
B4_PRIM,2026-08-31 21:20:00,activepower,14748.934,2026-08-31 14:30:00,v4.1.0-produccion,buena:completo/semana_anterior
B4_PRIM,2026-08-31 21:30:00,activepower,14532.996,2026-08-31 14:30:00,v4.1.0-produccion,buena:completo/semana_anterior
B4_PRIM,2026-08-31 21:40:00,activepower,14339.503,2026-08-31 14:30:00,v4.1.0-produccion,buena:completo/semana_anterior
B4_PRIM,2026-08-31 21:50:00,activepower,14200.467,2026-08-31 14:30:00,v4.1.0-produccion,buena:completo/semana_anterior
B4_PRIM,2026-08-31 22:00:00,activepower,13730.565,2026-08-31 14:30:00,v4.1.0-produccion,buena:completo/semana_anterior
B4_PRIM,2026-08-31 22:10:00,activepower,13939.658,2026-08-31 14:30:00,v4.1.0-produccion,buena:completo/semana_anterior
B4_PRIM,2026-08-31 22:20:00,activepower,13948.667,2026-08-31 14:30:00,v4.1.0-produccion,buena:completo/semana_anterior
B4_PRIM,2026-08-31 22:30:00,activepower,13821.191,2026-08-31 14:30:00,v4.1.0-produccion,buena:completo/semana_anterior
B4_PRIM,2026-08-31 22:40:00,activepower,13435.893,2026-08-31 14:30:00,v4.1.0-produccion,buena:completo/semana_anterior
B4_PRIM,2026-08-31 22:50:00,activepower,13228.932,2026-08-31 14:30:00,v4.1.0-produccion,buena:completo/semana_anterior
B4_PRIM,2026-08-31 23:00:00,activepower,13273.758,2026-08-31 14:30:00,v4.1.0-produccion,buena:completo/semana_anterior
B4_PRIM,2026-08-31 23:10:00,activepower,13324.552,2026-08-31 14:30:00,v4.1.0-produccion,buena:completo/semana_anterior
B4_PRIM,2026-08-31 23:20:00,activepower,13122.293,2026-08-31 14:30:00,v4.1.0-produccion,buena:completo/semana_anterior
B4_PRIM,2026-08-31 23:30:00,activepower,12879.495,2026-08-31 14:30:00,v4.1.0-produccion,buena:completo/semana_anterior
B4_PRIM,2026-08-31 23:40:00,activepower,12725.66,2026-08-31 14:30:00,v4.1.0-produccion,buena:completo/semana_anterior
B4_PRIM,2026-08-31 23:50:00,activepower,12684.934,2026-08-31 14:30:00,v4.1.0-produccion,buena:completo/semana_anterior
B4_PRIM,2026-09-01 00:00:00,activepower,12738.589,2026-08-31 14:30:00,v4.1.0-produccion,buena:completo/semana_anterior
B4_PRIM,2026-09-01 00:10:00,activepower,12831.88,2026-08-31 14:30:00,v4.1.0-produccion,buena:completo/semana_anterior
B4_PRIM,2026-09-01 00:20:00,activepower,12783.86,2026-08-31 14:30:00,v4.1.0-produccion,buena:completo/semana_anterior
B4_PRIM,2026-09-01 00:30:00,activepower,12749.776,2026-08-31 14:30:00,v4.1.0-produccion,buena:completo/semana_anterior
B4_PRIM,2026-09-01 00:40:00,activepower,12825.287,2026-08-31 14:30:00,v4.1.0-produccion,buena:completo/semana_anterior
B4_PRIM,2026-09-01 00:50:00,activepower,12691.933,2026-08-31 14:30:00,v4.1.0-produccion,buena:completo/semana_anterior
B4_PRIM,2026-09-01 01:00:00,activepower,12904.934,2026-08-31 14:30:00,v4.1.0-produccion,buena:completo/semana_anterior
B4_PRIM,2026-09-01 01:10:00,activepower,12685.533,2026-08-31 14:30:00,v4.1.0-produccion,buena:completo/semana_anterior
B4_PRIM,2026-09-01 01:20:00,activepower,12494.924,2026-08-31 14:30:00,v4.1.0-produccion,buena:completo/semana_anterior
B4_PRIM,2026-09-01 01:30:00,activepower,12718.478,2026-08-31 14:30:00,v4.1.0-produccion,buena:completo/semana_anterior
B4_PRIM,2026-09-01 01:40:00,activepower,12540.298,2026-08-31 14:30:00,v4.1.0-produccion,buena:completo/semana_anterior
B4_PRIM,2026-09-01 01:50:00,activepower,12761.808,2026-08-31 14:30:00,v4.1.0-produccion,buena:completo/semana_anterior
B4_PRIM,2026-09-01 02:00:00,activepower,12562.483,2026-08-31 14:30:00,v4.1.0-produccion,buena:completo/semana_anterior
B4_PRIM,2026-09-01 02:10:00,activepower,12152.356,2026-08-31 14:30:00,v4.1.0-produccion,buena:completo/semana_anterior
B4_PRIM,2026-09-01 02:20:00,activepower,12469.434,2026-08-31 14:30:00,v4.1.0-produccion,buena:completo/semana_anterior
B4_PRIM,2026-09-01 02:30:00,activepower,12417.406,2026-08-31 14:30:00,v4.1.0-produccion,buena:completo/semana_anterior
B4_PRIM,2026-09-01 02:40:00,activepower,12247.126,2026-08-31 14:30:00,v4.1.0-produccion,buena:completo/semana_anterior
B4_PRIM,2026-09-01 02:50:00,activepower,12338.289,2026-08-31 14:30:00,v4.1.0-produccion,buena:completo/semana_anterior
B4_PRIM,2026-09-01 03:00:00,activepower,12581.219,2026-08-31 14:30:00,v4.1.0-produccion,buena:completo/semana_anterior
B4_PRIM,2026-09-01 03:10:00,activepower,12482.689,2026-08-31 14:30:00,v4.1.0-produccion,buena:completo/semana_anterior
B4_PRIM,2026-09-01 03:20:00,activepower,12497.0205,2026-08-31 14:30:00,v4.1.0-produccion,buena:completo/semana_anterior
B4_PRIM,2026-09-01 03:30:00,activepower,13020.887,2026-08-31 14:30:00,v4.1.0-produccion,buena:completo/semana_anterior
B4_PRIM,2026-09-01 03:40:00,activepower,13127.105,2026-08-31 14:30:00,v4.1.0-produccion,buena:completo/semana_anterior
B4_PRIM,2026-09-01 03:50:00,activepower,13364.19,2026-08-31 14:30:00,v4.1.0-produccion,buena:completo/semana_anterior
B4_PRIM,2026-09-01 04:00:00,activepower,13852.516,2026-08-31 14:30:00,v4.1.0-produccion,buena:completo/semana_anterior
B4_PRIM,2026-09-01 04:10:00,activepower,14104.403,2026-08-31 14:30:00,v4.1.0-produccion,buena:completo/semana_anterior
B4_PRIM,2026-09-01 04:20:00,activepower,15058.099,2026-08-31 14:30:00,v4.1.0-produccion,buena:completo/semana_anterior
B4_PRIM,2026-09-01 04:30:00,activepower,15542.335,2026-08-31 14:30:00,v4.1.0-produccion,buena:completo/semana_anterior
B4_PRIM,2026-09-01 04:40:00,activepower,16736.016,2026-08-31 14:30:00,v4.1.0-produccion,buena:completo/semana_anterior
B4_PRIM,2026-09-01 04:50:00,activepower,17284.127,2026-08-31 14:30:00,v4.1.0-produccion,buena:completo/semana_anterior
B4_PRIM,2026-09-01 05:00:00,activepower,18302.156,2026-08-31 14:30:00,v4.1.0-produccion,buena:completo/semana_anterior
B4_PRIM,2026-09-01 05:10:00,activepower,19557.01,2026-08-31 14:30:00,v4.1.0-produccion,buena:completo/semana_anterior
B4_PRIM,2026-09-01 05:20:00,activepower,21346.75,2026-08-31 14:30:00,v4.1.0-produccion,buena:completo/semana_anterior
B4_PRIM,2026-09-01 05:30:00,activepower,22723.857,2026-08-31 14:30:00,v4.1.0-produccion,buena:completo/semana_anterior
B4_PRIM,2026-09-01 05:40:00,activepower,24226.822,2026-08-31 14:30:00,v4.1.0-produccion,buena:completo/semana_anterior
B4_PRIM,2026-09-01 05:50:00,activepower,25889.482,2026-08-31 14:30:00,v4.1.0-produccion,buena:completo/semana_anterior
B4_PRIM,2026-09-01 06:00:00,activepower,27376.363,2026-08-31 14:30:00,v4.1.0-produccion,buena:completo/semana_anterior
B4_PRIM,2026-09-01 06:10:00,activepower,29128.83,2026-08-31 14:30:00,v4.1.0-produccion,buena:completo/semana_anterior
B4_PRIM,2026-09-01 06:20:00,activepower,30650.857,2026-08-31 14:30:00,v4.1.0-produccion,buena:completo/semana_anterior
B4_PRIM,2026-09-01 06:30:00,activepower,32071.645,2026-08-31 14:30:00,v4.1.0-produccion,buena:completo/semana_anterior
B4_PRIM,2026-09-01 06:40:00,activepower,33577.61,2026-08-31 14:30:00,v4.1.0-produccion,buena:completo/semana_anterior
B4_PRIM,2026-09-01 06:50:00,activepower,35155.387,2026-08-31 14:30:00,v4.1.0-produccion,buena:completo/semana_anterior
B4_PRIM,2026-09-01 07:00:00,activepower,36125.594,2026-08-31 14:30:00,v4.1.0-produccion,buena:completo/semana_anterior
B4_PRIM,2026-09-01 07:10:00,activepower,37950.78,2026-08-31 14:30:00,v4.1.0-produccion,buena:completo/semana_anterior
B4_PRIM,2026-09-01 07:20:00,activepower,39483.062,2026-08-31 14:30:00,v4.1.0-produccion,buena:completo/semana_anterior
B4_PRIM,2026-09-01 07:30:00,activepower,41023.29,2026-08-31 14:30:00,v4.1.0-produccion,buena:completo/semana_anterior
B4_PRIM,2026-09-01 07:40:00,activepower,42505.93,2026-08-31 14:30:00,v4.1.0-produccion,buena:completo/semana_anterior
B4_PRIM,2026-09-01 07:50:00,activepower,44124.008,2026-08-31 14:30:00,v4.1.0-produccion,buena:completo/semana_anterior
B4_PRIM,2026-09-01 08:00:00,activepower,44890.36,2026-08-31 14:30:00,v4.1.0-produccion,buena:completo/semana_anterior
B4_PRIM,2026-09-01 08:10:00,activepower,45924.996,2026-08-31 14:30:00,v4.1.0-produccion,buena:completo/semana_anterior
B4_PRIM,2026-09-01 08:20:00,activepower,46632.477,2026-08-31 14:30:00,v4.1.0-produccion,buena:completo/semana_anterior
B4_PRIM,2026-09-01 08:30:00,activepower,47093.758,2026-08-31 14:30:00,v4.1.0-produccion,buena:completo/semana_anterior
B4_PRIM,2026-09-01 08:40:00,activepower,48644.438,2026-08-31 14:30:00,v4.1.0-produccion,buena:completo/semana_anterior
B4_PRIM,2026-09-01 08:50:00,activepower,49275.785,2026-08-31 14:30:00,v4.1.0-produccion,buena:completo/semana_anterior
B4_PRIM,2026-09-01 09:00:00,activepower,49263.434,2026-08-31 14:30:00,v4.1.0-produccion,buena:completo/semana_anterior
B4_PRIM,2026-09-01 09:10:00,activepower,49503.906,2026-08-31 14:30:00,v4.1.0-produccion,buena:completo/semana_anterior
B4_PRIM,2026-09-01 09:20:00,activepower,49450.64,2026-08-31 14:30:00,v4.1.0-produccion,buena:completo/semana_anterior
B4_PRIM,2026-09-01 09:30:00,activepower,49748.11,2026-08-31 14:30:00,v4.1.0-produccion,buena:completo/semana_anterior
B4_PRIM,2026-09-01 09:40:00,activepower,50295.6,2026-08-31 14:30:00,v4.1.0-produccion,buena:completo/semana_anterior
B4_PRIM,2026-09-01 09:50:00,activepower,50476.312,2026-08-31 14:30:00,v4.1.0-produccion,buena:completo/semana_anterior
B4_PRIM,2026-09-01 10:00:00,activepower,50249.074,2026-08-31 14:30:00,v4.1.0-produccion,buena:completo/semana_anterior
B4_PRIM,2026-09-01 10:10:00,activepower,50453.66,2026-08-31 14:30:00,v4.1.0-produccion,buena:completo/semana_anterior
B4_PRIM,2026-09-01 10:20:00,activepower,49763.22,2026-08-31 14:30:00,v4.1.0-produccion,buena:completo/semana_anterior
B4_PRIM,2026-09-01 10:30:00,activepower,49751.605,2026-08-31 14:30:00,v4.1.0-produccion,buena:completo/semana_anterior
B4_PRIM,2026-09-01 10:40:00,activepower,50540.06,2026-08-31 14:30:00,v4.1.0-produccion,buena:completo/semana_anterior
B4_PRIM,2026-09-01 10:50:00,activepower,50696.527,2026-08-31 14:30:00,v4.1.0-produccion,buena:completo/semana_anterior
B4_PRIM,2026-09-01 11:00:00,activepower,50577.492,2026-08-31 14:30:00,v4.1.0-produccion,buena:completo/semana_anterior
B4_PRIM,2026-09-01 11:10:00,activepower,50160.184,2026-08-31 14:30:00,v4.1.0-produccion,buena:completo/semana_anterior
B4_PRIM,2026-09-01 11:20:00,activepower,49942.49,2026-08-31 14:30:00,v4.1.0-produccion,buena:completo/semana_anterior
B4_PRIM,2026-09-01 11:30:00,activepower,49619.273,2026-08-31 14:30:00,v4.1.0-produccion,buena:completo/semana_anterior
B4_PRIM,2026-09-01 11:40:00,activepower,49969.992,2026-08-31 14:30:00,v4.1.0-produccion,buena:completo/semana_anterior
B4_PRIM,2026-09-01 11:50:00,activepower,50001.89,2026-08-31 14:30:00,v4.1.0-produccion,buena:completo/semana_anterior
B4_PRIM,2026-09-01 12:00:00,activepower,49929.664,2026-08-31 14:30:00,v4.1.0-produccion,buena:completo/semana_anterior
B4_PRIM,2026-09-01 12:10:00,activepower,49276.78,2026-08-31 14:30:00,v4.1.0-produccion,buena:completo/semana_anterior
B4_PRIM,2026-09-01 12:20:00,activepower,49288.44,2026-08-31 14:30:00,v4.1.0-produccion,buena:completo/semana_anterior
B4_PRIM,2026-09-01 12:30:00,activepower,48854.754,2026-08-31 14:30:00,v4.1.0-produccion,buena:completo/semana_anterior
B4_PRIM,2026-09-01 12:40:00,activepower,49404.55,2026-08-31 14:30:00,v4.1.0-produccion,buena:completo/semana_anterior
B4_PRIM,2026-09-01 12:50:00,activepower,48609.07,2026-08-31 14:30:00,v4.1.0-produccion,buena:completo/semana_anterior
B4_PRIM,2026-09-01 13:00:00,activepower,48704.906,2026-08-31 14:30:00,v4.1.0-produccion,buena:completo/semana_anterior
B4_PRIM,2026-09-01 13:10:00,activepower,47968.336,2026-08-31 14:30:00,v4.1.0-produccion,buena:completo/semana_anterior
B4_PRIM,2026-09-01 13:20:00,activepower,47966.906,2026-08-31 14:30:00,v4.1.0-produccion,buena:completo/semana_anterior
B4_PRIM,2026-09-01 13:30:00,activepower,47338.2,2026-08-31 14:30:00,v4.1.0-produccion,buena:completo/semana_anterior
B4_PRIM,2026-09-01 13:40:00,activepower,47036.45,2026-08-31 14:30:00,v4.1.0-produccion,buena:completo/semana_anterior
B4_PRIM,2026-09-01 13:50:00,activepower,46742.684,2026-08-31 14:30:00,v4.1.0-produccion,buena:completo/semana_anterior
B4_PRIM,2026-09-01 14:00:00,activepower,46100.582,2026-08-31 14:30:00,v4.1.0-produccion,buena:completo/semana_anterior
B4_PRIM,2026-09-01 14:10:00,activepower,45219.684,2026-08-31 14:30:00,v4.1.0-produccion,buena:completo/semana_anterior
B4_PRIM,2026-09-01 14:20:00,activepower,44272.965,2026-08-31 14:30:00,v4.1.0-produccion,buena:completo/semana_anterior
B4_PRIM,2026-09-01 14:30:00,activepower,43810.918,2026-08-31 14:30:00,v4.1.0-produccion,buena:completo/semana_anterior
B4_PRIM,2026-08-31 14:40:00,totalpowerfactor,0.9838481,2026-08-31 14:30:00,v4.1.0-produccion,buena:completo/semana_anterior
B4_PRIM,2026-08-31 14:50:00,totalpowerfactor,0.9841115,2026-08-31 14:30:00,v4.1.0-produccion,buena:completo/semana_anterior
B4_PRIM,2026-08-31 15:00:00,totalpowerfactor,0.9832205,2026-08-31 14:30:00,v4.1.0-produccion,buena:completo/semana_anterior
B4_PRIM,2026-08-31 15:10:00,totalpowerfactor,0.9831906,2026-08-31 14:30:00,v4.1.0-produccion,buena:completo/semana_anterior
B4_PRIM,2026-08-31 15:20:00,totalpowerfactor,0.98237044,2026-08-31 14:30:00,v4.1.0-produccion,buena:completo/semana_anterior
B4_PRIM,2026-08-31 15:30:00,totalpowerfactor,0.98294365,2026-08-31 14:30:00,v4.1.0-produccion,buena:completo/semana_anterior
B4_PRIM,2026-08-31 15:40:00,totalpowerfactor,0.9833569,2026-08-31 14:30:00,v4.1.0-produccion,buena:completo/semana_anterior
B4_PRIM,2026-08-31 15:50:00,totalpowerfactor,0.98245454,2026-08-31 14:30:00,v4.1.0-produccion,buena:completo/semana_anterior
B4_PRIM,2026-08-31 16:00:00,totalpowerfactor,0.9832783,2026-08-31 14:30:00,v4.1.0-produccion,buena:completo/semana_anterior
B4_PRIM,2026-08-31 16:10:00,totalpowerfactor,0.98394525,2026-08-31 14:30:00,v4.1.0-produccion,buena:completo/semana_anterior
B4_PRIM,2026-08-31 16:20:00,totalpowerfactor,0.9833285,2026-08-31 14:30:00,v4.1.0-produccion,buena:completo/semana_anterior
B4_PRIM,2026-08-31 16:30:00,totalpowerfactor,0.9833223,2026-08-31 14:30:00,v4.1.0-produccion,buena:completo/semana_anterior
B4_PRIM,2026-08-31 16:40:00,totalpowerfactor,0.98174274,2026-08-31 14:30:00,v4.1.0-produccion,buena:completo/semana_anterior
B4_PRIM,2026-08-31 16:50:00,totalpowerfactor,0.980293,2026-08-31 14:30:00,v4.1.0-produccion,buena:completo/semana_anterior
B4_PRIM,2026-08-31 17:00:00,totalpowerfactor,0.9801717,2026-08-31 14:30:00,v4.1.0-produccion,buena:completo/semana_anterior
B4_PRIM,2026-08-31 17:10:00,totalpowerfactor,0.9800596,2026-08-31 14:30:00,v4.1.0-produccion,buena:completo/semana_anterior
B4_PRIM,2026-08-31 17:20:00,totalpowerfactor,0.9787042,2026-08-31 14:30:00,v4.1.0-produccion,buena:completo/semana_anterior
B4_PRIM,2026-08-31 17:30:00,totalpowerfactor,0.9789048,2026-08-31 14:30:00,v4.1.0-produccion,buena:completo/semana_anterior
B4_PRIM,2026-08-31 17:40:00,totalpowerfactor,0.9786376,2026-08-31 14:30:00,v4.1.0-produccion,buena:completo/semana_anterior
B4_PRIM,2026-08-31 17:50:00,totalpowerfactor,0.97794545,2026-08-31 14:30:00,v4.1.0-produccion,buena:completo/semana_anterior
B4_PRIM,2026-08-31 18:00:00,totalpowerfactor,0.97683567,2026-08-31 14:30:00,v4.1.0-produccion,buena:completo/semana_anterior
B4_PRIM,2026-08-31 18:10:00,totalpowerfactor,0.9766154,2026-08-31 14:30:00,v4.1.0-produccion,buena:completo/semana_anterior
B4_PRIM,2026-08-31 18:20:00,totalpowerfactor,0.97455394,2026-08-31 14:30:00,v4.1.0-produccion,buena:completo/semana_anterior
B4_PRIM,2026-08-31 18:30:00,totalpowerfactor,0.97400534,2026-08-31 14:30:00,v4.1.0-produccion,buena:completo/semana_anterior
B4_PRIM,2026-08-31 18:40:00,totalpowerfactor,0.97250843,2026-08-31 14:30:00,v4.1.0-produccion,buena:completo/semana_anterior
B4_PRIM,2026-08-31 18:50:00,totalpowerfactor,0.9721296,2026-08-31 14:30:00,v4.1.0-produccion,buena:completo/semana_anterior
B4_PRIM,2026-08-31 19:00:00,totalpowerfactor,0.971436,2026-08-31 14:30:00,v4.1.0-produccion,buena:completo/semana_anterior
B4_PRIM,2026-08-31 19:10:00,totalpowerfactor,0.96883625,2026-08-31 14:30:00,v4.1.0-produccion,buena:completo/semana_anterior
B4_PRIM,2026-08-31 19:20:00,totalpowerfactor,0.9673228,2026-08-31 14:30:00,v4.1.0-produccion,buena:completo/semana_anterior
B4_PRIM,2026-08-31 19:30:00,totalpowerfactor,0.966107,2026-08-31 14:30:00,v4.1.0-produccion,buena:completo/semana_anterior
B4_PRIM,2026-08-31 19:40:00,totalpowerfactor,0.9656869,2026-08-31 14:30:00,v4.1.0-produccion,buena:completo/semana_anterior
B4_PRIM,2026-08-31 19:50:00,totalpowerfactor,0.96413195,2026-08-31 14:30:00,v4.1.0-produccion,buena:completo/semana_anterior
B4_PRIM,2026-08-31 20:00:00,totalpowerfactor,0.96201736,2026-08-31 14:30:00,v4.1.0-produccion,buena:completo/semana_anterior
B4_PRIM,2026-08-31 20:10:00,totalpowerfactor,0.9612928,2026-08-31 14:30:00,v4.1.0-produccion,buena:completo/semana_anterior
B4_PRIM,2026-08-31 20:20:00,totalpowerfactor,0.9591327,2026-08-31 14:30:00,v4.1.0-produccion,buena:completo/semana_anterior
B4_PRIM,2026-08-31 20:30:00,totalpowerfactor,0.9575533,2026-08-31 14:30:00,v4.1.0-produccion,buena:completo/semana_anterior
B4_PRIM,2026-08-31 20:40:00,totalpowerfactor,0.95541835,2026-08-31 14:30:00,v4.1.0-produccion,buena:completo/semana_anterior
B4_PRIM,2026-08-31 20:50:00,totalpowerfactor,0.9544871,2026-08-31 14:30:00,v4.1.0-produccion,buena:completo/semana_anterior
B4_PRIM,2026-08-31 21:00:00,totalpowerfactor,0.95250666,2026-08-31 14:30:00,v4.1.0-produccion,buena:completo/semana_anterior
B4_PRIM,2026-08-31 21:10:00,totalpowerfactor,0.951801,2026-08-31 14:30:00,v4.1.0-produccion,buena:completo/semana_anterior
B4_PRIM,2026-08-31 21:20:00,totalpowerfactor,0.94928914,2026-08-31 14:30:00,v4.1.0-produccion,buena:completo/semana_anterior
B4_PRIM,2026-08-31 21:30:00,totalpowerfactor,0.94910645,2026-08-31 14:30:00,v4.1.0-produccion,buena:completo/semana_anterior
B4_PRIM,2026-08-31 21:40:00,totalpowerfactor,0.94593936,2026-08-31 14:30:00,v4.1.0-produccion,buena:completo/semana_anterior
B4_PRIM,2026-08-31 21:50:00,totalpowerfactor,0.9450141,2026-08-31 14:30:00,v4.1.0-produccion,buena:completo/semana_anterior
B4_PRIM,2026-08-31 22:00:00,totalpowerfactor,0.9425253,2026-08-31 14:30:00,v4.1.0-produccion,buena:completo/semana_anterior
B4_PRIM,2026-08-31 22:10:00,totalpowerfactor,0.9421705,2026-08-31 14:30:00,v4.1.0-produccion,buena:completo/semana_anterior
B4_PRIM,2026-08-31 22:20:00,totalpowerfactor,0.9383298,2026-08-31 14:30:00,v4.1.0-produccion,buena:completo/semana_anterior
B4_PRIM,2026-08-31 22:30:00,totalpowerfactor,0.9360441,2026-08-31 14:30:00,v4.1.0-produccion,buena:completo/semana_anterior
B4_PRIM,2026-08-31 22:40:00,totalpowerfactor,0.93523294,2026-08-31 14:30:00,v4.1.0-produccion,buena:completo/semana_anterior
B4_PRIM,2026-08-31 22:50:00,totalpowerfactor,0.93442225,2026-08-31 14:30:00,v4.1.0-produccion,buena:completo/semana_anterior
B4_PRIM,2026-08-31 23:00:00,totalpowerfactor,0.93239725,2026-08-31 14:30:00,v4.1.0-produccion,buena:completo/semana_anterior
B4_PRIM,2026-08-31 23:10:00,totalpowerfactor,0.93152136,2026-08-31 14:30:00,v4.1.0-produccion,buena:completo/semana_anterior
B4_PRIM,2026-08-31 23:20:00,totalpowerfactor,0.9289316,2026-08-31 14:30:00,v4.1.0-produccion,buena:completo/semana_anterior
B4_PRIM,2026-08-31 23:30:00,totalpowerfactor,0.9282569,2026-08-31 14:30:00,v4.1.0-produccion,buena:completo/semana_anterior
B4_PRIM,2026-08-31 23:40:00,totalpowerfactor,0.92832756,2026-08-31 14:30:00,v4.1.0-produccion,buena:completo/semana_anterior
B4_PRIM,2026-08-31 23:50:00,totalpowerfactor,0.926587,2026-08-31 14:30:00,v4.1.0-produccion,buena:completo/semana_anterior
B4_PRIM,2026-09-01 00:00:00,totalpowerfactor,0.92647856,2026-08-31 14:30:00,v4.1.0-produccion,buena:completo/semana_anterior
B4_PRIM,2026-09-01 00:10:00,totalpowerfactor,0.9238744,2026-08-31 14:30:00,v4.1.0-produccion,buena:completo/semana_anterior
B4_PRIM,2026-09-01 00:20:00,totalpowerfactor,0.9214403,2026-08-31 14:30:00,v4.1.0-produccion,buena:completo/semana_anterior
B4_PRIM,2026-09-01 00:30:00,totalpowerfactor,0.92105293,2026-08-31 14:30:00,v4.1.0-produccion,buena:completo/semana_anterior
B4_PRIM,2026-09-01 00:40:00,totalpowerfactor,0.91962135,2026-08-31 14:30:00,v4.1.0-produccion,buena:completo/semana_anterior
B4_PRIM,2026-09-01 00:50:00,totalpowerfactor,0.9201594,2026-08-31 14:30:00,v4.1.0-produccion,buena:completo/semana_anterior
B4_PRIM,2026-09-01 01:00:00,totalpowerfactor,0.91880214,2026-08-31 14:30:00,v4.1.0-produccion,buena:completo/semana_anterior
B4_PRIM,2026-09-01 01:10:00,totalpowerfactor,0.9183859,2026-08-31 14:30:00,v4.1.0-produccion,buena:completo/semana_anterior
B4_PRIM,2026-09-01 01:20:00,totalpowerfactor,0.91719633,2026-08-31 14:30:00,v4.1.0-produccion,buena:completo/semana_anterior
B4_PRIM,2026-09-01 01:30:00,totalpowerfactor,0.916237,2026-08-31 14:30:00,v4.1.0-produccion,buena:completo/semana_anterior
B4_PRIM,2026-09-01 01:40:00,totalpowerfactor,0.91551596,2026-08-31 14:30:00,v4.1.0-produccion,buena:completo/semana_anterior
B4_PRIM,2026-09-01 01:50:00,totalpowerfactor,0.916552,2026-08-31 14:30:00,v4.1.0-produccion,buena:completo/semana_anterior
B4_PRIM,2026-09-01 02:00:00,totalpowerfactor,0.9165369,2026-08-31 14:30:00,v4.1.0-produccion,buena:completo/semana_anterior
B4_PRIM,2026-09-01 02:10:00,totalpowerfactor,0.9160882,2026-08-31 14:30:00,v4.1.0-produccion,buena:completo/semana_anterior
B4_PRIM,2026-09-01 02:20:00,totalpowerfactor,0.9155039,2026-08-31 14:30:00,v4.1.0-produccion,buena:completo/semana_anterior
B4_PRIM,2026-09-01 02:30:00,totalpowerfactor,0.9164442,2026-08-31 14:30:00,v4.1.0-produccion,buena:completo/semana_anterior
B4_PRIM,2026-09-01 02:40:00,totalpowerfactor,0.9170021,2026-08-31 14:30:00,v4.1.0-produccion,buena:completo/semana_anterior
B4_PRIM,2026-09-01 02:50:00,totalpowerfactor,0.9177588,2026-08-31 14:30:00,v4.1.0-produccion,buena:completo/semana_anterior
B4_PRIM,2026-09-01 03:00:00,totalpowerfactor,0.91877913,2026-08-31 14:30:00,v4.1.0-produccion,buena:completo/semana_anterior
B4_PRIM,2026-09-01 03:10:00,totalpowerfactor,0.92144656,2026-08-31 14:30:00,v4.1.0-produccion,buena:completo/semana_anterior
B4_PRIM,2026-09-01 03:20:00,totalpowerfactor,0.92350566,2026-08-31 14:30:00,v4.1.0-produccion,buena:completo/semana_anterior
B4_PRIM,2026-09-01 03:30:00,totalpowerfactor,0.92482555,2026-08-31 14:30:00,v4.1.0-produccion,buena:completo/semana_anterior
B4_PRIM,2026-09-01 03:40:00,totalpowerfactor,0.9253533,2026-08-31 14:30:00,v4.1.0-produccion,buena:completo/semana_anterior
B4_PRIM,2026-09-01 03:50:00,totalpowerfactor,0.9292331,2026-08-31 14:30:00,v4.1.0-produccion,buena:completo/semana_anterior
B4_PRIM,2026-09-01 04:00:00,totalpowerfactor,0.9326372,2026-08-31 14:30:00,v4.1.0-produccion,buena:completo/semana_anterior
B4_PRIM,2026-09-01 04:10:00,totalpowerfactor,0.9363173,2026-08-31 14:30:00,v4.1.0-produccion,buena:completo/semana_anterior
B4_PRIM,2026-09-01 04:20:00,totalpowerfactor,0.9407464,2026-08-31 14:30:00,v4.1.0-produccion,buena:completo/semana_anterior
B4_PRIM,2026-09-01 04:30:00,totalpowerfactor,0.9421668,2026-08-31 14:30:00,v4.1.0-produccion,buena:completo/semana_anterior
B4_PRIM,2026-09-01 04:40:00,totalpowerfactor,0.944365,2026-08-31 14:30:00,v4.1.0-produccion,buena:completo/semana_anterior
B4_PRIM,2026-09-01 04:50:00,totalpowerfactor,0.9480108,2026-08-31 14:30:00,v4.1.0-produccion,buena:completo/semana_anterior
B4_PRIM,2026-09-01 05:00:00,totalpowerfactor,0.95303917,2026-08-31 14:30:00,v4.1.0-produccion,buena:completo/semana_anterior
B4_PRIM,2026-09-01 05:10:00,totalpowerfactor,0.9557774,2026-08-31 14:30:00,v4.1.0-produccion,buena:completo/semana_anterior
B4_PRIM,2026-09-01 05:20:00,totalpowerfactor,0.9604905,2026-08-31 14:30:00,v4.1.0-produccion,buena:completo/semana_anterior
B4_PRIM,2026-09-01 05:30:00,totalpowerfactor,0.96300745,2026-08-31 14:30:00,v4.1.0-produccion,buena:completo/semana_anterior
B4_PRIM,2026-09-01 05:40:00,totalpowerfactor,0.9649521,2026-08-31 14:30:00,v4.1.0-produccion,buena:completo/semana_anterior
B4_PRIM,2026-09-01 05:50:00,totalpowerfactor,0.9692677,2026-08-31 14:30:00,v4.1.0-produccion,buena:completo/semana_anterior
B4_PRIM,2026-09-01 06:00:00,totalpowerfactor,0.971264,2026-08-31 14:30:00,v4.1.0-produccion,buena:completo/semana_anterior
B4_PRIM,2026-09-01 06:10:00,totalpowerfactor,0.9758508,2026-08-31 14:30:00,v4.1.0-produccion,buena:completo/semana_anterior
B4_PRIM,2026-09-01 06:20:00,totalpowerfactor,0.9780947,2026-08-31 14:30:00,v4.1.0-produccion,buena:completo/semana_anterior
B4_PRIM,2026-09-01 06:30:00,totalpowerfactor,0.9794055,2026-08-31 14:30:00,v4.1.0-produccion,buena:completo/semana_anterior
B4_PRIM,2026-09-01 06:40:00,totalpowerfactor,0.98068696,2026-08-31 14:30:00,v4.1.0-produccion,buena:completo/semana_anterior
B4_PRIM,2026-09-01 06:50:00,totalpowerfactor,0.9812559,2026-08-31 14:30:00,v4.1.0-produccion,buena:completo/semana_anterior
B4_PRIM,2026-09-01 07:00:00,totalpowerfactor,0.98289055,2026-08-31 14:30:00,v4.1.0-produccion,buena:completo/semana_anterior
B4_PRIM,2026-09-01 07:10:00,totalpowerfactor,0.98473066,2026-08-31 14:30:00,v4.1.0-produccion,buena:completo/semana_anterior
B4_PRIM,2026-09-01 07:20:00,totalpowerfactor,0.9840493,2026-08-31 14:30:00,v4.1.0-produccion,buena:completo/semana_anterior
B4_PRIM,2026-09-01 07:30:00,totalpowerfactor,0.9845637,2026-08-31 14:30:00,v4.1.0-produccion,buena:completo/semana_anterior
B4_PRIM,2026-09-01 07:40:00,totalpowerfactor,0.9848424,2026-08-31 14:30:00,v4.1.0-produccion,buena:completo/semana_anterior
B4_PRIM,2026-09-01 07:50:00,totalpowerfactor,0.9854385,2026-08-31 14:30:00,v4.1.0-produccion,buena:completo/semana_anterior
B4_PRIM,2026-09-01 08:00:00,totalpowerfactor,0.98682463,2026-08-31 14:30:00,v4.1.0-produccion,buena:completo/semana_anterior
B4_PRIM,2026-09-01 08:10:00,totalpowerfactor,0.98561686,2026-08-31 14:30:00,v4.1.0-produccion,buena:completo/semana_anterior
B4_PRIM,2026-09-01 08:20:00,totalpowerfactor,0.9861437,2026-08-31 14:30:00,v4.1.0-produccion,buena:completo/semana_anterior
B4_PRIM,2026-09-01 08:30:00,totalpowerfactor,0.9854275,2026-08-31 14:30:00,v4.1.0-produccion,buena:completo/semana_anterior
B4_PRIM,2026-09-01 08:40:00,totalpowerfactor,0.98603886,2026-08-31 14:30:00,v4.1.0-produccion,buena:completo/semana_anterior
B4_PRIM,2026-09-01 08:50:00,totalpowerfactor,0.9847523,2026-08-31 14:30:00,v4.1.0-produccion,buena:completo/semana_anterior
B4_PRIM,2026-09-01 09:00:00,totalpowerfactor,0.9855628,2026-08-31 14:30:00,v4.1.0-produccion,buena:completo/semana_anterior
B4_PRIM,2026-09-01 09:10:00,totalpowerfactor,0.98460495,2026-08-31 14:30:00,v4.1.0-produccion,buena:completo/semana_anterior
B4_PRIM,2026-09-01 09:20:00,totalpowerfactor,0.9841973,2026-08-31 14:30:00,v4.1.0-produccion,buena:completo/semana_anterior
B4_PRIM,2026-09-01 09:30:00,totalpowerfactor,0.9844613,2026-08-31 14:30:00,v4.1.0-produccion,buena:completo/semana_anterior
B4_PRIM,2026-09-01 09:40:00,totalpowerfactor,0.9826555,2026-08-31 14:30:00,v4.1.0-produccion,buena:completo/semana_anterior
B4_PRIM,2026-09-01 09:50:00,totalpowerfactor,0.98287797,2026-08-31 14:30:00,v4.1.0-produccion,buena:completo/semana_anterior
B4_PRIM,2026-09-01 10:00:00,totalpowerfactor,0.9834727,2026-08-31 14:30:00,v4.1.0-produccion,buena:completo/semana_anterior
B4_PRIM,2026-09-01 10:10:00,totalpowerfactor,0.98271924,2026-08-31 14:30:00,v4.1.0-produccion,buena:completo/semana_anterior
B4_PRIM,2026-09-01 10:20:00,totalpowerfactor,0.9825943,2026-08-31 14:30:00,v4.1.0-produccion,buena:completo/semana_anterior
B4_PRIM,2026-09-01 10:30:00,totalpowerfactor,0.98445916,2026-08-31 14:30:00,v4.1.0-produccion,buena:completo/semana_anterior
B4_PRIM,2026-09-01 10:40:00,totalpowerfactor,0.98351914,2026-08-31 14:30:00,v4.1.0-produccion,buena:completo/semana_anterior
B4_PRIM,2026-09-01 10:50:00,totalpowerfactor,0.98337424,2026-08-31 14:30:00,v4.1.0-produccion,buena:completo/semana_anterior
B4_PRIM,2026-09-01 11:00:00,totalpowerfactor,0.98335004,2026-08-31 14:30:00,v4.1.0-produccion,buena:completo/semana_anterior
B4_PRIM,2026-09-01 11:10:00,totalpowerfactor,0.9839796,2026-08-31 14:30:00,v4.1.0-produccion,buena:completo/semana_anterior
B4_PRIM,2026-09-01 11:20:00,totalpowerfactor,0.9839409,2026-08-31 14:30:00,v4.1.0-produccion,buena:completo/semana_anterior
B4_PRIM,2026-09-01 11:30:00,totalpowerfactor,0.9841257,2026-08-31 14:30:00,v4.1.0-produccion,buena:completo/semana_anterior
B4_PRIM,2026-09-01 11:40:00,totalpowerfactor,0.984461,2026-08-31 14:30:00,v4.1.0-produccion,buena:completo/semana_anterior
B4_PRIM,2026-09-01 11:50:00,totalpowerfactor,0.9856783,2026-08-31 14:30:00,v4.1.0-produccion,buena:completo/semana_anterior
B4_PRIM,2026-09-01 12:00:00,totalpowerfactor,0.9853739,2026-08-31 14:30:00,v4.1.0-produccion,buena:completo/semana_anterior
B4_PRIM,2026-09-01 12:10:00,totalpowerfactor,0.9845605,2026-08-31 14:30:00,v4.1.0-produccion,buena:completo/semana_anterior
B4_PRIM,2026-09-01 12:20:00,totalpowerfactor,0.98432755,2026-08-31 14:30:00,v4.1.0-produccion,buena:completo/semana_anterior
B4_PRIM,2026-09-01 12:30:00,totalpowerfactor,0.98558474,2026-08-31 14:30:00,v4.1.0-produccion,buena:completo/semana_anterior
B4_PRIM,2026-09-01 12:40:00,totalpowerfactor,0.9843354,2026-08-31 14:30:00,v4.1.0-produccion,buena:completo/semana_anterior
B4_PRIM,2026-09-01 12:50:00,totalpowerfactor,0.98549867,2026-08-31 14:30:00,v4.1.0-produccion,buena:completo/semana_anterior
B4_PRIM,2026-09-01 13:00:00,totalpowerfactor,0.98512995,2026-08-31 14:30:00,v4.1.0-produccion,buena:completo/semana_anterior
B4_PRIM,2026-09-01 13:10:00,totalpowerfactor,0.9852916,2026-08-31 14:30:00,v4.1.0-produccion,buena:completo/semana_anterior
B4_PRIM,2026-09-01 13:20:00,totalpowerfactor,0.9857758,2026-08-31 14:30:00,v4.1.0-produccion,buena:completo/semana_anterior
B4_PRIM,2026-09-01 13:30:00,totalpowerfactor,0.9861506,2026-08-31 14:30:00,v4.1.0-produccion,buena:completo/semana_anterior
B4_PRIM,2026-09-01 13:40:00,totalpowerfactor,0.98719496,2026-08-31 14:30:00,v4.1.0-produccion,buena:completo/semana_anterior
B4_PRIM,2026-09-01 13:50:00,totalpowerfactor,0.9862967,2026-08-31 14:30:00,v4.1.0-produccion,buena:completo/semana_anterior
B4_PRIM,2026-09-01 14:00:00,totalpowerfactor,0.9858641,2026-08-31 14:30:00,v4.1.0-produccion,buena:completo/semana_anterior
B4_PRIM,2026-09-01 14:10:00,totalpowerfactor,0.9867803,2026-08-31 14:30:00,v4.1.0-produccion,buena:completo/semana_anterior
B4_PRIM,2026-09-01 14:20:00,totalpowerfactor,0.9867634,2026-08-31 14:30:00,v4.1.0-produccion,buena:completo/semana_anterior
B4_PRIM,2026-09-01 14:30:00,totalpowerfactor,0.9851889,2026-08-31 14:30:00,v4.1.0-produccion,buena:completo/semana_anterior
B4_PRIM,2026-08-31 14:40:00,voltaje_promedio,127.454094,2026-08-31 14:30:00,v4.1.0-produccion,buena:completo/semana_anterior
B4_PRIM,2026-08-31 14:50:00,voltaje_promedio,127.48419,2026-08-31 14:30:00,v4.1.0-produccion,buena:completo/semana_anterior
B4_PRIM,2026-08-31 15:00:00,voltaje_promedio,127.47074,2026-08-31 14:30:00,v4.1.0-produccion,buena:completo/semana_anterior
B4_PRIM,2026-08-31 15:10:00,voltaje_promedio,127.47327,2026-08-31 14:30:00,v4.1.0-produccion,buena:completo/semana_anterior
B4_PRIM,2026-08-31 15:20:00,voltaje_promedio,127.528206,2026-08-31 14:30:00,v4.1.0-produccion,buena:completo/semana_anterior
B4_PRIM,2026-08-31 15:30:00,voltaje_promedio,127.65136,2026-08-31 14:30:00,v4.1.0-produccion,buena:completo/semana_anterior
B4_PRIM,2026-08-31 15:40:00,voltaje_promedio,127.74561,2026-08-31 14:30:00,v4.1.0-produccion,buena:completo/semana_anterior
B4_PRIM,2026-08-31 15:50:00,voltaje_promedio,127.730034,2026-08-31 14:30:00,v4.1.0-produccion,buena:completo/semana_anterior
B4_PRIM,2026-08-31 16:00:00,voltaje_promedio,127.787186,2026-08-31 14:30:00,v4.1.0-produccion,buena:completo/semana_anterior
B4_PRIM,2026-08-31 16:10:00,voltaje_promedio,127.83626,2026-08-31 14:30:00,v4.1.0-produccion,buena:completo/semana_anterior
B4_PRIM,2026-08-31 16:20:00,voltaje_promedio,127.86544,2026-08-31 14:30:00,v4.1.0-produccion,buena:completo/semana_anterior
B4_PRIM,2026-08-31 16:30:00,voltaje_promedio,127.88985,2026-08-31 14:30:00,v4.1.0-produccion,buena:completo/semana_anterior
B4_PRIM,2026-08-31 16:40:00,voltaje_promedio,127.96747,2026-08-31 14:30:00,v4.1.0-produccion,buena:completo/semana_anterior
B4_PRIM,2026-08-31 16:50:00,voltaje_promedio,127.977844,2026-08-31 14:30:00,v4.1.0-produccion,buena:completo/semana_anterior
B4_PRIM,2026-08-31 17:00:00,voltaje_promedio,128.0708,2026-08-31 14:30:00,v4.1.0-produccion,buena:completo/semana_anterior
B4_PRIM,2026-08-31 17:10:00,voltaje_promedio,128.05052,2026-08-31 14:30:00,v4.1.0-produccion,buena:completo/semana_anterior
B4_PRIM,2026-08-31 17:20:00,voltaje_promedio,128.0704,2026-08-31 14:30:00,v4.1.0-produccion,buena:completo/semana_anterior
B4_PRIM,2026-08-31 17:30:00,voltaje_promedio,128.10318,2026-08-31 14:30:00,v4.1.0-produccion,buena:completo/semana_anterior
B4_PRIM,2026-08-31 17:40:00,voltaje_promedio,128.12529,2026-08-31 14:30:00,v4.1.0-produccion,buena:completo/semana_anterior
B4_PRIM,2026-08-31 17:50:00,voltaje_promedio,128.1423,2026-08-31 14:30:00,v4.1.0-produccion,buena:completo/semana_anterior
B4_PRIM,2026-08-31 18:00:00,voltaje_promedio,128.20819,2026-08-31 14:30:00,v4.1.0-produccion,buena:completo/semana_anterior
B4_PRIM,2026-08-31 18:10:00,voltaje_promedio,128.21803,2026-08-31 14:30:00,v4.1.0-produccion,buena:completo/semana_anterior
B4_PRIM,2026-08-31 18:20:00,voltaje_promedio,128.23135,2026-08-31 14:30:00,v4.1.0-produccion,buena:completo/semana_anterior
B4_PRIM,2026-08-31 18:30:00,voltaje_promedio,128.27515,2026-08-31 14:30:00,v4.1.0-produccion,buena:completo/semana_anterior
B4_PRIM,2026-08-31 18:40:00,voltaje_promedio,128.3075,2026-08-31 14:30:00,v4.1.0-produccion,buena:completo/semana_anterior
B4_PRIM,2026-08-31 18:50:00,voltaje_promedio,128.31505,2026-08-31 14:30:00,v4.1.0-produccion,buena:completo/semana_anterior
B4_PRIM,2026-08-31 19:00:00,voltaje_promedio,128.31546,2026-08-31 14:30:00,v4.1.0-produccion,buena:completo/semana_anterior
B4_PRIM,2026-08-31 19:10:00,voltaje_promedio,128.27054,2026-08-31 14:30:00,v4.1.0-produccion,buena:completo/semana_anterior
B4_PRIM,2026-08-31 19:20:00,voltaje_promedio,128.39226,2026-08-31 14:30:00,v4.1.0-produccion,buena:completo/semana_anterior
B4_PRIM,2026-08-31 19:30:00,voltaje_promedio,128.38982,2026-08-31 14:30:00,v4.1.0-produccion,buena:completo/semana_anterior
B4_PRIM,2026-08-31 19:40:00,voltaje_promedio,128.46432,2026-08-31 14:30:00,v4.1.0-produccion,buena:completo/semana_anterior
B4_PRIM,2026-08-31 19:50:00,voltaje_promedio,128.48703,2026-08-31 14:30:00,v4.1.0-produccion,buena:completo/semana_anterior
B4_PRIM,2026-08-31 20:00:00,voltaje_promedio,128.50998,2026-08-31 14:30:00,v4.1.0-produccion,buena:completo/semana_anterior
B4_PRIM,2026-08-31 20:10:00,voltaje_promedio,128.5338,2026-08-31 14:30:00,v4.1.0-produccion,buena:completo/semana_anterior
B4_PRIM,2026-08-31 20:20:00,voltaje_promedio,128.56477,2026-08-31 14:30:00,v4.1.0-produccion,buena:completo/semana_anterior
B4_PRIM,2026-08-31 20:30:00,voltaje_promedio,128.56699,2026-08-31 14:30:00,v4.1.0-produccion,buena:completo/semana_anterior
B4_PRIM,2026-08-31 20:40:00,voltaje_promedio,128.60385,2026-08-31 14:30:00,v4.1.0-produccion,buena:completo/semana_anterior
B4_PRIM,2026-08-31 20:50:00,voltaje_promedio,128.64796,2026-08-31 14:30:00,v4.1.0-produccion,buena:completo/semana_anterior
B4_PRIM,2026-08-31 21:00:00,voltaje_promedio,128.64635,2026-08-31 14:30:00,v4.1.0-produccion,buena:completo/semana_anterior
B4_PRIM,2026-08-31 21:10:00,voltaje_promedio,128.73105,2026-08-31 14:30:00,v4.1.0-produccion,buena:completo/semana_anterior
B4_PRIM,2026-08-31 21:20:00,voltaje_promedio,128.72983,2026-08-31 14:30:00,v4.1.0-produccion,buena:completo/semana_anterior
B4_PRIM,2026-08-31 21:30:00,voltaje_promedio,128.76819,2026-08-31 14:30:00,v4.1.0-produccion,buena:completo/semana_anterior
B4_PRIM,2026-08-31 21:40:00,voltaje_promedio,128.74223,2026-08-31 14:30:00,v4.1.0-produccion,buena:completo/semana_anterior
B4_PRIM,2026-08-31 21:50:00,voltaje_promedio,128.7028,2026-08-31 14:30:00,v4.1.0-produccion,buena:completo/semana_anterior
B4_PRIM,2026-08-31 22:00:00,voltaje_promedio,128.75589,2026-08-31 14:30:00,v4.1.0-produccion,buena:completo/semana_anterior
B4_PRIM,2026-08-31 22:10:00,voltaje_promedio,128.80338,2026-08-31 14:30:00,v4.1.0-produccion,buena:completo/semana_anterior
B4_PRIM,2026-08-31 22:20:00,voltaje_promedio,128.73996,2026-08-31 14:30:00,v4.1.0-produccion,buena:completo/semana_anterior
B4_PRIM,2026-08-31 22:30:00,voltaje_promedio,128.70395,2026-08-31 14:30:00,v4.1.0-produccion,buena:completo/semana_anterior
B4_PRIM,2026-08-31 22:40:00,voltaje_promedio,128.708,2026-08-31 14:30:00,v4.1.0-produccion,buena:completo/semana_anterior
B4_PRIM,2026-08-31 22:50:00,voltaje_promedio,128.69609,2026-08-31 14:30:00,v4.1.0-produccion,buena:completo/semana_anterior
B4_PRIM,2026-08-31 23:00:00,voltaje_promedio,128.75674,2026-08-31 14:30:00,v4.1.0-produccion,buena:completo/semana_anterior
B4_PRIM,2026-08-31 23:10:00,voltaje_promedio,128.78001,2026-08-31 14:30:00,v4.1.0-produccion,buena:completo/semana_anterior
B4_PRIM,2026-08-31 23:20:00,voltaje_promedio,128.75867,2026-08-31 14:30:00,v4.1.0-produccion,buena:completo/semana_anterior
B4_PRIM,2026-08-31 23:30:00,voltaje_promedio,128.7705,2026-08-31 14:30:00,v4.1.0-produccion,buena:completo/semana_anterior
B4_PRIM,2026-08-31 23:40:00,voltaje_promedio,128.76039,2026-08-31 14:30:00,v4.1.0-produccion,buena:completo/semana_anterior
B4_PRIM,2026-08-31 23:50:00,voltaje_promedio,128.74394,2026-08-31 14:30:00,v4.1.0-produccion,buena:completo/semana_anterior
B4_PRIM,2026-09-01 00:00:00,voltaje_promedio,128.759,2026-08-31 14:30:00,v4.1.0-produccion,buena:completo/semana_anterior
B4_PRIM,2026-09-01 00:10:00,voltaje_promedio,128.72754,2026-08-31 14:30:00,v4.1.0-produccion,buena:completo/semana_anterior
B4_PRIM,2026-09-01 00:20:00,voltaje_promedio,128.73906,2026-08-31 14:30:00,v4.1.0-produccion,buena:completo/semana_anterior
B4_PRIM,2026-09-01 00:30:00,voltaje_promedio,128.7018,2026-08-31 14:30:00,v4.1.0-produccion,buena:completo/semana_anterior
B4_PRIM,2026-09-01 00:40:00,voltaje_promedio,128.72287,2026-08-31 14:30:00,v4.1.0-produccion,buena:completo/semana_anterior
B4_PRIM,2026-09-01 00:50:00,voltaje_promedio,128.74721,2026-08-31 14:30:00,v4.1.0-produccion,buena:completo/semana_anterior
B4_PRIM,2026-09-01 01:00:00,voltaje_promedio,128.76341,2026-08-31 14:30:00,v4.1.0-produccion,buena:completo/semana_anterior
B4_PRIM,2026-09-01 01:10:00,voltaje_promedio,128.77612,2026-08-31 14:30:00,v4.1.0-produccion,buena:completo/semana_anterior
B4_PRIM,2026-09-01 01:20:00,voltaje_promedio,128.73268,2026-08-31 14:30:00,v4.1.0-produccion,buena:completo/semana_anterior
B4_PRIM,2026-09-01 01:30:00,voltaje_promedio,128.75488,2026-08-31 14:30:00,v4.1.0-produccion,buena:completo/semana_anterior
B4_PRIM,2026-09-01 01:40:00,voltaje_promedio,128.7804,2026-08-31 14:30:00,v4.1.0-produccion,buena:completo/semana_anterior
B4_PRIM,2026-09-01 01:50:00,voltaje_promedio,128.77151,2026-08-31 14:30:00,v4.1.0-produccion,buena:completo/semana_anterior
B4_PRIM,2026-09-01 02:00:00,voltaje_promedio,128.73671,2026-08-31 14:30:00,v4.1.0-produccion,buena:completo/semana_anterior
B4_PRIM,2026-09-01 02:10:00,voltaje_promedio,128.68083,2026-08-31 14:30:00,v4.1.0-produccion,buena:completo/semana_anterior
B4_PRIM,2026-09-01 02:20:00,voltaje_promedio,128.69963,2026-08-31 14:30:00,v4.1.0-produccion,buena:completo/semana_anterior
B4_PRIM,2026-09-01 02:30:00,voltaje_promedio,128.6953,2026-08-31 14:30:00,v4.1.0-produccion,buena:completo/semana_anterior
B4_PRIM,2026-09-01 02:40:00,voltaje_promedio,128.74713,2026-08-31 14:30:00,v4.1.0-produccion,buena:completo/semana_anterior
B4_PRIM,2026-09-01 02:50:00,voltaje_promedio,128.75836,2026-08-31 14:30:00,v4.1.0-produccion,buena:completo/semana_anterior
B4_PRIM,2026-09-01 03:00:00,voltaje_promedio,128.73012,2026-08-31 14:30:00,v4.1.0-produccion,buena:completo/semana_anterior
B4_PRIM,2026-09-01 03:10:00,voltaje_promedio,128.65161,2026-08-31 14:30:00,v4.1.0-produccion,buena:completo/semana_anterior
B4_PRIM,2026-09-01 03:20:00,voltaje_promedio,128.63538,2026-08-31 14:30:00,v4.1.0-produccion,buena:completo/semana_anterior
B4_PRIM,2026-09-01 03:30:00,voltaje_promedio,128.61359,2026-08-31 14:30:00,v4.1.0-produccion,buena:completo/semana_anterior
B4_PRIM,2026-09-01 03:40:00,voltaje_promedio,128.55544,2026-08-31 14:30:00,v4.1.0-produccion,buena:completo/semana_anterior
B4_PRIM,2026-09-01 03:50:00,voltaje_promedio,128.48117,2026-08-31 14:30:00,v4.1.0-produccion,buena:completo/semana_anterior
B4_PRIM,2026-09-01 04:00:00,voltaje_promedio,128.41594,2026-08-31 14:30:00,v4.1.0-produccion,buena:completo/semana_anterior
B4_PRIM,2026-09-01 04:10:00,voltaje_promedio,128.38712,2026-08-31 14:30:00,v4.1.0-produccion,buena:completo/semana_anterior
B4_PRIM,2026-09-01 04:20:00,voltaje_promedio,128.30238,2026-08-31 14:30:00,v4.1.0-produccion,buena:completo/semana_anterior
B4_PRIM,2026-09-01 04:30:00,voltaje_promedio,128.17775,2026-08-31 14:30:00,v4.1.0-produccion,buena:completo/semana_anterior
B4_PRIM,2026-09-01 04:40:00,voltaje_promedio,128.05478,2026-08-31 14:30:00,v4.1.0-produccion,buena:completo/semana_anterior
B4_PRIM,2026-09-01 04:50:00,voltaje_promedio,127.96326,2026-08-31 14:30:00,v4.1.0-produccion,buena:completo/semana_anterior
B4_PRIM,2026-09-01 05:00:00,voltaje_promedio,127.96863,2026-08-31 14:30:00,v4.1.0-produccion,buena:completo/semana_anterior
B4_PRIM,2026-09-01 05:10:00,voltaje_promedio,127.89446,2026-08-31 14:30:00,v4.1.0-produccion,buena:completo/semana_anterior
B4_PRIM,2026-09-01 05:20:00,voltaje_promedio,127.73242,2026-08-31 14:30:00,v4.1.0-produccion,buena:completo/semana_anterior
B4_PRIM,2026-09-01 05:30:00,voltaje_promedio,127.63687,2026-08-31 14:30:00,v4.1.0-produccion,buena:completo/semana_anterior
B4_PRIM,2026-09-01 05:40:00,voltaje_promedio,127.561104,2026-08-31 14:30:00,v4.1.0-produccion,buena:completo/semana_anterior
B4_PRIM,2026-09-01 05:50:00,voltaje_promedio,127.42042,2026-08-31 14:30:00,v4.1.0-produccion,buena:completo/semana_anterior
B4_PRIM,2026-09-01 06:00:00,voltaje_promedio,127.343994,2026-08-31 14:30:00,v4.1.0-produccion,buena:completo/semana_anterior
B4_PRIM,2026-09-01 06:10:00,voltaje_promedio,127.15381,2026-08-31 14:30:00,v4.1.0-produccion,buena:completo/semana_anterior
B4_PRIM,2026-09-01 06:20:00,voltaje_promedio,127.08779,2026-08-31 14:30:00,v4.1.0-produccion,buena:completo/semana_anterior
B4_PRIM,2026-09-01 06:30:00,voltaje_promedio,127.09996,2026-08-31 14:30:00,v4.1.0-produccion,buena:completo/semana_anterior
B4_PRIM,2026-09-01 06:40:00,voltaje_promedio,127.08745,2026-08-31 14:30:00,v4.1.0-produccion,buena:completo/semana_anterior
B4_PRIM,2026-09-01 06:50:00,voltaje_promedio,127.019356,2026-08-31 14:30:00,v4.1.0-produccion,buena:completo/semana_anterior
B4_PRIM,2026-09-01 07:00:00,voltaje_promedio,126.96497,2026-08-31 14:30:00,v4.1.0-produccion,buena:completo/semana_anterior
B4_PRIM,2026-09-01 07:10:00,voltaje_promedio,126.88128,2026-08-31 14:30:00,v4.1.0-produccion,buena:completo/semana_anterior
B4_PRIM,2026-09-01 07:20:00,voltaje_promedio,126.856026,2026-08-31 14:30:00,v4.1.0-produccion,buena:completo/semana_anterior
B4_PRIM,2026-09-01 07:30:00,voltaje_promedio,126.90529,2026-08-31 14:30:00,v4.1.0-produccion,buena:completo/semana_anterior
B4_PRIM,2026-09-01 07:40:00,voltaje_promedio,126.84408,2026-08-31 14:30:00,v4.1.0-produccion,buena:completo/semana_anterior
B4_PRIM,2026-09-01 07:50:00,voltaje_promedio,126.79381,2026-08-31 14:30:00,v4.1.0-produccion,buena:completo/semana_anterior
B4_PRIM,2026-09-01 08:00:00,voltaje_promedio,126.76918,2026-08-31 14:30:00,v4.1.0-produccion,buena:completo/semana_anterior
B4_PRIM,2026-09-01 08:10:00,voltaje_promedio,126.74208,2026-08-31 14:30:00,v4.1.0-produccion,buena:completo/semana_anterior
B4_PRIM,2026-09-01 08:20:00,voltaje_promedio,126.675964,2026-08-31 14:30:00,v4.1.0-produccion,buena:completo/semana_anterior
B4_PRIM,2026-09-01 08:30:00,voltaje_promedio,126.759544,2026-08-31 14:30:00,v4.1.0-produccion,buena:completo/semana_anterior
B4_PRIM,2026-09-01 08:40:00,voltaje_promedio,126.70765,2026-08-31 14:30:00,v4.1.0-produccion,buena:completo/semana_anterior
B4_PRIM,2026-09-01 08:50:00,voltaje_promedio,126.70122,2026-08-31 14:30:00,v4.1.0-produccion,buena:completo/semana_anterior
B4_PRIM,2026-09-01 09:00:00,voltaje_promedio,126.67774,2026-08-31 14:30:00,v4.1.0-produccion,buena:completo/semana_anterior
B4_PRIM,2026-09-01 09:10:00,voltaje_promedio,126.661736,2026-08-31 14:30:00,v4.1.0-produccion,buena:completo/semana_anterior
B4_PRIM,2026-09-01 09:20:00,voltaje_promedio,126.683945,2026-08-31 14:30:00,v4.1.0-produccion,buena:completo/semana_anterior
B4_PRIM,2026-09-01 09:30:00,voltaje_promedio,126.68607,2026-08-31 14:30:00,v4.1.0-produccion,buena:completo/semana_anterior
B4_PRIM,2026-09-01 09:40:00,voltaje_promedio,126.68885,2026-08-31 14:30:00,v4.1.0-produccion,buena:completo/semana_anterior
B4_PRIM,2026-09-01 09:50:00,voltaje_promedio,126.71903,2026-08-31 14:30:00,v4.1.0-produccion,buena:completo/semana_anterior
B4_PRIM,2026-09-01 10:00:00,voltaje_promedio,126.7156,2026-08-31 14:30:00,v4.1.0-produccion,buena:completo/semana_anterior
B4_PRIM,2026-09-01 10:10:00,voltaje_promedio,126.74509,2026-08-31 14:30:00,v4.1.0-produccion,buena:completo/semana_anterior
B4_PRIM,2026-09-01 10:20:00,voltaje_promedio,126.74242,2026-08-31 14:30:00,v4.1.0-produccion,buena:completo/semana_anterior
B4_PRIM,2026-09-01 10:30:00,voltaje_promedio,126.70053,2026-08-31 14:30:00,v4.1.0-produccion,buena:completo/semana_anterior
B4_PRIM,2026-09-01 10:40:00,voltaje_promedio,126.69042,2026-08-31 14:30:00,v4.1.0-produccion,buena:completo/semana_anterior
B4_PRIM,2026-09-01 10:50:00,voltaje_promedio,126.65413,2026-08-31 14:30:00,v4.1.0-produccion,buena:completo/semana_anterior
B4_PRIM,2026-09-01 11:00:00,voltaje_promedio,126.618996,2026-08-31 14:30:00,v4.1.0-produccion,buena:completo/semana_anterior
B4_PRIM,2026-09-01 11:10:00,voltaje_promedio,126.694,2026-08-31 14:30:00,v4.1.0-produccion,buena:completo/semana_anterior
B4_PRIM,2026-09-01 11:20:00,voltaje_promedio,126.66829,2026-08-31 14:30:00,v4.1.0-produccion,buena:completo/semana_anterior
B4_PRIM,2026-09-01 11:30:00,voltaje_promedio,126.671684,2026-08-31 14:30:00,v4.1.0-produccion,buena:completo/semana_anterior
B4_PRIM,2026-09-01 11:40:00,voltaje_promedio,126.673805,2026-08-31 14:30:00,v4.1.0-produccion,buena:completo/semana_anterior
B4_PRIM,2026-09-01 11:50:00,voltaje_promedio,126.64595,2026-08-31 14:30:00,v4.1.0-produccion,buena:completo/semana_anterior
B4_PRIM,2026-09-01 12:00:00,voltaje_promedio,126.71555,2026-08-31 14:30:00,v4.1.0-produccion,buena:completo/semana_anterior
B4_PRIM,2026-09-01 12:10:00,voltaje_promedio,126.793465,2026-08-31 14:30:00,v4.1.0-produccion,buena:completo/semana_anterior
B4_PRIM,2026-09-01 12:20:00,voltaje_promedio,126.76469,2026-08-31 14:30:00,v4.1.0-produccion,buena:completo/semana_anterior
B4_PRIM,2026-09-01 12:30:00,voltaje_promedio,126.82259,2026-08-31 14:30:00,v4.1.0-produccion,buena:completo/semana_anterior
B4_PRIM,2026-09-01 12:40:00,voltaje_promedio,126.85382,2026-08-31 14:30:00,v4.1.0-produccion,buena:completo/semana_anterior
B4_PRIM,2026-09-01 12:50:00,voltaje_promedio,126.89394,2026-08-31 14:30:00,v4.1.0-produccion,buena:completo/semana_anterior
B4_PRIM,2026-09-01 13:00:00,voltaje_promedio,126.852036,2026-08-31 14:30:00,v4.1.0-produccion,buena:completo/semana_anterior
B4_PRIM,2026-09-01 13:10:00,voltaje_promedio,126.85499,2026-08-31 14:30:00,v4.1.0-produccion,buena:completo/semana_anterior
B4_PRIM,2026-09-01 13:20:00,voltaje_promedio,126.87851,2026-08-31 14:30:00,v4.1.0-produccion,buena:completo/semana_anterior
B4_PRIM,2026-09-01 13:30:00,voltaje_promedio,126.901276,2026-08-31 14:30:00,v4.1.0-produccion,buena:completo/semana_anterior
B4_PRIM,2026-09-01 13:40:00,voltaje_promedio,126.97604,2026-08-31 14:30:00,v4.1.0-produccion,buena:completo/semana_anterior
B4_PRIM,2026-09-01 13:50:00,voltaje_promedio,126.964554,2026-08-31 14:30:00,v4.1.0-produccion,buena:completo/semana_anterior
B4_PRIM,2026-09-01 14:00:00,voltaje_promedio,126.94763,2026-08-31 14:30:00,v4.1.0-produccion,buena:completo/semana_anterior
B4_PRIM,2026-09-01 14:10:00,voltaje_promedio,127.11071,2026-08-31 14:30:00,v4.1.0-produccion,buena:completo/semana_anterior
B4_PRIM,2026-09-01 14:20:00,voltaje_promedio,127.13457,2026-08-31 14:30:00,v4.1.0-produccion,buena:completo/semana_anterior
B4_PRIM,2026-09-01 14:30:00,voltaje_promedio,127.19186,2026-08-31 14:30:00,v4.1.0-produccion,buena:completo/semana_anterior
B5_BACH,2026-08-31 14:40:00,activepower,49014.223,2026-08-31 14:30:00,v4.1.0-produccion,buena:completo/semana_anterior
B5_BACH,2026-08-31 14:50:00,activepower,47873.992,2026-08-31 14:30:00,v4.1.0-produccion,buena:completo/semana_anterior
B5_BACH,2026-08-31 15:00:00,activepower,46714.316,2026-08-31 14:30:00,v4.1.0-produccion,buena:completo/semana_anterior
B5_BACH,2026-08-31 15:10:00,activepower,46314.52,2026-08-31 14:30:00,v4.1.0-produccion,buena:completo/semana_anterior
B5_BACH,2026-08-31 15:20:00,activepower,45953.4,2026-08-31 14:30:00,v4.1.0-produccion,buena:completo/semana_anterior
B5_BACH,2026-08-31 15:30:00,activepower,44754.832,2026-08-31 14:30:00,v4.1.0-produccion,buena:completo/semana_anterior
B5_BACH,2026-08-31 15:40:00,activepower,43712.117,2026-08-31 14:30:00,v4.1.0-produccion,buena:completo/semana_anterior
B5_BACH,2026-08-31 15:50:00,activepower,42322.7,2026-08-31 14:30:00,v4.1.0-produccion,buena:completo/semana_anterior
B5_BACH,2026-08-31 16:00:00,activepower,42332.973,2026-08-31 14:30:00,v4.1.0-produccion,buena:completo/semana_anterior
B5_BACH,2026-08-31 16:10:00,activepower,41338.355,2026-08-31 14:30:00,v4.1.0-produccion,buena:completo/semana_anterior
B5_BACH,2026-08-31 16:20:00,activepower,39867.06,2026-08-31 14:30:00,v4.1.0-produccion,buena:completo/semana_anterior
B5_BACH,2026-08-31 16:30:00,activepower,38721.96,2026-08-31 14:30:00,v4.1.0-produccion,buena:completo/semana_anterior
B5_BACH,2026-08-31 16:40:00,activepower,37721.785,2026-08-31 14:30:00,v4.1.0-produccion,buena:completo/semana_anterior
B5_BACH,2026-08-31 16:50:00,activepower,36150.63,2026-08-31 14:30:00,v4.1.0-produccion,buena:completo/semana_anterior
B5_BACH,2026-08-31 17:00:00,activepower,35430.062,2026-08-31 14:30:00,v4.1.0-produccion,buena:completo/semana_anterior
B5_BACH,2026-08-31 17:10:00,activepower,34318.434,2026-08-31 14:30:00,v4.1.0-produccion,buena:completo/semana_anterior
B5_BACH,2026-08-31 17:20:00,activepower,32921.426,2026-08-31 14:30:00,v4.1.0-produccion,buena:completo/semana_anterior
B5_BACH,2026-08-31 17:30:00,activepower,31824.715,2026-08-31 14:30:00,v4.1.0-produccion,buena:completo/semana_anterior
B5_BACH,2026-08-31 17:40:00,activepower,31547.656,2026-08-31 14:30:00,v4.1.0-produccion,buena:completo/semana_anterior
B5_BACH,2026-08-31 17:50:00,activepower,30695.324,2026-08-31 14:30:00,v4.1.0-produccion,buena:completo/semana_anterior
B5_BACH,2026-08-31 18:00:00,activepower,30045.035,2026-08-31 14:30:00,v4.1.0-produccion,buena:completo/semana_anterior
B5_BACH,2026-08-31 18:10:00,activepower,29180.371,2026-08-31 14:30:00,v4.1.0-produccion,buena:completo/semana_anterior
B5_BACH,2026-08-31 18:20:00,activepower,28354.688,2026-08-31 14:30:00,v4.1.0-produccion,buena:completo/semana_anterior
B5_BACH,2026-08-31 18:30:00,activepower,28431.844,2026-08-31 14:30:00,v4.1.0-produccion,buena:completo/semana_anterior
B5_BACH,2026-08-31 18:40:00,activepower,26910.21,2026-08-31 14:30:00,v4.1.0-produccion,buena:completo/semana_anterior
B5_BACH,2026-08-31 18:50:00,activepower,26622.922,2026-08-31 14:30:00,v4.1.0-produccion,buena:completo/semana_anterior
B5_BACH,2026-08-31 19:00:00,activepower,26356.594,2026-08-31 14:30:00,v4.1.0-produccion,buena:completo/semana_anterior
B5_BACH,2026-08-31 19:10:00,activepower,25675.508,2026-08-31 14:30:00,v4.1.0-produccion,buena:completo/semana_anterior
B5_BACH,2026-08-31 19:20:00,activepower,24951.79,2026-08-31 14:30:00,v4.1.0-produccion,buena:completo/semana_anterior
B5_BACH,2026-08-31 19:30:00,activepower,24172.078,2026-08-31 14:30:00,v4.1.0-produccion,buena:completo/semana_anterior
B5_BACH,2026-08-31 19:40:00,activepower,23894.357,2026-08-31 14:30:00,v4.1.0-produccion,buena:completo/semana_anterior
B5_BACH,2026-08-31 19:50:00,activepower,23931.531,2026-08-31 14:30:00,v4.1.0-produccion,buena:completo/semana_anterior
B5_BACH,2026-08-31 20:00:00,activepower,23366.203,2026-08-31 14:30:00,v4.1.0-produccion,buena:completo/semana_anterior
B5_BACH,2026-08-31 20:10:00,activepower,22937.572,2026-08-31 14:30:00,v4.1.0-produccion,buena:completo/semana_anterior
B5_BACH,2026-08-31 20:20:00,activepower,21926.719,2026-08-31 14:30:00,v4.1.0-produccion,buena:completo/semana_anterior
B5_BACH,2026-08-31 20:30:00,activepower,21673.639,2026-08-31 14:30:00,v4.1.0-produccion,buena:completo/semana_anterior
B5_BACH,2026-08-31 20:40:00,activepower,20956.555,2026-08-31 14:30:00,v4.1.0-produccion,buena:completo/semana_anterior
B5_BACH,2026-08-31 20:50:00,activepower,20437.758,2026-08-31 14:30:00,v4.1.0-produccion,buena:completo/semana_anterior
B5_BACH,2026-08-31 21:00:00,activepower,20178.541,2026-08-31 14:30:00,v4.1.0-produccion,buena:completo/semana_anterior
B5_BACH,2026-08-31 21:10:00,activepower,19875.055,2026-08-31 14:30:00,v4.1.0-produccion,buena:completo/semana_anterior
B5_BACH,2026-08-31 21:20:00,activepower,19293.54,2026-08-31 14:30:00,v4.1.0-produccion,buena:completo/semana_anterior
B5_BACH,2026-08-31 21:30:00,activepower,19070.41,2026-08-31 14:30:00,v4.1.0-produccion,buena:completo/semana_anterior
B5_BACH,2026-08-31 21:40:00,activepower,18414.473,2026-08-31 14:30:00,v4.1.0-produccion,buena:completo/semana_anterior
B5_BACH,2026-08-31 21:50:00,activepower,17895.383,2026-08-31 14:30:00,v4.1.0-produccion,buena:completo/semana_anterior
B5_BACH,2026-08-31 22:00:00,activepower,17072.662,2026-08-31 14:30:00,v4.1.0-produccion,buena:completo/semana_anterior
B5_BACH,2026-08-31 22:10:00,activepower,17232.016,2026-08-31 14:30:00,v4.1.0-produccion,buena:completo/semana_anterior
B5_BACH,2026-08-31 22:20:00,activepower,16616.25,2026-08-31 14:30:00,v4.1.0-produccion,buena:completo/semana_anterior
B5_BACH,2026-08-31 22:30:00,activepower,16231.729,2026-08-31 14:30:00,v4.1.0-produccion,buena:completo/semana_anterior
B5_BACH,2026-08-31 22:40:00,activepower,15525.229,2026-08-31 14:30:00,v4.1.0-produccion,buena:completo/semana_anterior
B5_BACH,2026-08-31 22:50:00,activepower,15774.193,2026-08-31 14:30:00,v4.1.0-produccion,buena:completo/semana_anterior
B5_BACH,2026-08-31 23:00:00,activepower,15342.574,2026-08-31 14:30:00,v4.1.0-produccion,buena:completo/semana_anterior
B5_BACH,2026-08-31 23:10:00,activepower,15277.845,2026-08-31 14:30:00,v4.1.0-produccion,buena:completo/semana_anterior
B5_BACH,2026-08-31 23:20:00,activepower,14779.574,2026-08-31 14:30:00,v4.1.0-produccion,buena:completo/semana_anterior
B5_BACH,2026-08-31 23:30:00,activepower,14169.157,2026-08-31 14:30:00,v4.1.0-produccion,buena:completo/semana_anterior
B5_BACH,2026-08-31 23:40:00,activepower,13836.06,2026-08-31 14:30:00,v4.1.0-produccion,buena:completo/semana_anterior
B5_BACH,2026-08-31 23:50:00,activepower,13824.006,2026-08-31 14:30:00,v4.1.0-produccion,buena:completo/semana_anterior
B5_BACH,2026-09-01 00:00:00,activepower,13510.023,2026-08-31 14:30:00,v4.1.0-produccion,buena:completo/semana_anterior
B5_BACH,2026-09-01 00:10:00,activepower,13658.756,2026-08-31 14:30:00,v4.1.0-produccion,buena:completo/semana_anterior
B5_BACH,2026-09-01 00:20:00,activepower,13407.082,2026-08-31 14:30:00,v4.1.0-produccion,buena:completo/semana_anterior
B5_BACH,2026-09-01 00:30:00,activepower,13251.597,2026-08-31 14:30:00,v4.1.0-produccion,buena:completo/semana_anterior
B5_BACH,2026-09-01 00:40:00,activepower,13178.322,2026-08-31 14:30:00,v4.1.0-produccion,buena:completo/semana_anterior
B5_BACH,2026-09-01 00:50:00,activepower,12891.315,2026-08-31 14:30:00,v4.1.0-produccion,buena:completo/semana_anterior
B5_BACH,2026-09-01 01:00:00,activepower,13089.156,2026-08-31 14:30:00,v4.1.0-produccion,buena:completo/semana_anterior
B5_BACH,2026-09-01 01:10:00,activepower,12986.912,2026-08-31 14:30:00,v4.1.0-produccion,buena:completo/semana_anterior
B5_BACH,2026-09-01 01:20:00,activepower,12652.117,2026-08-31 14:30:00,v4.1.0-produccion,buena:completo/semana_anterior
B5_BACH,2026-09-01 01:30:00,activepower,12711.452,2026-08-31 14:30:00,v4.1.0-produccion,buena:completo/semana_anterior
B5_BACH,2026-09-01 01:40:00,activepower,12505.46,2026-08-31 14:30:00,v4.1.0-produccion,buena:completo/semana_anterior
B5_BACH,2026-09-01 01:50:00,activepower,12678.553,2026-08-31 14:30:00,v4.1.0-produccion,buena:completo/semana_anterior
B5_BACH,2026-09-01 02:00:00,activepower,12416.777,2026-08-31 14:30:00,v4.1.0-produccion,buena:completo/semana_anterior
B5_BACH,2026-09-01 02:10:00,activepower,11898.412,2026-08-31 14:30:00,v4.1.0-produccion,buena:completo/semana_anterior
B5_BACH,2026-09-01 02:20:00,activepower,11847.476,2026-08-31 14:30:00,v4.1.0-produccion,buena:completo/semana_anterior
B5_BACH,2026-09-01 02:30:00,activepower,11738.717,2026-08-31 14:30:00,v4.1.0-produccion,buena:completo/semana_anterior
B5_BACH,2026-09-01 02:40:00,activepower,11364.269,2026-08-31 14:30:00,v4.1.0-produccion,buena:completo/semana_anterior
B5_BACH,2026-09-01 02:50:00,activepower,11651.381,2026-08-31 14:30:00,v4.1.0-produccion,buena:completo/semana_anterior
B5_BACH,2026-09-01 03:00:00,activepower,11706.899,2026-08-31 14:30:00,v4.1.0-produccion,buena:completo/semana_anterior
B5_BACH,2026-09-01 03:10:00,activepower,11732.244,2026-08-31 14:30:00,v4.1.0-produccion,buena:completo/semana_anterior
B5_BACH,2026-09-01 03:20:00,activepower,12048.32,2026-08-31 14:30:00,v4.1.0-produccion,buena:completo/semana_anterior
B5_BACH,2026-09-01 03:30:00,activepower,12767.68,2026-08-31 14:30:00,v4.1.0-produccion,buena:completo/semana_anterior
B5_BACH,2026-09-01 03:40:00,activepower,13111.088,2026-08-31 14:30:00,v4.1.0-produccion,buena:completo/semana_anterior
B5_BACH,2026-09-01 03:50:00,activepower,13466.613,2026-08-31 14:30:00,v4.1.0-produccion,buena:completo/semana_anterior
B5_BACH,2026-09-01 04:00:00,activepower,14384.199,2026-08-31 14:30:00,v4.1.0-produccion,buena:completo/semana_anterior
B5_BACH,2026-09-01 04:10:00,activepower,14806.8,2026-08-31 14:30:00,v4.1.0-produccion,buena:completo/semana_anterior
B5_BACH,2026-09-01 04:20:00,activepower,16069.027,2026-08-31 14:30:00,v4.1.0-produccion,buena:completo/semana_anterior
B5_BACH,2026-09-01 04:30:00,activepower,17065.121,2026-08-31 14:30:00,v4.1.0-produccion,buena:completo/semana_anterior
B5_BACH,2026-09-01 04:40:00,activepower,18466.623,2026-08-31 14:30:00,v4.1.0-produccion,buena:completo/semana_anterior
B5_BACH,2026-09-01 04:50:00,activepower,19490.57,2026-08-31 14:30:00,v4.1.0-produccion,buena:completo/semana_anterior
B5_BACH,2026-09-01 05:00:00,activepower,21336.535,2026-08-31 14:30:00,v4.1.0-produccion,buena:completo/semana_anterior
B5_BACH,2026-09-01 05:10:00,activepower,23046.996,2026-08-31 14:30:00,v4.1.0-produccion,buena:completo/semana_anterior
B5_BACH,2026-09-01 05:20:00,activepower,25689.684,2026-08-31 14:30:00,v4.1.0-produccion,buena:completo/semana_anterior
B5_BACH,2026-09-01 05:30:00,activepower,28168.008,2026-08-31 14:30:00,v4.1.0-produccion,buena:completo/semana_anterior
B5_BACH,2026-09-01 05:40:00,activepower,30464.348,2026-08-31 14:30:00,v4.1.0-produccion,buena:completo/semana_anterior
B5_BACH,2026-09-01 05:50:00,activepower,32959.207,2026-08-31 14:30:00,v4.1.0-produccion,buena:completo/semana_anterior
B5_BACH,2026-09-01 06:00:00,activepower,35378.688,2026-08-31 14:30:00,v4.1.0-produccion,buena:completo/semana_anterior
B5_BACH,2026-09-01 06:10:00,activepower,37527.19,2026-08-31 14:30:00,v4.1.0-produccion,buena:completo/semana_anterior
B5_BACH,2026-09-01 06:20:00,activepower,40087.867,2026-08-31 14:30:00,v4.1.0-produccion,buena:completo/semana_anterior
B5_BACH,2026-09-01 06:30:00,activepower,42773.38,2026-08-31 14:30:00,v4.1.0-produccion,buena:completo/semana_anterior
B5_BACH,2026-09-01 06:40:00,activepower,44995.777,2026-08-31 14:30:00,v4.1.0-produccion,buena:completo/semana_anterior
B5_BACH,2026-09-01 06:50:00,activepower,47362.605,2026-08-31 14:30:00,v4.1.0-produccion,buena:completo/semana_anterior
B5_BACH,2026-09-01 07:00:00,activepower,48950.434,2026-08-31 14:30:00,v4.1.0-produccion,buena:completo/semana_anterior
B5_BACH,2026-09-01 07:10:00,activepower,51302.53,2026-08-31 14:30:00,v4.1.0-produccion,buena:completo/semana_anterior
B5_BACH,2026-09-01 07:20:00,activepower,53487.668,2026-08-31 14:30:00,v4.1.0-produccion,buena:completo/semana_anterior
B5_BACH,2026-09-01 07:30:00,activepower,56121.938,2026-08-31 14:30:00,v4.1.0-produccion,buena:completo/semana_anterior
B5_BACH,2026-09-01 07:40:00,activepower,57986.504,2026-08-31 14:30:00,v4.1.0-produccion,buena:completo/semana_anterior
B5_BACH,2026-09-01 07:50:00,activepower,60195.008,2026-08-31 14:30:00,v4.1.0-produccion,buena:completo/semana_anterior
B5_BACH,2026-09-01 08:00:00,activepower,62012.492,2026-08-31 14:30:00,v4.1.0-produccion,buena:completo/semana_anterior
B5_BACH,2026-09-01 08:10:00,activepower,62978.117,2026-08-31 14:30:00,v4.1.0-produccion,buena:completo/semana_anterior
B5_BACH,2026-09-01 08:20:00,activepower,63939.113,2026-08-31 14:30:00,v4.1.0-produccion,buena:completo/semana_anterior
B5_BACH,2026-09-01 08:30:00,activepower,65320.63,2026-08-31 14:30:00,v4.1.0-produccion,buena:completo/semana_anterior
B5_BACH,2026-09-01 08:40:00,activepower,67149.96,2026-08-31 14:30:00,v4.1.0-produccion,buena:completo/semana_anterior
B5_BACH,2026-09-01 08:50:00,activepower,68404.05,2026-08-31 14:30:00,v4.1.0-produccion,buena:completo/semana_anterior
B5_BACH,2026-09-01 09:00:00,activepower,68834.4,2026-08-31 14:30:00,v4.1.0-produccion,buena:completo/semana_anterior
B5_BACH,2026-09-01 09:10:00,activepower,68672.02,2026-08-31 14:30:00,v4.1.0-produccion,buena:completo/semana_anterior
B5_BACH,2026-09-01 09:20:00,activepower,68420.766,2026-08-31 14:30:00,v4.1.0-produccion,buena:completo/semana_anterior
B5_BACH,2026-09-01 09:30:00,activepower,68952.414,2026-08-31 14:30:00,v4.1.0-produccion,buena:completo/semana_anterior
B5_BACH,2026-09-01 09:40:00,activepower,70149.64,2026-08-31 14:30:00,v4.1.0-produccion,buena:completo/semana_anterior
B5_BACH,2026-09-01 09:50:00,activepower,70166.055,2026-08-31 14:30:00,v4.1.0-produccion,buena:completo/semana_anterior
B5_BACH,2026-09-01 10:00:00,activepower,70530.94,2026-08-31 14:30:00,v4.1.0-produccion,buena:completo/semana_anterior
B5_BACH,2026-09-01 10:10:00,activepower,70415.81,2026-08-31 14:30:00,v4.1.0-produccion,buena:completo/semana_anterior
B5_BACH,2026-09-01 10:20:00,activepower,68878.54,2026-08-31 14:30:00,v4.1.0-produccion,buena:completo/semana_anterior
B5_BACH,2026-09-01 10:30:00,activepower,68846.66,2026-08-31 14:30:00,v4.1.0-produccion,buena:completo/semana_anterior
B5_BACH,2026-09-01 10:40:00,activepower,69459.055,2026-08-31 14:30:00,v4.1.0-produccion,buena:completo/semana_anterior
B5_BACH,2026-09-01 10:50:00,activepower,69062.36,2026-08-31 14:30:00,v4.1.0-produccion,buena:completo/semana_anterior
B5_BACH,2026-09-01 11:00:00,activepower,69251.984,2026-08-31 14:30:00,v4.1.0-produccion,buena:completo/semana_anterior
B5_BACH,2026-09-01 11:10:00,activepower,68655.445,2026-08-31 14:30:00,v4.1.0-produccion,buena:completo/semana_anterior
B5_BACH,2026-09-01 11:20:00,activepower,67796.63,2026-08-31 14:30:00,v4.1.0-produccion,buena:completo/semana_anterior
B5_BACH,2026-09-01 11:30:00,activepower,67425.875,2026-08-31 14:30:00,v4.1.0-produccion,buena:completo/semana_anterior
B5_BACH,2026-09-01 11:40:00,activepower,67690.91,2026-08-31 14:30:00,v4.1.0-produccion,buena:completo/semana_anterior
B5_BACH,2026-09-01 11:50:00,activepower,67373.266,2026-08-31 14:30:00,v4.1.0-produccion,buena:completo/semana_anterior
B5_BACH,2026-09-01 12:00:00,activepower,67391.27,2026-08-31 14:30:00,v4.1.0-produccion,buena:completo/semana_anterior
B5_BACH,2026-09-01 12:10:00,activepower,66619.97,2026-08-31 14:30:00,v4.1.0-produccion,buena:completo/semana_anterior
B5_BACH,2026-09-01 12:20:00,activepower,66364.1,2026-08-31 14:30:00,v4.1.0-produccion,buena:completo/semana_anterior
B5_BACH,2026-09-01 12:30:00,activepower,65726.125,2026-08-31 14:30:00,v4.1.0-produccion,buena:completo/semana_anterior
B5_BACH,2026-09-01 12:40:00,activepower,66548.96,2026-08-31 14:30:00,v4.1.0-produccion,buena:completo/semana_anterior
B5_BACH,2026-09-01 12:50:00,activepower,65303.875,2026-08-31 14:30:00,v4.1.0-produccion,buena:completo/semana_anterior
B5_BACH,2026-09-01 13:00:00,activepower,65582.83,2026-08-31 14:30:00,v4.1.0-produccion,buena:completo/semana_anterior
B5_BACH,2026-09-01 13:10:00,activepower,65140.75,2026-08-31 14:30:00,v4.1.0-produccion,buena:completo/semana_anterior
B5_BACH,2026-09-01 13:20:00,activepower,65178.36,2026-08-31 14:30:00,v4.1.0-produccion,buena:completo/semana_anterior
B5_BACH,2026-09-01 13:30:00,activepower,64047.24,2026-08-31 14:30:00,v4.1.0-produccion,buena:completo/semana_anterior
B5_BACH,2026-09-01 13:40:00,activepower,64124.453,2026-08-31 14:30:00,v4.1.0-produccion,buena:completo/semana_anterior
B5_BACH,2026-09-01 13:50:00,activepower,63264.1,2026-08-31 14:30:00,v4.1.0-produccion,buena:completo/semana_anterior
B5_BACH,2026-09-01 14:00:00,activepower,62764.438,2026-08-31 14:30:00,v4.1.0-produccion,buena:completo/semana_anterior
B5_BACH,2026-09-01 14:10:00,activepower,61990.574,2026-08-31 14:30:00,v4.1.0-produccion,buena:completo/semana_anterior
B5_BACH,2026-09-01 14:20:00,activepower,61132.707,2026-08-31 14:30:00,v4.1.0-produccion,buena:completo/semana_anterior
B5_BACH,2026-09-01 14:30:00,activepower,61285.266,2026-08-31 14:30:00,v4.1.0-produccion,buena:completo/semana_anterior
B5_BACH,2026-08-31 14:40:00,totalpowerfactor,0.9893605,2026-08-31 14:30:00,v4.1.0-produccion,buena:completo/semana_anterior
B5_BACH,2026-08-31 14:50:00,totalpowerfactor,0.98955905,2026-08-31 14:30:00,v4.1.0-produccion,buena:completo/semana_anterior
B5_BACH,2026-08-31 15:00:00,totalpowerfactor,0.9891515,2026-08-31 14:30:00,v4.1.0-produccion,buena:completo/semana_anterior
B5_BACH,2026-08-31 15:10:00,totalpowerfactor,0.98954815,2026-08-31 14:30:00,v4.1.0-produccion,buena:completo/semana_anterior
B5_BACH,2026-08-31 15:20:00,totalpowerfactor,0.98918027,2026-08-31 14:30:00,v4.1.0-produccion,buena:completo/semana_anterior
B5_BACH,2026-08-31 15:30:00,totalpowerfactor,0.9896086,2026-08-31 14:30:00,v4.1.0-produccion,buena:completo/semana_anterior
B5_BACH,2026-08-31 15:40:00,totalpowerfactor,0.9896802,2026-08-31 14:30:00,v4.1.0-produccion,buena:completo/semana_anterior
B5_BACH,2026-08-31 15:50:00,totalpowerfactor,0.98999727,2026-08-31 14:30:00,v4.1.0-produccion,buena:completo/semana_anterior
B5_BACH,2026-08-31 16:00:00,totalpowerfactor,0.99035424,2026-08-31 14:30:00,v4.1.0-produccion,buena:completo/semana_anterior
B5_BACH,2026-08-31 16:10:00,totalpowerfactor,0.99095726,2026-08-31 14:30:00,v4.1.0-produccion,buena:completo/semana_anterior
B5_BACH,2026-08-31 16:20:00,totalpowerfactor,0.9907898,2026-08-31 14:30:00,v4.1.0-produccion,buena:completo/semana_anterior
B5_BACH,2026-08-31 16:30:00,totalpowerfactor,0.9909504,2026-08-31 14:30:00,v4.1.0-produccion,buena:completo/semana_anterior
B5_BACH,2026-08-31 16:40:00,totalpowerfactor,0.99051666,2026-08-31 14:30:00,v4.1.0-produccion,buena:completo/semana_anterior
B5_BACH,2026-08-31 16:50:00,totalpowerfactor,0.9904792,2026-08-31 14:30:00,v4.1.0-produccion,buena:completo/semana_anterior
B5_BACH,2026-08-31 17:00:00,totalpowerfactor,0.9906708,2026-08-31 14:30:00,v4.1.0-produccion,buena:completo/semana_anterior
B5_BACH,2026-08-31 17:10:00,totalpowerfactor,0.99090314,2026-08-31 14:30:00,v4.1.0-produccion,buena:completo/semana_anterior
B5_BACH,2026-08-31 17:20:00,totalpowerfactor,0.99063265,2026-08-31 14:30:00,v4.1.0-produccion,buena:completo/semana_anterior
B5_BACH,2026-08-31 17:30:00,totalpowerfactor,0.991186,2026-08-31 14:30:00,v4.1.0-produccion,buena:completo/semana_anterior
B5_BACH,2026-08-31 17:40:00,totalpowerfactor,0.991071,2026-08-31 14:30:00,v4.1.0-produccion,buena:completo/semana_anterior
B5_BACH,2026-08-31 17:50:00,totalpowerfactor,0.9913007,2026-08-31 14:30:00,v4.1.0-produccion,buena:completo/semana_anterior
B5_BACH,2026-08-31 18:00:00,totalpowerfactor,0.99118257,2026-08-31 14:30:00,v4.1.0-produccion,buena:completo/semana_anterior
B5_BACH,2026-08-31 18:10:00,totalpowerfactor,0.9916723,2026-08-31 14:30:00,v4.1.0-produccion,buena:completo/semana_anterior
B5_BACH,2026-08-31 18:20:00,totalpowerfactor,0.9913965,2026-08-31 14:30:00,v4.1.0-produccion,buena:completo/semana_anterior
B5_BACH,2026-08-31 18:30:00,totalpowerfactor,0.9918957,2026-08-31 14:30:00,v4.1.0-produccion,buena:completo/semana_anterior
B5_BACH,2026-08-31 18:40:00,totalpowerfactor,0.9919399,2026-08-31 14:30:00,v4.1.0-produccion,buena:completo/semana_anterior
B5_BACH,2026-08-31 18:50:00,totalpowerfactor,0.99232936,2026-08-31 14:30:00,v4.1.0-produccion,buena:completo/semana_anterior
B5_BACH,2026-08-31 19:00:00,totalpowerfactor,0.99246913,2026-08-31 14:30:00,v4.1.0-produccion,buena:completo/semana_anterior
B5_BACH,2026-08-31 19:10:00,totalpowerfactor,0.99193734,2026-08-31 14:30:00,v4.1.0-produccion,buena:completo/semana_anterior
B5_BACH,2026-08-31 19:20:00,totalpowerfactor,0.9920148,2026-08-31 14:30:00,v4.1.0-produccion,buena:completo/semana_anterior
B5_BACH,2026-08-31 19:30:00,totalpowerfactor,0.99208724,2026-08-31 14:30:00,v4.1.0-produccion,buena:completo/semana_anterior
B5_BACH,2026-08-31 19:40:00,totalpowerfactor,0.992842,2026-08-31 14:30:00,v4.1.0-produccion,buena:completo/semana_anterior
B5_BACH,2026-08-31 19:50:00,totalpowerfactor,0.9921278,2026-08-31 14:30:00,v4.1.0-produccion,buena:completo/semana_anterior
B5_BACH,2026-08-31 20:00:00,totalpowerfactor,0.9916829,2026-08-31 14:30:00,v4.1.0-produccion,buena:completo/semana_anterior
B5_BACH,2026-08-31 20:10:00,totalpowerfactor,0.99231136,2026-08-31 14:30:00,v4.1.0-produccion,buena:completo/semana_anterior
B5_BACH,2026-08-31 20:20:00,totalpowerfactor,0.9918707,2026-08-31 14:30:00,v4.1.0-produccion,buena:completo/semana_anterior
B5_BACH,2026-08-31 20:30:00,totalpowerfactor,0.9917681,2026-08-31 14:30:00,v4.1.0-produccion,buena:completo/semana_anterior
B5_BACH,2026-08-31 20:40:00,totalpowerfactor,0.9914293,2026-08-31 14:30:00,v4.1.0-produccion,buena:completo/semana_anterior
B5_BACH,2026-08-31 20:50:00,totalpowerfactor,0.9912559,2026-08-31 14:30:00,v4.1.0-produccion,buena:completo/semana_anterior
B5_BACH,2026-08-31 21:00:00,totalpowerfactor,0.9908699,2026-08-31 14:30:00,v4.1.0-produccion,buena:completo/semana_anterior
B5_BACH,2026-08-31 21:10:00,totalpowerfactor,0.9908297,2026-08-31 14:30:00,v4.1.0-produccion,buena:completo/semana_anterior
B5_BACH,2026-08-31 21:20:00,totalpowerfactor,0.9903719,2026-08-31 14:30:00,v4.1.0-produccion,buena:completo/semana_anterior
B5_BACH,2026-08-31 21:30:00,totalpowerfactor,0.99088,2026-08-31 14:30:00,v4.1.0-produccion,buena:completo/semana_anterior
B5_BACH,2026-08-31 21:40:00,totalpowerfactor,0.9902762,2026-08-31 14:30:00,v4.1.0-produccion,buena:completo/semana_anterior
B5_BACH,2026-08-31 21:50:00,totalpowerfactor,0.99009955,2026-08-31 14:30:00,v4.1.0-produccion,buena:completo/semana_anterior
B5_BACH,2026-08-31 22:00:00,totalpowerfactor,0.9892445,2026-08-31 14:30:00,v4.1.0-produccion,buena:completo/semana_anterior
B5_BACH,2026-08-31 22:10:00,totalpowerfactor,0.98942065,2026-08-31 14:30:00,v4.1.0-produccion,buena:completo/semana_anterior
B5_BACH,2026-08-31 22:20:00,totalpowerfactor,0.98822194,2026-08-31 14:30:00,v4.1.0-produccion,buena:completo/semana_anterior
B5_BACH,2026-08-31 22:30:00,totalpowerfactor,0.987618,2026-08-31 14:30:00,v4.1.0-produccion,buena:completo/semana_anterior
B5_BACH,2026-08-31 22:40:00,totalpowerfactor,0.9879791,2026-08-31 14:30:00,v4.1.0-produccion,buena:completo/semana_anterior
B5_BACH,2026-08-31 22:50:00,totalpowerfactor,0.9877483,2026-08-31 14:30:00,v4.1.0-produccion,buena:completo/semana_anterior
B5_BACH,2026-08-31 23:00:00,totalpowerfactor,0.98706627,2026-08-31 14:30:00,v4.1.0-produccion,buena:completo/semana_anterior
B5_BACH,2026-08-31 23:10:00,totalpowerfactor,0.98751235,2026-08-31 14:30:00,v4.1.0-produccion,buena:completo/semana_anterior
B5_BACH,2026-08-31 23:20:00,totalpowerfactor,0.98689705,2026-08-31 14:30:00,v4.1.0-produccion,buena:completo/semana_anterior
B5_BACH,2026-08-31 23:30:00,totalpowerfactor,0.9869517,2026-08-31 14:30:00,v4.1.0-produccion,buena:completo/semana_anterior
B5_BACH,2026-08-31 23:40:00,totalpowerfactor,0.9872653,2026-08-31 14:30:00,v4.1.0-produccion,buena:completo/semana_anterior
B5_BACH,2026-08-31 23:50:00,totalpowerfactor,0.9865856,2026-08-31 14:30:00,v4.1.0-produccion,buena:completo/semana_anterior
B5_BACH,2026-09-01 00:00:00,totalpowerfactor,0.9862823,2026-08-31 14:30:00,v4.1.0-produccion,buena:completo/semana_anterior
B5_BACH,2026-09-01 00:10:00,totalpowerfactor,0.986103,2026-08-31 14:30:00,v4.1.0-produccion,buena:completo/semana_anterior
B5_BACH,2026-09-01 00:20:00,totalpowerfactor,0.98550177,2026-08-31 14:30:00,v4.1.0-produccion,buena:completo/semana_anterior
B5_BACH,2026-09-01 00:30:00,totalpowerfactor,0.9851616,2026-08-31 14:30:00,v4.1.0-produccion,buena:completo/semana_anterior
B5_BACH,2026-09-01 00:40:00,totalpowerfactor,0.9851985,2026-08-31 14:30:00,v4.1.0-produccion,buena:completo/semana_anterior
B5_BACH,2026-09-01 00:50:00,totalpowerfactor,0.98500836,2026-08-31 14:30:00,v4.1.0-produccion,buena:completo/semana_anterior
B5_BACH,2026-09-01 01:00:00,totalpowerfactor,0.98436856,2026-08-31 14:30:00,v4.1.0-produccion,buena:completo/semana_anterior
B5_BACH,2026-09-01 01:10:00,totalpowerfactor,0.9838704,2026-08-31 14:30:00,v4.1.0-produccion,buena:completo/semana_anterior
B5_BACH,2026-09-01 01:20:00,totalpowerfactor,0.9837309,2026-08-31 14:30:00,v4.1.0-produccion,buena:completo/semana_anterior
B5_BACH,2026-09-01 01:30:00,totalpowerfactor,0.9834477,2026-08-31 14:30:00,v4.1.0-produccion,buena:completo/semana_anterior
B5_BACH,2026-09-01 01:40:00,totalpowerfactor,0.9830688,2026-08-31 14:30:00,v4.1.0-produccion,buena:completo/semana_anterior
B5_BACH,2026-09-01 01:50:00,totalpowerfactor,0.98326534,2026-08-31 14:30:00,v4.1.0-produccion,buena:completo/semana_anterior
B5_BACH,2026-09-01 02:00:00,totalpowerfactor,0.9825172,2026-08-31 14:30:00,v4.1.0-produccion,buena:completo/semana_anterior
B5_BACH,2026-09-01 02:10:00,totalpowerfactor,0.98219615,2026-08-31 14:30:00,v4.1.0-produccion,buena:completo/semana_anterior
B5_BACH,2026-09-01 02:20:00,totalpowerfactor,0.98177415,2026-08-31 14:30:00,v4.1.0-produccion,buena:completo/semana_anterior
B5_BACH,2026-09-01 02:30:00,totalpowerfactor,0.981944,2026-08-31 14:30:00,v4.1.0-produccion,buena:completo/semana_anterior
B5_BACH,2026-09-01 02:40:00,totalpowerfactor,0.9813696,2026-08-31 14:30:00,v4.1.0-produccion,buena:completo/semana_anterior
B5_BACH,2026-09-01 02:50:00,totalpowerfactor,0.98144233,2026-08-31 14:30:00,v4.1.0-produccion,buena:completo/semana_anterior
B5_BACH,2026-09-01 03:00:00,totalpowerfactor,0.9810561,2026-08-31 14:30:00,v4.1.0-produccion,buena:completo/semana_anterior
B5_BACH,2026-09-01 03:10:00,totalpowerfactor,0.981477,2026-08-31 14:30:00,v4.1.0-produccion,buena:completo/semana_anterior
B5_BACH,2026-09-01 03:20:00,totalpowerfactor,0.982396,2026-08-31 14:30:00,v4.1.0-produccion,buena:completo/semana_anterior
B5_BACH,2026-09-01 03:30:00,totalpowerfactor,0.98244864,2026-08-31 14:30:00,v4.1.0-produccion,buena:completo/semana_anterior
B5_BACH,2026-09-01 03:40:00,totalpowerfactor,0.98220676,2026-08-31 14:30:00,v4.1.0-produccion,buena:completo/semana_anterior
B5_BACH,2026-09-01 03:50:00,totalpowerfactor,0.98348475,2026-08-31 14:30:00,v4.1.0-produccion,buena:completo/semana_anterior
B5_BACH,2026-09-01 04:00:00,totalpowerfactor,0.98384607,2026-08-31 14:30:00,v4.1.0-produccion,buena:completo/semana_anterior
B5_BACH,2026-09-01 04:10:00,totalpowerfactor,0.98418653,2026-08-31 14:30:00,v4.1.0-produccion,buena:completo/semana_anterior
B5_BACH,2026-09-01 04:20:00,totalpowerfactor,0.9855565,2026-08-31 14:30:00,v4.1.0-produccion,buena:completo/semana_anterior
B5_BACH,2026-09-01 04:30:00,totalpowerfactor,0.98562807,2026-08-31 14:30:00,v4.1.0-produccion,buena:completo/semana_anterior
B5_BACH,2026-09-01 04:40:00,totalpowerfactor,0.9862046,2026-08-31 14:30:00,v4.1.0-produccion,buena:completo/semana_anterior
B5_BACH,2026-09-01 04:50:00,totalpowerfactor,0.98710835,2026-08-31 14:30:00,v4.1.0-produccion,buena:completo/semana_anterior
B5_BACH,2026-09-01 05:00:00,totalpowerfactor,0.9878338,2026-08-31 14:30:00,v4.1.0-produccion,buena:completo/semana_anterior
B5_BACH,2026-09-01 05:10:00,totalpowerfactor,0.9881403,2026-08-31 14:30:00,v4.1.0-produccion,buena:completo/semana_anterior
B5_BACH,2026-09-01 05:20:00,totalpowerfactor,0.9892991,2026-08-31 14:30:00,v4.1.0-produccion,buena:completo/semana_anterior
B5_BACH,2026-09-01 05:30:00,totalpowerfactor,0.98973984,2026-08-31 14:30:00,v4.1.0-produccion,buena:completo/semana_anterior
B5_BACH,2026-09-01 05:40:00,totalpowerfactor,0.98988336,2026-08-31 14:30:00,v4.1.0-produccion,buena:completo/semana_anterior
B5_BACH,2026-09-01 05:50:00,totalpowerfactor,0.9912443,2026-08-31 14:30:00,v4.1.0-produccion,buena:completo/semana_anterior
B5_BACH,2026-09-01 06:00:00,totalpowerfactor,0.9908702,2026-08-31 14:30:00,v4.1.0-produccion,buena:completo/semana_anterior
B5_BACH,2026-09-01 06:10:00,totalpowerfactor,0.99183714,2026-08-31 14:30:00,v4.1.0-produccion,buena:completo/semana_anterior
B5_BACH,2026-09-01 06:20:00,totalpowerfactor,0.99220026,2026-08-31 14:30:00,v4.1.0-produccion,buena:completo/semana_anterior
B5_BACH,2026-09-01 06:30:00,totalpowerfactor,0.9921944,2026-08-31 14:30:00,v4.1.0-produccion,buena:completo/semana_anterior
B5_BACH,2026-09-01 06:40:00,totalpowerfactor,0.9923178,2026-08-31 14:30:00,v4.1.0-produccion,buena:completo/semana_anterior
B5_BACH,2026-09-01 06:50:00,totalpowerfactor,0.99215317,2026-08-31 14:30:00,v4.1.0-produccion,buena:completo/semana_anterior
B5_BACH,2026-09-01 07:00:00,totalpowerfactor,0.99188006,2026-08-31 14:30:00,v4.1.0-produccion,buena:completo/semana_anterior
B5_BACH,2026-09-01 07:10:00,totalpowerfactor,0.99177074,2026-08-31 14:30:00,v4.1.0-produccion,buena:completo/semana_anterior
B5_BACH,2026-09-01 07:20:00,totalpowerfactor,0.9913831,2026-08-31 14:30:00,v4.1.0-produccion,buena:completo/semana_anterior
B5_BACH,2026-09-01 07:30:00,totalpowerfactor,0.99071586,2026-08-31 14:30:00,v4.1.0-produccion,buena:completo/semana_anterior
B5_BACH,2026-09-01 07:40:00,totalpowerfactor,0.9910117,2026-08-31 14:30:00,v4.1.0-produccion,buena:completo/semana_anterior
B5_BACH,2026-09-01 07:50:00,totalpowerfactor,0.99042314,2026-08-31 14:30:00,v4.1.0-produccion,buena:completo/semana_anterior
B5_BACH,2026-09-01 08:00:00,totalpowerfactor,0.9906566,2026-08-31 14:30:00,v4.1.0-produccion,buena:completo/semana_anterior
B5_BACH,2026-09-01 08:10:00,totalpowerfactor,0.98943883,2026-08-31 14:30:00,v4.1.0-produccion,buena:completo/semana_anterior
B5_BACH,2026-09-01 08:20:00,totalpowerfactor,0.98948973,2026-08-31 14:30:00,v4.1.0-produccion,buena:completo/semana_anterior
B5_BACH,2026-09-01 08:30:00,totalpowerfactor,0.98930293,2026-08-31 14:30:00,v4.1.0-produccion,buena:completo/semana_anterior
B5_BACH,2026-09-01 08:40:00,totalpowerfactor,0.9895937,2026-08-31 14:30:00,v4.1.0-produccion,buena:completo/semana_anterior
B5_BACH,2026-09-01 08:50:00,totalpowerfactor,0.9885597,2026-08-31 14:30:00,v4.1.0-produccion,buena:completo/semana_anterior
B5_BACH,2026-09-01 09:00:00,totalpowerfactor,0.9885274,2026-08-31 14:30:00,v4.1.0-produccion,buena:completo/semana_anterior
B5_BACH,2026-09-01 09:10:00,totalpowerfactor,0.98753214,2026-08-31 14:30:00,v4.1.0-produccion,buena:completo/semana_anterior
B5_BACH,2026-09-01 09:20:00,totalpowerfactor,0.9876466,2026-08-31 14:30:00,v4.1.0-produccion,buena:completo/semana_anterior
B5_BACH,2026-09-01 09:30:00,totalpowerfactor,0.9873152,2026-08-31 14:30:00,v4.1.0-produccion,buena:completo/semana_anterior
B5_BACH,2026-09-01 09:40:00,totalpowerfactor,0.9872354,2026-08-31 14:30:00,v4.1.0-produccion,buena:completo/semana_anterior
B5_BACH,2026-09-01 09:50:00,totalpowerfactor,0.9866399,2026-08-31 14:30:00,v4.1.0-produccion,buena:completo/semana_anterior
B5_BACH,2026-09-01 10:00:00,totalpowerfactor,0.9867265,2026-08-31 14:30:00,v4.1.0-produccion,buena:completo/semana_anterior
B5_BACH,2026-09-01 10:10:00,totalpowerfactor,0.9859935,2026-08-31 14:30:00,v4.1.0-produccion,buena:completo/semana_anterior
B5_BACH,2026-09-01 10:20:00,totalpowerfactor,0.9857596,2026-08-31 14:30:00,v4.1.0-produccion,buena:completo/semana_anterior
B5_BACH,2026-09-01 10:30:00,totalpowerfactor,0.98653173,2026-08-31 14:30:00,v4.1.0-produccion,buena:completo/semana_anterior
B5_BACH,2026-09-01 10:40:00,totalpowerfactor,0.9862004,2026-08-31 14:30:00,v4.1.0-produccion,buena:completo/semana_anterior
B5_BACH,2026-09-01 10:50:00,totalpowerfactor,0.9860575,2026-08-31 14:30:00,v4.1.0-produccion,buena:completo/semana_anterior
B5_BACH,2026-09-01 11:00:00,totalpowerfactor,0.985601,2026-08-31 14:30:00,v4.1.0-produccion,buena:completo/semana_anterior
B5_BACH,2026-09-01 11:10:00,totalpowerfactor,0.985691,2026-08-31 14:30:00,v4.1.0-produccion,buena:completo/semana_anterior
B5_BACH,2026-09-01 11:20:00,totalpowerfactor,0.9853311,2026-08-31 14:30:00,v4.1.0-produccion,buena:completo/semana_anterior
B5_BACH,2026-09-01 11:30:00,totalpowerfactor,0.9852937,2026-08-31 14:30:00,v4.1.0-produccion,buena:completo/semana_anterior
B5_BACH,2026-09-01 11:40:00,totalpowerfactor,0.9855373,2026-08-31 14:30:00,v4.1.0-produccion,buena:completo/semana_anterior
B5_BACH,2026-09-01 11:50:00,totalpowerfactor,0.98583233,2026-08-31 14:30:00,v4.1.0-produccion,buena:completo/semana_anterior
B5_BACH,2026-09-01 12:00:00,totalpowerfactor,0.98550695,2026-08-31 14:30:00,v4.1.0-produccion,buena:completo/semana_anterior
B5_BACH,2026-09-01 12:10:00,totalpowerfactor,0.98540515,2026-08-31 14:30:00,v4.1.0-produccion,buena:completo/semana_anterior
B5_BACH,2026-09-01 12:20:00,totalpowerfactor,0.98548913,2026-08-31 14:30:00,v4.1.0-produccion,buena:completo/semana_anterior
B5_BACH,2026-09-01 12:30:00,totalpowerfactor,0.985556,2026-08-31 14:30:00,v4.1.0-produccion,buena:completo/semana_anterior
B5_BACH,2026-09-01 12:40:00,totalpowerfactor,0.9854759,2026-08-31 14:30:00,v4.1.0-produccion,buena:completo/semana_anterior
B5_BACH,2026-09-01 12:50:00,totalpowerfactor,0.98566425,2026-08-31 14:30:00,v4.1.0-produccion,buena:completo/semana_anterior
B5_BACH,2026-09-01 13:00:00,totalpowerfactor,0.9855862,2026-08-31 14:30:00,v4.1.0-produccion,buena:completo/semana_anterior
B5_BACH,2026-09-01 13:10:00,totalpowerfactor,0.9857768,2026-08-31 14:30:00,v4.1.0-produccion,buena:completo/semana_anterior
B5_BACH,2026-09-01 13:20:00,totalpowerfactor,0.9859806,2026-08-31 14:30:00,v4.1.0-produccion,buena:completo/semana_anterior
B5_BACH,2026-09-01 13:30:00,totalpowerfactor,0.9858067,2026-08-31 14:30:00,v4.1.0-produccion,buena:completo/semana_anterior
B5_BACH,2026-09-01 13:40:00,totalpowerfactor,0.9869944,2026-08-31 14:30:00,v4.1.0-produccion,buena:completo/semana_anterior
B5_BACH,2026-09-01 13:50:00,totalpowerfactor,0.9869694,2026-08-31 14:30:00,v4.1.0-produccion,buena:completo/semana_anterior
B5_BACH,2026-09-01 14:00:00,totalpowerfactor,0.98672915,2026-08-31 14:30:00,v4.1.0-produccion,buena:completo/semana_anterior
B5_BACH,2026-09-01 14:10:00,totalpowerfactor,0.9875527,2026-08-31 14:30:00,v4.1.0-produccion,buena:completo/semana_anterior
B5_BACH,2026-09-01 14:20:00,totalpowerfactor,0.98781955,2026-08-31 14:30:00,v4.1.0-produccion,buena:completo/semana_anterior
B5_BACH,2026-09-01 14:30:00,totalpowerfactor,0.9873521,2026-08-31 14:30:00,v4.1.0-produccion,buena:completo/semana_anterior
B5_BACH,2026-08-31 14:40:00,voltaje_promedio,125.49125,2026-08-31 14:30:00,v4.1.0-produccion,buena:completo/semana_anterior
B5_BACH,2026-08-31 14:50:00,voltaje_promedio,125.53477,2026-08-31 14:30:00,v4.1.0-produccion,buena:completo/semana_anterior
B5_BACH,2026-08-31 15:00:00,voltaje_promedio,125.50958,2026-08-31 14:30:00,v4.1.0-produccion,buena:completo/semana_anterior
B5_BACH,2026-08-31 15:10:00,voltaje_promedio,125.53649,2026-08-31 14:30:00,v4.1.0-produccion,buena:completo/semana_anterior
B5_BACH,2026-08-31 15:20:00,voltaje_promedio,125.637115,2026-08-31 14:30:00,v4.1.0-produccion,buena:completo/semana_anterior
B5_BACH,2026-08-31 15:30:00,voltaje_promedio,125.77855,2026-08-31 14:30:00,v4.1.0-produccion,buena:completo/semana_anterior
B5_BACH,2026-08-31 15:40:00,voltaje_promedio,125.90982,2026-08-31 14:30:00,v4.1.0-produccion,buena:completo/semana_anterior
B5_BACH,2026-08-31 15:50:00,voltaje_promedio,125.89962,2026-08-31 14:30:00,v4.1.0-produccion,buena:completo/semana_anterior
B5_BACH,2026-08-31 16:00:00,voltaje_promedio,125.95249,2026-08-31 14:30:00,v4.1.0-produccion,buena:completo/semana_anterior
B5_BACH,2026-08-31 16:10:00,voltaje_promedio,126.034546,2026-08-31 14:30:00,v4.1.0-produccion,buena:completo/semana_anterior
B5_BACH,2026-08-31 16:20:00,voltaje_promedio,126.11548,2026-08-31 14:30:00,v4.1.0-produccion,buena:completo/semana_anterior
B5_BACH,2026-08-31 16:30:00,voltaje_promedio,126.10233,2026-08-31 14:30:00,v4.1.0-produccion,buena:completo/semana_anterior
B5_BACH,2026-08-31 16:40:00,voltaje_promedio,126.19503,2026-08-31 14:30:00,v4.1.0-produccion,buena:completo/semana_anterior
B5_BACH,2026-08-31 16:50:00,voltaje_promedio,126.16309,2026-08-31 14:30:00,v4.1.0-produccion,buena:completo/semana_anterior
B5_BACH,2026-08-31 17:00:00,voltaje_promedio,126.32706,2026-08-31 14:30:00,v4.1.0-produccion,buena:completo/semana_anterior
B5_BACH,2026-08-31 17:10:00,voltaje_promedio,126.33252,2026-08-31 14:30:00,v4.1.0-produccion,buena:completo/semana_anterior
B5_BACH,2026-08-31 17:20:00,voltaje_promedio,126.33809,2026-08-31 14:30:00,v4.1.0-produccion,buena:completo/semana_anterior
B5_BACH,2026-08-31 17:30:00,voltaje_promedio,126.426186,2026-08-31 14:30:00,v4.1.0-produccion,buena:completo/semana_anterior
B5_BACH,2026-08-31 17:40:00,voltaje_promedio,126.41826,2026-08-31 14:30:00,v4.1.0-produccion,buena:completo/semana_anterior
B5_BACH,2026-08-31 17:50:00,voltaje_promedio,126.42056,2026-08-31 14:30:00,v4.1.0-produccion,buena:completo/semana_anterior
B5_BACH,2026-08-31 18:00:00,voltaje_promedio,126.46421,2026-08-31 14:30:00,v4.1.0-produccion,buena:completo/semana_anterior
B5_BACH,2026-08-31 18:10:00,voltaje_promedio,126.4517,2026-08-31 14:30:00,v4.1.0-produccion,buena:completo/semana_anterior
B5_BACH,2026-08-31 18:20:00,voltaje_promedio,126.49334,2026-08-31 14:30:00,v4.1.0-produccion,buena:completo/semana_anterior
B5_BACH,2026-08-31 18:30:00,voltaje_promedio,126.53418,2026-08-31 14:30:00,v4.1.0-produccion,buena:completo/semana_anterior
B5_BACH,2026-08-31 18:40:00,voltaje_promedio,126.573975,2026-08-31 14:30:00,v4.1.0-produccion,buena:completo/semana_anterior
B5_BACH,2026-08-31 18:50:00,voltaje_promedio,126.54864,2026-08-31 14:30:00,v4.1.0-produccion,buena:completo/semana_anterior
B5_BACH,2026-08-31 19:00:00,voltaje_promedio,126.554306,2026-08-31 14:30:00,v4.1.0-produccion,buena:completo/semana_anterior
B5_BACH,2026-08-31 19:10:00,voltaje_promedio,126.5561,2026-08-31 14:30:00,v4.1.0-produccion,buena:completo/semana_anterior
B5_BACH,2026-08-31 19:20:00,voltaje_promedio,126.7196,2026-08-31 14:30:00,v4.1.0-produccion,buena:completo/semana_anterior
B5_BACH,2026-08-31 19:30:00,voltaje_promedio,126.720505,2026-08-31 14:30:00,v4.1.0-produccion,buena:completo/semana_anterior
B5_BACH,2026-08-31 19:40:00,voltaje_promedio,126.81765,2026-08-31 14:30:00,v4.1.0-produccion,buena:completo/semana_anterior
B5_BACH,2026-08-31 19:50:00,voltaje_promedio,126.80393,2026-08-31 14:30:00,v4.1.0-produccion,buena:completo/semana_anterior
B5_BACH,2026-08-31 20:00:00,voltaje_promedio,126.8387,2026-08-31 14:30:00,v4.1.0-produccion,buena:completo/semana_anterior
B5_BACH,2026-08-31 20:10:00,voltaje_promedio,126.885506,2026-08-31 14:30:00,v4.1.0-produccion,buena:completo/semana_anterior
B5_BACH,2026-08-31 20:20:00,voltaje_promedio,126.97515,2026-08-31 14:30:00,v4.1.0-produccion,buena:completo/semana_anterior
B5_BACH,2026-08-31 20:30:00,voltaje_promedio,126.984665,2026-08-31 14:30:00,v4.1.0-produccion,buena:completo/semana_anterior
B5_BACH,2026-08-31 20:40:00,voltaje_promedio,127.046486,2026-08-31 14:30:00,v4.1.0-produccion,buena:completo/semana_anterior
B5_BACH,2026-08-31 20:50:00,voltaje_promedio,127.02568,2026-08-31 14:30:00,v4.1.0-produccion,buena:completo/semana_anterior
B5_BACH,2026-08-31 21:00:00,voltaje_promedio,127.0332,2026-08-31 14:30:00,v4.1.0-produccion,buena:completo/semana_anterior
B5_BACH,2026-08-31 21:10:00,voltaje_promedio,127.130196,2026-08-31 14:30:00,v4.1.0-produccion,buena:completo/semana_anterior
B5_BACH,2026-08-31 21:20:00,voltaje_promedio,127.13525,2026-08-31 14:30:00,v4.1.0-produccion,buena:completo/semana_anterior
B5_BACH,2026-08-31 21:30:00,voltaje_promedio,127.201614,2026-08-31 14:30:00,v4.1.0-produccion,buena:completo/semana_anterior
B5_BACH,2026-08-31 21:40:00,voltaje_promedio,127.20427,2026-08-31 14:30:00,v4.1.0-produccion,buena:completo/semana_anterior
B5_BACH,2026-08-31 21:50:00,voltaje_promedio,127.127975,2026-08-31 14:30:00,v4.1.0-produccion,buena:completo/semana_anterior
B5_BACH,2026-08-31 22:00:00,voltaje_promedio,127.23,2026-08-31 14:30:00,v4.1.0-produccion,buena:completo/semana_anterior
B5_BACH,2026-08-31 22:10:00,voltaje_promedio,127.2537,2026-08-31 14:30:00,v4.1.0-produccion,buena:completo/semana_anterior
B5_BACH,2026-08-31 22:20:00,voltaje_promedio,127.23579,2026-08-31 14:30:00,v4.1.0-produccion,buena:completo/semana_anterior
B5_BACH,2026-08-31 22:30:00,voltaje_promedio,127.214745,2026-08-31 14:30:00,v4.1.0-produccion,buena:completo/semana_anterior
B5_BACH,2026-08-31 22:40:00,voltaje_promedio,127.18977,2026-08-31 14:30:00,v4.1.0-produccion,buena:completo/semana_anterior
B5_BACH,2026-08-31 22:50:00,voltaje_promedio,127.13108,2026-08-31 14:30:00,v4.1.0-produccion,buena:completo/semana_anterior
B5_BACH,2026-08-31 23:00:00,voltaje_promedio,127.21191,2026-08-31 14:30:00,v4.1.0-produccion,buena:completo/semana_anterior
B5_BACH,2026-08-31 23:10:00,voltaje_promedio,127.203156,2026-08-31 14:30:00,v4.1.0-produccion,buena:completo/semana_anterior
B5_BACH,2026-08-31 23:20:00,voltaje_promedio,127.203835,2026-08-31 14:30:00,v4.1.0-produccion,buena:completo/semana_anterior
B5_BACH,2026-08-31 23:30:00,voltaje_promedio,127.205185,2026-08-31 14:30:00,v4.1.0-produccion,buena:completo/semana_anterior
B5_BACH,2026-08-31 23:40:00,voltaje_promedio,127.18539,2026-08-31 14:30:00,v4.1.0-produccion,buena:completo/semana_anterior
B5_BACH,2026-08-31 23:50:00,voltaje_promedio,127.134964,2026-08-31 14:30:00,v4.1.0-produccion,buena:completo/semana_anterior
B5_BACH,2026-09-01 00:00:00,voltaje_promedio,127.164566,2026-08-31 14:30:00,v4.1.0-produccion,buena:completo/semana_anterior
B5_BACH,2026-09-01 00:10:00,voltaje_promedio,127.14232,2026-08-31 14:30:00,v4.1.0-produccion,buena:completo/semana_anterior
B5_BACH,2026-09-01 00:20:00,voltaje_promedio,127.16137,2026-08-31 14:30:00,v4.1.0-produccion,buena:completo/semana_anterior
B5_BACH,2026-09-01 00:30:00,voltaje_promedio,127.16226,2026-08-31 14:30:00,v4.1.0-produccion,buena:completo/semana_anterior
B5_BACH,2026-09-01 00:40:00,voltaje_promedio,127.20778,2026-08-31 14:30:00,v4.1.0-produccion,buena:completo/semana_anterior
B5_BACH,2026-09-01 00:50:00,voltaje_promedio,127.18572,2026-08-31 14:30:00,v4.1.0-produccion,buena:completo/semana_anterior
B5_BACH,2026-09-01 01:00:00,voltaje_promedio,127.21062,2026-08-31 14:30:00,v4.1.0-produccion,buena:completo/semana_anterior
B5_BACH,2026-09-01 01:10:00,voltaje_promedio,127.242455,2026-08-31 14:30:00,v4.1.0-produccion,buena:completo/semana_anterior
B5_BACH,2026-09-01 01:20:00,voltaje_promedio,127.18819,2026-08-31 14:30:00,v4.1.0-produccion,buena:completo/semana_anterior
B5_BACH,2026-09-01 01:30:00,voltaje_promedio,127.248474,2026-08-31 14:30:00,v4.1.0-produccion,buena:completo/semana_anterior
B5_BACH,2026-09-01 01:40:00,voltaje_promedio,127.28856,2026-08-31 14:30:00,v4.1.0-produccion,buena:completo/semana_anterior
B5_BACH,2026-09-01 01:50:00,voltaje_promedio,127.26158,2026-08-31 14:30:00,v4.1.0-produccion,buena:completo/semana_anterior
B5_BACH,2026-09-01 02:00:00,voltaje_promedio,127.20134,2026-08-31 14:30:00,v4.1.0-produccion,buena:completo/semana_anterior
B5_BACH,2026-09-01 02:10:00,voltaje_promedio,127.14934,2026-08-31 14:30:00,v4.1.0-produccion,buena:completo/semana_anterior
B5_BACH,2026-09-01 02:20:00,voltaje_promedio,127.154335,2026-08-31 14:30:00,v4.1.0-produccion,buena:completo/semana_anterior
B5_BACH,2026-09-01 02:30:00,voltaje_promedio,127.17782,2026-08-31 14:30:00,v4.1.0-produccion,buena:completo/semana_anterior
B5_BACH,2026-09-01 02:40:00,voltaje_promedio,127.222565,2026-08-31 14:30:00,v4.1.0-produccion,buena:completo/semana_anterior
B5_BACH,2026-09-01 02:50:00,voltaje_promedio,127.20223,2026-08-31 14:30:00,v4.1.0-produccion,buena:completo/semana_anterior
B5_BACH,2026-09-01 03:00:00,voltaje_promedio,127.16169,2026-08-31 14:30:00,v4.1.0-produccion,buena:completo/semana_anterior
B5_BACH,2026-09-01 03:10:00,voltaje_promedio,127.06713,2026-08-31 14:30:00,v4.1.0-produccion,buena:completo/semana_anterior
B5_BACH,2026-09-01 03:20:00,voltaje_promedio,127.04952,2026-08-31 14:30:00,v4.1.0-produccion,buena:completo/semana_anterior
B5_BACH,2026-09-01 03:30:00,voltaje_promedio,127.03975,2026-08-31 14:30:00,v4.1.0-produccion,buena:completo/semana_anterior
B5_BACH,2026-09-01 03:40:00,voltaje_promedio,126.97702,2026-08-31 14:30:00,v4.1.0-produccion,buena:completo/semana_anterior
B5_BACH,2026-09-01 03:50:00,voltaje_promedio,126.873856,2026-08-31 14:30:00,v4.1.0-produccion,buena:completo/semana_anterior
B5_BACH,2026-09-01 04:00:00,voltaje_promedio,126.79651,2026-08-31 14:30:00,v4.1.0-produccion,buena:completo/semana_anterior
B5_BACH,2026-09-01 04:10:00,voltaje_promedio,126.809845,2026-08-31 14:30:00,v4.1.0-produccion,buena:completo/semana_anterior
B5_BACH,2026-09-01 04:20:00,voltaje_promedio,126.675804,2026-08-31 14:30:00,v4.1.0-produccion,buena:completo/semana_anterior
B5_BACH,2026-09-01 04:30:00,voltaje_promedio,126.54897,2026-08-31 14:30:00,v4.1.0-produccion,buena:completo/semana_anterior
B5_BACH,2026-09-01 04:40:00,voltaje_promedio,126.42297,2026-08-31 14:30:00,v4.1.0-produccion,buena:completo/semana_anterior
B5_BACH,2026-09-01 04:50:00,voltaje_promedio,126.324356,2026-08-31 14:30:00,v4.1.0-produccion,buena:completo/semana_anterior
B5_BACH,2026-09-01 05:00:00,voltaje_promedio,126.359245,2026-08-31 14:30:00,v4.1.0-produccion,buena:completo/semana_anterior
B5_BACH,2026-09-01 05:10:00,voltaje_promedio,126.27811,2026-08-31 14:30:00,v4.1.0-produccion,buena:completo/semana_anterior
B5_BACH,2026-09-01 05:20:00,voltaje_promedio,126.097595,2026-08-31 14:30:00,v4.1.0-produccion,buena:completo/semana_anterior
B5_BACH,2026-09-01 05:30:00,voltaje_promedio,125.958755,2026-08-31 14:30:00,v4.1.0-produccion,buena:completo/semana_anterior
B5_BACH,2026-09-01 05:40:00,voltaje_promedio,125.87021,2026-08-31 14:30:00,v4.1.0-produccion,buena:completo/semana_anterior
B5_BACH,2026-09-01 05:50:00,voltaje_promedio,125.67108,2026-08-31 14:30:00,v4.1.0-produccion,buena:completo/semana_anterior
B5_BACH,2026-09-01 06:00:00,voltaje_promedio,125.5969,2026-08-31 14:30:00,v4.1.0-produccion,buena:completo/semana_anterior
B5_BACH,2026-09-01 06:10:00,voltaje_promedio,125.41618,2026-08-31 14:30:00,v4.1.0-produccion,buena:completo/semana_anterior
B5_BACH,2026-09-01 06:20:00,voltaje_promedio,125.31536,2026-08-31 14:30:00,v4.1.0-produccion,buena:completo/semana_anterior
B5_BACH,2026-09-01 06:30:00,voltaje_promedio,125.352486,2026-08-31 14:30:00,v4.1.0-produccion,buena:completo/semana_anterior
B5_BACH,2026-09-01 06:40:00,voltaje_promedio,125.30275,2026-08-31 14:30:00,v4.1.0-produccion,buena:completo/semana_anterior
B5_BACH,2026-09-01 06:50:00,voltaje_promedio,125.2365,2026-08-31 14:30:00,v4.1.0-produccion,buena:completo/semana_anterior
B5_BACH,2026-09-01 07:00:00,voltaje_promedio,125.172806,2026-08-31 14:30:00,v4.1.0-produccion,buena:completo/semana_anterior
B5_BACH,2026-09-01 07:10:00,voltaje_promedio,125.11297,2026-08-31 14:30:00,v4.1.0-produccion,buena:completo/semana_anterior
B5_BACH,2026-09-01 07:20:00,voltaje_promedio,125.0463,2026-08-31 14:30:00,v4.1.0-produccion,buena:completo/semana_anterior
B5_BACH,2026-09-01 07:30:00,voltaje_promedio,125.08649,2026-08-31 14:30:00,v4.1.0-produccion,buena:completo/semana_anterior
B5_BACH,2026-09-01 07:40:00,voltaje_promedio,125.097916,2026-08-31 14:30:00,v4.1.0-produccion,buena:completo/semana_anterior
B5_BACH,2026-09-01 07:50:00,voltaje_promedio,125.0065,2026-08-31 14:30:00,v4.1.0-produccion,buena:completo/semana_anterior
B5_BACH,2026-09-01 08:00:00,voltaje_promedio,124.989456,2026-08-31 14:30:00,v4.1.0-produccion,buena:completo/semana_anterior
B5_BACH,2026-09-01 08:10:00,voltaje_promedio,124.972145,2026-08-31 14:30:00,v4.1.0-produccion,buena:completo/semana_anterior
B5_BACH,2026-09-01 08:20:00,voltaje_promedio,124.929474,2026-08-31 14:30:00,v4.1.0-produccion,buena:completo/semana_anterior
B5_BACH,2026-09-01 08:30:00,voltaje_promedio,124.95166,2026-08-31 14:30:00,v4.1.0-produccion,buena:completo/semana_anterior
B5_BACH,2026-09-01 08:40:00,voltaje_promedio,124.90999,2026-08-31 14:30:00,v4.1.0-produccion,buena:completo/semana_anterior
B5_BACH,2026-09-01 08:50:00,voltaje_promedio,124.91706,2026-08-31 14:30:00,v4.1.0-produccion,buena:completo/semana_anterior
B5_BACH,2026-09-01 09:00:00,voltaje_promedio,124.88104,2026-08-31 14:30:00,v4.1.0-produccion,buena:completo/semana_anterior
B5_BACH,2026-09-01 09:10:00,voltaje_promedio,124.8673,2026-08-31 14:30:00,v4.1.0-produccion,buena:completo/semana_anterior
B5_BACH,2026-09-01 09:20:00,voltaje_promedio,124.91829,2026-08-31 14:30:00,v4.1.0-produccion,buena:completo/semana_anterior
B5_BACH,2026-09-01 09:30:00,voltaje_promedio,124.90807,2026-08-31 14:30:00,v4.1.0-produccion,buena:completo/semana_anterior
B5_BACH,2026-09-01 09:40:00,voltaje_promedio,124.930016,2026-08-31 14:30:00,v4.1.0-produccion,buena:completo/semana_anterior
B5_BACH,2026-09-01 09:50:00,voltaje_promedio,124.97357,2026-08-31 14:30:00,v4.1.0-produccion,buena:completo/semana_anterior
B5_BACH,2026-09-01 10:00:00,voltaje_promedio,124.96869,2026-08-31 14:30:00,v4.1.0-produccion,buena:completo/semana_anterior
B5_BACH,2026-09-01 10:10:00,voltaje_promedio,124.9653,2026-08-31 14:30:00,v4.1.0-produccion,buena:completo/semana_anterior
B5_BACH,2026-09-01 10:20:00,voltaje_promedio,124.97958,2026-08-31 14:30:00,v4.1.0-produccion,buena:completo/semana_anterior
B5_BACH,2026-09-01 10:30:00,voltaje_promedio,124.973335,2026-08-31 14:30:00,v4.1.0-produccion,buena:completo/semana_anterior
B5_BACH,2026-09-01 10:40:00,voltaje_promedio,124.99225,2026-08-31 14:30:00,v4.1.0-produccion,buena:completo/semana_anterior
B5_BACH,2026-09-01 10:50:00,voltaje_promedio,124.97264,2026-08-31 14:30:00,v4.1.0-produccion,buena:completo/semana_anterior
B5_BACH,2026-09-01 11:00:00,voltaje_promedio,124.96732,2026-08-31 14:30:00,v4.1.0-produccion,buena:completo/semana_anterior
B5_BACH,2026-09-01 11:10:00,voltaje_promedio,125.0767,2026-08-31 14:30:00,v4.1.0-produccion,buena:completo/semana_anterior
B5_BACH,2026-09-01 11:20:00,voltaje_promedio,125.07388,2026-08-31 14:30:00,v4.1.0-produccion,buena:completo/semana_anterior
B5_BACH,2026-09-01 11:30:00,voltaje_promedio,125.02775,2026-08-31 14:30:00,v4.1.0-produccion,buena:completo/semana_anterior
B5_BACH,2026-09-01 11:40:00,voltaje_promedio,125.045135,2026-08-31 14:30:00,v4.1.0-produccion,buena:completo/semana_anterior
B5_BACH,2026-09-01 11:50:00,voltaje_promedio,125.05369,2026-08-31 14:30:00,v4.1.0-produccion,buena:completo/semana_anterior
B5_BACH,2026-09-01 12:00:00,voltaje_promedio,125.11332,2026-08-31 14:30:00,v4.1.0-produccion,buena:completo/semana_anterior
B5_BACH,2026-09-01 12:10:00,voltaje_promedio,125.21315,2026-08-31 14:30:00,v4.1.0-produccion,buena:completo/semana_anterior
B5_BACH,2026-09-01 12:20:00,voltaje_promedio,125.15346,2026-08-31 14:30:00,v4.1.0-produccion,buena:completo/semana_anterior
B5_BACH,2026-09-01 12:30:00,voltaje_promedio,125.217766,2026-08-31 14:30:00,v4.1.0-produccion,buena:completo/semana_anterior
B5_BACH,2026-09-01 12:40:00,voltaje_promedio,125.25499,2026-08-31 14:30:00,v4.1.0-produccion,buena:completo/semana_anterior
B5_BACH,2026-09-01 12:50:00,voltaje_promedio,125.289246,2026-08-31 14:30:00,v4.1.0-produccion,buena:completo/semana_anterior
B5_BACH,2026-09-01 13:00:00,voltaje_promedio,125.2211,2026-08-31 14:30:00,v4.1.0-produccion,buena:completo/semana_anterior
B5_BACH,2026-09-01 13:10:00,voltaje_promedio,125.24068,2026-08-31 14:30:00,v4.1.0-produccion,buena:completo/semana_anterior
B5_BACH,2026-09-01 13:20:00,voltaje_promedio,125.301834,2026-08-31 14:30:00,v4.1.0-produccion,buena:completo/semana_anterior
B5_BACH,2026-09-01 13:30:00,voltaje_promedio,125.27324,2026-08-31 14:30:00,v4.1.0-produccion,buena:completo/semana_anterior
B5_BACH,2026-09-01 13:40:00,voltaje_promedio,125.32018,2026-08-31 14:30:00,v4.1.0-produccion,buena:completo/semana_anterior
B5_BACH,2026-09-01 13:50:00,voltaje_promedio,125.34207,2026-08-31 14:30:00,v4.1.0-produccion,buena:completo/semana_anterior
B5_BACH,2026-09-01 14:00:00,voltaje_promedio,125.289665,2026-08-31 14:30:00,v4.1.0-produccion,buena:completo/semana_anterior
B5_BACH,2026-09-01 14:10:00,voltaje_promedio,125.451256,2026-08-31 14:30:00,v4.1.0-produccion,buena:completo/semana_anterior
B5_BACH,2026-09-01 14:20:00,voltaje_promedio,125.48955,2026-08-31 14:30:00,v4.1.0-produccion,buena:completo/semana_anterior
B5_BACH,2026-09-01 14:30:00,voltaje_promedio,125.50931,2026-08-31 14:30:00,v4.1.0-produccion,buena:completo/semana_anterior
B7_CTIC,2026-08-31 14:40:00,activepower,39347.496,2026-08-31 14:30:00,v4.1.0-produccion,buena:completo/semana_anterior
B7_CTIC,2026-08-31 14:50:00,activepower,38999.125,2026-08-31 14:30:00,v4.1.0-produccion,buena:completo/semana_anterior
B7_CTIC,2026-08-31 15:00:00,activepower,39393.08,2026-08-31 14:30:00,v4.1.0-produccion,buena:completo/semana_anterior
B7_CTIC,2026-08-31 15:10:00,activepower,39780.324,2026-08-31 14:30:00,v4.1.0-produccion,buena:completo/semana_anterior
B7_CTIC,2026-08-31 15:20:00,activepower,39646.816,2026-08-31 14:30:00,v4.1.0-produccion,buena:completo/semana_anterior
B7_CTIC,2026-08-31 15:30:00,activepower,39856.867,2026-08-31 14:30:00,v4.1.0-produccion,buena:completo/semana_anterior
B7_CTIC,2026-08-31 15:40:00,activepower,39192.73,2026-08-31 14:30:00,v4.1.0-produccion,buena:completo/semana_anterior
B7_CTIC,2026-08-31 15:50:00,activepower,39015.64,2026-08-31 14:30:00,v4.1.0-produccion,buena:completo/semana_anterior
B7_CTIC,2026-08-31 16:00:00,activepower,39798.613,2026-08-31 14:30:00,v4.1.0-produccion,buena:completo/semana_anterior
B7_CTIC,2026-08-31 16:10:00,activepower,39413.457,2026-08-31 14:30:00,v4.1.0-produccion,buena:completo/semana_anterior
B7_CTIC,2026-08-31 16:20:00,activepower,39708.06,2026-08-31 14:30:00,v4.1.0-produccion,buena:completo/semana_anterior
B7_CTIC,2026-08-31 16:30:00,activepower,39109.25,2026-08-31 14:30:00,v4.1.0-produccion,buena:completo/semana_anterior
B7_CTIC,2026-08-31 16:40:00,activepower,38964.887,2026-08-31 14:30:00,v4.1.0-produccion,buena:completo/semana_anterior
B7_CTIC,2026-08-31 16:50:00,activepower,38870.07,2026-08-31 14:30:00,v4.1.0-produccion,buena:completo/semana_anterior
B7_CTIC,2026-08-31 17:00:00,activepower,38918.94,2026-08-31 14:30:00,v4.1.0-produccion,buena:completo/semana_anterior
B7_CTIC,2026-08-31 17:10:00,activepower,38641.816,2026-08-31 14:30:00,v4.1.0-produccion,buena:completo/semana_anterior
B7_CTIC,2026-08-31 17:20:00,activepower,38433.484,2026-08-31 14:30:00,v4.1.0-produccion,buena:completo/semana_anterior
B7_CTIC,2026-08-31 17:30:00,activepower,37938.734,2026-08-31 14:30:00,v4.1.0-produccion,buena:completo/semana_anterior
B7_CTIC,2026-08-31 17:40:00,activepower,38105.19,2026-08-31 14:30:00,v4.1.0-produccion,buena:completo/semana_anterior
B7_CTIC,2026-08-31 17:50:00,activepower,37707.543,2026-08-31 14:30:00,v4.1.0-produccion,buena:completo/semana_anterior
B7_CTIC,2026-08-31 18:00:00,activepower,37374.98,2026-08-31 14:30:00,v4.1.0-produccion,buena:completo/semana_anterior
B7_CTIC,2026-08-31 18:10:00,activepower,37192.645,2026-08-31 14:30:00,v4.1.0-produccion,buena:completo/semana_anterior
B7_CTIC,2026-08-31 18:20:00,activepower,36712.43,2026-08-31 14:30:00,v4.1.0-produccion,buena:completo/semana_anterior
B7_CTIC,2026-08-31 18:30:00,activepower,36759.09,2026-08-31 14:30:00,v4.1.0-produccion,buena:completo/semana_anterior
B7_CTIC,2026-08-31 18:40:00,activepower,36431.535,2026-08-31 14:30:00,v4.1.0-produccion,buena:completo/semana_anterior
B7_CTIC,2026-08-31 18:50:00,activepower,35629.37,2026-08-31 14:30:00,v4.1.0-produccion,buena:completo/semana_anterior
B7_CTIC,2026-08-31 19:00:00,activepower,35432.594,2026-08-31 14:30:00,v4.1.0-produccion,buena:completo/semana_anterior
B7_CTIC,2026-08-31 19:10:00,activepower,35784.977,2026-08-31 14:30:00,v4.1.0-produccion,buena:completo/semana_anterior
B7_CTIC,2026-08-31 19:20:00,activepower,34994.582,2026-08-31 14:30:00,v4.1.0-produccion,buena:completo/semana_anterior
B7_CTIC,2026-08-31 19:30:00,activepower,34854.71,2026-08-31 14:30:00,v4.1.0-produccion,buena:completo/semana_anterior
B7_CTIC,2026-08-31 19:40:00,activepower,34459.52,2026-08-31 14:30:00,v4.1.0-produccion,buena:completo/semana_anterior
B7_CTIC,2026-08-31 19:50:00,activepower,34465.293,2026-08-31 14:30:00,v4.1.0-produccion,buena:completo/semana_anterior
B7_CTIC,2026-08-31 20:00:00,activepower,34308.758,2026-08-31 14:30:00,v4.1.0-produccion,buena:completo/semana_anterior
B7_CTIC,2026-08-31 20:10:00,activepower,33829.32,2026-08-31 14:30:00,v4.1.0-produccion,buena:completo/semana_anterior
B7_CTIC,2026-08-31 20:20:00,activepower,33763.07,2026-08-31 14:30:00,v4.1.0-produccion,buena:completo/semana_anterior
B7_CTIC,2026-08-31 20:30:00,activepower,33084.24,2026-08-31 14:30:00,v4.1.0-produccion,buena:completo/semana_anterior
B7_CTIC,2026-08-31 20:40:00,activepower,33412.81,2026-08-31 14:30:00,v4.1.0-produccion,buena:completo/semana_anterior
B7_CTIC,2026-08-31 20:50:00,activepower,32680.064,2026-08-31 14:30:00,v4.1.0-produccion,buena:completo/semana_anterior
B7_CTIC,2026-08-31 21:00:00,activepower,32208.271,2026-08-31 14:30:00,v4.1.0-produccion,buena:completo/semana_anterior
B7_CTIC,2026-08-31 21:10:00,activepower,32495.37,2026-08-31 14:30:00,v4.1.0-produccion,buena:completo/semana_anterior
B7_CTIC,2026-08-31 21:20:00,activepower,32254.715,2026-08-31 14:30:00,v4.1.0-produccion,buena:completo/semana_anterior
B7_CTIC,2026-08-31 21:30:00,activepower,32355.14,2026-08-31 14:30:00,v4.1.0-produccion,buena:completo/semana_anterior
B7_CTIC,2026-08-31 21:40:00,activepower,32167.246,2026-08-31 14:30:00,v4.1.0-produccion,buena:completo/semana_anterior
B7_CTIC,2026-08-31 21:50:00,activepower,32082.502,2026-08-31 14:30:00,v4.1.0-produccion,buena:completo/semana_anterior
B7_CTIC,2026-08-31 22:00:00,activepower,31790.086,2026-08-31 14:30:00,v4.1.0-produccion,buena:completo/semana_anterior
B7_CTIC,2026-08-31 22:10:00,activepower,31720.244,2026-08-31 14:30:00,v4.1.0-produccion,buena:completo/semana_anterior
B7_CTIC,2026-08-31 22:20:00,activepower,31284.887,2026-08-31 14:30:00,v4.1.0-produccion,buena:completo/semana_anterior
B7_CTIC,2026-08-31 22:30:00,activepower,32065.172,2026-08-31 14:30:00,v4.1.0-produccion,buena:completo/semana_anterior
B7_CTIC,2026-08-31 22:40:00,activepower,31813.254,2026-08-31 14:30:00,v4.1.0-produccion,buena:completo/semana_anterior
B7_CTIC,2026-08-31 22:50:00,activepower,31948.988,2026-08-31 14:30:00,v4.1.0-produccion,buena:completo/semana_anterior
B7_CTIC,2026-08-31 23:00:00,activepower,31700.805,2026-08-31 14:30:00,v4.1.0-produccion,buena:completo/semana_anterior
B7_CTIC,2026-08-31 23:10:00,activepower,31796.805,2026-08-31 14:30:00,v4.1.0-produccion,buena:completo/semana_anterior
B7_CTIC,2026-08-31 23:20:00,activepower,31066.174,2026-08-31 14:30:00,v4.1.0-produccion,buena:completo/semana_anterior
B7_CTIC,2026-08-31 23:30:00,activepower,31019.275,2026-08-31 14:30:00,v4.1.0-produccion,buena:completo/semana_anterior
B7_CTIC,2026-08-31 23:40:00,activepower,31044.875,2026-08-31 14:30:00,v4.1.0-produccion,buena:completo/semana_anterior
B7_CTIC,2026-08-31 23:50:00,activepower,31144.176,2026-08-31 14:30:00,v4.1.0-produccion,buena:completo/semana_anterior
B7_CTIC,2026-09-01 00:00:00,activepower,30934.83,2026-08-31 14:30:00,v4.1.0-produccion,buena:completo/semana_anterior
B7_CTIC,2026-09-01 00:10:00,activepower,31292.63,2026-08-31 14:30:00,v4.1.0-produccion,buena:completo/semana_anterior
B7_CTIC,2026-09-01 00:20:00,activepower,30724.78,2026-08-31 14:30:00,v4.1.0-produccion,buena:completo/semana_anterior
B7_CTIC,2026-09-01 00:30:00,activepower,30945.088,2026-08-31 14:30:00,v4.1.0-produccion,buena:completo/semana_anterior
B7_CTIC,2026-09-01 00:40:00,activepower,30951.541,2026-08-31 14:30:00,v4.1.0-produccion,buena:completo/semana_anterior
B7_CTIC,2026-09-01 00:50:00,activepower,30891.611,2026-08-31 14:30:00,v4.1.0-produccion,buena:completo/semana_anterior
B7_CTIC,2026-09-01 01:00:00,activepower,30882.26,2026-08-31 14:30:00,v4.1.0-produccion,buena:completo/semana_anterior
B7_CTIC,2026-09-01 01:10:00,activepower,30251.979,2026-08-31 14:30:00,v4.1.0-produccion,buena:completo/semana_anterior
B7_CTIC,2026-09-01 01:20:00,activepower,30333.69,2026-08-31 14:30:00,v4.1.0-produccion,buena:completo/semana_anterior
B7_CTIC,2026-09-01 01:30:00,activepower,30453.277,2026-08-31 14:30:00,v4.1.0-produccion,buena:completo/semana_anterior
B7_CTIC,2026-09-01 01:40:00,activepower,31069.4,2026-08-31 14:30:00,v4.1.0-produccion,buena:completo/semana_anterior
B7_CTIC,2026-09-01 01:50:00,activepower,30948.445,2026-08-31 14:30:00,v4.1.0-produccion,buena:completo/semana_anterior
B7_CTIC,2026-09-01 02:00:00,activepower,30420.06,2026-08-31 14:30:00,v4.1.0-produccion,buena:completo/semana_anterior
B7_CTIC,2026-09-01 02:10:00,activepower,30743.22,2026-08-31 14:30:00,v4.1.0-produccion,buena:completo/semana_anterior
B7_CTIC,2026-09-01 02:20:00,activepower,30771.207,2026-08-31 14:30:00,v4.1.0-produccion,buena:completo/semana_anterior
B7_CTIC,2026-09-01 02:30:00,activepower,30707.635,2026-08-31 14:30:00,v4.1.0-produccion,buena:completo/semana_anterior
B7_CTIC,2026-09-01 02:40:00,activepower,30907.969,2026-08-31 14:30:00,v4.1.0-produccion,buena:completo/semana_anterior
B7_CTIC,2026-09-01 02:50:00,activepower,31238.027,2026-08-31 14:30:00,v4.1.0-produccion,buena:completo/semana_anterior
B7_CTIC,2026-09-01 03:00:00,activepower,30992.592,2026-08-31 14:30:00,v4.1.0-produccion,buena:completo/semana_anterior
B7_CTIC,2026-09-01 03:10:00,activepower,30462.451,2026-08-31 14:30:00,v4.1.0-produccion,buena:completo/semana_anterior
B7_CTIC,2026-09-01 03:20:00,activepower,30859.95,2026-08-31 14:30:00,v4.1.0-produccion,buena:completo/semana_anterior
B7_CTIC,2026-09-01 03:30:00,activepower,30949.086,2026-08-31 14:30:00,v4.1.0-produccion,buena:completo/semana_anterior
B7_CTIC,2026-09-01 03:40:00,activepower,31315.639,2026-08-31 14:30:00,v4.1.0-produccion,buena:completo/semana_anterior
B7_CTIC,2026-09-01 03:50:00,activepower,31724.236,2026-08-31 14:30:00,v4.1.0-produccion,buena:completo/semana_anterior
B7_CTIC,2026-09-01 04:00:00,activepower,31485.66,2026-08-31 14:30:00,v4.1.0-produccion,buena:completo/semana_anterior
B7_CTIC,2026-09-01 04:10:00,activepower,31677.117,2026-08-31 14:30:00,v4.1.0-produccion,buena:completo/semana_anterior
B7_CTIC,2026-09-01 04:20:00,activepower,32221.578,2026-08-31 14:30:00,v4.1.0-produccion,buena:completo/semana_anterior
B7_CTIC,2026-09-01 04:30:00,activepower,32091.402,2026-08-31 14:30:00,v4.1.0-produccion,buena:completo/semana_anterior
B7_CTIC,2026-09-01 04:40:00,activepower,33525.05,2026-08-31 14:30:00,v4.1.0-produccion,buena:completo/semana_anterior
B7_CTIC,2026-09-01 04:50:00,activepower,33296.137,2026-08-31 14:30:00,v4.1.0-produccion,buena:completo/semana_anterior
B7_CTIC,2026-09-01 05:00:00,activepower,33040.336,2026-08-31 14:30:00,v4.1.0-produccion,buena:completo/semana_anterior
B7_CTIC,2026-09-01 05:10:00,activepower,33441.75,2026-08-31 14:30:00,v4.1.0-produccion,buena:completo/semana_anterior
B7_CTIC,2026-09-01 05:20:00,activepower,34364.902,2026-08-31 14:30:00,v4.1.0-produccion,buena:completo/semana_anterior
B7_CTIC,2026-09-01 05:30:00,activepower,34286.934,2026-08-31 14:30:00,v4.1.0-produccion,buena:completo/semana_anterior
B7_CTIC,2026-09-01 05:40:00,activepower,35342.86,2026-08-31 14:30:00,v4.1.0-produccion,buena:completo/semana_anterior
B7_CTIC,2026-09-01 05:50:00,activepower,35165.92,2026-08-31 14:30:00,v4.1.0-produccion,buena:completo/semana_anterior
B7_CTIC,2026-09-01 06:00:00,activepower,35155.88,2026-08-31 14:30:00,v4.1.0-produccion,buena:completo/semana_anterior
B7_CTIC,2026-09-01 06:10:00,activepower,35664.23,2026-08-31 14:30:00,v4.1.0-produccion,buena:completo/semana_anterior
B7_CTIC,2026-09-01 06:20:00,activepower,35913.68,2026-08-31 14:30:00,v4.1.0-produccion,buena:completo/semana_anterior
B7_CTIC,2026-09-01 06:30:00,activepower,36269.098,2026-08-31 14:30:00,v4.1.0-produccion,buena:completo/semana_anterior
B7_CTIC,2026-09-01 06:40:00,activepower,37232.637,2026-08-31 14:30:00,v4.1.0-produccion,buena:completo/semana_anterior
B7_CTIC,2026-09-01 06:50:00,activepower,37256.965,2026-08-31 14:30:00,v4.1.0-produccion,buena:completo/semana_anterior
B7_CTIC,2026-09-01 07:00:00,activepower,37400.06,2026-08-31 14:30:00,v4.1.0-produccion,buena:completo/semana_anterior
B7_CTIC,2026-09-01 07:10:00,activepower,37676.625,2026-08-31 14:30:00,v4.1.0-produccion,buena:completo/semana_anterior
B7_CTIC,2026-09-01 07:20:00,activepower,38267.04,2026-08-31 14:30:00,v4.1.0-produccion,buena:completo/semana_anterior
B7_CTIC,2026-09-01 07:30:00,activepower,38404.258,2026-08-31 14:30:00,v4.1.0-produccion,buena:completo/semana_anterior
B7_CTIC,2026-09-01 07:40:00,activepower,39248.11,2026-08-31 14:30:00,v4.1.0-produccion,buena:completo/semana_anterior
B7_CTIC,2026-09-01 07:50:00,activepower,39261.074,2026-08-31 14:30:00,v4.1.0-produccion,buena:completo/semana_anterior
B7_CTIC,2026-09-01 08:00:00,activepower,39074.207,2026-08-31 14:30:00,v4.1.0-produccion,buena:completo/semana_anterior
B7_CTIC,2026-09-01 08:10:00,activepower,39709.965,2026-08-31 14:30:00,v4.1.0-produccion,buena:completo/semana_anterior
B7_CTIC,2026-09-01 08:20:00,activepower,39682.184,2026-08-31 14:30:00,v4.1.0-produccion,buena:completo/semana_anterior
B7_CTIC,2026-09-01 08:30:00,activepower,39948.824,2026-08-31 14:30:00,v4.1.0-produccion,buena:completo/semana_anterior
B7_CTIC,2026-09-01 08:40:00,activepower,40280.08,2026-08-31 14:30:00,v4.1.0-produccion,buena:completo/semana_anterior
B7_CTIC,2026-09-01 08:50:00,activepower,40221.082,2026-08-31 14:30:00,v4.1.0-produccion,buena:completo/semana_anterior
B7_CTIC,2026-09-01 09:00:00,activepower,40330.19,2026-08-31 14:30:00,v4.1.0-produccion,buena:completo/semana_anterior
B7_CTIC,2026-09-01 09:10:00,activepower,40332.52,2026-08-31 14:30:00,v4.1.0-produccion,buena:completo/semana_anterior
B7_CTIC,2026-09-01 09:20:00,activepower,40843.637,2026-08-31 14:30:00,v4.1.0-produccion,buena:completo/semana_anterior
B7_CTIC,2026-09-01 09:30:00,activepower,41434.965,2026-08-31 14:30:00,v4.1.0-produccion,buena:completo/semana_anterior
B7_CTIC,2026-09-01 09:40:00,activepower,41939.113,2026-08-31 14:30:00,v4.1.0-produccion,buena:completo/semana_anterior
B7_CTIC,2026-09-01 09:50:00,activepower,41826.133,2026-08-31 14:30:00,v4.1.0-produccion,buena:completo/semana_anterior
B7_CTIC,2026-09-01 10:00:00,activepower,41990.645,2026-08-31 14:30:00,v4.1.0-produccion,buena:completo/semana_anterior
B7_CTIC,2026-09-01 10:10:00,activepower,42322.17,2026-08-31 14:30:00,v4.1.0-produccion,buena:completo/semana_anterior
B7_CTIC,2026-09-01 10:20:00,activepower,42628.72,2026-08-31 14:30:00,v4.1.0-produccion,buena:completo/semana_anterior
B7_CTIC,2026-09-01 10:30:00,activepower,42465.89,2026-08-31 14:30:00,v4.1.0-produccion,buena:completo/semana_anterior
B7_CTIC,2026-09-01 10:40:00,activepower,43283.21,2026-08-31 14:30:00,v4.1.0-produccion,buena:completo/semana_anterior
B7_CTIC,2026-09-01 10:50:00,activepower,42604.277,2026-08-31 14:30:00,v4.1.0-produccion,buena:completo/semana_anterior
B7_CTIC,2026-09-01 11:00:00,activepower,43415.953,2026-08-31 14:30:00,v4.1.0-produccion,buena:completo/semana_anterior
B7_CTIC,2026-09-01 11:10:00,activepower,43517.086,2026-08-31 14:30:00,v4.1.0-produccion,buena:completo/semana_anterior
B7_CTIC,2026-09-01 11:20:00,activepower,43641.37,2026-08-31 14:30:00,v4.1.0-produccion,buena:completo/semana_anterior
B7_CTIC,2026-09-01 11:30:00,activepower,43885.316,2026-08-31 14:30:00,v4.1.0-produccion,buena:completo/semana_anterior
B7_CTIC,2026-09-01 11:40:00,activepower,43841.54,2026-08-31 14:30:00,v4.1.0-produccion,buena:completo/semana_anterior
B7_CTIC,2026-09-01 11:50:00,activepower,44612.195,2026-08-31 14:30:00,v4.1.0-produccion,buena:completo/semana_anterior
B7_CTIC,2026-09-01 12:00:00,activepower,45105.652,2026-08-31 14:30:00,v4.1.0-produccion,buena:completo/semana_anterior
B7_CTIC,2026-09-01 12:10:00,activepower,45078.27,2026-08-31 14:30:00,v4.1.0-produccion,buena:completo/semana_anterior
B7_CTIC,2026-09-01 12:20:00,activepower,45169.996,2026-08-31 14:30:00,v4.1.0-produccion,buena:completo/semana_anterior
B7_CTIC,2026-09-01 12:30:00,activepower,44971.18,2026-08-31 14:30:00,v4.1.0-produccion,buena:completo/semana_anterior
B7_CTIC,2026-09-01 12:40:00,activepower,45426.82,2026-08-31 14:30:00,v4.1.0-produccion,buena:completo/semana_anterior
B7_CTIC,2026-09-01 12:50:00,activepower,45458.418,2026-08-31 14:30:00,v4.1.0-produccion,buena:completo/semana_anterior
B7_CTIC,2026-09-01 13:00:00,activepower,45830.055,2026-08-31 14:30:00,v4.1.0-produccion,buena:completo/semana_anterior
B7_CTIC,2026-09-01 13:10:00,activepower,45722.76,2026-08-31 14:30:00,v4.1.0-produccion,buena:completo/semana_anterior
B7_CTIC,2026-09-01 13:20:00,activepower,45426.805,2026-08-31 14:30:00,v4.1.0-produccion,buena:completo/semana_anterior
B7_CTIC,2026-09-01 13:30:00,activepower,45058.934,2026-08-31 14:30:00,v4.1.0-produccion,buena:completo/semana_anterior
B7_CTIC,2026-09-01 13:40:00,activepower,45328.637,2026-08-31 14:30:00,v4.1.0-produccion,buena:completo/semana_anterior
B7_CTIC,2026-09-01 13:50:00,activepower,45083.773,2026-08-31 14:30:00,v4.1.0-produccion,buena:completo/semana_anterior
B7_CTIC,2026-09-01 14:00:00,activepower,45168.383,2026-08-31 14:30:00,v4.1.0-produccion,buena:completo/semana_anterior
B7_CTIC,2026-09-01 14:10:00,activepower,45275.332,2026-08-31 14:30:00,v4.1.0-produccion,buena:completo/semana_anterior
B7_CTIC,2026-09-01 14:20:00,activepower,44803.64,2026-08-31 14:30:00,v4.1.0-produccion,buena:completo/semana_anterior
B7_CTIC,2026-09-01 14:30:00,activepower,45443.992,2026-08-31 14:30:00,v4.1.0-produccion,buena:completo/semana_anterior
B7_CTIC,2026-08-31 14:40:00,totalpowerfactor,0.9734612,2026-08-31 14:30:00,v4.1.0-produccion,buena:completo/semana_anterior
B7_CTIC,2026-08-31 14:50:00,totalpowerfactor,0.9737584,2026-08-31 14:30:00,v4.1.0-produccion,buena:completo/semana_anterior
B7_CTIC,2026-08-31 15:00:00,totalpowerfactor,0.9735234,2026-08-31 14:30:00,v4.1.0-produccion,buena:completo/semana_anterior
B7_CTIC,2026-08-31 15:10:00,totalpowerfactor,0.97343624,2026-08-31 14:30:00,v4.1.0-produccion,buena:completo/semana_anterior
B7_CTIC,2026-08-31 15:20:00,totalpowerfactor,0.9734404,2026-08-31 14:30:00,v4.1.0-produccion,buena:completo/semana_anterior
B7_CTIC,2026-08-31 15:30:00,totalpowerfactor,0.97315985,2026-08-31 14:30:00,v4.1.0-produccion,buena:completo/semana_anterior
B7_CTIC,2026-08-31 15:40:00,totalpowerfactor,0.973251,2026-08-31 14:30:00,v4.1.0-produccion,buena:completo/semana_anterior
B7_CTIC,2026-08-31 15:50:00,totalpowerfactor,0.973579,2026-08-31 14:30:00,v4.1.0-produccion,buena:completo/semana_anterior
B7_CTIC,2026-08-31 16:00:00,totalpowerfactor,0.973776,2026-08-31 14:30:00,v4.1.0-produccion,buena:completo/semana_anterior
B7_CTIC,2026-08-31 16:10:00,totalpowerfactor,0.9736559,2026-08-31 14:30:00,v4.1.0-produccion,buena:completo/semana_anterior
B7_CTIC,2026-08-31 16:20:00,totalpowerfactor,0.9735325,2026-08-31 14:30:00,v4.1.0-produccion,buena:completo/semana_anterior
B7_CTIC,2026-08-31 16:30:00,totalpowerfactor,0.97392887,2026-08-31 14:30:00,v4.1.0-produccion,buena:completo/semana_anterior
B7_CTIC,2026-08-31 16:40:00,totalpowerfactor,0.97346115,2026-08-31 14:30:00,v4.1.0-produccion,buena:completo/semana_anterior
B7_CTIC,2026-08-31 16:50:00,totalpowerfactor,0.97437143,2026-08-31 14:30:00,v4.1.0-produccion,buena:completo/semana_anterior
B7_CTIC,2026-08-31 17:00:00,totalpowerfactor,0.97418773,2026-08-31 14:30:00,v4.1.0-produccion,buena:completo/semana_anterior
B7_CTIC,2026-08-31 17:10:00,totalpowerfactor,0.97430664,2026-08-31 14:30:00,v4.1.0-produccion,buena:completo/semana_anterior
B7_CTIC,2026-08-31 17:20:00,totalpowerfactor,0.97397524,2026-08-31 14:30:00,v4.1.0-produccion,buena:completo/semana_anterior
B7_CTIC,2026-08-31 17:30:00,totalpowerfactor,0.97402173,2026-08-31 14:30:00,v4.1.0-produccion,buena:completo/semana_anterior
B7_CTIC,2026-08-31 17:40:00,totalpowerfactor,0.9742639,2026-08-31 14:30:00,v4.1.0-produccion,buena:completo/semana_anterior
B7_CTIC,2026-08-31 17:50:00,totalpowerfactor,0.97475797,2026-08-31 14:30:00,v4.1.0-produccion,buena:completo/semana_anterior
B7_CTIC,2026-08-31 18:00:00,totalpowerfactor,0.9749077,2026-08-31 14:30:00,v4.1.0-produccion,buena:completo/semana_anterior
B7_CTIC,2026-08-31 18:10:00,totalpowerfactor,0.97483003,2026-08-31 14:30:00,v4.1.0-produccion,buena:completo/semana_anterior
B7_CTIC,2026-08-31 18:20:00,totalpowerfactor,0.975047,2026-08-31 14:30:00,v4.1.0-produccion,buena:completo/semana_anterior
B7_CTIC,2026-08-31 18:30:00,totalpowerfactor,0.9751622,2026-08-31 14:30:00,v4.1.0-produccion,buena:completo/semana_anterior
B7_CTIC,2026-08-31 18:40:00,totalpowerfactor,0.97521824,2026-08-31 14:30:00,v4.1.0-produccion,buena:completo/semana_anterior
B7_CTIC,2026-08-31 18:50:00,totalpowerfactor,0.975588,2026-08-31 14:30:00,v4.1.0-produccion,buena:completo/semana_anterior
B7_CTIC,2026-08-31 19:00:00,totalpowerfactor,0.976102,2026-08-31 14:30:00,v4.1.0-produccion,buena:completo/semana_anterior
B7_CTIC,2026-08-31 19:10:00,totalpowerfactor,0.9753723,2026-08-31 14:30:00,v4.1.0-produccion,buena:completo/semana_anterior
B7_CTIC,2026-08-31 19:20:00,totalpowerfactor,0.97618586,2026-08-31 14:30:00,v4.1.0-produccion,buena:completo/semana_anterior
B7_CTIC,2026-08-31 19:30:00,totalpowerfactor,0.97584325,2026-08-31 14:30:00,v4.1.0-produccion,buena:completo/semana_anterior
B7_CTIC,2026-08-31 19:40:00,totalpowerfactor,0.9761545,2026-08-31 14:30:00,v4.1.0-produccion,buena:completo/semana_anterior
B7_CTIC,2026-08-31 19:50:00,totalpowerfactor,0.9758888,2026-08-31 14:30:00,v4.1.0-produccion,buena:completo/semana_anterior
B7_CTIC,2026-08-31 20:00:00,totalpowerfactor,0.9766323,2026-08-31 14:30:00,v4.1.0-produccion,buena:completo/semana_anterior
B7_CTIC,2026-08-31 20:10:00,totalpowerfactor,0.9765796,2026-08-31 14:30:00,v4.1.0-produccion,buena:completo/semana_anterior
B7_CTIC,2026-08-31 20:20:00,totalpowerfactor,0.97709036,2026-08-31 14:30:00,v4.1.0-produccion,buena:completo/semana_anterior
B7_CTIC,2026-08-31 20:30:00,totalpowerfactor,0.97707856,2026-08-31 14:30:00,v4.1.0-produccion,buena:completo/semana_anterior
B7_CTIC,2026-08-31 20:40:00,totalpowerfactor,0.97702897,2026-08-31 14:30:00,v4.1.0-produccion,buena:completo/semana_anterior
B7_CTIC,2026-08-31 20:50:00,totalpowerfactor,0.9775841,2026-08-31 14:30:00,v4.1.0-produccion,buena:completo/semana_anterior
B7_CTIC,2026-08-31 21:00:00,totalpowerfactor,0.97787565,2026-08-31 14:30:00,v4.1.0-produccion,buena:completo/semana_anterior
B7_CTIC,2026-08-31 21:10:00,totalpowerfactor,0.97782564,2026-08-31 14:30:00,v4.1.0-produccion,buena:completo/semana_anterior
B7_CTIC,2026-08-31 21:20:00,totalpowerfactor,0.97820723,2026-08-31 14:30:00,v4.1.0-produccion,buena:completo/semana_anterior
B7_CTIC,2026-08-31 21:30:00,totalpowerfactor,0.97807187,2026-08-31 14:30:00,v4.1.0-produccion,buena:completo/semana_anterior
B7_CTIC,2026-08-31 21:40:00,totalpowerfactor,0.9782496,2026-08-31 14:30:00,v4.1.0-produccion,buena:completo/semana_anterior
B7_CTIC,2026-08-31 21:50:00,totalpowerfactor,0.9786472,2026-08-31 14:30:00,v4.1.0-produccion,buena:completo/semana_anterior
B7_CTIC,2026-08-31 22:00:00,totalpowerfactor,0.9788432,2026-08-31 14:30:00,v4.1.0-produccion,buena:completo/semana_anterior
B7_CTIC,2026-08-31 22:10:00,totalpowerfactor,0.97906727,2026-08-31 14:30:00,v4.1.0-produccion,buena:completo/semana_anterior
B7_CTIC,2026-08-31 22:20:00,totalpowerfactor,0.97949874,2026-08-31 14:30:00,v4.1.0-produccion,buena:completo/semana_anterior
B7_CTIC,2026-08-31 22:30:00,totalpowerfactor,0.9794061,2026-08-31 14:30:00,v4.1.0-produccion,buena:completo/semana_anterior
B7_CTIC,2026-08-31 22:40:00,totalpowerfactor,0.9791341,2026-08-31 14:30:00,v4.1.0-produccion,buena:completo/semana_anterior
B7_CTIC,2026-08-31 22:50:00,totalpowerfactor,0.9797364,2026-08-31 14:30:00,v4.1.0-produccion,buena:completo/semana_anterior
B7_CTIC,2026-08-31 23:00:00,totalpowerfactor,0.9799212,2026-08-31 14:30:00,v4.1.0-produccion,buena:completo/semana_anterior
B7_CTIC,2026-08-31 23:10:00,totalpowerfactor,0.97989,2026-08-31 14:30:00,v4.1.0-produccion,buena:completo/semana_anterior
B7_CTIC,2026-08-31 23:20:00,totalpowerfactor,0.98033273,2026-08-31 14:30:00,v4.1.0-produccion,buena:completo/semana_anterior
B7_CTIC,2026-08-31 23:30:00,totalpowerfactor,0.9806487,2026-08-31 14:30:00,v4.1.0-produccion,buena:completo/semana_anterior
B7_CTIC,2026-08-31 23:40:00,totalpowerfactor,0.9804096,2026-08-31 14:30:00,v4.1.0-produccion,buena:completo/semana_anterior
B7_CTIC,2026-08-31 23:50:00,totalpowerfactor,0.98043066,2026-08-31 14:30:00,v4.1.0-produccion,buena:completo/semana_anterior
B7_CTIC,2026-09-01 00:00:00,totalpowerfactor,0.9806956,2026-08-31 14:30:00,v4.1.0-produccion,buena:completo/semana_anterior
B7_CTIC,2026-09-01 00:10:00,totalpowerfactor,0.9808278,2026-08-31 14:30:00,v4.1.0-produccion,buena:completo/semana_anterior
B7_CTIC,2026-09-01 00:20:00,totalpowerfactor,0.9809412,2026-08-31 14:30:00,v4.1.0-produccion,buena:completo/semana_anterior
B7_CTIC,2026-09-01 00:30:00,totalpowerfactor,0.98124367,2026-08-31 14:30:00,v4.1.0-produccion,buena:completo/semana_anterior
B7_CTIC,2026-09-01 00:40:00,totalpowerfactor,0.9807634,2026-08-31 14:30:00,v4.1.0-produccion,buena:completo/semana_anterior
B7_CTIC,2026-09-01 00:50:00,totalpowerfactor,0.98111117,2026-08-31 14:30:00,v4.1.0-produccion,buena:completo/semana_anterior
B7_CTIC,2026-09-01 01:00:00,totalpowerfactor,0.98134786,2026-08-31 14:30:00,v4.1.0-produccion,buena:completo/semana_anterior
B7_CTIC,2026-09-01 01:10:00,totalpowerfactor,0.9811483,2026-08-31 14:30:00,v4.1.0-produccion,buena:completo/semana_anterior
B7_CTIC,2026-09-01 01:20:00,totalpowerfactor,0.9814994,2026-08-31 14:30:00,v4.1.0-produccion,buena:completo/semana_anterior
B7_CTIC,2026-09-01 01:30:00,totalpowerfactor,0.98189664,2026-08-31 14:30:00,v4.1.0-produccion,buena:completo/semana_anterior
B7_CTIC,2026-09-01 01:40:00,totalpowerfactor,0.9810082,2026-08-31 14:30:00,v4.1.0-produccion,buena:completo/semana_anterior
B7_CTIC,2026-09-01 01:50:00,totalpowerfactor,0.9819319,2026-08-31 14:30:00,v4.1.0-produccion,buena:completo/semana_anterior
B7_CTIC,2026-09-01 02:00:00,totalpowerfactor,0.9815257,2026-08-31 14:30:00,v4.1.0-produccion,buena:completo/semana_anterior
B7_CTIC,2026-09-01 02:10:00,totalpowerfactor,0.98133105,2026-08-31 14:30:00,v4.1.0-produccion,buena:completo/semana_anterior
B7_CTIC,2026-09-01 02:20:00,totalpowerfactor,0.9815821,2026-08-31 14:30:00,v4.1.0-produccion,buena:completo/semana_anterior
B7_CTIC,2026-09-01 02:30:00,totalpowerfactor,0.98223555,2026-08-31 14:30:00,v4.1.0-produccion,buena:completo/semana_anterior
B7_CTIC,2026-09-01 02:40:00,totalpowerfactor,0.9812691,2026-08-31 14:30:00,v4.1.0-produccion,buena:completo/semana_anterior
B7_CTIC,2026-09-01 02:50:00,totalpowerfactor,0.98165745,2026-08-31 14:30:00,v4.1.0-produccion,buena:completo/semana_anterior
B7_CTIC,2026-09-01 03:00:00,totalpowerfactor,0.9816024,2026-08-31 14:30:00,v4.1.0-produccion,buena:completo/semana_anterior
B7_CTIC,2026-09-01 03:10:00,totalpowerfactor,0.9814041,2026-08-31 14:30:00,v4.1.0-produccion,buena:completo/semana_anterior
B7_CTIC,2026-09-01 03:20:00,totalpowerfactor,0.9811558,2026-08-31 14:30:00,v4.1.0-produccion,buena:completo/semana_anterior
B7_CTIC,2026-09-01 03:30:00,totalpowerfactor,0.9819393,2026-08-31 14:30:00,v4.1.0-produccion,buena:completo/semana_anterior
B7_CTIC,2026-09-01 03:40:00,totalpowerfactor,0.9809412,2026-08-31 14:30:00,v4.1.0-produccion,buena:completo/semana_anterior
B7_CTIC,2026-09-01 03:50:00,totalpowerfactor,0.98172045,2026-08-31 14:30:00,v4.1.0-produccion,buena:completo/semana_anterior
B7_CTIC,2026-09-01 04:00:00,totalpowerfactor,0.98132235,2026-08-31 14:30:00,v4.1.0-produccion,buena:completo/semana_anterior
B7_CTIC,2026-09-01 04:10:00,totalpowerfactor,0.9809275,2026-08-31 14:30:00,v4.1.0-produccion,buena:completo/semana_anterior
B7_CTIC,2026-09-01 04:20:00,totalpowerfactor,0.981013,2026-08-31 14:30:00,v4.1.0-produccion,buena:completo/semana_anterior
B7_CTIC,2026-09-01 04:30:00,totalpowerfactor,0.9813744,2026-08-31 14:30:00,v4.1.0-produccion,buena:completo/semana_anterior
B7_CTIC,2026-09-01 04:40:00,totalpowerfactor,0.98075557,2026-08-31 14:30:00,v4.1.0-produccion,buena:completo/semana_anterior
B7_CTIC,2026-09-01 04:50:00,totalpowerfactor,0.98095196,2026-08-31 14:30:00,v4.1.0-produccion,buena:completo/semana_anterior
B7_CTIC,2026-09-01 05:00:00,totalpowerfactor,0.9809816,2026-08-31 14:30:00,v4.1.0-produccion,buena:completo/semana_anterior
B7_CTIC,2026-09-01 05:10:00,totalpowerfactor,0.9808147,2026-08-31 14:30:00,v4.1.0-produccion,buena:completo/semana_anterior
B7_CTIC,2026-09-01 05:20:00,totalpowerfactor,0.98057413,2026-08-31 14:30:00,v4.1.0-produccion,buena:completo/semana_anterior
B7_CTIC,2026-09-01 05:30:00,totalpowerfactor,0.9811258,2026-08-31 14:30:00,v4.1.0-produccion,buena:completo/semana_anterior
B7_CTIC,2026-09-01 05:40:00,totalpowerfactor,0.98002535,2026-08-31 14:30:00,v4.1.0-produccion,buena:completo/semana_anterior
B7_CTIC,2026-09-01 05:50:00,totalpowerfactor,0.9808006,2026-08-31 14:30:00,v4.1.0-produccion,buena:completo/semana_anterior
B7_CTIC,2026-09-01 06:00:00,totalpowerfactor,0.9804669,2026-08-31 14:30:00,v4.1.0-produccion,buena:completo/semana_anterior
B7_CTIC,2026-09-01 06:10:00,totalpowerfactor,0.97984874,2026-08-31 14:30:00,v4.1.0-produccion,buena:completo/semana_anterior
B7_CTIC,2026-09-01 06:20:00,totalpowerfactor,0.97988796,2026-08-31 14:30:00,v4.1.0-produccion,buena:completo/semana_anterior
B7_CTIC,2026-09-01 06:30:00,totalpowerfactor,0.98034704,2026-08-31 14:30:00,v4.1.0-produccion,buena:completo/semana_anterior
B7_CTIC,2026-09-01 06:40:00,totalpowerfactor,0.9794851,2026-08-31 14:30:00,v4.1.0-produccion,buena:completo/semana_anterior
B7_CTIC,2026-09-01 06:50:00,totalpowerfactor,0.9799912,2026-08-31 14:30:00,v4.1.0-produccion,buena:completo/semana_anterior
B7_CTIC,2026-09-01 07:00:00,totalpowerfactor,0.9795221,2026-08-31 14:30:00,v4.1.0-produccion,buena:completo/semana_anterior
B7_CTIC,2026-09-01 07:10:00,totalpowerfactor,0.9791804,2026-08-31 14:30:00,v4.1.0-produccion,buena:completo/semana_anterior
B7_CTIC,2026-09-01 07:20:00,totalpowerfactor,0.9788303,2026-08-31 14:30:00,v4.1.0-produccion,buena:completo/semana_anterior
B7_CTIC,2026-09-01 07:30:00,totalpowerfactor,0.97897154,2026-08-31 14:30:00,v4.1.0-produccion,buena:completo/semana_anterior
B7_CTIC,2026-09-01 07:40:00,totalpowerfactor,0.97849107,2026-08-31 14:30:00,v4.1.0-produccion,buena:completo/semana_anterior
B7_CTIC,2026-09-01 07:50:00,totalpowerfactor,0.97893864,2026-08-31 14:30:00,v4.1.0-produccion,buena:completo/semana_anterior
B7_CTIC,2026-09-01 08:00:00,totalpowerfactor,0.97870886,2026-08-31 14:30:00,v4.1.0-produccion,buena:completo/semana_anterior
B7_CTIC,2026-09-01 08:10:00,totalpowerfactor,0.97815454,2026-08-31 14:30:00,v4.1.0-produccion,buena:completo/semana_anterior
B7_CTIC,2026-09-01 08:20:00,totalpowerfactor,0.9778042,2026-08-31 14:30:00,v4.1.0-produccion,buena:completo/semana_anterior
B7_CTIC,2026-09-01 08:30:00,totalpowerfactor,0.9781854,2026-08-31 14:30:00,v4.1.0-produccion,buena:completo/semana_anterior
B7_CTIC,2026-09-01 08:40:00,totalpowerfactor,0.977644,2026-08-31 14:30:00,v4.1.0-produccion,buena:completo/semana_anterior
B7_CTIC,2026-09-01 08:50:00,totalpowerfactor,0.9778366,2026-08-31 14:30:00,v4.1.0-produccion,buena:completo/semana_anterior
B7_CTIC,2026-09-01 09:00:00,totalpowerfactor,0.9780128,2026-08-31 14:30:00,v4.1.0-produccion,buena:completo/semana_anterior
B7_CTIC,2026-09-01 09:10:00,totalpowerfactor,0.9773759,2026-08-31 14:30:00,v4.1.0-produccion,buena:completo/semana_anterior
B7_CTIC,2026-09-01 09:20:00,totalpowerfactor,0.977053,2026-08-31 14:30:00,v4.1.0-produccion,buena:completo/semana_anterior
B7_CTIC,2026-09-01 09:30:00,totalpowerfactor,0.9773816,2026-08-31 14:30:00,v4.1.0-produccion,buena:completo/semana_anterior
B7_CTIC,2026-09-01 09:40:00,totalpowerfactor,0.97691315,2026-08-31 14:30:00,v4.1.0-produccion,buena:completo/semana_anterior
B7_CTIC,2026-09-01 09:50:00,totalpowerfactor,0.97701794,2026-08-31 14:30:00,v4.1.0-produccion,buena:completo/semana_anterior
B7_CTIC,2026-09-01 10:00:00,totalpowerfactor,0.9772579,2026-08-31 14:30:00,v4.1.0-produccion,buena:completo/semana_anterior
B7_CTIC,2026-09-01 10:10:00,totalpowerfactor,0.9767255,2026-08-31 14:30:00,v4.1.0-produccion,buena:completo/semana_anterior
B7_CTIC,2026-09-01 10:20:00,totalpowerfactor,0.9761884,2026-08-31 14:30:00,v4.1.0-produccion,buena:completo/semana_anterior
B7_CTIC,2026-09-01 10:30:00,totalpowerfactor,0.9769607,2026-08-31 14:30:00,v4.1.0-produccion,buena:completo/semana_anterior
B7_CTIC,2026-09-01 10:40:00,totalpowerfactor,0.97599447,2026-08-31 14:30:00,v4.1.0-produccion,buena:completo/semana_anterior
B7_CTIC,2026-09-01 10:50:00,totalpowerfactor,0.97659093,2026-08-31 14:30:00,v4.1.0-produccion,buena:completo/semana_anterior
B7_CTIC,2026-09-01 11:00:00,totalpowerfactor,0.9764905,2026-08-31 14:30:00,v4.1.0-produccion,buena:completo/semana_anterior
B7_CTIC,2026-09-01 11:10:00,totalpowerfactor,0.976314,2026-08-31 14:30:00,v4.1.0-produccion,buena:completo/semana_anterior
B7_CTIC,2026-09-01 11:20:00,totalpowerfactor,0.97610694,2026-08-31 14:30:00,v4.1.0-produccion,buena:completo/semana_anterior
B7_CTIC,2026-09-01 11:30:00,totalpowerfactor,0.9762319,2026-08-31 14:30:00,v4.1.0-produccion,buena:completo/semana_anterior
B7_CTIC,2026-09-01 11:40:00,totalpowerfactor,0.97592944,2026-08-31 14:30:00,v4.1.0-produccion,buena:completo/semana_anterior
B7_CTIC,2026-09-01 11:50:00,totalpowerfactor,0.97642446,2026-08-31 14:30:00,v4.1.0-produccion,buena:completo/semana_anterior
B7_CTIC,2026-09-01 12:00:00,totalpowerfactor,0.97622436,2026-08-31 14:30:00,v4.1.0-produccion,buena:completo/semana_anterior
B7_CTIC,2026-09-01 12:10:00,totalpowerfactor,0.9760186,2026-08-31 14:30:00,v4.1.0-produccion,buena:completo/semana_anterior
B7_CTIC,2026-09-01 12:20:00,totalpowerfactor,0.97600484,2026-08-31 14:30:00,v4.1.0-produccion,buena:completo/semana_anterior
B7_CTIC,2026-09-01 12:30:00,totalpowerfactor,0.97612214,2026-08-31 14:30:00,v4.1.0-produccion,buena:completo/semana_anterior
B7_CTIC,2026-09-01 12:40:00,totalpowerfactor,0.9754944,2026-08-31 14:30:00,v4.1.0-produccion,buena:completo/semana_anterior
B7_CTIC,2026-09-01 12:50:00,totalpowerfactor,0.97567827,2026-08-31 14:30:00,v4.1.0-produccion,buena:completo/semana_anterior
B7_CTIC,2026-09-01 13:00:00,totalpowerfactor,0.97578126,2026-08-31 14:30:00,v4.1.0-produccion,buena:completo/semana_anterior
B7_CTIC,2026-09-01 13:10:00,totalpowerfactor,0.9757048,2026-08-31 14:30:00,v4.1.0-produccion,buena:completo/semana_anterior
B7_CTIC,2026-09-01 13:20:00,totalpowerfactor,0.9756903,2026-08-31 14:30:00,v4.1.0-produccion,buena:completo/semana_anterior
B7_CTIC,2026-09-01 13:30:00,totalpowerfactor,0.9757112,2026-08-31 14:30:00,v4.1.0-produccion,buena:completo/semana_anterior
B7_CTIC,2026-09-01 13:40:00,totalpowerfactor,0.975319,2026-08-31 14:30:00,v4.1.0-produccion,buena:completo/semana_anterior
B7_CTIC,2026-09-01 13:50:00,totalpowerfactor,0.97577983,2026-08-31 14:30:00,v4.1.0-produccion,buena:completo/semana_anterior
B7_CTIC,2026-09-01 14:00:00,totalpowerfactor,0.975684,2026-08-31 14:30:00,v4.1.0-produccion,buena:completo/semana_anterior
B7_CTIC,2026-09-01 14:10:00,totalpowerfactor,0.97558224,2026-08-31 14:30:00,v4.1.0-produccion,buena:completo/semana_anterior
B7_CTIC,2026-09-01 14:20:00,totalpowerfactor,0.975648,2026-08-31 14:30:00,v4.1.0-produccion,buena:completo/semana_anterior
B7_CTIC,2026-09-01 14:30:00,totalpowerfactor,0.97555125,2026-08-31 14:30:00,v4.1.0-produccion,buena:completo/semana_anterior
B7_CTIC,2026-08-31 14:40:00,voltaje_promedio,122.95486,2026-08-31 14:30:00,v4.1.0-produccion,buena:completo/semana_anterior
B7_CTIC,2026-08-31 14:50:00,voltaje_promedio,122.9457,2026-08-31 14:30:00,v4.1.0-produccion,buena:completo/semana_anterior
B7_CTIC,2026-08-31 15:00:00,voltaje_promedio,122.99437,2026-08-31 14:30:00,v4.1.0-produccion,buena:completo/semana_anterior
B7_CTIC,2026-08-31 15:10:00,voltaje_promedio,122.95847,2026-08-31 14:30:00,v4.1.0-produccion,buena:completo/semana_anterior
B7_CTIC,2026-08-31 15:20:00,voltaje_promedio,123.04743,2026-08-31 14:30:00,v4.1.0-produccion,buena:completo/semana_anterior
B7_CTIC,2026-08-31 15:30:00,voltaje_promedio,123.09759,2026-08-31 14:30:00,v4.1.0-produccion,buena:completo/semana_anterior
B7_CTIC,2026-08-31 15:40:00,voltaje_promedio,123.12858,2026-08-31 14:30:00,v4.1.0-produccion,buena:completo/semana_anterior
B7_CTIC,2026-08-31 15:50:00,voltaje_promedio,123.06231,2026-08-31 14:30:00,v4.1.0-produccion,buena:completo/semana_anterior
B7_CTIC,2026-08-31 16:00:00,voltaje_promedio,123.0921,2026-08-31 14:30:00,v4.1.0-produccion,buena:completo/semana_anterior
B7_CTIC,2026-08-31 16:10:00,voltaje_promedio,123.127975,2026-08-31 14:30:00,v4.1.0-produccion,buena:completo/semana_anterior
B7_CTIC,2026-08-31 16:20:00,voltaje_promedio,123.1814,2026-08-31 14:30:00,v4.1.0-produccion,buena:completo/semana_anterior
B7_CTIC,2026-08-31 16:30:00,voltaje_promedio,123.1684,2026-08-31 14:30:00,v4.1.0-produccion,buena:completo/semana_anterior
B7_CTIC,2026-08-31 16:40:00,voltaje_promedio,123.22604,2026-08-31 14:30:00,v4.1.0-produccion,buena:completo/semana_anterior
B7_CTIC,2026-08-31 16:50:00,voltaje_promedio,123.218605,2026-08-31 14:30:00,v4.1.0-produccion,buena:completo/semana_anterior
B7_CTIC,2026-08-31 17:00:00,voltaje_promedio,123.25959,2026-08-31 14:30:00,v4.1.0-produccion,buena:completo/semana_anterior
B7_CTIC,2026-08-31 17:10:00,voltaje_promedio,123.28287,2026-08-31 14:30:00,v4.1.0-produccion,buena:completo/semana_anterior
B7_CTIC,2026-08-31 17:20:00,voltaje_promedio,123.38969,2026-08-31 14:30:00,v4.1.0-produccion,buena:completo/semana_anterior
B7_CTIC,2026-08-31 17:30:00,voltaje_promedio,123.4114,2026-08-31 14:30:00,v4.1.0-produccion,buena:completo/semana_anterior
B7_CTIC,2026-08-31 17:40:00,voltaje_promedio,123.36633,2026-08-31 14:30:00,v4.1.0-produccion,buena:completo/semana_anterior
B7_CTIC,2026-08-31 17:50:00,voltaje_promedio,123.38084,2026-08-31 14:30:00,v4.1.0-produccion,buena:completo/semana_anterior
B7_CTIC,2026-08-31 18:00:00,voltaje_promedio,123.4057,2026-08-31 14:30:00,v4.1.0-produccion,buena:completo/semana_anterior
B7_CTIC,2026-08-31 18:10:00,voltaje_promedio,123.48766,2026-08-31 14:30:00,v4.1.0-produccion,buena:completo/semana_anterior
B7_CTIC,2026-08-31 18:20:00,voltaje_promedio,123.49773,2026-08-31 14:30:00,v4.1.0-produccion,buena:completo/semana_anterior
B7_CTIC,2026-08-31 18:30:00,voltaje_promedio,123.527115,2026-08-31 14:30:00,v4.1.0-produccion,buena:completo/semana_anterior
B7_CTIC,2026-08-31 18:40:00,voltaje_promedio,123.571815,2026-08-31 14:30:00,v4.1.0-produccion,buena:completo/semana_anterior
B7_CTIC,2026-08-31 18:50:00,voltaje_promedio,123.53719,2026-08-31 14:30:00,v4.1.0-produccion,buena:completo/semana_anterior
B7_CTIC,2026-08-31 19:00:00,voltaje_promedio,123.54744,2026-08-31 14:30:00,v4.1.0-produccion,buena:completo/semana_anterior
B7_CTIC,2026-08-31 19:10:00,voltaje_promedio,123.586205,2026-08-31 14:30:00,v4.1.0-produccion,buena:completo/semana_anterior
B7_CTIC,2026-08-31 19:20:00,voltaje_promedio,123.669655,2026-08-31 14:30:00,v4.1.0-produccion,buena:completo/semana_anterior
B7_CTIC,2026-08-31 19:30:00,voltaje_promedio,123.66483,2026-08-31 14:30:00,v4.1.0-produccion,buena:completo/semana_anterior
B7_CTIC,2026-08-31 19:40:00,voltaje_promedio,123.69873,2026-08-31 14:30:00,v4.1.0-produccion,buena:completo/semana_anterior
B7_CTIC,2026-08-31 19:50:00,voltaje_promedio,123.67562,2026-08-31 14:30:00,v4.1.0-produccion,buena:completo/semana_anterior
B7_CTIC,2026-08-31 20:00:00,voltaje_promedio,123.69845,2026-08-31 14:30:00,v4.1.0-produccion,buena:completo/semana_anterior
B7_CTIC,2026-08-31 20:10:00,voltaje_promedio,123.776634,2026-08-31 14:30:00,v4.1.0-produccion,buena:completo/semana_anterior
B7_CTIC,2026-08-31 20:20:00,voltaje_promedio,123.841225,2026-08-31 14:30:00,v4.1.0-produccion,buena:completo/semana_anterior
B7_CTIC,2026-08-31 20:30:00,voltaje_promedio,123.846214,2026-08-31 14:30:00,v4.1.0-produccion,buena:completo/semana_anterior
B7_CTIC,2026-08-31 20:40:00,voltaje_promedio,123.81179,2026-08-31 14:30:00,v4.1.0-produccion,buena:completo/semana_anterior
B7_CTIC,2026-08-31 20:50:00,voltaje_promedio,123.76611,2026-08-31 14:30:00,v4.1.0-produccion,buena:completo/semana_anterior
B7_CTIC,2026-08-31 21:00:00,voltaje_promedio,123.76982,2026-08-31 14:30:00,v4.1.0-produccion,buena:completo/semana_anterior
B7_CTIC,2026-08-31 21:10:00,voltaje_promedio,123.89262,2026-08-31 14:30:00,v4.1.0-produccion,buena:completo/semana_anterior
B7_CTIC,2026-08-31 21:20:00,voltaje_promedio,123.95423,2026-08-31 14:30:00,v4.1.0-produccion,buena:completo/semana_anterior
B7_CTIC,2026-08-31 21:30:00,voltaje_promedio,124.04409,2026-08-31 14:30:00,v4.1.0-produccion,buena:completo/semana_anterior
B7_CTIC,2026-08-31 21:40:00,voltaje_promedio,124.02619,2026-08-31 14:30:00,v4.1.0-produccion,buena:completo/semana_anterior
B7_CTIC,2026-08-31 21:50:00,voltaje_promedio,123.9397,2026-08-31 14:30:00,v4.1.0-produccion,buena:completo/semana_anterior
B7_CTIC,2026-08-31 22:00:00,voltaje_promedio,124.02653,2026-08-31 14:30:00,v4.1.0-produccion,buena:completo/semana_anterior
B7_CTIC,2026-08-31 22:10:00,voltaje_promedio,124.06767,2026-08-31 14:30:00,v4.1.0-produccion,buena:completo/semana_anterior
B7_CTIC,2026-08-31 22:20:00,voltaje_promedio,124.03799,2026-08-31 14:30:00,v4.1.0-produccion,buena:completo/semana_anterior
B7_CTIC,2026-08-31 22:30:00,voltaje_promedio,124.02447,2026-08-31 14:30:00,v4.1.0-produccion,buena:completo/semana_anterior
B7_CTIC,2026-08-31 22:40:00,voltaje_promedio,124.01128,2026-08-31 14:30:00,v4.1.0-produccion,buena:completo/semana_anterior
B7_CTIC,2026-08-31 22:50:00,voltaje_promedio,123.95902,2026-08-31 14:30:00,v4.1.0-produccion,buena:completo/semana_anterior
B7_CTIC,2026-08-31 23:00:00,voltaje_promedio,124.02685,2026-08-31 14:30:00,v4.1.0-produccion,buena:completo/semana_anterior
B7_CTIC,2026-08-31 23:10:00,voltaje_promedio,123.97899,2026-08-31 14:30:00,v4.1.0-produccion,buena:completo/semana_anterior
B7_CTIC,2026-08-31 23:20:00,voltaje_promedio,124.0536,2026-08-31 14:30:00,v4.1.0-produccion,buena:completo/semana_anterior
B7_CTIC,2026-08-31 23:30:00,voltaje_promedio,123.98826,2026-08-31 14:30:00,v4.1.0-produccion,buena:completo/semana_anterior
B7_CTIC,2026-08-31 23:40:00,voltaje_promedio,124.0353,2026-08-31 14:30:00,v4.1.0-produccion,buena:completo/semana_anterior
B7_CTIC,2026-08-31 23:50:00,voltaje_promedio,124.01684,2026-08-31 14:30:00,v4.1.0-produccion,buena:completo/semana_anterior
B7_CTIC,2026-09-01 00:00:00,voltaje_promedio,123.9423,2026-08-31 14:30:00,v4.1.0-produccion,buena:completo/semana_anterior
B7_CTIC,2026-09-01 00:10:00,voltaje_promedio,124.04571,2026-08-31 14:30:00,v4.1.0-produccion,buena:completo/semana_anterior
B7_CTIC,2026-09-01 00:20:00,voltaje_promedio,124.062935,2026-08-31 14:30:00,v4.1.0-produccion,buena:completo/semana_anterior
B7_CTIC,2026-09-01 00:30:00,voltaje_promedio,124.09531,2026-08-31 14:30:00,v4.1.0-produccion,buena:completo/semana_anterior
B7_CTIC,2026-09-01 00:40:00,voltaje_promedio,124.04473,2026-08-31 14:30:00,v4.1.0-produccion,buena:completo/semana_anterior
B7_CTIC,2026-09-01 00:50:00,voltaje_promedio,123.97687,2026-08-31 14:30:00,v4.1.0-produccion,buena:completo/semana_anterior
B7_CTIC,2026-09-01 01:00:00,voltaje_promedio,123.893074,2026-08-31 14:30:00,v4.1.0-produccion,buena:completo/semana_anterior
B7_CTIC,2026-09-01 01:10:00,voltaje_promedio,123.922874,2026-08-31 14:30:00,v4.1.0-produccion,buena:completo/semana_anterior
B7_CTIC,2026-09-01 01:20:00,voltaje_promedio,123.94976,2026-08-31 14:30:00,v4.1.0-produccion,buena:completo/semana_anterior
B7_CTIC,2026-09-01 01:30:00,voltaje_promedio,123.91266,2026-08-31 14:30:00,v4.1.0-produccion,buena:completo/semana_anterior
B7_CTIC,2026-09-01 01:40:00,voltaje_promedio,123.95506,2026-08-31 14:30:00,v4.1.0-produccion,buena:completo/semana_anterior
B7_CTIC,2026-09-01 01:50:00,voltaje_promedio,123.90608,2026-08-31 14:30:00,v4.1.0-produccion,buena:completo/semana_anterior
B7_CTIC,2026-09-01 02:00:00,voltaje_promedio,123.88342,2026-08-31 14:30:00,v4.1.0-produccion,buena:completo/semana_anterior
B7_CTIC,2026-09-01 02:10:00,voltaje_promedio,123.929436,2026-08-31 14:30:00,v4.1.0-produccion,buena:completo/semana_anterior
B7_CTIC,2026-09-01 02:20:00,voltaje_promedio,123.938416,2026-08-31 14:30:00,v4.1.0-produccion,buena:completo/semana_anterior
B7_CTIC,2026-09-01 02:30:00,voltaje_promedio,123.907814,2026-08-31 14:30:00,v4.1.0-produccion,buena:completo/semana_anterior
B7_CTIC,2026-09-01 02:40:00,voltaje_promedio,123.89779,2026-08-31 14:30:00,v4.1.0-produccion,buena:completo/semana_anterior
B7_CTIC,2026-09-01 02:50:00,voltaje_promedio,123.82216,2026-08-31 14:30:00,v4.1.0-produccion,buena:completo/semana_anterior
B7_CTIC,2026-09-01 03:00:00,voltaje_promedio,123.814705,2026-08-31 14:30:00,v4.1.0-produccion,buena:completo/semana_anterior
B7_CTIC,2026-09-01 03:10:00,voltaje_promedio,123.85533,2026-08-31 14:30:00,v4.1.0-produccion,buena:completo/semana_anterior
B7_CTIC,2026-09-01 03:20:00,voltaje_promedio,123.74202,2026-08-31 14:30:00,v4.1.0-produccion,buena:completo/semana_anterior
B7_CTIC,2026-09-01 03:30:00,voltaje_promedio,123.79782,2026-08-31 14:30:00,v4.1.0-produccion,buena:completo/semana_anterior
B7_CTIC,2026-09-01 03:40:00,voltaje_promedio,123.71266,2026-08-31 14:30:00,v4.1.0-produccion,buena:completo/semana_anterior
B7_CTIC,2026-09-01 03:50:00,voltaje_promedio,123.58476,2026-08-31 14:30:00,v4.1.0-produccion,buena:completo/semana_anterior
B7_CTIC,2026-09-01 04:00:00,voltaje_promedio,123.54174,2026-08-31 14:30:00,v4.1.0-produccion,buena:completo/semana_anterior
B7_CTIC,2026-09-01 04:10:00,voltaje_promedio,123.572426,2026-08-31 14:30:00,v4.1.0-produccion,buena:completo/semana_anterior
B7_CTIC,2026-09-01 04:20:00,voltaje_promedio,123.50161,2026-08-31 14:30:00,v4.1.0-produccion,buena:completo/semana_anterior
B7_CTIC,2026-09-01 04:30:00,voltaje_promedio,123.46715,2026-08-31 14:30:00,v4.1.0-produccion,buena:completo/semana_anterior
B7_CTIC,2026-09-01 04:40:00,voltaje_promedio,123.42769,2026-08-31 14:30:00,v4.1.0-produccion,buena:completo/semana_anterior
B7_CTIC,2026-09-01 04:50:00,voltaje_promedio,123.29385,2026-08-31 14:30:00,v4.1.0-produccion,buena:completo/semana_anterior
B7_CTIC,2026-09-01 05:00:00,voltaje_promedio,123.25756,2026-08-31 14:30:00,v4.1.0-produccion,buena:completo/semana_anterior
B7_CTIC,2026-09-01 05:10:00,voltaje_promedio,123.23411,2026-08-31 14:30:00,v4.1.0-produccion,buena:completo/semana_anterior
B7_CTIC,2026-09-01 05:20:00,voltaje_promedio,123.10326,2026-08-31 14:30:00,v4.1.0-produccion,buena:completo/semana_anterior
B7_CTIC,2026-09-01 05:30:00,voltaje_promedio,123.11631,2026-08-31 14:30:00,v4.1.0-produccion,buena:completo/semana_anterior
B7_CTIC,2026-09-01 05:40:00,voltaje_promedio,123.05292,2026-08-31 14:30:00,v4.1.0-produccion,buena:completo/semana_anterior
B7_CTIC,2026-09-01 05:50:00,voltaje_promedio,122.990585,2026-08-31 14:30:00,v4.1.0-produccion,buena:completo/semana_anterior
B7_CTIC,2026-09-01 06:00:00,voltaje_promedio,122.91881,2026-08-31 14:30:00,v4.1.0-produccion,buena:completo/semana_anterior
B7_CTIC,2026-09-01 06:10:00,voltaje_promedio,122.90871,2026-08-31 14:30:00,v4.1.0-produccion,buena:completo/semana_anterior
B7_CTIC,2026-09-01 06:20:00,voltaje_promedio,122.94914,2026-08-31 14:30:00,v4.1.0-produccion,buena:completo/semana_anterior
B7_CTIC,2026-09-01 06:30:00,voltaje_promedio,122.90998,2026-08-31 14:30:00,v4.1.0-produccion,buena:completo/semana_anterior
B7_CTIC,2026-09-01 06:40:00,voltaje_promedio,122.81437,2026-08-31 14:30:00,v4.1.0-produccion,buena:completo/semana_anterior
B7_CTIC,2026-09-01 06:50:00,voltaje_promedio,122.73423,2026-08-31 14:30:00,v4.1.0-produccion,buena:completo/semana_anterior
B7_CTIC,2026-09-01 07:00:00,voltaje_promedio,122.68147,2026-08-31 14:30:00,v4.1.0-produccion,buena:completo/semana_anterior
B7_CTIC,2026-09-01 07:10:00,voltaje_promedio,122.73493,2026-08-31 14:30:00,v4.1.0-produccion,buena:completo/semana_anterior
B7_CTIC,2026-09-01 07:20:00,voltaje_promedio,122.64384,2026-08-31 14:30:00,v4.1.0-produccion,buena:completo/semana_anterior
B7_CTIC,2026-09-01 07:30:00,voltaje_promedio,122.62777,2026-08-31 14:30:00,v4.1.0-produccion,buena:completo/semana_anterior
B7_CTIC,2026-09-01 07:40:00,voltaje_promedio,122.5811,2026-08-31 14:30:00,v4.1.0-produccion,buena:completo/semana_anterior
B7_CTIC,2026-09-01 07:50:00,voltaje_promedio,122.54247,2026-08-31 14:30:00,v4.1.0-produccion,buena:completo/semana_anterior
B7_CTIC,2026-09-01 08:00:00,voltaje_promedio,122.48645,2026-08-31 14:30:00,v4.1.0-produccion,buena:completo/semana_anterior
B7_CTIC,2026-09-01 08:10:00,voltaje_promedio,122.46919,2026-08-31 14:30:00,v4.1.0-produccion,buena:completo/semana_anterior
B7_CTIC,2026-09-01 08:20:00,voltaje_promedio,122.412346,2026-08-31 14:30:00,v4.1.0-produccion,buena:completo/semana_anterior
B7_CTIC,2026-09-01 08:30:00,voltaje_promedio,122.40452,2026-08-31 14:30:00,v4.1.0-produccion,buena:completo/semana_anterior
B7_CTIC,2026-09-01 08:40:00,voltaje_promedio,122.3084,2026-08-31 14:30:00,v4.1.0-produccion,buena:completo/semana_anterior
B7_CTIC,2026-09-01 08:50:00,voltaje_promedio,122.21424,2026-08-31 14:30:00,v4.1.0-produccion,buena:completo/semana_anterior
B7_CTIC,2026-09-01 09:00:00,voltaje_promedio,122.26367,2026-08-31 14:30:00,v4.1.0-produccion,buena:completo/semana_anterior
B7_CTIC,2026-09-01 09:10:00,voltaje_promedio,122.28275,2026-08-31 14:30:00,v4.1.0-produccion,buena:completo/semana_anterior
B7_CTIC,2026-09-01 09:20:00,voltaje_promedio,122.24345,2026-08-31 14:30:00,v4.1.0-produccion,buena:completo/semana_anterior
B7_CTIC,2026-09-01 09:30:00,voltaje_promedio,122.205696,2026-08-31 14:30:00,v4.1.0-produccion,buena:completo/semana_anterior
B7_CTIC,2026-09-01 09:40:00,voltaje_promedio,122.139404,2026-08-31 14:30:00,v4.1.0-produccion,buena:completo/semana_anterior
B7_CTIC,2026-09-01 09:50:00,voltaje_promedio,122.146805,2026-08-31 14:30:00,v4.1.0-produccion,buena:completo/semana_anterior
B7_CTIC,2026-09-01 10:00:00,voltaje_promedio,122.1159,2026-08-31 14:30:00,v4.1.0-produccion,buena:completo/semana_anterior
B7_CTIC,2026-09-01 10:10:00,voltaje_promedio,122.09498,2026-08-31 14:30:00,v4.1.0-produccion,buena:completo/semana_anterior
B7_CTIC,2026-09-01 10:20:00,voltaje_promedio,122.14785,2026-08-31 14:30:00,v4.1.0-produccion,buena:completo/semana_anterior
B7_CTIC,2026-09-01 10:30:00,voltaje_promedio,122.150986,2026-08-31 14:30:00,v4.1.0-produccion,buena:completo/semana_anterior
B7_CTIC,2026-09-01 10:40:00,voltaje_promedio,122.09146,2026-08-31 14:30:00,v4.1.0-produccion,buena:completo/semana_anterior
B7_CTIC,2026-09-01 10:50:00,voltaje_promedio,122.07431,2026-08-31 14:30:00,v4.1.0-produccion,buena:completo/semana_anterior
B7_CTIC,2026-09-01 11:00:00,voltaje_promedio,122.09144,2026-08-31 14:30:00,v4.1.0-produccion,buena:completo/semana_anterior
B7_CTIC,2026-09-01 11:10:00,voltaje_promedio,122.16211,2026-08-31 14:30:00,v4.1.0-produccion,buena:completo/semana_anterior
B7_CTIC,2026-09-01 11:20:00,voltaje_promedio,122.15621,2026-08-31 14:30:00,v4.1.0-produccion,buena:completo/semana_anterior
B7_CTIC,2026-09-01 11:30:00,voltaje_promedio,122.058846,2026-08-31 14:30:00,v4.1.0-produccion,buena:completo/semana_anterior
B7_CTIC,2026-09-01 11:40:00,voltaje_promedio,122.09846,2026-08-31 14:30:00,v4.1.0-produccion,buena:completo/semana_anterior
B7_CTIC,2026-09-01 11:50:00,voltaje_promedio,122.05911,2026-08-31 14:30:00,v4.1.0-produccion,buena:completo/semana_anterior
B7_CTIC,2026-09-01 12:00:00,voltaje_promedio,122.101906,2026-08-31 14:30:00,v4.1.0-produccion,buena:completo/semana_anterior
B7_CTIC,2026-09-01 12:10:00,voltaje_promedio,122.145996,2026-08-31 14:30:00,v4.1.0-produccion,buena:completo/semana_anterior
B7_CTIC,2026-09-01 12:20:00,voltaje_promedio,122.18002,2026-08-31 14:30:00,v4.1.0-produccion,buena:completo/semana_anterior
B7_CTIC,2026-09-01 12:30:00,voltaje_promedio,122.14533,2026-08-31 14:30:00,v4.1.0-produccion,buena:completo/semana_anterior
B7_CTIC,2026-09-01 12:40:00,voltaje_promedio,122.094574,2026-08-31 14:30:00,v4.1.0-produccion,buena:completo/semana_anterior
B7_CTIC,2026-09-01 12:50:00,voltaje_promedio,122.12608,2026-08-31 14:30:00,v4.1.0-produccion,buena:completo/semana_anterior
B7_CTIC,2026-09-01 13:00:00,voltaje_promedio,122.18775,2026-08-31 14:30:00,v4.1.0-produccion,buena:completo/semana_anterior
B7_CTIC,2026-09-01 13:10:00,voltaje_promedio,122.15961,2026-08-31 14:30:00,v4.1.0-produccion,buena:completo/semana_anterior
B7_CTIC,2026-09-01 13:20:00,voltaje_promedio,122.31364,2026-08-31 14:30:00,v4.1.0-produccion,buena:completo/semana_anterior
B7_CTIC,2026-09-01 13:30:00,voltaje_promedio,122.35899,2026-08-31 14:30:00,v4.1.0-produccion,buena:completo/semana_anterior
B7_CTIC,2026-09-01 13:40:00,voltaje_promedio,122.418495,2026-08-31 14:30:00,v4.1.0-produccion,buena:completo/semana_anterior
B7_CTIC,2026-09-01 13:50:00,voltaje_promedio,122.41898,2026-08-31 14:30:00,v4.1.0-produccion,buena:completo/semana_anterior
B7_CTIC,2026-09-01 14:00:00,voltaje_promedio,122.40259,2026-08-31 14:30:00,v4.1.0-produccion,buena:completo/semana_anterior
B7_CTIC,2026-09-01 14:10:00,voltaje_promedio,122.35893,2026-08-31 14:30:00,v4.1.0-produccion,buena:completo/semana_anterior
B7_CTIC,2026-09-01 14:20:00,voltaje_promedio,122.398994,2026-08-31 14:30:00,v4.1.0-produccion,buena:completo/semana_anterior
B7_CTIC,2026-09-01 14:30:00,voltaje_promedio,122.37397,2026-08-31 14:30:00,v4.1.0-produccion,buena:completo/semana_anterior
B7_TAC,2026-08-31 14:40:00,activepower,37068.887,2026-08-31 14:30:00,v4.1.0-produccion,buena:completo/semana_anterior
B7_TAC,2026-08-31 14:50:00,activepower,36436.152,2026-08-31 14:30:00,v4.1.0-produccion,buena:completo/semana_anterior
B7_TAC,2026-08-31 15:00:00,activepower,35419.613,2026-08-31 14:30:00,v4.1.0-produccion,buena:completo/semana_anterior
B7_TAC,2026-08-31 15:10:00,activepower,35167.17,2026-08-31 14:30:00,v4.1.0-produccion,buena:completo/semana_anterior
B7_TAC,2026-08-31 15:20:00,activepower,34539.07,2026-08-31 14:30:00,v4.1.0-produccion,buena:completo/semana_anterior
B7_TAC,2026-08-31 15:30:00,activepower,33497.523,2026-08-31 14:30:00,v4.1.0-produccion,buena:completo/semana_anterior
B7_TAC,2026-08-31 15:40:00,activepower,32692.422,2026-08-31 14:30:00,v4.1.0-produccion,buena:completo/semana_anterior
B7_TAC,2026-08-31 15:50:00,activepower,31753.219,2026-08-31 14:30:00,v4.1.0-produccion,buena:completo/semana_anterior
B7_TAC,2026-08-31 16:00:00,activepower,31503.145,2026-08-31 14:30:00,v4.1.0-produccion,buena:completo/semana_anterior
B7_TAC,2026-08-31 16:10:00,activepower,30232.283,2026-08-31 14:30:00,v4.1.0-produccion,buena:completo/semana_anterior
B7_TAC,2026-08-31 16:20:00,activepower,29173.316,2026-08-31 14:30:00,v4.1.0-produccion,buena:completo/semana_anterior
B7_TAC,2026-08-31 16:30:00,activepower,28085.47,2026-08-31 14:30:00,v4.1.0-produccion,buena:completo/semana_anterior
B7_TAC,2026-08-31 16:40:00,activepower,27256.617,2026-08-31 14:30:00,v4.1.0-produccion,buena:completo/semana_anterior
B7_TAC,2026-08-31 16:50:00,activepower,25758.158,2026-08-31 14:30:00,v4.1.0-produccion,buena:completo/semana_anterior
B7_TAC,2026-08-31 17:00:00,activepower,25035.906,2026-08-31 14:30:00,v4.1.0-produccion,buena:completo/semana_anterior
B7_TAC,2026-08-31 17:10:00,activepower,24056.549,2026-08-31 14:30:00,v4.1.0-produccion,buena:completo/semana_anterior
B7_TAC,2026-08-31 17:20:00,activepower,22975.932,2026-08-31 14:30:00,v4.1.0-produccion,buena:completo/semana_anterior
B7_TAC,2026-08-31 17:30:00,activepower,22091.498,2026-08-31 14:30:00,v4.1.0-produccion,buena:completo/semana_anterior
B7_TAC,2026-08-31 17:40:00,activepower,21313.283,2026-08-31 14:30:00,v4.1.0-produccion,buena:completo/semana_anterior
B7_TAC,2026-08-31 17:50:00,activepower,20151.324,2026-08-31 14:30:00,v4.1.0-produccion,buena:completo/semana_anterior
B7_TAC,2026-08-31 18:00:00,activepower,19487.635,2026-08-31 14:30:00,v4.1.0-produccion,buena:completo/semana_anterior
B7_TAC,2026-08-31 18:10:00,activepower,18695.354,2026-08-31 14:30:00,v4.1.0-produccion,buena:completo/semana_anterior
B7_TAC,2026-08-31 18:20:00,activepower,18174.635,2026-08-31 14:30:00,v4.1.0-produccion,buena:completo/semana_anterior
B7_TAC,2026-08-31 18:30:00,activepower,17439.795,2026-08-31 14:30:00,v4.1.0-produccion,buena:completo/semana_anterior
B7_TAC,2026-08-31 18:40:00,activepower,16223.445,2026-08-31 14:30:00,v4.1.0-produccion,buena:completo/semana_anterior
B7_TAC,2026-08-31 18:50:00,activepower,15376.143,2026-08-31 14:30:00,v4.1.0-produccion,buena:completo/semana_anterior
B7_TAC,2026-08-31 19:00:00,activepower,14942.123,2026-08-31 14:30:00,v4.1.0-produccion,buena:completo/semana_anterior
B7_TAC,2026-08-31 19:10:00,activepower,14499.413,2026-08-31 14:30:00,v4.1.0-produccion,buena:completo/semana_anterior
B7_TAC,2026-08-31 19:20:00,activepower,13716.824,2026-08-31 14:30:00,v4.1.0-produccion,buena:completo/semana_anterior
B7_TAC,2026-08-31 19:30:00,activepower,12904.279,2026-08-31 14:30:00,v4.1.0-produccion,buena:completo/semana_anterior
B7_TAC,2026-08-31 19:40:00,activepower,12731.676,2026-08-31 14:30:00,v4.1.0-produccion,buena:completo/semana_anterior
B7_TAC,2026-08-31 19:50:00,activepower,12162.804,2026-08-31 14:30:00,v4.1.0-produccion,buena:completo/semana_anterior
B7_TAC,2026-08-31 20:00:00,activepower,11749.475,2026-08-31 14:30:00,v4.1.0-produccion,buena:completo/semana_anterior
B7_TAC,2026-08-31 20:10:00,activepower,11522.498,2026-08-31 14:30:00,v4.1.0-produccion,buena:completo/semana_anterior
B7_TAC,2026-08-31 20:20:00,activepower,10991.321,2026-08-31 14:30:00,v4.1.0-produccion,buena:completo/semana_anterior
B7_TAC,2026-08-31 20:30:00,activepower,10694.79,2026-08-31 14:30:00,v4.1.0-produccion,buena:completo/semana_anterior
B7_TAC,2026-08-31 20:40:00,activepower,10267.296,2026-08-31 14:30:00,v4.1.0-produccion,buena:completo/semana_anterior
B7_TAC,2026-08-31 20:50:00,activepower,9792.682,2026-08-31 14:30:00,v4.1.0-produccion,buena:completo/semana_anterior
B7_TAC,2026-08-31 21:00:00,activepower,9544.206,2026-08-31 14:30:00,v4.1.0-produccion,buena:completo/semana_anterior
B7_TAC,2026-08-31 21:10:00,activepower,9389.732,2026-08-31 14:30:00,v4.1.0-produccion,buena:completo/semana_anterior
B7_TAC,2026-08-31 21:20:00,activepower,9054.356,2026-08-31 14:30:00,v4.1.0-produccion,buena:completo/semana_anterior
B7_TAC,2026-08-31 21:30:00,activepower,8768.744,2026-08-31 14:30:00,v4.1.0-produccion,buena:completo/semana_anterior
B7_TAC,2026-08-31 21:40:00,activepower,8707.23,2026-08-31 14:30:00,v4.1.0-produccion,buena:completo/semana_anterior
B7_TAC,2026-08-31 21:50:00,activepower,8686.632,2026-08-31 14:30:00,v4.1.0-produccion,buena:completo/semana_anterior
B7_TAC,2026-08-31 22:00:00,activepower,8244.155,2026-08-31 14:30:00,v4.1.0-produccion,buena:completo/semana_anterior
B7_TAC,2026-08-31 22:10:00,activepower,8454.384,2026-08-31 14:30:00,v4.1.0-produccion,buena:completo/semana_anterior
B7_TAC,2026-08-31 22:20:00,activepower,8679.399,2026-08-31 14:30:00,v4.1.0-produccion,buena:completo/semana_anterior
B7_TAC,2026-08-31 22:30:00,activepower,8676.625,2026-08-31 14:30:00,v4.1.0-produccion,buena:completo/semana_anterior
B7_TAC,2026-08-31 22:40:00,activepower,8609.78,2026-08-31 14:30:00,v4.1.0-produccion,buena:completo/semana_anterior
B7_TAC,2026-08-31 22:50:00,activepower,8389.434,2026-08-31 14:30:00,v4.1.0-produccion,buena:completo/semana_anterior
B7_TAC,2026-08-31 23:00:00,activepower,8441.755,2026-08-31 14:30:00,v4.1.0-produccion,buena:completo/semana_anterior
B7_TAC,2026-08-31 23:10:00,activepower,8587.156,2026-08-31 14:30:00,v4.1.0-produccion,buena:completo/semana_anterior
B7_TAC,2026-08-31 23:20:00,activepower,8360.906,2026-08-31 14:30:00,v4.1.0-produccion,buena:completo/semana_anterior
B7_TAC,2026-08-31 23:30:00,activepower,8321.319,2026-08-31 14:30:00,v4.1.0-produccion,buena:completo/semana_anterior
B7_TAC,2026-08-31 23:40:00,activepower,8053.9834,2026-08-31 14:30:00,v4.1.0-produccion,buena:completo/semana_anterior
B7_TAC,2026-08-31 23:50:00,activepower,7971.6553,2026-08-31 14:30:00,v4.1.0-produccion,buena:completo/semana_anterior
B7_TAC,2026-09-01 00:00:00,activepower,8064.8555,2026-08-31 14:30:00,v4.1.0-produccion,buena:completo/semana_anterior
B7_TAC,2026-09-01 00:10:00,activepower,8202.54,2026-08-31 14:30:00,v4.1.0-produccion,buena:completo/semana_anterior
B7_TAC,2026-09-01 00:20:00,activepower,8128.9277,2026-08-31 14:30:00,v4.1.0-produccion,buena:completo/semana_anterior
B7_TAC,2026-09-01 00:30:00,activepower,8008.4424,2026-08-31 14:30:00,v4.1.0-produccion,buena:completo/semana_anterior
B7_TAC,2026-09-01 00:40:00,activepower,8003.3096,2026-08-31 14:30:00,v4.1.0-produccion,buena:completo/semana_anterior
B7_TAC,2026-09-01 00:50:00,activepower,7752.659,2026-08-31 14:30:00,v4.1.0-produccion,buena:completo/semana_anterior
B7_TAC,2026-09-01 01:00:00,activepower,7882.415,2026-08-31 14:30:00,v4.1.0-produccion,buena:completo/semana_anterior
B7_TAC,2026-09-01 01:10:00,activepower,7723.915,2026-08-31 14:30:00,v4.1.0-produccion,buena:completo/semana_anterior
B7_TAC,2026-09-01 01:20:00,activepower,7644.953,2026-08-31 14:30:00,v4.1.0-produccion,buena:completo/semana_anterior
B7_TAC,2026-09-01 01:30:00,activepower,7752.039,2026-08-31 14:30:00,v4.1.0-produccion,buena:completo/semana_anterior
B7_TAC,2026-09-01 01:40:00,activepower,7614.545,2026-08-31 14:30:00,v4.1.0-produccion,buena:completo/semana_anterior
B7_TAC,2026-09-01 01:50:00,activepower,7408.3926,2026-08-31 14:30:00,v4.1.0-produccion,buena:completo/semana_anterior
B7_TAC,2026-09-01 02:00:00,activepower,7139.087,2026-08-31 14:30:00,v4.1.0-produccion,buena:completo/semana_anterior
B7_TAC,2026-09-01 02:10:00,activepower,7093.46,2026-08-31 14:30:00,v4.1.0-produccion,buena:completo/semana_anterior
B7_TAC,2026-09-01 02:20:00,activepower,7105.033,2026-08-31 14:30:00,v4.1.0-produccion,buena:completo/semana_anterior
B7_TAC,2026-09-01 02:30:00,activepower,6976.3936,2026-08-31 14:30:00,v4.1.0-produccion,buena:completo/semana_anterior
B7_TAC,2026-09-01 02:40:00,activepower,6761.6523,2026-08-31 14:30:00,v4.1.0-produccion,buena:completo/semana_anterior
B7_TAC,2026-09-01 02:50:00,activepower,6635.6084,2026-08-31 14:30:00,v4.1.0-produccion,buena:completo/semana_anterior
B7_TAC,2026-09-01 03:00:00,activepower,6729.5947,2026-08-31 14:30:00,v4.1.0-produccion,buena:completo/semana_anterior
B7_TAC,2026-09-01 03:10:00,activepower,6766.676,2026-08-31 14:30:00,v4.1.0-produccion,buena:completo/semana_anterior
B7_TAC,2026-09-01 03:20:00,activepower,6901.9414,2026-08-31 14:30:00,v4.1.0-produccion,buena:completo/semana_anterior
B7_TAC,2026-09-01 03:30:00,activepower,7251.839,2026-08-31 14:30:00,v4.1.0-produccion,buena:completo/semana_anterior
B7_TAC,2026-09-01 03:40:00,activepower,6911.917,2026-08-31 14:30:00,v4.1.0-produccion,buena:completo/semana_anterior
B7_TAC,2026-09-01 03:50:00,activepower,7150.4766,2026-08-31 14:30:00,v4.1.0-produccion,buena:completo/semana_anterior
B7_TAC,2026-09-01 04:00:00,activepower,7376.7275,2026-08-31 14:30:00,v4.1.0-produccion,buena:completo/semana_anterior
B7_TAC,2026-09-01 04:10:00,activepower,7938.413,2026-08-31 14:30:00,v4.1.0-produccion,buena:completo/semana_anterior
B7_TAC,2026-09-01 04:20:00,activepower,8435.753,2026-08-31 14:30:00,v4.1.0-produccion,buena:completo/semana_anterior
B7_TAC,2026-09-01 04:30:00,activepower,8609.688,2026-08-31 14:30:00,v4.1.0-produccion,buena:completo/semana_anterior
B7_TAC,2026-09-01 04:40:00,activepower,9163.831,2026-08-31 14:30:00,v4.1.0-produccion,buena:completo/semana_anterior
B7_TAC,2026-09-01 04:50:00,activepower,9292.739,2026-08-31 14:30:00,v4.1.0-produccion,buena:completo/semana_anterior
B7_TAC,2026-09-01 05:00:00,activepower,10071.169,2026-08-31 14:30:00,v4.1.0-produccion,buena:completo/semana_anterior
B7_TAC,2026-09-01 05:10:00,activepower,11123.582,2026-08-31 14:30:00,v4.1.0-produccion,buena:completo/semana_anterior
B7_TAC,2026-09-01 05:20:00,activepower,12336.164,2026-08-31 14:30:00,v4.1.0-produccion,buena:completo/semana_anterior
B7_TAC,2026-09-01 05:30:00,activepower,13002.823,2026-08-31 14:30:00,v4.1.0-produccion,buena:completo/semana_anterior
B7_TAC,2026-09-01 05:40:00,activepower,13832.888,2026-08-31 14:30:00,v4.1.0-produccion,buena:completo/semana_anterior
B7_TAC,2026-09-01 05:50:00,activepower,15091.237,2026-08-31 14:30:00,v4.1.0-produccion,buena:completo/semana_anterior
B7_TAC,2026-09-01 06:00:00,activepower,16171.964,2026-08-31 14:30:00,v4.1.0-produccion,buena:completo/semana_anterior
B7_TAC,2026-09-01 06:10:00,activepower,17404.43,2026-08-31 14:30:00,v4.1.0-produccion,buena:completo/semana_anterior
B7_TAC,2026-09-01 06:20:00,activepower,18471.096,2026-08-31 14:30:00,v4.1.0-produccion,buena:completo/semana_anterior
B7_TAC,2026-09-01 06:30:00,activepower,19148.945,2026-08-31 14:30:00,v4.1.0-produccion,buena:completo/semana_anterior
B7_TAC,2026-09-01 06:40:00,activepower,20025.883,2026-08-31 14:30:00,v4.1.0-produccion,buena:completo/semana_anterior
B7_TAC,2026-09-01 06:50:00,activepower,20961.246,2026-08-31 14:30:00,v4.1.0-produccion,buena:completo/semana_anterior
B7_TAC,2026-09-01 07:00:00,activepower,21559.068,2026-08-31 14:30:00,v4.1.0-produccion,buena:completo/semana_anterior
B7_TAC,2026-09-01 07:10:00,activepower,22948.84,2026-08-31 14:30:00,v4.1.0-produccion,buena:completo/semana_anterior
B7_TAC,2026-09-01 07:20:00,activepower,24147.113,2026-08-31 14:30:00,v4.1.0-produccion,buena:completo/semana_anterior
B7_TAC,2026-09-01 07:30:00,activepower,24829.164,2026-08-31 14:30:00,v4.1.0-produccion,buena:completo/semana_anterior
B7_TAC,2026-09-01 07:40:00,activepower,25728.96,2026-08-31 14:30:00,v4.1.0-produccion,buena:completo/semana_anterior
B7_TAC,2026-09-01 07:50:00,activepower,26655.143,2026-08-31 14:30:00,v4.1.0-produccion,buena:completo/semana_anterior
B7_TAC,2026-09-01 08:00:00,activepower,26934.877,2026-08-31 14:30:00,v4.1.0-produccion,buena:completo/semana_anterior
B7_TAC,2026-09-01 08:10:00,activepower,28166.668,2026-08-31 14:30:00,v4.1.0-produccion,buena:completo/semana_anterior
B7_TAC,2026-09-01 08:20:00,activepower,28688.77,2026-08-31 14:30:00,v4.1.0-produccion,buena:completo/semana_anterior
B7_TAC,2026-09-01 08:30:00,activepower,28794.459,2026-08-31 14:30:00,v4.1.0-produccion,buena:completo/semana_anterior
B7_TAC,2026-09-01 08:40:00,activepower,29757.441,2026-08-31 14:30:00,v4.1.0-produccion,buena:completo/semana_anterior
B7_TAC,2026-09-01 08:50:00,activepower,29983.46,2026-08-31 14:30:00,v4.1.0-produccion,buena:completo/semana_anterior
B7_TAC,2026-09-01 09:00:00,activepower,30133.617,2026-08-31 14:30:00,v4.1.0-produccion,buena:completo/semana_anterior
B7_TAC,2026-09-01 09:10:00,activepower,30697.809,2026-08-31 14:30:00,v4.1.0-produccion,buena:completo/semana_anterior
B7_TAC,2026-09-01 09:20:00,activepower,30792.648,2026-08-31 14:30:00,v4.1.0-produccion,buena:completo/semana_anterior
B7_TAC,2026-09-01 09:30:00,activepower,31340.459,2026-08-31 14:30:00,v4.1.0-produccion,buena:completo/semana_anterior
B7_TAC,2026-09-01 09:40:00,activepower,31817.213,2026-08-31 14:30:00,v4.1.0-produccion,buena:completo/semana_anterior
B7_TAC,2026-09-01 09:50:00,activepower,32026.354,2026-08-31 14:30:00,v4.1.0-produccion,buena:completo/semana_anterior
B7_TAC,2026-09-01 10:00:00,activepower,32270.0,2026-08-31 14:30:00,v4.1.0-produccion,buena:completo/semana_anterior
B7_TAC,2026-09-01 10:10:00,activepower,32676.287,2026-08-31 14:30:00,v4.1.0-produccion,buena:completo/semana_anterior
B7_TAC,2026-09-01 10:20:00,activepower,32685.521,2026-08-31 14:30:00,v4.1.0-produccion,buena:completo/semana_anterior
B7_TAC,2026-09-01 10:30:00,activepower,33174.29,2026-08-31 14:30:00,v4.1.0-produccion,buena:completo/semana_anterior
B7_TAC,2026-09-01 10:40:00,activepower,33562.22,2026-08-31 14:30:00,v4.1.0-produccion,buena:completo/semana_anterior
B7_TAC,2026-09-01 10:50:00,activepower,33649.156,2026-08-31 14:30:00,v4.1.0-produccion,buena:completo/semana_anterior
B7_TAC,2026-09-01 11:00:00,activepower,33623.066,2026-08-31 14:30:00,v4.1.0-produccion,buena:completo/semana_anterior
B7_TAC,2026-09-01 11:10:00,activepower,33840.215,2026-08-31 14:30:00,v4.1.0-produccion,buena:completo/semana_anterior
B7_TAC,2026-09-01 11:20:00,activepower,33986.31,2026-08-31 14:30:00,v4.1.0-produccion,buena:completo/semana_anterior
B7_TAC,2026-09-01 11:30:00,activepower,34227.88,2026-08-31 14:30:00,v4.1.0-produccion,buena:completo/semana_anterior
B7_TAC,2026-09-01 11:40:00,activepower,34928.973,2026-08-31 14:30:00,v4.1.0-produccion,buena:completo/semana_anterior
B7_TAC,2026-09-01 11:50:00,activepower,35494.25,2026-08-31 14:30:00,v4.1.0-produccion,buena:completo/semana_anterior
B7_TAC,2026-09-01 12:00:00,activepower,35514.96,2026-08-31 14:30:00,v4.1.0-produccion,buena:completo/semana_anterior
B7_TAC,2026-09-01 12:10:00,activepower,35664.62,2026-08-31 14:30:00,v4.1.0-produccion,buena:completo/semana_anterior
B7_TAC,2026-09-01 12:20:00,activepower,36284.914,2026-08-31 14:30:00,v4.1.0-produccion,buena:completo/semana_anterior
B7_TAC,2026-09-01 12:30:00,activepower,36393.945,2026-08-31 14:30:00,v4.1.0-produccion,buena:completo/semana_anterior
B7_TAC,2026-09-01 12:40:00,activepower,37013.645,2026-08-31 14:30:00,v4.1.0-produccion,buena:completo/semana_anterior
B7_TAC,2026-09-01 12:50:00,activepower,37094.88,2026-08-31 14:30:00,v4.1.0-produccion,buena:completo/semana_anterior
B7_TAC,2026-09-01 13:00:00,activepower,37102.203,2026-08-31 14:30:00,v4.1.0-produccion,buena:completo/semana_anterior
B7_TAC,2026-09-01 13:10:00,activepower,36953.703,2026-08-31 14:30:00,v4.1.0-produccion,buena:completo/semana_anterior
B7_TAC,2026-09-01 13:20:00,activepower,37699.4,2026-08-31 14:30:00,v4.1.0-produccion,buena:completo/semana_anterior
B7_TAC,2026-09-01 13:30:00,activepower,37807.863,2026-08-31 14:30:00,v4.1.0-produccion,buena:completo/semana_anterior
B7_TAC,2026-09-01 13:40:00,activepower,37893.934,2026-08-31 14:30:00,v4.1.0-produccion,buena:completo/semana_anterior
B7_TAC,2026-09-01 13:50:00,activepower,38220.41,2026-08-31 14:30:00,v4.1.0-produccion,buena:completo/semana_anterior
B7_TAC,2026-09-01 14:00:00,activepower,38126.68,2026-08-31 14:30:00,v4.1.0-produccion,buena:completo/semana_anterior
B7_TAC,2026-09-01 14:10:00,activepower,37562.11,2026-08-31 14:30:00,v4.1.0-produccion,buena:completo/semana_anterior
B7_TAC,2026-09-01 14:20:00,activepower,37461.855,2026-08-31 14:30:00,v4.1.0-produccion,buena:completo/semana_anterior
B7_TAC,2026-09-01 14:30:00,activepower,37156.453,2026-08-31 14:30:00,v4.1.0-produccion,buena:completo/semana_anterior
B7_TAC,2026-08-31 14:40:00,totalpowerfactor,0.96462095,2026-08-31 14:30:00,v4.1.0-produccion,buena:completo/semana_anterior
B7_TAC,2026-08-31 14:50:00,totalpowerfactor,0.9636338,2026-08-31 14:30:00,v4.1.0-produccion,buena:completo/semana_anterior
B7_TAC,2026-08-31 15:00:00,totalpowerfactor,0.96119547,2026-08-31 14:30:00,v4.1.0-produccion,buena:completo/semana_anterior
B7_TAC,2026-08-31 15:10:00,totalpowerfactor,0.9612265,2026-08-31 14:30:00,v4.1.0-produccion,buena:completo/semana_anterior
B7_TAC,2026-08-31 15:20:00,totalpowerfactor,0.95772433,2026-08-31 14:30:00,v4.1.0-produccion,buena:completo/semana_anterior
B7_TAC,2026-08-31 15:30:00,totalpowerfactor,0.9585625,2026-08-31 14:30:00,v4.1.0-produccion,buena:completo/semana_anterior
B7_TAC,2026-08-31 15:40:00,totalpowerfactor,0.9582984,2026-08-31 14:30:00,v4.1.0-produccion,buena:completo/semana_anterior
B7_TAC,2026-08-31 15:50:00,totalpowerfactor,0.95467675,2026-08-31 14:30:00,v4.1.0-produccion,buena:completo/semana_anterior
B7_TAC,2026-08-31 16:00:00,totalpowerfactor,0.954859,2026-08-31 14:30:00,v4.1.0-produccion,buena:completo/semana_anterior
B7_TAC,2026-08-31 16:10:00,totalpowerfactor,0.95411956,2026-08-31 14:30:00,v4.1.0-produccion,buena:completo/semana_anterior
B7_TAC,2026-08-31 16:20:00,totalpowerfactor,0.95192933,2026-08-31 14:30:00,v4.1.0-produccion,buena:completo/semana_anterior
B7_TAC,2026-08-31 16:30:00,totalpowerfactor,0.9501921,2026-08-31 14:30:00,v4.1.0-produccion,buena:completo/semana_anterior
B7_TAC,2026-08-31 16:40:00,totalpowerfactor,0.94680876,2026-08-31 14:30:00,v4.1.0-produccion,buena:completo/semana_anterior
B7_TAC,2026-08-31 16:50:00,totalpowerfactor,0.9427227,2026-08-31 14:30:00,v4.1.0-produccion,buena:completo/semana_anterior
B7_TAC,2026-08-31 17:00:00,totalpowerfactor,0.94127667,2026-08-31 14:30:00,v4.1.0-produccion,buena:completo/semana_anterior
B7_TAC,2026-08-31 17:10:00,totalpowerfactor,0.93940437,2026-08-31 14:30:00,v4.1.0-produccion,buena:completo/semana_anterior
B7_TAC,2026-08-31 17:20:00,totalpowerfactor,0.9363561,2026-08-31 14:30:00,v4.1.0-produccion,buena:completo/semana_anterior
B7_TAC,2026-08-31 17:30:00,totalpowerfactor,0.93425786,2026-08-31 14:30:00,v4.1.0-produccion,buena:completo/semana_anterior
B7_TAC,2026-08-31 17:40:00,totalpowerfactor,0.93153363,2026-08-31 14:30:00,v4.1.0-produccion,buena:completo/semana_anterior
B7_TAC,2026-08-31 17:50:00,totalpowerfactor,0.92929834,2026-08-31 14:30:00,v4.1.0-produccion,buena:completo/semana_anterior
B7_TAC,2026-08-31 18:00:00,totalpowerfactor,0.9253237,2026-08-31 14:30:00,v4.1.0-produccion,buena:completo/semana_anterior
B7_TAC,2026-08-31 18:10:00,totalpowerfactor,0.9231398,2026-08-31 14:30:00,v4.1.0-produccion,buena:completo/semana_anterior
B7_TAC,2026-08-31 18:20:00,totalpowerfactor,0.9197001,2026-08-31 14:30:00,v4.1.0-produccion,buena:completo/semana_anterior
B7_TAC,2026-08-31 18:30:00,totalpowerfactor,0.91668046,2026-08-31 14:30:00,v4.1.0-produccion,buena:completo/semana_anterior
B7_TAC,2026-08-31 18:40:00,totalpowerfactor,0.9130851,2026-08-31 14:30:00,v4.1.0-produccion,buena:completo/semana_anterior
B7_TAC,2026-08-31 18:50:00,totalpowerfactor,0.9102833,2026-08-31 14:30:00,v4.1.0-produccion,buena:completo/semana_anterior
B7_TAC,2026-08-31 19:00:00,totalpowerfactor,0.90967745,2026-08-31 14:30:00,v4.1.0-produccion,buena:completo/semana_anterior
B7_TAC,2026-08-31 19:10:00,totalpowerfactor,0.90555996,2026-08-31 14:30:00,v4.1.0-produccion,buena:completo/semana_anterior
B7_TAC,2026-08-31 19:20:00,totalpowerfactor,0.90081185,2026-08-31 14:30:00,v4.1.0-produccion,buena:completo/semana_anterior
B7_TAC,2026-08-31 19:30:00,totalpowerfactor,0.8965892,2026-08-31 14:30:00,v4.1.0-produccion,buena:completo/semana_anterior
B7_TAC,2026-08-31 19:40:00,totalpowerfactor,0.89470804,2026-08-31 14:30:00,v4.1.0-produccion,buena:completo/semana_anterior
B7_TAC,2026-08-31 19:50:00,totalpowerfactor,0.89120173,2026-08-31 14:30:00,v4.1.0-produccion,buena:completo/semana_anterior
B7_TAC,2026-08-31 20:00:00,totalpowerfactor,0.88735485,2026-08-31 14:30:00,v4.1.0-produccion,buena:completo/semana_anterior
B7_TAC,2026-08-31 20:10:00,totalpowerfactor,0.8854002,2026-08-31 14:30:00,v4.1.0-produccion,buena:completo/semana_anterior
B7_TAC,2026-08-31 20:20:00,totalpowerfactor,0.8797015,2026-08-31 14:30:00,v4.1.0-produccion,buena:completo/semana_anterior
B7_TAC,2026-08-31 20:30:00,totalpowerfactor,0.8740332,2026-08-31 14:30:00,v4.1.0-produccion,buena:completo/semana_anterior
B7_TAC,2026-08-31 20:40:00,totalpowerfactor,0.870374,2026-08-31 14:30:00,v4.1.0-produccion,buena:completo/semana_anterior
B7_TAC,2026-08-31 20:50:00,totalpowerfactor,0.87028,2026-08-31 14:30:00,v4.1.0-produccion,buena:completo/semana_anterior
B7_TAC,2026-08-31 21:00:00,totalpowerfactor,0.86580247,2026-08-31 14:30:00,v4.1.0-produccion,buena:completo/semana_anterior
B7_TAC,2026-08-31 21:10:00,totalpowerfactor,0.8662975,2026-08-31 14:30:00,v4.1.0-produccion,buena:completo/semana_anterior
B7_TAC,2026-08-31 21:20:00,totalpowerfactor,0.86078143,2026-08-31 14:30:00,v4.1.0-produccion,buena:completo/semana_anterior
B7_TAC,2026-08-31 21:30:00,totalpowerfactor,0.8554079,2026-08-31 14:30:00,v4.1.0-produccion,buena:completo/semana_anterior
B7_TAC,2026-08-31 21:40:00,totalpowerfactor,0.8514693,2026-08-31 14:30:00,v4.1.0-produccion,buena:completo/semana_anterior
B7_TAC,2026-08-31 21:50:00,totalpowerfactor,0.85080594,2026-08-31 14:30:00,v4.1.0-produccion,buena:completo/semana_anterior
B7_TAC,2026-08-31 22:00:00,totalpowerfactor,0.84754384,2026-08-31 14:30:00,v4.1.0-produccion,buena:completo/semana_anterior
B7_TAC,2026-08-31 22:10:00,totalpowerfactor,0.8453234,2026-08-31 14:30:00,v4.1.0-produccion,buena:completo/semana_anterior
B7_TAC,2026-08-31 22:20:00,totalpowerfactor,0.8423339,2026-08-31 14:30:00,v4.1.0-produccion,buena:completo/semana_anterior
B7_TAC,2026-08-31 22:30:00,totalpowerfactor,0.8375333,2026-08-31 14:30:00,v4.1.0-produccion,buena:completo/semana_anterior
B7_TAC,2026-08-31 22:40:00,totalpowerfactor,0.83690155,2026-08-31 14:30:00,v4.1.0-produccion,buena:completo/semana_anterior
B7_TAC,2026-08-31 22:50:00,totalpowerfactor,0.83573616,2026-08-31 14:30:00,v4.1.0-produccion,buena:completo/semana_anterior
B7_TAC,2026-08-31 23:00:00,totalpowerfactor,0.83409667,2026-08-31 14:30:00,v4.1.0-produccion,buena:completo/semana_anterior
B7_TAC,2026-08-31 23:10:00,totalpowerfactor,0.8332827,2026-08-31 14:30:00,v4.1.0-produccion,buena:completo/semana_anterior
B7_TAC,2026-08-31 23:20:00,totalpowerfactor,0.83152795,2026-08-31 14:30:00,v4.1.0-produccion,buena:completo/semana_anterior
B7_TAC,2026-08-31 23:30:00,totalpowerfactor,0.8277185,2026-08-31 14:30:00,v4.1.0-produccion,buena:completo/semana_anterior
B7_TAC,2026-08-31 23:40:00,totalpowerfactor,0.82644,2026-08-31 14:30:00,v4.1.0-produccion,buena:completo/semana_anterior
B7_TAC,2026-08-31 23:50:00,totalpowerfactor,0.8239812,2026-08-31 14:30:00,v4.1.0-produccion,buena:completo/semana_anterior
B7_TAC,2026-09-01 00:00:00,totalpowerfactor,0.8247132,2026-08-31 14:30:00,v4.1.0-produccion,buena:completo/semana_anterior
B7_TAC,2026-09-01 00:10:00,totalpowerfactor,0.8240619,2026-08-31 14:30:00,v4.1.0-produccion,buena:completo/semana_anterior
B7_TAC,2026-09-01 00:20:00,totalpowerfactor,0.8211828,2026-08-31 14:30:00,v4.1.0-produccion,buena:completo/semana_anterior
B7_TAC,2026-09-01 00:30:00,totalpowerfactor,0.81864166,2026-08-31 14:30:00,v4.1.0-produccion,buena:completo/semana_anterior
B7_TAC,2026-09-01 00:40:00,totalpowerfactor,0.81585324,2026-08-31 14:30:00,v4.1.0-produccion,buena:completo/semana_anterior
B7_TAC,2026-09-01 00:50:00,totalpowerfactor,0.8151409,2026-08-31 14:30:00,v4.1.0-produccion,buena:completo/semana_anterior
B7_TAC,2026-09-01 01:00:00,totalpowerfactor,0.8147636,2026-08-31 14:30:00,v4.1.0-produccion,buena:completo/semana_anterior
B7_TAC,2026-09-01 01:10:00,totalpowerfactor,0.81476736,2026-08-31 14:30:00,v4.1.0-produccion,buena:completo/semana_anterior
B7_TAC,2026-09-01 01:20:00,totalpowerfactor,0.81288666,2026-08-31 14:30:00,v4.1.0-produccion,buena:completo/semana_anterior
B7_TAC,2026-09-01 01:30:00,totalpowerfactor,0.8102751,2026-08-31 14:30:00,v4.1.0-produccion,buena:completo/semana_anterior
B7_TAC,2026-09-01 01:40:00,totalpowerfactor,0.8082786,2026-08-31 14:30:00,v4.1.0-produccion,buena:completo/semana_anterior
B7_TAC,2026-09-01 01:50:00,totalpowerfactor,0.8105036,2026-08-31 14:30:00,v4.1.0-produccion,buena:completo/semana_anterior
B7_TAC,2026-09-01 02:00:00,totalpowerfactor,0.80759364,2026-08-31 14:30:00,v4.1.0-produccion,buena:completo/semana_anterior
B7_TAC,2026-09-01 02:10:00,totalpowerfactor,0.80994785,2026-08-31 14:30:00,v4.1.0-produccion,buena:completo/semana_anterior
B7_TAC,2026-09-01 02:20:00,totalpowerfactor,0.8102223,2026-08-31 14:30:00,v4.1.0-produccion,buena:completo/semana_anterior
B7_TAC,2026-09-01 02:30:00,totalpowerfactor,0.81285906,2026-08-31 14:30:00,v4.1.0-produccion,buena:completo/semana_anterior
B7_TAC,2026-09-01 02:40:00,totalpowerfactor,0.8107089,2026-08-31 14:30:00,v4.1.0-produccion,buena:completo/semana_anterior
B7_TAC,2026-09-01 02:50:00,totalpowerfactor,0.8126473,2026-08-31 14:30:00,v4.1.0-produccion,buena:completo/semana_anterior
B7_TAC,2026-09-01 03:00:00,totalpowerfactor,0.815866,2026-08-31 14:30:00,v4.1.0-produccion,buena:completo/semana_anterior
B7_TAC,2026-09-01 03:10:00,totalpowerfactor,0.82153517,2026-08-31 14:30:00,v4.1.0-produccion,buena:completo/semana_anterior
B7_TAC,2026-09-01 03:20:00,totalpowerfactor,0.82516134,2026-08-31 14:30:00,v4.1.0-produccion,buena:completo/semana_anterior
B7_TAC,2026-09-01 03:30:00,totalpowerfactor,0.82861096,2026-08-31 14:30:00,v4.1.0-produccion,buena:completo/semana_anterior
B7_TAC,2026-09-01 03:40:00,totalpowerfactor,0.8278792,2026-08-31 14:30:00,v4.1.0-produccion,buena:completo/semana_anterior
B7_TAC,2026-09-01 03:50:00,totalpowerfactor,0.8341176,2026-08-31 14:30:00,v4.1.0-produccion,buena:completo/semana_anterior
B7_TAC,2026-09-01 04:00:00,totalpowerfactor,0.84025323,2026-08-31 14:30:00,v4.1.0-produccion,buena:completo/semana_anterior
B7_TAC,2026-09-01 04:10:00,totalpowerfactor,0.847835,2026-08-31 14:30:00,v4.1.0-produccion,buena:completo/semana_anterior
B7_TAC,2026-09-01 04:20:00,totalpowerfactor,0.8556981,2026-08-31 14:30:00,v4.1.0-produccion,buena:completo/semana_anterior
B7_TAC,2026-09-01 04:30:00,totalpowerfactor,0.8583796,2026-08-31 14:30:00,v4.1.0-produccion,buena:completo/semana_anterior
B7_TAC,2026-09-01 04:40:00,totalpowerfactor,0.8603846,2026-08-31 14:30:00,v4.1.0-produccion,buena:completo/semana_anterior
B7_TAC,2026-09-01 04:50:00,totalpowerfactor,0.86582696,2026-08-31 14:30:00,v4.1.0-produccion,buena:completo/semana_anterior
B7_TAC,2026-09-01 05:00:00,totalpowerfactor,0.8742559,2026-08-31 14:30:00,v4.1.0-produccion,buena:completo/semana_anterior
B7_TAC,2026-09-01 05:10:00,totalpowerfactor,0.88018596,2026-08-31 14:30:00,v4.1.0-produccion,buena:completo/semana_anterior
B7_TAC,2026-09-01 05:20:00,totalpowerfactor,0.88802975,2026-08-31 14:30:00,v4.1.0-produccion,buena:completo/semana_anterior
B7_TAC,2026-09-01 05:30:00,totalpowerfactor,0.8910959,2026-08-31 14:30:00,v4.1.0-produccion,buena:completo/semana_anterior
B7_TAC,2026-09-01 05:40:00,totalpowerfactor,0.89497805,2026-08-31 14:30:00,v4.1.0-produccion,buena:completo/semana_anterior
B7_TAC,2026-09-01 05:50:00,totalpowerfactor,0.899987,2026-08-31 14:30:00,v4.1.0-produccion,buena:completo/semana_anterior
B7_TAC,2026-09-01 06:00:00,totalpowerfactor,0.9037445,2026-08-31 14:30:00,v4.1.0-produccion,buena:completo/semana_anterior
B7_TAC,2026-09-01 06:10:00,totalpowerfactor,0.9126619,2026-08-31 14:30:00,v4.1.0-produccion,buena:completo/semana_anterior
B7_TAC,2026-09-01 06:20:00,totalpowerfactor,0.9198532,2026-08-31 14:30:00,v4.1.0-produccion,buena:completo/semana_anterior
B7_TAC,2026-09-01 06:30:00,totalpowerfactor,0.92164147,2026-08-31 14:30:00,v4.1.0-produccion,buena:completo/semana_anterior
B7_TAC,2026-09-01 06:40:00,totalpowerfactor,0.92234015,2026-08-31 14:30:00,v4.1.0-produccion,buena:completo/semana_anterior
B7_TAC,2026-09-01 06:50:00,totalpowerfactor,0.92596626,2026-08-31 14:30:00,v4.1.0-produccion,buena:completo/semana_anterior
B7_TAC,2026-09-01 07:00:00,totalpowerfactor,0.93083924,2026-08-31 14:30:00,v4.1.0-produccion,buena:completo/semana_anterior
B7_TAC,2026-09-01 07:10:00,totalpowerfactor,0.9369507,2026-08-31 14:30:00,v4.1.0-produccion,buena:completo/semana_anterior
B7_TAC,2026-09-01 07:20:00,totalpowerfactor,0.9402707,2026-08-31 14:30:00,v4.1.0-produccion,buena:completo/semana_anterior
B7_TAC,2026-09-01 07:30:00,totalpowerfactor,0.9417902,2026-08-31 14:30:00,v4.1.0-produccion,buena:completo/semana_anterior
B7_TAC,2026-09-01 07:40:00,totalpowerfactor,0.9447923,2026-08-31 14:30:00,v4.1.0-produccion,buena:completo/semana_anterior
B7_TAC,2026-09-01 07:50:00,totalpowerfactor,0.94768006,2026-08-31 14:30:00,v4.1.0-produccion,buena:completo/semana_anterior
B7_TAC,2026-09-01 08:00:00,totalpowerfactor,0.95038325,2026-08-31 14:30:00,v4.1.0-produccion,buena:completo/semana_anterior
B7_TAC,2026-09-01 08:10:00,totalpowerfactor,0.9549006,2026-08-31 14:30:00,v4.1.0-produccion,buena:completo/semana_anterior
B7_TAC,2026-09-01 08:20:00,totalpowerfactor,0.9563244,2026-08-31 14:30:00,v4.1.0-produccion,buena:completo/semana_anterior
B7_TAC,2026-09-01 08:30:00,totalpowerfactor,0.9576551,2026-08-31 14:30:00,v4.1.0-produccion,buena:completo/semana_anterior
B7_TAC,2026-09-01 08:40:00,totalpowerfactor,0.9587102,2026-08-31 14:30:00,v4.1.0-produccion,buena:completo/semana_anterior
B7_TAC,2026-09-01 08:50:00,totalpowerfactor,0.9584503,2026-08-31 14:30:00,v4.1.0-produccion,buena:completo/semana_anterior
B7_TAC,2026-09-01 09:00:00,totalpowerfactor,0.9630162,2026-08-31 14:30:00,v4.1.0-produccion,buena:completo/semana_anterior
B7_TAC,2026-09-01 09:10:00,totalpowerfactor,0.9633845,2026-08-31 14:30:00,v4.1.0-produccion,buena:completo/semana_anterior
B7_TAC,2026-09-01 09:20:00,totalpowerfactor,0.9658294,2026-08-31 14:30:00,v4.1.0-produccion,buena:completo/semana_anterior
B7_TAC,2026-09-01 09:30:00,totalpowerfactor,0.9663719,2026-08-31 14:30:00,v4.1.0-produccion,buena:completo/semana_anterior
B7_TAC,2026-09-01 09:40:00,totalpowerfactor,0.9636917,2026-08-31 14:30:00,v4.1.0-produccion,buena:completo/semana_anterior
B7_TAC,2026-09-01 09:50:00,totalpowerfactor,0.9643917,2026-08-31 14:30:00,v4.1.0-produccion,buena:completo/semana_anterior
B7_TAC,2026-09-01 10:00:00,totalpowerfactor,0.9651979,2026-08-31 14:30:00,v4.1.0-produccion,buena:completo/semana_anterior
B7_TAC,2026-09-01 10:10:00,totalpowerfactor,0.96570957,2026-08-31 14:30:00,v4.1.0-produccion,buena:completo/semana_anterior
B7_TAC,2026-09-01 10:20:00,totalpowerfactor,0.96532166,2026-08-31 14:30:00,v4.1.0-produccion,buena:completo/semana_anterior
B7_TAC,2026-09-01 10:30:00,totalpowerfactor,0.9686785,2026-08-31 14:30:00,v4.1.0-produccion,buena:completo/semana_anterior
B7_TAC,2026-09-01 10:40:00,totalpowerfactor,0.9672853,2026-08-31 14:30:00,v4.1.0-produccion,buena:completo/semana_anterior
B7_TAC,2026-09-01 10:50:00,totalpowerfactor,0.96705616,2026-08-31 14:30:00,v4.1.0-produccion,buena:completo/semana_anterior
B7_TAC,2026-09-01 11:00:00,totalpowerfactor,0.96569544,2026-08-31 14:30:00,v4.1.0-produccion,buena:completo/semana_anterior
B7_TAC,2026-09-01 11:10:00,totalpowerfactor,0.9665271,2026-08-31 14:30:00,v4.1.0-produccion,buena:completo/semana_anterior
B7_TAC,2026-09-01 11:20:00,totalpowerfactor,0.96629936,2026-08-31 14:30:00,v4.1.0-produccion,buena:completo/semana_anterior
B7_TAC,2026-09-01 11:30:00,totalpowerfactor,0.9673685,2026-08-31 14:30:00,v4.1.0-produccion,buena:completo/semana_anterior
B7_TAC,2026-09-01 11:40:00,totalpowerfactor,0.96691465,2026-08-31 14:30:00,v4.1.0-produccion,buena:completo/semana_anterior
B7_TAC,2026-09-01 11:50:00,totalpowerfactor,0.9689802,2026-08-31 14:30:00,v4.1.0-produccion,buena:completo/semana_anterior
B7_TAC,2026-09-01 12:00:00,totalpowerfactor,0.96769714,2026-08-31 14:30:00,v4.1.0-produccion,buena:completo/semana_anterior
B7_TAC,2026-09-01 12:10:00,totalpowerfactor,0.96665394,2026-08-31 14:30:00,v4.1.0-produccion,buena:completo/semana_anterior
B7_TAC,2026-09-01 12:20:00,totalpowerfactor,0.96676356,2026-08-31 14:30:00,v4.1.0-produccion,buena:completo/semana_anterior
B7_TAC,2026-09-01 12:30:00,totalpowerfactor,0.96783894,2026-08-31 14:30:00,v4.1.0-produccion,buena:completo/semana_anterior
B7_TAC,2026-09-01 12:40:00,totalpowerfactor,0.96622586,2026-08-31 14:30:00,v4.1.0-produccion,buena:completo/semana_anterior
B7_TAC,2026-09-01 12:50:00,totalpowerfactor,0.96654785,2026-08-31 14:30:00,v4.1.0-produccion,buena:completo/semana_anterior
B7_TAC,2026-09-01 13:00:00,totalpowerfactor,0.96432793,2026-08-31 14:30:00,v4.1.0-produccion,buena:completo/semana_anterior
B7_TAC,2026-09-01 13:10:00,totalpowerfactor,0.9652438,2026-08-31 14:30:00,v4.1.0-produccion,buena:completo/semana_anterior
B7_TAC,2026-09-01 13:20:00,totalpowerfactor,0.96769077,2026-08-31 14:30:00,v4.1.0-produccion,buena:completo/semana_anterior
B7_TAC,2026-09-01 13:30:00,totalpowerfactor,0.9671044,2026-08-31 14:30:00,v4.1.0-produccion,buena:completo/semana_anterior
B7_TAC,2026-09-01 13:40:00,totalpowerfactor,0.9674651,2026-08-31 14:30:00,v4.1.0-produccion,buena:completo/semana_anterior
B7_TAC,2026-09-01 13:50:00,totalpowerfactor,0.9661838,2026-08-31 14:30:00,v4.1.0-produccion,buena:completo/semana_anterior
B7_TAC,2026-09-01 14:00:00,totalpowerfactor,0.966027,2026-08-31 14:30:00,v4.1.0-produccion,buena:completo/semana_anterior
B7_TAC,2026-09-01 14:10:00,totalpowerfactor,0.96603346,2026-08-31 14:30:00,v4.1.0-produccion,buena:completo/semana_anterior
B7_TAC,2026-09-01 14:20:00,totalpowerfactor,0.96460986,2026-08-31 14:30:00,v4.1.0-produccion,buena:completo/semana_anterior
B7_TAC,2026-09-01 14:30:00,totalpowerfactor,0.9636894,2026-08-31 14:30:00,v4.1.0-produccion,buena:completo/semana_anterior
B7_TAC,2026-08-31 14:40:00,voltaje_promedio,123.034065,2026-08-31 14:30:00,v4.1.0-produccion,buena:completo/semana_anterior
B7_TAC,2026-08-31 14:50:00,voltaje_promedio,123.12251,2026-08-31 14:30:00,v4.1.0-produccion,buena:completo/semana_anterior
B7_TAC,2026-08-31 15:00:00,voltaje_promedio,123.13086,2026-08-31 14:30:00,v4.1.0-produccion,buena:completo/semana_anterior
B7_TAC,2026-08-31 15:10:00,voltaje_promedio,123.18042,2026-08-31 14:30:00,v4.1.0-produccion,buena:completo/semana_anterior
B7_TAC,2026-08-31 15:20:00,voltaje_promedio,123.256874,2026-08-31 14:30:00,v4.1.0-produccion,buena:completo/semana_anterior
B7_TAC,2026-08-31 15:30:00,voltaje_promedio,123.40143,2026-08-31 14:30:00,v4.1.0-produccion,buena:completo/semana_anterior
B7_TAC,2026-08-31 15:40:00,voltaje_promedio,123.49822,2026-08-31 14:30:00,v4.1.0-produccion,buena:completo/semana_anterior
B7_TAC,2026-08-31 15:50:00,voltaje_promedio,123.4855,2026-08-31 14:30:00,v4.1.0-produccion,buena:completo/semana_anterior
B7_TAC,2026-08-31 16:00:00,voltaje_promedio,123.55989,2026-08-31 14:30:00,v4.1.0-produccion,buena:completo/semana_anterior
B7_TAC,2026-08-31 16:10:00,voltaje_promedio,123.71744,2026-08-31 14:30:00,v4.1.0-produccion,buena:completo/semana_anterior
B7_TAC,2026-08-31 16:20:00,voltaje_promedio,123.74338,2026-08-31 14:30:00,v4.1.0-produccion,buena:completo/semana_anterior
B7_TAC,2026-08-31 16:30:00,voltaje_promedio,123.795616,2026-08-31 14:30:00,v4.1.0-produccion,buena:completo/semana_anterior
B7_TAC,2026-08-31 16:40:00,voltaje_promedio,123.91704,2026-08-31 14:30:00,v4.1.0-produccion,buena:completo/semana_anterior
B7_TAC,2026-08-31 16:50:00,voltaje_promedio,123.89082,2026-08-31 14:30:00,v4.1.0-produccion,buena:completo/semana_anterior
B7_TAC,2026-08-31 17:00:00,voltaje_promedio,123.988075,2026-08-31 14:30:00,v4.1.0-produccion,buena:completo/semana_anterior
B7_TAC,2026-08-31 17:10:00,voltaje_promedio,123.99201,2026-08-31 14:30:00,v4.1.0-produccion,buena:completo/semana_anterior
B7_TAC,2026-08-31 17:20:00,voltaje_promedio,124.04298,2026-08-31 14:30:00,v4.1.0-produccion,buena:completo/semana_anterior
B7_TAC,2026-08-31 17:30:00,voltaje_promedio,124.09054,2026-08-31 14:30:00,v4.1.0-produccion,buena:completo/semana_anterior
B7_TAC,2026-08-31 17:40:00,voltaje_promedio,124.1528,2026-08-31 14:30:00,v4.1.0-produccion,buena:completo/semana_anterior
B7_TAC,2026-08-31 17:50:00,voltaje_promedio,124.21665,2026-08-31 14:30:00,v4.1.0-produccion,buena:completo/semana_anterior
B7_TAC,2026-08-31 18:00:00,voltaje_promedio,124.284966,2026-08-31 14:30:00,v4.1.0-produccion,buena:completo/semana_anterior
B7_TAC,2026-08-31 18:10:00,voltaje_promedio,124.37567,2026-08-31 14:30:00,v4.1.0-produccion,buena:completo/semana_anterior
B7_TAC,2026-08-31 18:20:00,voltaje_promedio,124.40785,2026-08-31 14:30:00,v4.1.0-produccion,buena:completo/semana_anterior
B7_TAC,2026-08-31 18:30:00,voltaje_promedio,124.524796,2026-08-31 14:30:00,v4.1.0-produccion,buena:completo/semana_anterior
B7_TAC,2026-08-31 18:40:00,voltaje_promedio,124.57707,2026-08-31 14:30:00,v4.1.0-produccion,buena:completo/semana_anterior
B7_TAC,2026-08-31 18:50:00,voltaje_promedio,124.595474,2026-08-31 14:30:00,v4.1.0-produccion,buena:completo/semana_anterior
B7_TAC,2026-08-31 19:00:00,voltaje_promedio,124.5928,2026-08-31 14:30:00,v4.1.0-produccion,buena:completo/semana_anterior
B7_TAC,2026-08-31 19:10:00,voltaje_promedio,124.58341,2026-08-31 14:30:00,v4.1.0-produccion,buena:completo/semana_anterior
B7_TAC,2026-08-31 19:20:00,voltaje_promedio,124.682724,2026-08-31 14:30:00,v4.1.0-produccion,buena:completo/semana_anterior
B7_TAC,2026-08-31 19:30:00,voltaje_promedio,124.74953,2026-08-31 14:30:00,v4.1.0-produccion,buena:completo/semana_anterior
B7_TAC,2026-08-31 19:40:00,voltaje_promedio,124.882774,2026-08-31 14:30:00,v4.1.0-produccion,buena:completo/semana_anterior
B7_TAC,2026-08-31 19:50:00,voltaje_promedio,124.89937,2026-08-31 14:30:00,v4.1.0-produccion,buena:completo/semana_anterior
B7_TAC,2026-08-31 20:00:00,voltaje_promedio,124.96057,2026-08-31 14:30:00,v4.1.0-produccion,buena:completo/semana_anterior
B7_TAC,2026-08-31 20:10:00,voltaje_promedio,124.97205,2026-08-31 14:30:00,v4.1.0-produccion,buena:completo/semana_anterior
B7_TAC,2026-08-31 20:20:00,voltaje_promedio,124.990486,2026-08-31 14:30:00,v4.1.0-produccion,buena:completo/semana_anterior
B7_TAC,2026-08-31 20:30:00,voltaje_promedio,125.05379,2026-08-31 14:30:00,v4.1.0-produccion,buena:completo/semana_anterior
B7_TAC,2026-08-31 20:40:00,voltaje_promedio,125.060135,2026-08-31 14:30:00,v4.1.0-produccion,buena:completo/semana_anterior
B7_TAC,2026-08-31 20:50:00,voltaje_promedio,125.12729,2026-08-31 14:30:00,v4.1.0-produccion,buena:completo/semana_anterior
B7_TAC,2026-08-31 21:00:00,voltaje_promedio,125.18812,2026-08-31 14:30:00,v4.1.0-produccion,buena:completo/semana_anterior
B7_TAC,2026-08-31 21:10:00,voltaje_promedio,125.363365,2026-08-31 14:30:00,v4.1.0-produccion,buena:completo/semana_anterior
B7_TAC,2026-08-31 21:20:00,voltaje_promedio,125.33069,2026-08-31 14:30:00,v4.1.0-produccion,buena:completo/semana_anterior
B7_TAC,2026-08-31 21:30:00,voltaje_promedio,125.36259,2026-08-31 14:30:00,v4.1.0-produccion,buena:completo/semana_anterior
B7_TAC,2026-08-31 21:40:00,voltaje_promedio,125.34135,2026-08-31 14:30:00,v4.1.0-produccion,buena:completo/semana_anterior
B7_TAC,2026-08-31 21:50:00,voltaje_promedio,125.306816,2026-08-31 14:30:00,v4.1.0-produccion,buena:completo/semana_anterior
B7_TAC,2026-08-31 22:00:00,voltaje_promedio,125.41212,2026-08-31 14:30:00,v4.1.0-produccion,buena:completo/semana_anterior
B7_TAC,2026-08-31 22:10:00,voltaje_promedio,125.395836,2026-08-31 14:30:00,v4.1.0-produccion,buena:completo/semana_anterior
B7_TAC,2026-08-31 22:20:00,voltaje_promedio,125.34338,2026-08-31 14:30:00,v4.1.0-produccion,buena:completo/semana_anterior
B7_TAC,2026-08-31 22:30:00,voltaje_promedio,125.35591,2026-08-31 14:30:00,v4.1.0-produccion,buena:completo/semana_anterior
B7_TAC,2026-08-31 22:40:00,voltaje_promedio,125.31403,2026-08-31 14:30:00,v4.1.0-produccion,buena:completo/semana_anterior
B7_TAC,2026-08-31 22:50:00,voltaje_promedio,125.29693,2026-08-31 14:30:00,v4.1.0-produccion,buena:completo/semana_anterior
B7_TAC,2026-08-31 23:00:00,voltaje_promedio,125.37762,2026-08-31 14:30:00,v4.1.0-produccion,buena:completo/semana_anterior
B7_TAC,2026-08-31 23:10:00,voltaje_promedio,125.37853,2026-08-31 14:30:00,v4.1.0-produccion,buena:completo/semana_anterior
B7_TAC,2026-08-31 23:20:00,voltaje_promedio,125.41672,2026-08-31 14:30:00,v4.1.0-produccion,buena:completo/semana_anterior
B7_TAC,2026-08-31 23:30:00,voltaje_promedio,125.43164,2026-08-31 14:30:00,v4.1.0-produccion,buena:completo/semana_anterior
B7_TAC,2026-08-31 23:40:00,voltaje_promedio,125.3766,2026-08-31 14:30:00,v4.1.0-produccion,buena:completo/semana_anterior
B7_TAC,2026-08-31 23:50:00,voltaje_promedio,125.415726,2026-08-31 14:30:00,v4.1.0-produccion,buena:completo/semana_anterior
B7_TAC,2026-09-01 00:00:00,voltaje_promedio,125.38254,2026-08-31 14:30:00,v4.1.0-produccion,buena:completo/semana_anterior
B7_TAC,2026-09-01 00:10:00,voltaje_promedio,125.35084,2026-08-31 14:30:00,v4.1.0-produccion,buena:completo/semana_anterior
B7_TAC,2026-09-01 00:20:00,voltaje_promedio,125.39584,2026-08-31 14:30:00,v4.1.0-produccion,buena:completo/semana_anterior
B7_TAC,2026-09-01 00:30:00,voltaje_promedio,125.39139,2026-08-31 14:30:00,v4.1.0-produccion,buena:completo/semana_anterior
B7_TAC,2026-09-01 00:40:00,voltaje_promedio,125.37107,2026-08-31 14:30:00,v4.1.0-produccion,buena:completo/semana_anterior
B7_TAC,2026-09-01 00:50:00,voltaje_promedio,125.42038,2026-08-31 14:30:00,v4.1.0-produccion,buena:completo/semana_anterior
B7_TAC,2026-09-01 01:00:00,voltaje_promedio,125.39466,2026-08-31 14:30:00,v4.1.0-produccion,buena:completo/semana_anterior
B7_TAC,2026-09-01 01:10:00,voltaje_promedio,125.41665,2026-08-31 14:30:00,v4.1.0-produccion,buena:completo/semana_anterior
B7_TAC,2026-09-01 01:20:00,voltaje_promedio,125.384674,2026-08-31 14:30:00,v4.1.0-produccion,buena:completo/semana_anterior
B7_TAC,2026-09-01 01:30:00,voltaje_promedio,125.46419,2026-08-31 14:30:00,v4.1.0-produccion,buena:completo/semana_anterior
B7_TAC,2026-09-01 01:40:00,voltaje_promedio,125.46607,2026-08-31 14:30:00,v4.1.0-produccion,buena:completo/semana_anterior
B7_TAC,2026-09-01 01:50:00,voltaje_promedio,125.45268,2026-08-31 14:30:00,v4.1.0-produccion,buena:completo/semana_anterior
B7_TAC,2026-09-01 02:00:00,voltaje_promedio,125.44332,2026-08-31 14:30:00,v4.1.0-produccion,buena:completo/semana_anterior
B7_TAC,2026-09-01 02:10:00,voltaje_promedio,125.4024,2026-08-31 14:30:00,v4.1.0-produccion,buena:completo/semana_anterior
B7_TAC,2026-09-01 02:20:00,voltaje_promedio,125.4495,2026-08-31 14:30:00,v4.1.0-produccion,buena:completo/semana_anterior
B7_TAC,2026-09-01 02:30:00,voltaje_promedio,125.464554,2026-08-31 14:30:00,v4.1.0-produccion,buena:completo/semana_anterior
B7_TAC,2026-09-01 02:40:00,voltaje_promedio,125.48432,2026-08-31 14:30:00,v4.1.0-produccion,buena:completo/semana_anterior
B7_TAC,2026-09-01 02:50:00,voltaje_promedio,125.4642,2026-08-31 14:30:00,v4.1.0-produccion,buena:completo/semana_anterior
B7_TAC,2026-09-01 03:00:00,voltaje_promedio,125.35604,2026-08-31 14:30:00,v4.1.0-produccion,buena:completo/semana_anterior
B7_TAC,2026-09-01 03:10:00,voltaje_promedio,125.29009,2026-08-31 14:30:00,v4.1.0-produccion,buena:completo/semana_anterior
B7_TAC,2026-09-01 03:20:00,voltaje_promedio,125.23262,2026-08-31 14:30:00,v4.1.0-produccion,buena:completo/semana_anterior
B7_TAC,2026-09-01 03:30:00,voltaje_promedio,125.213196,2026-08-31 14:30:00,v4.1.0-produccion,buena:completo/semana_anterior
B7_TAC,2026-09-01 03:40:00,voltaje_promedio,125.14707,2026-08-31 14:30:00,v4.1.0-produccion,buena:completo/semana_anterior
B7_TAC,2026-09-01 03:50:00,voltaje_promedio,125.07119,2026-08-31 14:30:00,v4.1.0-produccion,buena:completo/semana_anterior
B7_TAC,2026-09-01 04:00:00,voltaje_promedio,124.99585,2026-08-31 14:30:00,v4.1.0-produccion,buena:completo/semana_anterior
B7_TAC,2026-09-01 04:10:00,voltaje_promedio,124.93818,2026-08-31 14:30:00,v4.1.0-produccion,buena:completo/semana_anterior
B7_TAC,2026-09-01 04:20:00,voltaje_promedio,124.85489,2026-08-31 14:30:00,v4.1.0-produccion,buena:completo/semana_anterior
B7_TAC,2026-09-01 04:30:00,voltaje_promedio,124.740456,2026-08-31 14:30:00,v4.1.0-produccion,buena:completo/semana_anterior
B7_TAC,2026-09-01 04:40:00,voltaje_promedio,124.62123,2026-08-31 14:30:00,v4.1.0-produccion,buena:completo/semana_anterior
B7_TAC,2026-09-01 04:50:00,voltaje_promedio,124.466034,2026-08-31 14:30:00,v4.1.0-produccion,buena:completo/semana_anterior
B7_TAC,2026-09-01 05:00:00,voltaje_promedio,124.429085,2026-08-31 14:30:00,v4.1.0-produccion,buena:completo/semana_anterior
B7_TAC,2026-09-01 05:10:00,voltaje_promedio,124.38357,2026-08-31 14:30:00,v4.1.0-produccion,buena:completo/semana_anterior
B7_TAC,2026-09-01 05:20:00,voltaje_promedio,124.25149,2026-08-31 14:30:00,v4.1.0-produccion,buena:completo/semana_anterior
B7_TAC,2026-09-01 05:30:00,voltaje_promedio,124.22344,2026-08-31 14:30:00,v4.1.0-produccion,buena:completo/semana_anterior
B7_TAC,2026-09-01 05:40:00,voltaje_promedio,124.19899,2026-08-31 14:30:00,v4.1.0-produccion,buena:completo/semana_anterior
B7_TAC,2026-09-01 05:50:00,voltaje_promedio,124.004845,2026-08-31 14:30:00,v4.1.0-produccion,buena:completo/semana_anterior
B7_TAC,2026-09-01 06:00:00,voltaje_promedio,123.892105,2026-08-31 14:30:00,v4.1.0-produccion,buena:completo/semana_anterior
B7_TAC,2026-09-01 06:10:00,voltaje_promedio,123.7102,2026-08-31 14:30:00,v4.1.0-produccion,buena:completo/semana_anterior
B7_TAC,2026-09-01 06:20:00,voltaje_promedio,123.65471,2026-08-31 14:30:00,v4.1.0-produccion,buena:completo/semana_anterior
B7_TAC,2026-09-01 06:30:00,voltaje_promedio,123.71062,2026-08-31 14:30:00,v4.1.0-produccion,buena:completo/semana_anterior
B7_TAC,2026-09-01 06:40:00,voltaje_promedio,123.71839,2026-08-31 14:30:00,v4.1.0-produccion,buena:completo/semana_anterior
B7_TAC,2026-09-01 06:50:00,voltaje_promedio,123.65536,2026-08-31 14:30:00,v4.1.0-produccion,buena:completo/semana_anterior
B7_TAC,2026-09-01 07:00:00,voltaje_promedio,123.50108,2026-08-31 14:30:00,v4.1.0-produccion,buena:completo/semana_anterior
B7_TAC,2026-09-01 07:10:00,voltaje_promedio,123.421196,2026-08-31 14:30:00,v4.1.0-produccion,buena:completo/semana_anterior
B7_TAC,2026-09-01 07:20:00,voltaje_promedio,123.36946,2026-08-31 14:30:00,v4.1.0-produccion,buena:completo/semana_anterior
B7_TAC,2026-09-01 07:30:00,voltaje_promedio,123.38325,2026-08-31 14:30:00,v4.1.0-produccion,buena:completo/semana_anterior
B7_TAC,2026-09-01 07:40:00,voltaje_promedio,123.31135,2026-08-31 14:30:00,v4.1.0-produccion,buena:completo/semana_anterior
B7_TAC,2026-09-01 07:50:00,voltaje_promedio,123.27608,2026-08-31 14:30:00,v4.1.0-produccion,buena:completo/semana_anterior
B7_TAC,2026-09-01 08:00:00,voltaje_promedio,123.23694,2026-08-31 14:30:00,v4.1.0-produccion,buena:completo/semana_anterior
B7_TAC,2026-09-01 08:10:00,voltaje_promedio,123.20318,2026-08-31 14:30:00,v4.1.0-produccion,buena:completo/semana_anterior
B7_TAC,2026-09-01 08:20:00,voltaje_promedio,123.10132,2026-08-31 14:30:00,v4.1.0-produccion,buena:completo/semana_anterior
B7_TAC,2026-09-01 08:30:00,voltaje_promedio,123.12848,2026-08-31 14:30:00,v4.1.0-produccion,buena:completo/semana_anterior
B7_TAC,2026-09-01 08:40:00,voltaje_promedio,123.0622,2026-08-31 14:30:00,v4.1.0-produccion,buena:completo/semana_anterior
B7_TAC,2026-09-01 08:50:00,voltaje_promedio,123.030624,2026-08-31 14:30:00,v4.1.0-produccion,buena:completo/semana_anterior
B7_TAC,2026-09-01 09:00:00,voltaje_promedio,122.922,2026-08-31 14:30:00,v4.1.0-produccion,buena:completo/semana_anterior
B7_TAC,2026-09-01 09:10:00,voltaje_promedio,122.92016,2026-08-31 14:30:00,v4.1.0-produccion,buena:completo/semana_anterior
B7_TAC,2026-09-01 09:20:00,voltaje_promedio,122.932724,2026-08-31 14:30:00,v4.1.0-produccion,buena:completo/semana_anterior
B7_TAC,2026-09-01 09:30:00,voltaje_promedio,122.91328,2026-08-31 14:30:00,v4.1.0-produccion,buena:completo/semana_anterior
B7_TAC,2026-09-01 09:40:00,voltaje_promedio,122.928856,2026-08-31 14:30:00,v4.1.0-produccion,buena:completo/semana_anterior
B7_TAC,2026-09-01 09:50:00,voltaje_promedio,122.95117,2026-08-31 14:30:00,v4.1.0-produccion,buena:completo/semana_anterior
B7_TAC,2026-09-01 10:00:00,voltaje_promedio,122.95578,2026-08-31 14:30:00,v4.1.0-produccion,buena:completo/semana_anterior
B7_TAC,2026-09-01 10:10:00,voltaje_promedio,122.945885,2026-08-31 14:30:00,v4.1.0-produccion,buena:completo/semana_anterior
B7_TAC,2026-09-01 10:20:00,voltaje_promedio,122.93772,2026-08-31 14:30:00,v4.1.0-produccion,buena:completo/semana_anterior
B7_TAC,2026-09-01 10:30:00,voltaje_promedio,122.95804,2026-08-31 14:30:00,v4.1.0-produccion,buena:completo/semana_anterior
B7_TAC,2026-09-01 10:40:00,voltaje_promedio,122.91921,2026-08-31 14:30:00,v4.1.0-produccion,buena:completo/semana_anterior
B7_TAC,2026-09-01 10:50:00,voltaje_promedio,122.8771,2026-08-31 14:30:00,v4.1.0-produccion,buena:completo/semana_anterior
B7_TAC,2026-09-01 11:00:00,voltaje_promedio,122.81081,2026-08-31 14:30:00,v4.1.0-produccion,buena:completo/semana_anterior
B7_TAC,2026-09-01 11:10:00,voltaje_promedio,122.931114,2026-08-31 14:30:00,v4.1.0-produccion,buena:completo/semana_anterior
B7_TAC,2026-09-01 11:20:00,voltaje_promedio,122.85016,2026-08-31 14:30:00,v4.1.0-produccion,buena:completo/semana_anterior
B7_TAC,2026-09-01 11:30:00,voltaje_promedio,122.89399,2026-08-31 14:30:00,v4.1.0-produccion,buena:completo/semana_anterior
B7_TAC,2026-09-01 11:40:00,voltaje_promedio,122.92476,2026-08-31 14:30:00,v4.1.0-produccion,buena:completo/semana_anterior
B7_TAC,2026-09-01 11:50:00,voltaje_promedio,122.893265,2026-08-31 14:30:00,v4.1.0-produccion,buena:completo/semana_anterior
B7_TAC,2026-09-01 12:00:00,voltaje_promedio,122.925674,2026-08-31 14:30:00,v4.1.0-produccion,buena:completo/semana_anterior
B7_TAC,2026-09-01 12:10:00,voltaje_promedio,122.96739,2026-08-31 14:30:00,v4.1.0-produccion,buena:completo/semana_anterior
B7_TAC,2026-09-01 12:20:00,voltaje_promedio,122.90349,2026-08-31 14:30:00,v4.1.0-produccion,buena:completo/semana_anterior
B7_TAC,2026-09-01 12:30:00,voltaje_promedio,122.903496,2026-08-31 14:30:00,v4.1.0-produccion,buena:completo/semana_anterior
B7_TAC,2026-09-01 12:40:00,voltaje_promedio,122.9559,2026-08-31 14:30:00,v4.1.0-produccion,buena:completo/semana_anterior
B7_TAC,2026-09-01 12:50:00,voltaje_promedio,122.948204,2026-08-31 14:30:00,v4.1.0-produccion,buena:completo/semana_anterior
B7_TAC,2026-09-01 13:00:00,voltaje_promedio,122.946495,2026-08-31 14:30:00,v4.1.0-produccion,buena:completo/semana_anterior
B7_TAC,2026-09-01 13:10:00,voltaje_promedio,122.924644,2026-08-31 14:30:00,v4.1.0-produccion,buena:completo/semana_anterior
B7_TAC,2026-09-01 13:20:00,voltaje_promedio,122.91433,2026-08-31 14:30:00,v4.1.0-produccion,buena:completo/semana_anterior
B7_TAC,2026-09-01 13:30:00,voltaje_promedio,122.92109,2026-08-31 14:30:00,v4.1.0-produccion,buena:completo/semana_anterior
B7_TAC,2026-09-01 13:40:00,voltaje_promedio,123.002975,2026-08-31 14:30:00,v4.1.0-produccion,buena:completo/semana_anterior
B7_TAC,2026-09-01 13:50:00,voltaje_promedio,122.93402,2026-08-31 14:30:00,v4.1.0-produccion,buena:completo/semana_anterior
B7_TAC,2026-09-01 14:00:00,voltaje_promedio,122.93336,2026-08-31 14:30:00,v4.1.0-produccion,buena:completo/semana_anterior
B7_TAC,2026-09-01 14:10:00,voltaje_promedio,123.0518,2026-08-31 14:30:00,v4.1.0-produccion,buena:completo/semana_anterior
B7_TAC,2026-09-01 14:20:00,voltaje_promedio,123.14998,2026-08-31 14:30:00,v4.1.0-produccion,buena:completo/semana_anterior
B7_TAC,2026-09-01 14:30:00,voltaje_promedio,123.20349,2026-08-31 14:30:00,v4.1.0-produccion,buena:completo/semana_anterior
B8_AA,2026-08-31 14:40:00,activepower,32976.66,2026-08-31 14:30:00,v4.1.0-produccion,buena:completo/semana_anterior
B8_AA,2026-08-31 14:50:00,activepower,31891.02,2026-08-31 14:30:00,v4.1.0-produccion,buena:completo/semana_anterior
B8_AA,2026-08-31 15:00:00,activepower,30905.299,2026-08-31 14:30:00,v4.1.0-produccion,buena:completo/semana_anterior
B8_AA,2026-08-31 15:10:00,activepower,30435.223,2026-08-31 14:30:00,v4.1.0-produccion,buena:completo/semana_anterior
B8_AA,2026-08-31 15:20:00,activepower,29619.379,2026-08-31 14:30:00,v4.1.0-produccion,buena:completo/semana_anterior
B8_AA,2026-08-31 15:30:00,activepower,28470.74,2026-08-31 14:30:00,v4.1.0-produccion,buena:completo/semana_anterior
B8_AA,2026-08-31 15:40:00,activepower,27418.621,2026-08-31 14:30:00,v4.1.0-produccion,buena:completo/semana_anterior
B8_AA,2026-08-31 15:50:00,activepower,26409.443,2026-08-31 14:30:00,v4.1.0-produccion,buena:completo/semana_anterior
B8_AA,2026-08-31 16:00:00,activepower,25843.348,2026-08-31 14:30:00,v4.1.0-produccion,buena:completo/semana_anterior
B8_AA,2026-08-31 16:10:00,activepower,24915.47,2026-08-31 14:30:00,v4.1.0-produccion,buena:completo/semana_anterior
B8_AA,2026-08-31 16:20:00,activepower,23847.473,2026-08-31 14:30:00,v4.1.0-produccion,buena:completo/semana_anterior
B8_AA,2026-08-31 16:30:00,activepower,22619.275,2026-08-31 14:30:00,v4.1.0-produccion,buena:completo/semana_anterior
B8_AA,2026-08-31 16:40:00,activepower,21658.748,2026-08-31 14:30:00,v4.1.0-produccion,buena:completo/semana_anterior
B8_AA,2026-08-31 16:50:00,activepower,20304.59,2026-08-31 14:30:00,v4.1.0-produccion,buena:completo/semana_anterior
B8_AA,2026-08-31 17:00:00,activepower,19678.93,2026-08-31 14:30:00,v4.1.0-produccion,buena:completo/semana_anterior
B8_AA,2026-08-31 17:10:00,activepower,18807.9,2026-08-31 14:30:00,v4.1.0-produccion,buena:completo/semana_anterior
B8_AA,2026-08-31 17:20:00,activepower,18008.979,2026-08-31 14:30:00,v4.1.0-produccion,buena:completo/semana_anterior
B8_AA,2026-08-31 17:30:00,activepower,17417.826,2026-08-31 14:30:00,v4.1.0-produccion,buena:completo/semana_anterior
B8_AA,2026-08-31 17:40:00,activepower,16648.658,2026-08-31 14:30:00,v4.1.0-produccion,buena:completo/semana_anterior
B8_AA,2026-08-31 17:50:00,activepower,15576.386,2026-08-31 14:30:00,v4.1.0-produccion,buena:completo/semana_anterior
B8_AA,2026-08-31 18:00:00,activepower,14811.193,2026-08-31 14:30:00,v4.1.0-produccion,buena:completo/semana_anterior
B8_AA,2026-08-31 18:10:00,activepower,14283.824,2026-08-31 14:30:00,v4.1.0-produccion,buena:completo/semana_anterior
B8_AA,2026-08-31 18:20:00,activepower,13845.272,2026-08-31 14:30:00,v4.1.0-produccion,buena:completo/semana_anterior
B8_AA,2026-08-31 18:30:00,activepower,13493.557,2026-08-31 14:30:00,v4.1.0-produccion,buena:completo/semana_anterior
B8_AA,2026-08-31 18:40:00,activepower,12355.229,2026-08-31 14:30:00,v4.1.0-produccion,buena:completo/semana_anterior
B8_AA,2026-08-31 18:50:00,activepower,11622.676,2026-08-31 14:30:00,v4.1.0-produccion,buena:completo/semana_anterior
B8_AA,2026-08-31 19:00:00,activepower,11329.794,2026-08-31 14:30:00,v4.1.0-produccion,buena:completo/semana_anterior
B8_AA,2026-08-31 19:10:00,activepower,11013.823,2026-08-31 14:30:00,v4.1.0-produccion,buena:completo/semana_anterior
B8_AA,2026-08-31 19:20:00,activepower,10509.619,2026-08-31 14:30:00,v4.1.0-produccion,buena:completo/semana_anterior
B8_AA,2026-08-31 19:30:00,activepower,10028.476,2026-08-31 14:30:00,v4.1.0-produccion,buena:completo/semana_anterior
B8_AA,2026-08-31 19:40:00,activepower,9616.406,2026-08-31 14:30:00,v4.1.0-produccion,buena:completo/semana_anterior
B8_AA,2026-08-31 19:50:00,activepower,9280.209,2026-08-31 14:30:00,v4.1.0-produccion,buena:completo/semana_anterior
B8_AA,2026-08-31 20:00:00,activepower,9014.74,2026-08-31 14:30:00,v4.1.0-produccion,buena:completo/semana_anterior
B8_AA,2026-08-31 20:10:00,activepower,8800.437,2026-08-31 14:30:00,v4.1.0-produccion,buena:completo/semana_anterior
B8_AA,2026-08-31 20:20:00,activepower,8349.186,2026-08-31 14:30:00,v4.1.0-produccion,buena:completo/semana_anterior
B8_AA,2026-08-31 20:30:00,activepower,8267.929,2026-08-31 14:30:00,v4.1.0-produccion,buena:completo/semana_anterior
B8_AA,2026-08-31 20:40:00,activepower,7802.05,2026-08-31 14:30:00,v4.1.0-produccion,buena:completo/semana_anterior
B8_AA,2026-08-31 20:50:00,activepower,7562.4785,2026-08-31 14:30:00,v4.1.0-produccion,buena:completo/semana_anterior
B8_AA,2026-08-31 21:00:00,activepower,7141.5605,2026-08-31 14:30:00,v4.1.0-produccion,buena:completo/semana_anterior
B8_AA,2026-08-31 21:10:00,activepower,7186.9355,2026-08-31 14:30:00,v4.1.0-produccion,buena:completo/semana_anterior
B8_AA,2026-08-31 21:20:00,activepower,6980.5635,2026-08-31 14:30:00,v4.1.0-produccion,buena:completo/semana_anterior
B8_AA,2026-08-31 21:30:00,activepower,6898.7754,2026-08-31 14:30:00,v4.1.0-produccion,buena:completo/semana_anterior
B8_AA,2026-08-31 21:40:00,activepower,6688.4194,2026-08-31 14:30:00,v4.1.0-produccion,buena:completo/semana_anterior
B8_AA,2026-08-31 21:50:00,activepower,6497.454,2026-08-31 14:30:00,v4.1.0-produccion,buena:completo/semana_anterior
B8_AA,2026-08-31 22:00:00,activepower,6274.6235,2026-08-31 14:30:00,v4.1.0-produccion,buena:completo/semana_anterior
B8_AA,2026-08-31 22:10:00,activepower,6333.4717,2026-08-31 14:30:00,v4.1.0-produccion,buena:completo/semana_anterior
B8_AA,2026-08-31 22:20:00,activepower,6374.7046,2026-08-31 14:30:00,v4.1.0-produccion,buena:completo/semana_anterior
B8_AA,2026-08-31 22:30:00,activepower,6688.8525,2026-08-31 14:30:00,v4.1.0-produccion,buena:completo/semana_anterior
B8_AA,2026-08-31 22:40:00,activepower,6705.3706,2026-08-31 14:30:00,v4.1.0-produccion,buena:completo/semana_anterior
B8_AA,2026-08-31 22:50:00,activepower,6517.361,2026-08-31 14:30:00,v4.1.0-produccion,buena:completo/semana_anterior
B8_AA,2026-08-31 23:00:00,activepower,6365.6235,2026-08-31 14:30:00,v4.1.0-produccion,buena:completo/semana_anterior
B8_AA,2026-08-31 23:10:00,activepower,6663.5312,2026-08-31 14:30:00,v4.1.0-produccion,buena:completo/semana_anterior
B8_AA,2026-08-31 23:20:00,activepower,6311.5635,2026-08-31 14:30:00,v4.1.0-produccion,buena:completo/semana_anterior
B8_AA,2026-08-31 23:30:00,activepower,6487.602,2026-08-31 14:30:00,v4.1.0-produccion,buena:completo/semana_anterior
B8_AA,2026-08-31 23:40:00,activepower,6033.9062,2026-08-31 14:30:00,v4.1.0-produccion,buena:completo/semana_anterior
B8_AA,2026-08-31 23:50:00,activepower,5865.056,2026-08-31 14:30:00,v4.1.0-produccion,buena:completo/semana_anterior
B8_AA,2026-09-01 00:00:00,activepower,5711.721,2026-08-31 14:30:00,v4.1.0-produccion,buena:completo/semana_anterior
B8_AA,2026-09-01 00:10:00,activepower,6098.475,2026-08-31 14:30:00,v4.1.0-produccion,buena:completo/semana_anterior
B8_AA,2026-09-01 00:20:00,activepower,5844.509,2026-08-31 14:30:00,v4.1.0-produccion,buena:completo/semana_anterior
B8_AA,2026-09-01 00:30:00,activepower,5957.625,2026-08-31 14:30:00,v4.1.0-produccion,buena:completo/semana_anterior
B8_AA,2026-09-01 00:40:00,activepower,5818.271,2026-08-31 14:30:00,v4.1.0-produccion,buena:completo/semana_anterior
B8_AA,2026-09-01 00:50:00,activepower,5581.8237,2026-08-31 14:30:00,v4.1.0-produccion,buena:completo/semana_anterior
B8_AA,2026-09-01 01:00:00,activepower,5443.661,2026-08-31 14:30:00,v4.1.0-produccion,buena:completo/semana_anterior
B8_AA,2026-09-01 01:10:00,activepower,5222.1157,2026-08-31 14:30:00,v4.1.0-produccion,buena:completo/semana_anterior
B8_AA,2026-09-01 01:20:00,activepower,5130.9385,2026-08-31 14:30:00,v4.1.0-produccion,buena:completo/semana_anterior
B8_AA,2026-09-01 01:30:00,activepower,5316.962,2026-08-31 14:30:00,v4.1.0-produccion,buena:completo/semana_anterior
B8_AA,2026-09-01 01:40:00,activepower,5212.608,2026-08-31 14:30:00,v4.1.0-produccion,buena:completo/semana_anterior
B8_AA,2026-09-01 01:50:00,activepower,5196.707,2026-08-31 14:30:00,v4.1.0-produccion,buena:completo/semana_anterior
B8_AA,2026-09-01 02:00:00,activepower,4732.345,2026-08-31 14:30:00,v4.1.0-produccion,buena:completo/semana_anterior
B8_AA,2026-09-01 02:10:00,activepower,4918.5596,2026-08-31 14:30:00,v4.1.0-produccion,buena:completo/semana_anterior
B8_AA,2026-09-01 02:20:00,activepower,4847.792,2026-08-31 14:30:00,v4.1.0-produccion,buena:completo/semana_anterior
B8_AA,2026-09-01 02:30:00,activepower,4998.438,2026-08-31 14:30:00,v4.1.0-produccion,buena:completo/semana_anterior
B8_AA,2026-09-01 02:40:00,activepower,4921.022,2026-08-31 14:30:00,v4.1.0-produccion,buena:completo/semana_anterior
B8_AA,2026-09-01 02:50:00,activepower,5020.038,2026-08-31 14:30:00,v4.1.0-produccion,buena:completo/semana_anterior
B8_AA,2026-09-01 03:00:00,activepower,5016.7476,2026-08-31 14:30:00,v4.1.0-produccion,buena:completo/semana_anterior
B8_AA,2026-09-01 03:10:00,activepower,5100.862,2026-08-31 14:30:00,v4.1.0-produccion,buena:completo/semana_anterior
B8_AA,2026-09-01 03:20:00,activepower,5523.037,2026-08-31 14:30:00,v4.1.0-produccion,buena:completo/semana_anterior
B8_AA,2026-09-01 03:30:00,activepower,5751.8525,2026-08-31 14:30:00,v4.1.0-produccion,buena:completo/semana_anterior
B8_AA,2026-09-01 03:40:00,activepower,5649.2812,2026-08-31 14:30:00,v4.1.0-produccion,buena:completo/semana_anterior
B8_AA,2026-09-01 03:50:00,activepower,5878.004,2026-08-31 14:30:00,v4.1.0-produccion,buena:completo/semana_anterior
B8_AA,2026-09-01 04:00:00,activepower,5815.5303,2026-08-31 14:30:00,v4.1.0-produccion,buena:completo/semana_anterior
B8_AA,2026-09-01 04:10:00,activepower,6212.153,2026-08-31 14:30:00,v4.1.0-produccion,buena:completo/semana_anterior
B8_AA,2026-09-01 04:20:00,activepower,6467.2563,2026-08-31 14:30:00,v4.1.0-produccion,buena:completo/semana_anterior
B8_AA,2026-09-01 04:30:00,activepower,6361.7188,2026-08-31 14:30:00,v4.1.0-produccion,buena:completo/semana_anterior
B8_AA,2026-09-01 04:40:00,activepower,6916.251,2026-08-31 14:30:00,v4.1.0-produccion,buena:completo/semana_anterior
B8_AA,2026-09-01 04:50:00,activepower,6918.4575,2026-08-31 14:30:00,v4.1.0-produccion,buena:completo/semana_anterior
B8_AA,2026-09-01 05:00:00,activepower,7342.955,2026-08-31 14:30:00,v4.1.0-produccion,buena:completo/semana_anterior
B8_AA,2026-09-01 05:10:00,activepower,7546.7476,2026-08-31 14:30:00,v4.1.0-produccion,buena:completo/semana_anterior
B8_AA,2026-09-01 05:20:00,activepower,8137.163,2026-08-31 14:30:00,v4.1.0-produccion,buena:completo/semana_anterior
B8_AA,2026-09-01 05:30:00,activepower,8478.599,2026-08-31 14:30:00,v4.1.0-produccion,buena:completo/semana_anterior
B8_AA,2026-09-01 05:40:00,activepower,8825.761,2026-08-31 14:30:00,v4.1.0-produccion,buena:completo/semana_anterior
B8_AA,2026-09-01 05:50:00,activepower,9144.171,2026-08-31 14:30:00,v4.1.0-produccion,buena:completo/semana_anterior
B8_AA,2026-09-01 06:00:00,activepower,9664.952,2026-08-31 14:30:00,v4.1.0-produccion,buena:completo/semana_anterior
B8_AA,2026-09-01 06:10:00,activepower,9770.701,2026-08-31 14:30:00,v4.1.0-produccion,buena:completo/semana_anterior
B8_AA,2026-09-01 06:20:00,activepower,10137.611,2026-08-31 14:30:00,v4.1.0-produccion,buena:completo/semana_anterior
B8_AA,2026-09-01 06:30:00,activepower,10401.999,2026-08-31 14:30:00,v4.1.0-produccion,buena:completo/semana_anterior
B8_AA,2026-09-01 06:40:00,activepower,10667.343,2026-08-31 14:30:00,v4.1.0-produccion,buena:completo/semana_anterior
B8_AA,2026-09-01 06:50:00,activepower,11010.451,2026-08-31 14:30:00,v4.1.0-produccion,buena:completo/semana_anterior
B8_AA,2026-09-01 07:00:00,activepower,11177.09,2026-08-31 14:30:00,v4.1.0-produccion,buena:completo/semana_anterior
B8_AA,2026-09-01 07:10:00,activepower,11580.748,2026-08-31 14:30:00,v4.1.0-produccion,buena:completo/semana_anterior
B8_AA,2026-09-01 07:20:00,activepower,12376.841,2026-08-31 14:30:00,v4.1.0-produccion,buena:completo/semana_anterior
B8_AA,2026-09-01 07:30:00,activepower,12466.024,2026-08-31 14:30:00,v4.1.0-produccion,buena:completo/semana_anterior
B8_AA,2026-09-01 07:40:00,activepower,13285.861,2026-08-31 14:30:00,v4.1.0-produccion,buena:completo/semana_anterior
B8_AA,2026-09-01 07:50:00,activepower,13541.521,2026-08-31 14:30:00,v4.1.0-produccion,buena:completo/semana_anterior
B8_AA,2026-09-01 08:00:00,activepower,13783.089,2026-08-31 14:30:00,v4.1.0-produccion,buena:completo/semana_anterior
B8_AA,2026-09-01 08:10:00,activepower,14471.839,2026-08-31 14:30:00,v4.1.0-produccion,buena:completo/semana_anterior
B8_AA,2026-09-01 08:20:00,activepower,14781.276,2026-08-31 14:30:00,v4.1.0-produccion,buena:completo/semana_anterior
B8_AA,2026-09-01 08:30:00,activepower,15105.708,2026-08-31 14:30:00,v4.1.0-produccion,buena:completo/semana_anterior
B8_AA,2026-09-01 08:40:00,activepower,15559.291,2026-08-31 14:30:00,v4.1.0-produccion,buena:completo/semana_anterior
B8_AA,2026-09-01 08:50:00,activepower,15682.5625,2026-08-31 14:30:00,v4.1.0-produccion,buena:completo/semana_anterior
B8_AA,2026-09-01 09:00:00,activepower,16027.831,2026-08-31 14:30:00,v4.1.0-produccion,buena:completo/semana_anterior
B8_AA,2026-09-01 09:10:00,activepower,16344.976,2026-08-31 14:30:00,v4.1.0-produccion,buena:completo/semana_anterior
B8_AA,2026-09-01 09:20:00,activepower,16626.05,2026-08-31 14:30:00,v4.1.0-produccion,buena:completo/semana_anterior
B8_AA,2026-09-01 09:30:00,activepower,17281.807,2026-08-31 14:30:00,v4.1.0-produccion,buena:completo/semana_anterior
B8_AA,2026-09-01 09:40:00,activepower,17827.684,2026-08-31 14:30:00,v4.1.0-produccion,buena:completo/semana_anterior
B8_AA,2026-09-01 09:50:00,activepower,18054.229,2026-08-31 14:30:00,v4.1.0-produccion,buena:completo/semana_anterior
B8_AA,2026-09-01 10:00:00,activepower,18582.975,2026-08-31 14:30:00,v4.1.0-produccion,buena:completo/semana_anterior
B8_AA,2026-09-01 10:10:00,activepower,19069.416,2026-08-31 14:30:00,v4.1.0-produccion,buena:completo/semana_anterior
B8_AA,2026-09-01 10:20:00,activepower,19708.285,2026-08-31 14:30:00,v4.1.0-produccion,buena:completo/semana_anterior
B8_AA,2026-09-01 10:30:00,activepower,20010.113,2026-08-31 14:30:00,v4.1.0-produccion,buena:completo/semana_anterior
B8_AA,2026-09-01 10:40:00,activepower,20314.584,2026-08-31 14:30:00,v4.1.0-produccion,buena:completo/semana_anterior
B8_AA,2026-09-01 10:50:00,activepower,20481.541,2026-08-31 14:30:00,v4.1.0-produccion,buena:completo/semana_anterior
B8_AA,2026-09-01 11:00:00,activepower,20803.418,2026-08-31 14:30:00,v4.1.0-produccion,buena:completo/semana_anterior
B8_AA,2026-09-01 11:10:00,activepower,21244.83,2026-08-31 14:30:00,v4.1.0-produccion,buena:completo/semana_anterior
B8_AA,2026-09-01 11:20:00,activepower,21622.156,2026-08-31 14:30:00,v4.1.0-produccion,buena:completo/semana_anterior
B8_AA,2026-09-01 11:30:00,activepower,22164.4,2026-08-31 14:30:00,v4.1.0-produccion,buena:completo/semana_anterior
B8_AA,2026-09-01 11:40:00,activepower,22649.295,2026-08-31 14:30:00,v4.1.0-produccion,buena:completo/semana_anterior
B8_AA,2026-09-01 11:50:00,activepower,23315.91,2026-08-31 14:30:00,v4.1.0-produccion,buena:completo/semana_anterior
B8_AA,2026-09-01 12:00:00,activepower,23586.324,2026-08-31 14:30:00,v4.1.0-produccion,buena:completo/semana_anterior
B8_AA,2026-09-01 12:10:00,activepower,23991.334,2026-08-31 14:30:00,v4.1.0-produccion,buena:completo/semana_anterior
B8_AA,2026-09-01 12:20:00,activepower,24265.723,2026-08-31 14:30:00,v4.1.0-produccion,buena:completo/semana_anterior
B8_AA,2026-09-01 12:30:00,activepower,24723.754,2026-08-31 14:30:00,v4.1.0-produccion,buena:completo/semana_anterior
B8_AA,2026-09-01 12:40:00,activepower,25247.225,2026-08-31 14:30:00,v4.1.0-produccion,buena:completo/semana_anterior
B8_AA,2026-09-01 12:50:00,activepower,25367.404,2026-08-31 14:30:00,v4.1.0-produccion,buena:completo/semana_anterior
B8_AA,2026-09-01 13:00:00,activepower,25347.6,2026-08-31 14:30:00,v4.1.0-produccion,buena:completo/semana_anterior
B8_AA,2026-09-01 13:10:00,activepower,25237.668,2026-08-31 14:30:00,v4.1.0-produccion,buena:completo/semana_anterior
B8_AA,2026-09-01 13:20:00,activepower,25707.59,2026-08-31 14:30:00,v4.1.0-produccion,buena:completo/semana_anterior
B8_AA,2026-09-01 13:30:00,activepower,25750.732,2026-08-31 14:30:00,v4.1.0-produccion,buena:completo/semana_anterior
B8_AA,2026-09-01 13:40:00,activepower,25898.643,2026-08-31 14:30:00,v4.1.0-produccion,buena:completo/semana_anterior
B8_AA,2026-09-01 13:50:00,activepower,26161.658,2026-08-31 14:30:00,v4.1.0-produccion,buena:completo/semana_anterior
B8_AA,2026-09-01 14:00:00,activepower,26279.271,2026-08-31 14:30:00,v4.1.0-produccion,buena:completo/semana_anterior
B8_AA,2026-09-01 14:10:00,activepower,25950.31,2026-08-31 14:30:00,v4.1.0-produccion,buena:completo/semana_anterior
B8_AA,2026-09-01 14:20:00,activepower,25809.688,2026-08-31 14:30:00,v4.1.0-produccion,buena:completo/semana_anterior
B8_AA,2026-09-01 14:30:00,activepower,25384.266,2026-08-31 14:30:00,v4.1.0-produccion,buena:completo/semana_anterior
B8_AA,2026-08-31 14:40:00,totalpowerfactor,0.7957406,2026-08-31 14:30:00,v4.1.0-produccion,buena:completo/semana_anterior
B8_AA,2026-08-31 14:50:00,totalpowerfactor,0.7931398,2026-08-31 14:30:00,v4.1.0-produccion,buena:completo/semana_anterior
B8_AA,2026-08-31 15:00:00,totalpowerfactor,0.79189676,2026-08-31 14:30:00,v4.1.0-produccion,buena:completo/semana_anterior
B8_AA,2026-08-31 15:10:00,totalpowerfactor,0.79115266,2026-08-31 14:30:00,v4.1.0-produccion,buena:completo/semana_anterior
B8_AA,2026-08-31 15:20:00,totalpowerfactor,0.7877493,2026-08-31 14:30:00,v4.1.0-produccion,buena:completo/semana_anterior
B8_AA,2026-08-31 15:30:00,totalpowerfactor,0.7894343,2026-08-31 14:30:00,v4.1.0-produccion,buena:completo/semana_anterior
B8_AA,2026-08-31 15:40:00,totalpowerfactor,0.78967476,2026-08-31 14:30:00,v4.1.0-produccion,buena:completo/semana_anterior
B8_AA,2026-08-31 15:50:00,totalpowerfactor,0.7840122,2026-08-31 14:30:00,v4.1.0-produccion,buena:completo/semana_anterior
B8_AA,2026-08-31 16:00:00,totalpowerfactor,0.79023135,2026-08-31 14:30:00,v4.1.0-produccion,buena:completo/semana_anterior
B8_AA,2026-08-31 16:10:00,totalpowerfactor,0.7830019,2026-08-31 14:30:00,v4.1.0-produccion,buena:completo/semana_anterior
B8_AA,2026-08-31 16:20:00,totalpowerfactor,0.78674686,2026-08-31 14:30:00,v4.1.0-produccion,buena:completo/semana_anterior
B8_AA,2026-08-31 16:30:00,totalpowerfactor,0.7844044,2026-08-31 14:30:00,v4.1.0-produccion,buena:completo/semana_anterior
B8_AA,2026-08-31 16:40:00,totalpowerfactor,0.77787304,2026-08-31 14:30:00,v4.1.0-produccion,buena:completo/semana_anterior
B8_AA,2026-08-31 16:50:00,totalpowerfactor,0.7779522,2026-08-31 14:30:00,v4.1.0-produccion,buena:completo/semana_anterior
B8_AA,2026-08-31 17:00:00,totalpowerfactor,0.7721726,2026-08-31 14:30:00,v4.1.0-produccion,buena:completo/semana_anterior
B8_AA,2026-08-31 17:10:00,totalpowerfactor,0.7718649,2026-08-31 14:30:00,v4.1.0-produccion,buena:completo/semana_anterior
B8_AA,2026-08-31 17:20:00,totalpowerfactor,0.77024263,2026-08-31 14:30:00,v4.1.0-produccion,buena:completo/semana_anterior
B8_AA,2026-08-31 17:30:00,totalpowerfactor,0.7659432,2026-08-31 14:30:00,v4.1.0-produccion,buena:completo/semana_anterior
B8_AA,2026-08-31 17:40:00,totalpowerfactor,0.76395184,2026-08-31 14:30:00,v4.1.0-produccion,buena:completo/semana_anterior
B8_AA,2026-08-31 17:50:00,totalpowerfactor,0.76130605,2026-08-31 14:30:00,v4.1.0-produccion,buena:completo/semana_anterior
B8_AA,2026-08-31 18:00:00,totalpowerfactor,0.75905496,2026-08-31 14:30:00,v4.1.0-produccion,buena:completo/semana_anterior
B8_AA,2026-08-31 18:10:00,totalpowerfactor,0.7521421,2026-08-31 14:30:00,v4.1.0-produccion,buena:completo/semana_anterior
B8_AA,2026-08-31 18:20:00,totalpowerfactor,0.7520876,2026-08-31 14:30:00,v4.1.0-produccion,buena:completo/semana_anterior
B8_AA,2026-08-31 18:30:00,totalpowerfactor,0.75050867,2026-08-31 14:30:00,v4.1.0-produccion,buena:completo/semana_anterior
B8_AA,2026-08-31 18:40:00,totalpowerfactor,0.74569404,2026-08-31 14:30:00,v4.1.0-produccion,buena:completo/semana_anterior
B8_AA,2026-08-31 18:50:00,totalpowerfactor,0.74389315,2026-08-31 14:30:00,v4.1.0-produccion,buena:completo/semana_anterior
B8_AA,2026-08-31 19:00:00,totalpowerfactor,0.7471924,2026-08-31 14:30:00,v4.1.0-produccion,buena:completo/semana_anterior
B8_AA,2026-08-31 19:10:00,totalpowerfactor,0.7365677,2026-08-31 14:30:00,v4.1.0-produccion,buena:completo/semana_anterior
B8_AA,2026-08-31 19:20:00,totalpowerfactor,0.7398393,2026-08-31 14:30:00,v4.1.0-produccion,buena:completo/semana_anterior
B8_AA,2026-08-31 19:30:00,totalpowerfactor,0.73308635,2026-08-31 14:30:00,v4.1.0-produccion,buena:completo/semana_anterior
B8_AA,2026-08-31 19:40:00,totalpowerfactor,0.73099834,2026-08-31 14:30:00,v4.1.0-produccion,buena:completo/semana_anterior
B8_AA,2026-08-31 19:50:00,totalpowerfactor,0.72623575,2026-08-31 14:30:00,v4.1.0-produccion,buena:completo/semana_anterior
B8_AA,2026-08-31 20:00:00,totalpowerfactor,0.72832286,2026-08-31 14:30:00,v4.1.0-produccion,buena:completo/semana_anterior
B8_AA,2026-08-31 20:10:00,totalpowerfactor,0.7226002,2026-08-31 14:30:00,v4.1.0-produccion,buena:completo/semana_anterior
B8_AA,2026-08-31 20:20:00,totalpowerfactor,0.72295237,2026-08-31 14:30:00,v4.1.0-produccion,buena:completo/semana_anterior
B8_AA,2026-08-31 20:30:00,totalpowerfactor,0.71294016,2026-08-31 14:30:00,v4.1.0-produccion,buena:completo/semana_anterior
B8_AA,2026-08-31 20:40:00,totalpowerfactor,0.71404934,2026-08-31 14:30:00,v4.1.0-produccion,buena:completo/semana_anterior
B8_AA,2026-08-31 20:50:00,totalpowerfactor,0.7151226,2026-08-31 14:30:00,v4.1.0-produccion,buena:completo/semana_anterior
B8_AA,2026-08-31 21:00:00,totalpowerfactor,0.7158892,2026-08-31 14:30:00,v4.1.0-produccion,buena:completo/semana_anterior
B8_AA,2026-08-31 21:10:00,totalpowerfactor,0.7152295,2026-08-31 14:30:00,v4.1.0-produccion,buena:completo/semana_anterior
B8_AA,2026-08-31 21:20:00,totalpowerfactor,0.7105405,2026-08-31 14:30:00,v4.1.0-produccion,buena:completo/semana_anterior
B8_AA,2026-08-31 21:30:00,totalpowerfactor,0.70675,2026-08-31 14:30:00,v4.1.0-produccion,buena:completo/semana_anterior
B8_AA,2026-08-31 21:40:00,totalpowerfactor,0.70080495,2026-08-31 14:30:00,v4.1.0-produccion,buena:completo/semana_anterior
B8_AA,2026-08-31 21:50:00,totalpowerfactor,0.70148355,2026-08-31 14:30:00,v4.1.0-produccion,buena:completo/semana_anterior
B8_AA,2026-08-31 22:00:00,totalpowerfactor,0.70386964,2026-08-31 14:30:00,v4.1.0-produccion,buena:completo/semana_anterior
B8_AA,2026-08-31 22:10:00,totalpowerfactor,0.6965548,2026-08-31 14:30:00,v4.1.0-produccion,buena:completo/semana_anterior
B8_AA,2026-08-31 22:20:00,totalpowerfactor,0.6969152,2026-08-31 14:30:00,v4.1.0-produccion,buena:completo/semana_anterior
B8_AA,2026-08-31 22:30:00,totalpowerfactor,0.6910722,2026-08-31 14:30:00,v4.1.0-produccion,buena:completo/semana_anterior
B8_AA,2026-08-31 22:40:00,totalpowerfactor,0.68730795,2026-08-31 14:30:00,v4.1.0-produccion,buena:completo/semana_anterior
B8_AA,2026-08-31 22:50:00,totalpowerfactor,0.6872513,2026-08-31 14:30:00,v4.1.0-produccion,buena:completo/semana_anterior
B8_AA,2026-08-31 23:00:00,totalpowerfactor,0.683642,2026-08-31 14:30:00,v4.1.0-produccion,buena:completo/semana_anterior
B8_AA,2026-08-31 23:10:00,totalpowerfactor,0.67896855,2026-08-31 14:30:00,v4.1.0-produccion,buena:completo/semana_anterior
B8_AA,2026-08-31 23:20:00,totalpowerfactor,0.67249167,2026-08-31 14:30:00,v4.1.0-produccion,buena:completo/semana_anterior
B8_AA,2026-08-31 23:30:00,totalpowerfactor,0.66874593,2026-08-31 14:30:00,v4.1.0-produccion,buena:completo/semana_anterior
B8_AA,2026-08-31 23:40:00,totalpowerfactor,0.6615089,2026-08-31 14:30:00,v4.1.0-produccion,buena:completo/semana_anterior
B8_AA,2026-08-31 23:50:00,totalpowerfactor,0.6551208,2026-08-31 14:30:00,v4.1.0-produccion,buena:completo/semana_anterior
B8_AA,2026-09-01 00:00:00,totalpowerfactor,0.65469646,2026-08-31 14:30:00,v4.1.0-produccion,buena:completo/semana_anterior
B8_AA,2026-09-01 00:10:00,totalpowerfactor,0.65464175,2026-08-31 14:30:00,v4.1.0-produccion,buena:completo/semana_anterior
B8_AA,2026-09-01 00:20:00,totalpowerfactor,0.64285135,2026-08-31 14:30:00,v4.1.0-produccion,buena:completo/semana_anterior
B8_AA,2026-09-01 00:30:00,totalpowerfactor,0.6383807,2026-08-31 14:30:00,v4.1.0-produccion,buena:completo/semana_anterior
B8_AA,2026-09-01 00:40:00,totalpowerfactor,0.6339787,2026-08-31 14:30:00,v4.1.0-produccion,buena:completo/semana_anterior
B8_AA,2026-09-01 00:50:00,totalpowerfactor,0.6295315,2026-08-31 14:30:00,v4.1.0-produccion,buena:completo/semana_anterior
B8_AA,2026-09-01 01:00:00,totalpowerfactor,0.63242924,2026-08-31 14:30:00,v4.1.0-produccion,buena:completo/semana_anterior
B8_AA,2026-09-01 01:10:00,totalpowerfactor,0.628519,2026-08-31 14:30:00,v4.1.0-produccion,buena:completo/semana_anterior
B8_AA,2026-09-01 01:20:00,totalpowerfactor,0.6232532,2026-08-31 14:30:00,v4.1.0-produccion,buena:completo/semana_anterior
B8_AA,2026-09-01 01:30:00,totalpowerfactor,0.61929727,2026-08-31 14:30:00,v4.1.0-produccion,buena:completo/semana_anterior
B8_AA,2026-09-01 01:40:00,totalpowerfactor,0.6112617,2026-08-31 14:30:00,v4.1.0-produccion,buena:completo/semana_anterior
B8_AA,2026-09-01 01:50:00,totalpowerfactor,0.6183125,2026-08-31 14:30:00,v4.1.0-produccion,buena:completo/semana_anterior
B8_AA,2026-09-01 02:00:00,totalpowerfactor,0.6118146,2026-08-31 14:30:00,v4.1.0-produccion,buena:completo/semana_anterior
B8_AA,2026-09-01 02:10:00,totalpowerfactor,0.6208259,2026-08-31 14:30:00,v4.1.0-produccion,buena:completo/semana_anterior
B8_AA,2026-09-01 02:20:00,totalpowerfactor,0.62117314,2026-08-31 14:30:00,v4.1.0-produccion,buena:completo/semana_anterior
B8_AA,2026-09-01 02:30:00,totalpowerfactor,0.62596756,2026-08-31 14:30:00,v4.1.0-produccion,buena:completo/semana_anterior
B8_AA,2026-09-01 02:40:00,totalpowerfactor,0.62086797,2026-08-31 14:30:00,v4.1.0-produccion,buena:completo/semana_anterior
B8_AA,2026-09-01 02:50:00,totalpowerfactor,0.620594,2026-08-31 14:30:00,v4.1.0-produccion,buena:completo/semana_anterior
B8_AA,2026-09-01 03:00:00,totalpowerfactor,0.63141036,2026-08-31 14:30:00,v4.1.0-produccion,buena:completo/semana_anterior
B8_AA,2026-09-01 03:10:00,totalpowerfactor,0.6394439,2026-08-31 14:30:00,v4.1.0-produccion,buena:completo/semana_anterior
B8_AA,2026-09-01 03:20:00,totalpowerfactor,0.6406398,2026-08-31 14:30:00,v4.1.0-produccion,buena:completo/semana_anterior
B8_AA,2026-09-01 03:30:00,totalpowerfactor,0.6521305,2026-08-31 14:30:00,v4.1.0-produccion,buena:completo/semana_anterior
B8_AA,2026-09-01 03:40:00,totalpowerfactor,0.6468631,2026-08-31 14:30:00,v4.1.0-produccion,buena:completo/semana_anterior
B8_AA,2026-09-01 03:50:00,totalpowerfactor,0.6556537,2026-08-31 14:30:00,v4.1.0-produccion,buena:completo/semana_anterior
B8_AA,2026-09-01 04:00:00,totalpowerfactor,0.6686344,2026-08-31 14:30:00,v4.1.0-produccion,buena:completo/semana_anterior
B8_AA,2026-09-01 04:10:00,totalpowerfactor,0.67514074,2026-08-31 14:30:00,v4.1.0-produccion,buena:completo/semana_anterior
B8_AA,2026-09-01 04:20:00,totalpowerfactor,0.6836078,2026-08-31 14:30:00,v4.1.0-produccion,buena:completo/semana_anterior
B8_AA,2026-09-01 04:30:00,totalpowerfactor,0.686134,2026-08-31 14:30:00,v4.1.0-produccion,buena:completo/semana_anterior
B8_AA,2026-09-01 04:40:00,totalpowerfactor,0.68512094,2026-08-31 14:30:00,v4.1.0-produccion,buena:completo/semana_anterior
B8_AA,2026-09-01 04:50:00,totalpowerfactor,0.6921274,2026-08-31 14:30:00,v4.1.0-produccion,buena:completo/semana_anterior
B8_AA,2026-09-01 05:00:00,totalpowerfactor,0.6998086,2026-08-31 14:30:00,v4.1.0-produccion,buena:completo/semana_anterior
B8_AA,2026-09-01 05:10:00,totalpowerfactor,0.70619977,2026-08-31 14:30:00,v4.1.0-produccion,buena:completo/semana_anterior
B8_AA,2026-09-01 05:20:00,totalpowerfactor,0.718251,2026-08-31 14:30:00,v4.1.0-produccion,buena:completo/semana_anterior
B8_AA,2026-09-01 05:30:00,totalpowerfactor,0.7229339,2026-08-31 14:30:00,v4.1.0-produccion,buena:completo/semana_anterior
B8_AA,2026-09-01 05:40:00,totalpowerfactor,0.72463477,2026-08-31 14:30:00,v4.1.0-produccion,buena:completo/semana_anterior
B8_AA,2026-09-01 05:50:00,totalpowerfactor,0.7292168,2026-08-31 14:30:00,v4.1.0-produccion,buena:completo/semana_anterior
B8_AA,2026-09-01 06:00:00,totalpowerfactor,0.73653495,2026-08-31 14:30:00,v4.1.0-produccion,buena:completo/semana_anterior
B8_AA,2026-09-01 06:10:00,totalpowerfactor,0.74246883,2026-08-31 14:30:00,v4.1.0-produccion,buena:completo/semana_anterior
B8_AA,2026-09-01 06:20:00,totalpowerfactor,0.7562889,2026-08-31 14:30:00,v4.1.0-produccion,buena:completo/semana_anterior
B8_AA,2026-09-01 06:30:00,totalpowerfactor,0.75738287,2026-08-31 14:30:00,v4.1.0-produccion,buena:completo/semana_anterior
B8_AA,2026-09-01 06:40:00,totalpowerfactor,0.75287735,2026-08-31 14:30:00,v4.1.0-produccion,buena:completo/semana_anterior
B8_AA,2026-09-01 06:50:00,totalpowerfactor,0.7623752,2026-08-31 14:30:00,v4.1.0-produccion,buena:completo/semana_anterior
B8_AA,2026-09-01 07:00:00,totalpowerfactor,0.76847696,2026-08-31 14:30:00,v4.1.0-produccion,buena:completo/semana_anterior
B8_AA,2026-09-01 07:10:00,totalpowerfactor,0.7771081,2026-08-31 14:30:00,v4.1.0-produccion,buena:completo/semana_anterior
B8_AA,2026-09-01 07:20:00,totalpowerfactor,0.78150403,2026-08-31 14:30:00,v4.1.0-produccion,buena:completo/semana_anterior
B8_AA,2026-09-01 07:30:00,totalpowerfactor,0.78066707,2026-08-31 14:30:00,v4.1.0-produccion,buena:completo/semana_anterior
B8_AA,2026-09-01 07:40:00,totalpowerfactor,0.78594536,2026-08-31 14:30:00,v4.1.0-produccion,buena:completo/semana_anterior
B8_AA,2026-09-01 07:50:00,totalpowerfactor,0.79047537,2026-08-31 14:30:00,v4.1.0-produccion,buena:completo/semana_anterior
B8_AA,2026-09-01 08:00:00,totalpowerfactor,0.79891586,2026-08-31 14:30:00,v4.1.0-produccion,buena:completo/semana_anterior
B8_AA,2026-09-01 08:10:00,totalpowerfactor,0.80174226,2026-08-31 14:30:00,v4.1.0-produccion,buena:completo/semana_anterior
B8_AA,2026-09-01 08:20:00,totalpowerfactor,0.8051589,2026-08-31 14:30:00,v4.1.0-produccion,buena:completo/semana_anterior
B8_AA,2026-09-01 08:30:00,totalpowerfactor,0.8115635,2026-08-31 14:30:00,v4.1.0-produccion,buena:completo/semana_anterior
B8_AA,2026-09-01 08:40:00,totalpowerfactor,0.81040967,2026-08-31 14:30:00,v4.1.0-produccion,buena:completo/semana_anterior
B8_AA,2026-09-01 08:50:00,totalpowerfactor,0.8094902,2026-08-31 14:30:00,v4.1.0-produccion,buena:completo/semana_anterior
B8_AA,2026-09-01 09:00:00,totalpowerfactor,0.8209746,2026-08-31 14:30:00,v4.1.0-produccion,buena:completo/semana_anterior
B8_AA,2026-09-01 09:10:00,totalpowerfactor,0.81706285,2026-08-31 14:30:00,v4.1.0-produccion,buena:completo/semana_anterior
B8_AA,2026-09-01 09:20:00,totalpowerfactor,0.8238223,2026-08-31 14:30:00,v4.1.0-produccion,buena:completo/semana_anterior
B8_AA,2026-09-01 09:30:00,totalpowerfactor,0.8230096,2026-08-31 14:30:00,v4.1.0-produccion,buena:completo/semana_anterior
B8_AA,2026-09-01 09:40:00,totalpowerfactor,0.81622374,2026-08-31 14:30:00,v4.1.0-produccion,buena:completo/semana_anterior
B8_AA,2026-09-01 09:50:00,totalpowerfactor,0.81845737,2026-08-31 14:30:00,v4.1.0-produccion,buena:completo/semana_anterior
B8_AA,2026-09-01 10:00:00,totalpowerfactor,0.8236623,2026-08-31 14:30:00,v4.1.0-produccion,buena:completo/semana_anterior
B8_AA,2026-09-01 10:10:00,totalpowerfactor,0.82219726,2026-08-31 14:30:00,v4.1.0-produccion,buena:completo/semana_anterior
B8_AA,2026-09-01 10:20:00,totalpowerfactor,0.8219627,2026-08-31 14:30:00,v4.1.0-produccion,buena:completo/semana_anterior
B8_AA,2026-09-01 10:30:00,totalpowerfactor,0.8244021,2026-08-31 14:30:00,v4.1.0-produccion,buena:completo/semana_anterior
B8_AA,2026-09-01 10:40:00,totalpowerfactor,0.81815743,2026-08-31 14:30:00,v4.1.0-produccion,buena:completo/semana_anterior
B8_AA,2026-09-01 10:50:00,totalpowerfactor,0.81884533,2026-08-31 14:30:00,v4.1.0-produccion,buena:completo/semana_anterior
B8_AA,2026-09-01 11:00:00,totalpowerfactor,0.81342685,2026-08-31 14:30:00,v4.1.0-produccion,buena:completo/semana_anterior
B8_AA,2026-09-01 11:10:00,totalpowerfactor,0.81327665,2026-08-31 14:30:00,v4.1.0-produccion,buena:completo/semana_anterior
B8_AA,2026-09-01 11:20:00,totalpowerfactor,0.8151953,2026-08-31 14:30:00,v4.1.0-produccion,buena:completo/semana_anterior
B8_AA,2026-09-01 11:30:00,totalpowerfactor,0.81544274,2026-08-31 14:30:00,v4.1.0-produccion,buena:completo/semana_anterior
B8_AA,2026-09-01 11:40:00,totalpowerfactor,0.8108005,2026-08-31 14:30:00,v4.1.0-produccion,buena:completo/semana_anterior
B8_AA,2026-09-01 11:50:00,totalpowerfactor,0.8151963,2026-08-31 14:30:00,v4.1.0-produccion,buena:completo/semana_anterior
B8_AA,2026-09-01 12:00:00,totalpowerfactor,0.811291,2026-08-31 14:30:00,v4.1.0-produccion,buena:completo/semana_anterior
B8_AA,2026-09-01 12:10:00,totalpowerfactor,0.80725175,2026-08-31 14:30:00,v4.1.0-produccion,buena:completo/semana_anterior
B8_AA,2026-09-01 12:20:00,totalpowerfactor,0.8054564,2026-08-31 14:30:00,v4.1.0-produccion,buena:completo/semana_anterior
B8_AA,2026-09-01 12:30:00,totalpowerfactor,0.80293846,2026-08-31 14:30:00,v4.1.0-produccion,buena:completo/semana_anterior
B8_AA,2026-09-01 12:40:00,totalpowerfactor,0.7966827,2026-08-31 14:30:00,v4.1.0-produccion,buena:completo/semana_anterior
B8_AA,2026-09-01 12:50:00,totalpowerfactor,0.79561836,2026-08-31 14:30:00,v4.1.0-produccion,buena:completo/semana_anterior
B8_AA,2026-09-01 13:00:00,totalpowerfactor,0.7921432,2026-08-31 14:30:00,v4.1.0-produccion,buena:completo/semana_anterior
B8_AA,2026-09-01 13:10:00,totalpowerfactor,0.7958406,2026-08-31 14:30:00,v4.1.0-produccion,buena:completo/semana_anterior
B8_AA,2026-09-01 13:20:00,totalpowerfactor,0.7975147,2026-08-31 14:30:00,v4.1.0-produccion,buena:completo/semana_anterior
B8_AA,2026-09-01 13:30:00,totalpowerfactor,0.79498494,2026-08-31 14:30:00,v4.1.0-produccion,buena:completo/semana_anterior
B8_AA,2026-09-01 13:40:00,totalpowerfactor,0.7912713,2026-08-31 14:30:00,v4.1.0-produccion,buena:completo/semana_anterior
B8_AA,2026-09-01 13:50:00,totalpowerfactor,0.7874179,2026-08-31 14:30:00,v4.1.0-produccion,buena:completo/semana_anterior
B8_AA,2026-09-01 14:00:00,totalpowerfactor,0.78773916,2026-08-31 14:30:00,v4.1.0-produccion,buena:completo/semana_anterior
B8_AA,2026-09-01 14:10:00,totalpowerfactor,0.78901076,2026-08-31 14:30:00,v4.1.0-produccion,buena:completo/semana_anterior
B8_AA,2026-09-01 14:20:00,totalpowerfactor,0.78531027,2026-08-31 14:30:00,v4.1.0-produccion,buena:completo/semana_anterior
B8_AA,2026-09-01 14:30:00,totalpowerfactor,0.78644,2026-08-31 14:30:00,v4.1.0-produccion,buena:completo/semana_anterior
B8_AA,2026-08-31 14:40:00,voltaje_promedio,131.05475,2026-08-31 14:30:00,v4.1.0-produccion,buena:completo/semana_anterior
B8_AA,2026-08-31 14:50:00,voltaje_promedio,131.07178,2026-08-31 14:30:00,v4.1.0-produccion,buena:completo/semana_anterior
B8_AA,2026-08-31 15:00:00,voltaje_promedio,131.07527,2026-08-31 14:30:00,v4.1.0-produccion,buena:completo/semana_anterior
B8_AA,2026-08-31 15:10:00,voltaje_promedio,131.15279,2026-08-31 14:30:00,v4.1.0-produccion,buena:completo/semana_anterior
B8_AA,2026-08-31 15:20:00,voltaje_promedio,131.20772,2026-08-31 14:30:00,v4.1.0-produccion,buena:completo/semana_anterior
B8_AA,2026-08-31 15:30:00,voltaje_promedio,131.34074,2026-08-31 14:30:00,v4.1.0-produccion,buena:completo/semana_anterior
B8_AA,2026-08-31 15:40:00,voltaje_promedio,131.36467,2026-08-31 14:30:00,v4.1.0-produccion,buena:completo/semana_anterior
B8_AA,2026-08-31 15:50:00,voltaje_promedio,131.26277,2026-08-31 14:30:00,v4.1.0-produccion,buena:completo/semana_anterior
B8_AA,2026-08-31 16:00:00,voltaje_promedio,131.2944,2026-08-31 14:30:00,v4.1.0-produccion,buena:completo/semana_anterior
B8_AA,2026-08-31 16:10:00,voltaje_promedio,131.46605,2026-08-31 14:30:00,v4.1.0-produccion,buena:completo/semana_anterior
B8_AA,2026-08-31 16:20:00,voltaje_promedio,131.47958,2026-08-31 14:30:00,v4.1.0-produccion,buena:completo/semana_anterior
B8_AA,2026-08-31 16:30:00,voltaje_promedio,131.52353,2026-08-31 14:30:00,v4.1.0-produccion,buena:completo/semana_anterior
B8_AA,2026-08-31 16:40:00,voltaje_promedio,131.61223,2026-08-31 14:30:00,v4.1.0-produccion,buena:completo/semana_anterior
B8_AA,2026-08-31 16:50:00,voltaje_promedio,131.5864,2026-08-31 14:30:00,v4.1.0-produccion,buena:completo/semana_anterior
B8_AA,2026-08-31 17:00:00,voltaje_promedio,131.6475,2026-08-31 14:30:00,v4.1.0-produccion,buena:completo/semana_anterior
B8_AA,2026-08-31 17:10:00,voltaje_promedio,131.65787,2026-08-31 14:30:00,v4.1.0-produccion,buena:completo/semana_anterior
B8_AA,2026-08-31 17:20:00,voltaje_promedio,131.72067,2026-08-31 14:30:00,v4.1.0-produccion,buena:completo/semana_anterior
B8_AA,2026-08-31 17:30:00,voltaje_promedio,131.80779,2026-08-31 14:30:00,v4.1.0-produccion,buena:completo/semana_anterior
B8_AA,2026-08-31 17:40:00,voltaje_promedio,131.82877,2026-08-31 14:30:00,v4.1.0-produccion,buena:completo/semana_anterior
B8_AA,2026-08-31 17:50:00,voltaje_promedio,131.86562,2026-08-31 14:30:00,v4.1.0-produccion,buena:completo/semana_anterior
B8_AA,2026-08-31 18:00:00,voltaje_promedio,131.89877,2026-08-31 14:30:00,v4.1.0-produccion,buena:completo/semana_anterior
B8_AA,2026-08-31 18:10:00,voltaje_promedio,131.98653,2026-08-31 14:30:00,v4.1.0-produccion,buena:completo/semana_anterior
B8_AA,2026-08-31 18:20:00,voltaje_promedio,131.9732,2026-08-31 14:30:00,v4.1.0-produccion,buena:completo/semana_anterior
B8_AA,2026-08-31 18:30:00,voltaje_promedio,132.06439,2026-08-31 14:30:00,v4.1.0-produccion,buena:completo/semana_anterior
B8_AA,2026-08-31 18:40:00,voltaje_promedio,132.1192,2026-08-31 14:30:00,v4.1.0-produccion,buena:completo/semana_anterior
B8_AA,2026-08-31 18:50:00,voltaje_promedio,132.08565,2026-08-31 14:30:00,v4.1.0-produccion,buena:completo/semana_anterior
B8_AA,2026-08-31 19:00:00,voltaje_promedio,132.07094,2026-08-31 14:30:00,v4.1.0-produccion,buena:completo/semana_anterior
B8_AA,2026-08-31 19:10:00,voltaje_promedio,132.14745,2026-08-31 14:30:00,v4.1.0-produccion,buena:completo/semana_anterior
B8_AA,2026-08-31 19:20:00,voltaje_promedio,132.1622,2026-08-31 14:30:00,v4.1.0-produccion,buena:completo/semana_anterior
B8_AA,2026-08-31 19:30:00,voltaje_promedio,132.20526,2026-08-31 14:30:00,v4.1.0-produccion,buena:completo/semana_anterior
B8_AA,2026-08-31 19:40:00,voltaje_promedio,132.26405,2026-08-31 14:30:00,v4.1.0-produccion,buena:completo/semana_anterior
B8_AA,2026-08-31 19:50:00,voltaje_promedio,132.19499,2026-08-31 14:30:00,v4.1.0-produccion,buena:completo/semana_anterior
B8_AA,2026-08-31 20:00:00,voltaje_promedio,132.22588,2026-08-31 14:30:00,v4.1.0-produccion,buena:completo/semana_anterior
B8_AA,2026-08-31 20:10:00,voltaje_promedio,132.34482,2026-08-31 14:30:00,v4.1.0-produccion,buena:completo/semana_anterior
B8_AA,2026-08-31 20:20:00,voltaje_promedio,132.40363,2026-08-31 14:30:00,v4.1.0-produccion,buena:completo/semana_anterior
B8_AA,2026-08-31 20:30:00,voltaje_promedio,132.43855,2026-08-31 14:30:00,v4.1.0-produccion,buena:completo/semana_anterior
B8_AA,2026-08-31 20:40:00,voltaje_promedio,132.39316,2026-08-31 14:30:00,v4.1.0-produccion,buena:completo/semana_anterior
B8_AA,2026-08-31 20:50:00,voltaje_promedio,132.37524,2026-08-31 14:30:00,v4.1.0-produccion,buena:completo/semana_anterior
B8_AA,2026-08-31 21:00:00,voltaje_promedio,132.48169,2026-08-31 14:30:00,v4.1.0-produccion,buena:completo/semana_anterior
B8_AA,2026-08-31 21:10:00,voltaje_promedio,132.64885,2026-08-31 14:30:00,v4.1.0-produccion,buena:completo/semana_anterior
B8_AA,2026-08-31 21:20:00,voltaje_promedio,132.63168,2026-08-31 14:30:00,v4.1.0-produccion,buena:completo/semana_anterior
B8_AA,2026-08-31 21:30:00,voltaje_promedio,132.68387,2026-08-31 14:30:00,v4.1.0-produccion,buena:completo/semana_anterior
B8_AA,2026-08-31 21:40:00,voltaje_promedio,132.6577,2026-08-31 14:30:00,v4.1.0-produccion,buena:completo/semana_anterior
B8_AA,2026-08-31 21:50:00,voltaje_promedio,132.6154,2026-08-31 14:30:00,v4.1.0-produccion,buena:completo/semana_anterior
B8_AA,2026-08-31 22:00:00,voltaje_promedio,132.77043,2026-08-31 14:30:00,v4.1.0-produccion,buena:completo/semana_anterior
B8_AA,2026-08-31 22:10:00,voltaje_promedio,132.72389,2026-08-31 14:30:00,v4.1.0-produccion,buena:completo/semana_anterior
B8_AA,2026-08-31 22:20:00,voltaje_promedio,132.67276,2026-08-31 14:30:00,v4.1.0-produccion,buena:completo/semana_anterior
B8_AA,2026-08-31 22:30:00,voltaje_promedio,132.70657,2026-08-31 14:30:00,v4.1.0-produccion,buena:completo/semana_anterior
B8_AA,2026-08-31 22:40:00,voltaje_promedio,132.68253,2026-08-31 14:30:00,v4.1.0-produccion,buena:completo/semana_anterior
B8_AA,2026-08-31 22:50:00,voltaje_promedio,132.64374,2026-08-31 14:30:00,v4.1.0-produccion,buena:completo/semana_anterior
B8_AA,2026-08-31 23:00:00,voltaje_promedio,132.68936,2026-08-31 14:30:00,v4.1.0-produccion,buena:completo/semana_anterior
B8_AA,2026-08-31 23:10:00,voltaje_promedio,132.71872,2026-08-31 14:30:00,v4.1.0-produccion,buena:completo/semana_anterior
B8_AA,2026-08-31 23:20:00,voltaje_promedio,132.74304,2026-08-31 14:30:00,v4.1.0-produccion,buena:completo/semana_anterior
B8_AA,2026-08-31 23:30:00,voltaje_promedio,132.73505,2026-08-31 14:30:00,v4.1.0-produccion,buena:completo/semana_anterior
B8_AA,2026-08-31 23:40:00,voltaje_promedio,132.64594,2026-08-31 14:30:00,v4.1.0-produccion,buena:completo/semana_anterior
B8_AA,2026-08-31 23:50:00,voltaje_promedio,132.69386,2026-08-31 14:30:00,v4.1.0-produccion,buena:completo/semana_anterior
B8_AA,2026-09-01 00:00:00,voltaje_promedio,132.70009,2026-08-31 14:30:00,v4.1.0-produccion,buena:completo/semana_anterior
B8_AA,2026-09-01 00:10:00,voltaje_promedio,132.73224,2026-08-31 14:30:00,v4.1.0-produccion,buena:completo/semana_anterior
B8_AA,2026-09-01 00:20:00,voltaje_promedio,132.76816,2026-08-31 14:30:00,v4.1.0-produccion,buena:completo/semana_anterior
B8_AA,2026-09-01 00:30:00,voltaje_promedio,132.73547,2026-08-31 14:30:00,v4.1.0-produccion,buena:completo/semana_anterior
B8_AA,2026-09-01 00:40:00,voltaje_promedio,132.629,2026-08-31 14:30:00,v4.1.0-produccion,buena:completo/semana_anterior
B8_AA,2026-09-01 00:50:00,voltaje_promedio,132.61916,2026-08-31 14:30:00,v4.1.0-produccion,buena:completo/semana_anterior
B8_AA,2026-09-01 01:00:00,voltaje_promedio,132.61078,2026-08-31 14:30:00,v4.1.0-produccion,buena:completo/semana_anterior
B8_AA,2026-09-01 01:10:00,voltaje_promedio,132.70396,2026-08-31 14:30:00,v4.1.0-produccion,buena:completo/semana_anterior
B8_AA,2026-09-01 01:20:00,voltaje_promedio,132.6451,2026-08-31 14:30:00,v4.1.0-produccion,buena:completo/semana_anterior
B8_AA,2026-09-01 01:30:00,voltaje_promedio,132.6898,2026-08-31 14:30:00,v4.1.0-produccion,buena:completo/semana_anterior
B8_AA,2026-09-01 01:40:00,voltaje_promedio,132.61888,2026-08-31 14:30:00,v4.1.0-produccion,buena:completo/semana_anterior
B8_AA,2026-09-01 01:50:00,voltaje_promedio,132.61516,2026-08-31 14:30:00,v4.1.0-produccion,buena:completo/semana_anterior
B8_AA,2026-09-01 02:00:00,voltaje_promedio,132.52292,2026-08-31 14:30:00,v4.1.0-produccion,buena:completo/semana_anterior
B8_AA,2026-09-01 02:10:00,voltaje_promedio,132.57245,2026-08-31 14:30:00,v4.1.0-produccion,buena:completo/semana_anterior
B8_AA,2026-09-01 02:20:00,voltaje_promedio,132.53601,2026-08-31 14:30:00,v4.1.0-produccion,buena:completo/semana_anterior
B8_AA,2026-09-01 02:30:00,voltaje_promedio,132.51105,2026-08-31 14:30:00,v4.1.0-produccion,buena:completo/semana_anterior
B8_AA,2026-09-01 02:40:00,voltaje_promedio,132.46414,2026-08-31 14:30:00,v4.1.0-produccion,buena:completo/semana_anterior
B8_AA,2026-09-01 02:50:00,voltaje_promedio,132.40366,2026-08-31 14:30:00,v4.1.0-produccion,buena:completo/semana_anterior
B8_AA,2026-09-01 03:00:00,voltaje_promedio,132.32729,2026-08-31 14:30:00,v4.1.0-produccion,buena:completo/semana_anterior
B8_AA,2026-09-01 03:10:00,voltaje_promedio,132.32632,2026-08-31 14:30:00,v4.1.0-produccion,buena:completo/semana_anterior
B8_AA,2026-09-01 03:20:00,voltaje_promedio,132.18518,2026-08-31 14:30:00,v4.1.0-produccion,buena:completo/semana_anterior
B8_AA,2026-09-01 03:30:00,voltaje_promedio,132.21985,2026-08-31 14:30:00,v4.1.0-produccion,buena:completo/semana_anterior
B8_AA,2026-09-01 03:40:00,voltaje_promedio,132.1713,2026-08-31 14:30:00,v4.1.0-produccion,buena:completo/semana_anterior
B8_AA,2026-09-01 03:50:00,voltaje_promedio,132.05917,2026-08-31 14:30:00,v4.1.0-produccion,buena:completo/semana_anterior
B8_AA,2026-09-01 04:00:00,voltaje_promedio,131.95613,2026-08-31 14:30:00,v4.1.0-produccion,buena:completo/semana_anterior
B8_AA,2026-09-01 04:10:00,voltaje_promedio,132.00932,2026-08-31 14:30:00,v4.1.0-produccion,buena:completo/semana_anterior
B8_AA,2026-09-01 04:20:00,voltaje_promedio,131.92978,2026-08-31 14:30:00,v4.1.0-produccion,buena:completo/semana_anterior
B8_AA,2026-09-01 04:30:00,voltaje_promedio,131.90625,2026-08-31 14:30:00,v4.1.0-produccion,buena:completo/semana_anterior
B8_AA,2026-09-01 04:40:00,voltaje_promedio,131.84747,2026-08-31 14:30:00,v4.1.0-produccion,buena:completo/semana_anterior
B8_AA,2026-09-01 04:50:00,voltaje_promedio,131.71875,2026-08-31 14:30:00,v4.1.0-produccion,buena:completo/semana_anterior
B8_AA,2026-09-01 05:00:00,voltaje_promedio,131.70323,2026-08-31 14:30:00,v4.1.0-produccion,buena:completo/semana_anterior
B8_AA,2026-09-01 05:10:00,voltaje_promedio,131.72304,2026-08-31 14:30:00,v4.1.0-produccion,buena:completo/semana_anterior
B8_AA,2026-09-01 05:20:00,voltaje_promedio,131.60396,2026-08-31 14:30:00,v4.1.0-produccion,buena:completo/semana_anterior
B8_AA,2026-09-01 05:30:00,voltaje_promedio,131.69633,2026-08-31 14:30:00,v4.1.0-produccion,buena:completo/semana_anterior
B8_AA,2026-09-01 05:40:00,voltaje_promedio,131.68736,2026-08-31 14:30:00,v4.1.0-produccion,buena:completo/semana_anterior
B8_AA,2026-09-01 05:50:00,voltaje_promedio,131.52235,2026-08-31 14:30:00,v4.1.0-produccion,buena:completo/semana_anterior
B8_AA,2026-09-01 06:00:00,voltaje_promedio,131.44453,2026-08-31 14:30:00,v4.1.0-produccion,buena:completo/semana_anterior
B8_AA,2026-09-01 06:10:00,voltaje_promedio,131.37047,2026-08-31 14:30:00,v4.1.0-produccion,buena:completo/semana_anterior
B8_AA,2026-09-01 06:20:00,voltaje_promedio,131.34453,2026-08-31 14:30:00,v4.1.0-produccion,buena:completo/semana_anterior
B8_AA,2026-09-01 06:30:00,voltaje_promedio,131.4206,2026-08-31 14:30:00,v4.1.0-produccion,buena:completo/semana_anterior
B8_AA,2026-09-01 06:40:00,voltaje_promedio,131.31735,2026-08-31 14:30:00,v4.1.0-produccion,buena:completo/semana_anterior
B8_AA,2026-09-01 06:50:00,voltaje_promedio,131.31323,2026-08-31 14:30:00,v4.1.0-produccion,buena:completo/semana_anterior
B8_AA,2026-09-01 07:00:00,voltaje_promedio,131.15424,2026-08-31 14:30:00,v4.1.0-produccion,buena:completo/semana_anterior
B8_AA,2026-09-01 07:10:00,voltaje_promedio,131.15625,2026-08-31 14:30:00,v4.1.0-produccion,buena:completo/semana_anterior
B8_AA,2026-09-01 07:20:00,voltaje_promedio,131.09164,2026-08-31 14:30:00,v4.1.0-produccion,buena:completo/semana_anterior
B8_AA,2026-09-01 07:30:00,voltaje_promedio,131.09895,2026-08-31 14:30:00,v4.1.0-produccion,buena:completo/semana_anterior
B8_AA,2026-09-01 07:40:00,voltaje_promedio,131.06328,2026-08-31 14:30:00,v4.1.0-produccion,buena:completo/semana_anterior
B8_AA,2026-09-01 07:50:00,voltaje_promedio,131.04633,2026-08-31 14:30:00,v4.1.0-produccion,buena:completo/semana_anterior
B8_AA,2026-09-01 08:00:00,voltaje_promedio,130.91974,2026-08-31 14:30:00,v4.1.0-produccion,buena:completo/semana_anterior
B8_AA,2026-09-01 08:10:00,voltaje_promedio,130.94377,2026-08-31 14:30:00,v4.1.0-produccion,buena:completo/semana_anterior
B8_AA,2026-09-01 08:20:00,voltaje_promedio,130.87239,2026-08-31 14:30:00,v4.1.0-produccion,buena:completo/semana_anterior
B8_AA,2026-09-01 08:30:00,voltaje_promedio,130.85585,2026-08-31 14:30:00,v4.1.0-produccion,buena:completo/semana_anterior
B8_AA,2026-09-01 08:40:00,voltaje_promedio,130.78606,2026-08-31 14:30:00,v4.1.0-produccion,buena:completo/semana_anterior
B8_AA,2026-09-01 08:50:00,voltaje_promedio,130.69373,2026-08-31 14:30:00,v4.1.0-produccion,buena:completo/semana_anterior
B8_AA,2026-09-01 09:00:00,voltaje_promedio,130.60684,2026-08-31 14:30:00,v4.1.0-produccion,buena:completo/semana_anterior
B8_AA,2026-09-01 09:10:00,voltaje_promedio,130.62553,2026-08-31 14:30:00,v4.1.0-produccion,buena:completo/semana_anterior
B8_AA,2026-09-01 09:20:00,voltaje_promedio,130.5339,2026-08-31 14:30:00,v4.1.0-produccion,buena:completo/semana_anterior
B8_AA,2026-09-01 09:30:00,voltaje_promedio,130.5684,2026-08-31 14:30:00,v4.1.0-produccion,buena:completo/semana_anterior
B8_AA,2026-09-01 09:40:00,voltaje_promedio,130.59363,2026-08-31 14:30:00,v4.1.0-produccion,buena:completo/semana_anterior
B8_AA,2026-09-01 09:50:00,voltaje_promedio,130.63014,2026-08-31 14:30:00,v4.1.0-produccion,buena:completo/semana_anterior
B8_AA,2026-09-01 10:00:00,voltaje_promedio,130.56007,2026-08-31 14:30:00,v4.1.0-produccion,buena:completo/semana_anterior
B8_AA,2026-09-01 10:10:00,voltaje_promedio,130.49654,2026-08-31 14:30:00,v4.1.0-produccion,buena:completo/semana_anterior
B8_AA,2026-09-01 10:20:00,voltaje_promedio,130.50032,2026-08-31 14:30:00,v4.1.0-produccion,buena:completo/semana_anterior
B8_AA,2026-09-01 10:30:00,voltaje_promedio,130.50836,2026-08-31 14:30:00,v4.1.0-produccion,buena:completo/semana_anterior
B8_AA,2026-09-01 10:40:00,voltaje_promedio,130.48473,2026-08-31 14:30:00,v4.1.0-produccion,buena:completo/semana_anterior
B8_AA,2026-09-01 10:50:00,voltaje_promedio,130.41722,2026-08-31 14:30:00,v4.1.0-produccion,buena:completo/semana_anterior
B8_AA,2026-09-01 11:00:00,voltaje_promedio,130.37663,2026-08-31 14:30:00,v4.1.0-produccion,buena:completo/semana_anterior
B8_AA,2026-09-01 11:10:00,voltaje_promedio,130.41699,2026-08-31 14:30:00,v4.1.0-produccion,buena:completo/semana_anterior
B8_AA,2026-09-01 11:20:00,voltaje_promedio,130.35268,2026-08-31 14:30:00,v4.1.0-produccion,buena:completo/semana_anterior
B8_AA,2026-09-01 11:30:00,voltaje_promedio,130.4333,2026-08-31 14:30:00,v4.1.0-produccion,buena:completo/semana_anterior
B8_AA,2026-09-01 11:40:00,voltaje_promedio,130.42796,2026-08-31 14:30:00,v4.1.0-produccion,buena:completo/semana_anterior
B8_AA,2026-09-01 11:50:00,voltaje_promedio,130.48328,2026-08-31 14:30:00,v4.1.0-produccion,buena:completo/semana_anterior
B8_AA,2026-09-01 12:00:00,voltaje_promedio,130.43663,2026-08-31 14:30:00,v4.1.0-produccion,buena:completo/semana_anterior
B8_AA,2026-09-01 12:10:00,voltaje_promedio,130.47432,2026-08-31 14:30:00,v4.1.0-produccion,buena:completo/semana_anterior
B8_AA,2026-09-01 12:20:00,voltaje_promedio,130.5633,2026-08-31 14:30:00,v4.1.0-produccion,buena:completo/semana_anterior
B8_AA,2026-09-01 12:30:00,voltaje_promedio,130.5828,2026-08-31 14:30:00,v4.1.0-produccion,buena:completo/semana_anterior
B8_AA,2026-09-01 12:40:00,voltaje_promedio,130.65753,2026-08-31 14:30:00,v4.1.0-produccion,buena:completo/semana_anterior
B8_AA,2026-09-01 12:50:00,voltaje_promedio,130.62373,2026-08-31 14:30:00,v4.1.0-produccion,buena:completo/semana_anterior
B8_AA,2026-09-01 13:00:00,voltaje_promedio,130.62238,2026-08-31 14:30:00,v4.1.0-produccion,buena:completo/semana_anterior
B8_AA,2026-09-01 13:10:00,voltaje_promedio,130.6827,2026-08-31 14:30:00,v4.1.0-produccion,buena:completo/semana_anterior
B8_AA,2026-09-01 13:20:00,voltaje_promedio,130.7328,2026-08-31 14:30:00,v4.1.0-produccion,buena:completo/semana_anterior
B8_AA,2026-09-01 13:30:00,voltaje_promedio,130.76596,2026-08-31 14:30:00,v4.1.0-produccion,buena:completo/semana_anterior
B8_AA,2026-09-01 13:40:00,voltaje_promedio,130.82338,2026-08-31 14:30:00,v4.1.0-produccion,buena:completo/semana_anterior
B8_AA,2026-09-01 13:50:00,voltaje_promedio,130.79987,2026-08-31 14:30:00,v4.1.0-produccion,buena:completo/semana_anterior
B8_AA,2026-09-01 14:00:00,voltaje_promedio,130.79803,2026-08-31 14:30:00,v4.1.0-produccion,buena:completo/semana_anterior
B8_AA,2026-09-01 14:10:00,voltaje_promedio,130.85294,2026-08-31 14:30:00,v4.1.0-produccion,buena:completo/semana_anterior
B8_AA,2026-09-01 14:20:00,voltaje_promedio,131.01329,2026-08-31 14:30:00,v4.1.0-produccion,buena:completo/semana_anterior
B8_AA,2026-09-01 14:30:00,voltaje_promedio,131.01709,2026-08-31 14:30:00,v4.1.0-produccion,buena:completo/semana_anterior
B8_CPA,2026-08-31 14:40:00,activepower,35.758694,2026-08-31 14:30:00,v4.1.0-produccion,buena:completo/semana_anterior
B8_CPA,2026-08-31 14:50:00,activepower,37.68456,2026-08-31 14:30:00,v4.1.0-produccion,buena:completo/semana_anterior
B8_CPA,2026-08-31 15:00:00,activepower,38.613594,2026-08-31 14:30:00,v4.1.0-produccion,buena:completo/semana_anterior
B8_CPA,2026-08-31 15:10:00,activepower,45.91592,2026-08-31 14:30:00,v4.1.0-produccion,buena:completo/semana_anterior
B8_CPA,2026-08-31 15:20:00,activepower,47.905285,2026-08-31 14:30:00,v4.1.0-produccion,buena:completo/semana_anterior
B8_CPA,2026-08-31 15:30:00,activepower,48.21845,2026-08-31 14:30:00,v4.1.0-produccion,buena:completo/semana_anterior
B8_CPA,2026-08-31 15:40:00,activepower,54.053764,2026-08-31 14:30:00,v4.1.0-produccion,buena:completo/semana_anterior
B8_CPA,2026-08-31 15:50:00,activepower,50.389374,2026-08-31 14:30:00,v4.1.0-produccion,buena:completo/semana_anterior
B8_CPA,2026-08-31 16:00:00,activepower,67.33254,2026-08-31 14:30:00,v4.1.0-produccion,buena:completo/semana_anterior
B8_CPA,2026-08-31 16:10:00,activepower,57.414772,2026-08-31 14:30:00,v4.1.0-produccion,buena:completo/semana_anterior
B8_CPA,2026-08-31 16:20:00,activepower,59.546997,2026-08-31 14:30:00,v4.1.0-produccion,buena:completo/semana_anterior
B8_CPA,2026-08-31 16:30:00,activepower,71.65803,2026-08-31 14:30:00,v4.1.0-produccion,buena:completo/semana_anterior
B8_CPA,2026-08-31 16:40:00,activepower,58.010155,2026-08-31 14:30:00,v4.1.0-produccion,buena:completo/semana_anterior
B8_CPA,2026-08-31 16:50:00,activepower,67.992836,2026-08-31 14:30:00,v4.1.0-produccion,buena:completo/semana_anterior
B8_CPA,2026-08-31 17:00:00,activepower,74.1663,2026-08-31 14:30:00,v4.1.0-produccion,buena:completo/semana_anterior
B8_CPA,2026-08-31 17:10:00,activepower,69.58548,2026-08-31 14:30:00,v4.1.0-produccion,buena:completo/semana_anterior
B8_CPA,2026-08-31 17:20:00,activepower,72.81372,2026-08-31 14:30:00,v4.1.0-produccion,buena:completo/semana_anterior
B8_CPA,2026-08-31 17:30:00,activepower,85.93524,2026-08-31 14:30:00,v4.1.0-produccion,buena:completo/semana_anterior
B8_CPA,2026-08-31 17:40:00,activepower,84.74965,2026-08-31 14:30:00,v4.1.0-produccion,buena:completo/semana_anterior
B8_CPA,2026-08-31 17:50:00,activepower,76.91586,2026-08-31 14:30:00,v4.1.0-produccion,buena:completo/semana_anterior
B8_CPA,2026-08-31 18:00:00,activepower,72.01488,2026-08-31 14:30:00,v4.1.0-produccion,buena:completo/semana_anterior
B8_CPA,2026-08-31 18:10:00,activepower,69.34726,2026-08-31 14:30:00,v4.1.0-produccion,buena:completo/semana_anterior
B8_CPA,2026-08-31 18:20:00,activepower,77.79315,2026-08-31 14:30:00,v4.1.0-produccion,buena:completo/semana_anterior
B8_CPA,2026-08-31 18:30:00,activepower,72.36822,2026-08-31 14:30:00,v4.1.0-produccion,buena:completo/semana_anterior
B8_CPA,2026-08-31 18:40:00,activepower,70.27481,2026-08-31 14:30:00,v4.1.0-produccion,buena:completo/semana_anterior
B8_CPA,2026-08-31 18:50:00,activepower,73.92954,2026-08-31 14:30:00,v4.1.0-produccion,buena:completo/semana_anterior
B8_CPA,2026-08-31 19:00:00,activepower,74.21674,2026-08-31 14:30:00,v4.1.0-produccion,buena:completo/semana_anterior
B8_CPA,2026-08-31 19:10:00,activepower,76.1775,2026-08-31 14:30:00,v4.1.0-produccion,buena:completo/semana_anterior
B8_CPA,2026-08-31 19:20:00,activepower,67.484085,2026-08-31 14:30:00,v4.1.0-produccion,buena:completo/semana_anterior
B8_CPA,2026-08-31 19:30:00,activepower,47.778294,2026-08-31 14:30:00,v4.1.0-produccion,buena:completo/semana_anterior
B8_CPA,2026-08-31 19:40:00,activepower,76.25213,2026-08-31 14:30:00,v4.1.0-produccion,buena:completo/semana_anterior
B8_CPA,2026-08-31 19:50:00,activepower,63.766163,2026-08-31 14:30:00,v4.1.0-produccion,buena:completo/semana_anterior
B8_CPA,2026-08-31 20:00:00,activepower,59.776794,2026-08-31 14:30:00,v4.1.0-produccion,buena:completo/semana_anterior
B8_CPA,2026-08-31 20:10:00,activepower,54.611183,2026-08-31 14:30:00,v4.1.0-produccion,buena:completo/semana_anterior
B8_CPA,2026-08-31 20:20:00,activepower,53.358894,2026-08-31 14:30:00,v4.1.0-produccion,buena:completo/semana_anterior
B8_CPA,2026-08-31 20:30:00,activepower,65.25575,2026-08-31 14:30:00,v4.1.0-produccion,buena:completo/semana_anterior
B8_CPA,2026-08-31 20:40:00,activepower,57.387825,2026-08-31 14:30:00,v4.1.0-produccion,buena:completo/semana_anterior
B8_CPA,2026-08-31 20:50:00,activepower,61.70697,2026-08-31 14:30:00,v4.1.0-produccion,buena:completo/semana_anterior
B8_CPA,2026-08-31 21:00:00,activepower,61.29998,2026-08-31 14:30:00,v4.1.0-produccion,buena:completo/semana_anterior
B8_CPA,2026-08-31 21:10:00,activepower,63.123837,2026-08-31 14:30:00,v4.1.0-produccion,buena:completo/semana_anterior
B8_CPA,2026-08-31 21:20:00,activepower,51.277493,2026-08-31 14:30:00,v4.1.0-produccion,buena:completo/semana_anterior
B8_CPA,2026-08-31 21:30:00,activepower,66.30544,2026-08-31 14:30:00,v4.1.0-produccion,buena:completo/semana_anterior
B8_CPA,2026-08-31 21:40:00,activepower,62.548023,2026-08-31 14:30:00,v4.1.0-produccion,buena:completo/semana_anterior
B8_CPA,2026-08-31 21:50:00,activepower,54.424393,2026-08-31 14:30:00,v4.1.0-produccion,buena:completo/semana_anterior
B8_CPA,2026-08-31 22:00:00,activepower,55.765278,2026-08-31 14:30:00,v4.1.0-produccion,buena:completo/semana_anterior
B8_CPA,2026-08-31 22:10:00,activepower,45.959972,2026-08-31 14:30:00,v4.1.0-produccion,buena:completo/semana_anterior
B8_CPA,2026-08-31 22:20:00,activepower,49.707855,2026-08-31 14:30:00,v4.1.0-produccion,buena:completo/semana_anterior
B8_CPA,2026-08-31 22:30:00,activepower,66.25345,2026-08-31 14:30:00,v4.1.0-produccion,buena:completo/semana_anterior
B8_CPA,2026-08-31 22:40:00,activepower,59.07719,2026-08-31 14:30:00,v4.1.0-produccion,buena:completo/semana_anterior
B8_CPA,2026-08-31 22:50:00,activepower,66.766815,2026-08-31 14:30:00,v4.1.0-produccion,buena:completo/semana_anterior
B8_CPA,2026-08-31 23:00:00,activepower,66.580826,2026-08-31 14:30:00,v4.1.0-produccion,buena:completo/semana_anterior
B8_CPA,2026-08-31 23:10:00,activepower,66.34715,2026-08-31 14:30:00,v4.1.0-produccion,buena:completo/semana_anterior
B8_CPA,2026-08-31 23:20:00,activepower,51.10965,2026-08-31 14:30:00,v4.1.0-produccion,buena:completo/semana_anterior
B8_CPA,2026-08-31 23:30:00,activepower,61.97553,2026-08-31 14:30:00,v4.1.0-produccion,buena:completo/semana_anterior
B8_CPA,2026-08-31 23:40:00,activepower,46.840893,2026-08-31 14:30:00,v4.1.0-produccion,buena:completo/semana_anterior
B8_CPA,2026-08-31 23:50:00,activepower,51.714752,2026-08-31 14:30:00,v4.1.0-produccion,buena:completo/semana_anterior
B8_CPA,2026-09-01 00:00:00,activepower,55.79124,2026-08-31 14:30:00,v4.1.0-produccion,buena:completo/semana_anterior
B8_CPA,2026-09-01 00:10:00,activepower,60.09765,2026-08-31 14:30:00,v4.1.0-produccion,buena:completo/semana_anterior
B8_CPA,2026-09-01 00:20:00,activepower,46.089977,2026-08-31 14:30:00,v4.1.0-produccion,buena:completo/semana_anterior
B8_CPA,2026-09-01 00:30:00,activepower,53.22834,2026-08-31 14:30:00,v4.1.0-produccion,buena:completo/semana_anterior
B8_CPA,2026-09-01 00:40:00,activepower,46.818993,2026-08-31 14:30:00,v4.1.0-produccion,buena:completo/semana_anterior
B8_CPA,2026-09-01 00:50:00,activepower,51.807346,2026-08-31 14:30:00,v4.1.0-produccion,buena:completo/semana_anterior
B8_CPA,2026-09-01 01:00:00,activepower,44.455677,2026-08-31 14:30:00,v4.1.0-produccion,buena:completo/semana_anterior
B8_CPA,2026-09-01 01:10:00,activepower,36.53379,2026-08-31 14:30:00,v4.1.0-produccion,buena:completo/semana_anterior
B8_CPA,2026-09-01 01:20:00,activepower,29.46649,2026-08-31 14:30:00,v4.1.0-produccion,buena:completo/semana_anterior
B8_CPA,2026-09-01 01:30:00,activepower,33.344315,2026-08-31 14:30:00,v4.1.0-produccion,buena:completo/semana_anterior
B8_CPA,2026-09-01 01:40:00,activepower,26.6992,2026-08-31 14:30:00,v4.1.0-produccion,buena:completo/semana_anterior
B8_CPA,2026-09-01 01:50:00,activepower,29.71979,2026-08-31 14:30:00,v4.1.0-produccion,buena:completo/semana_anterior
B8_CPA,2026-09-01 02:00:00,activepower,52.172688,2026-08-31 14:30:00,v4.1.0-produccion,buena:completo/semana_anterior
B8_CPA,2026-09-01 02:10:00,activepower,38.5541,2026-08-31 14:30:00,v4.1.0-produccion,buena:completo/semana_anterior
B8_CPA,2026-09-01 02:20:00,activepower,41.796795,2026-08-31 14:30:00,v4.1.0-produccion,buena:completo/semana_anterior
B8_CPA,2026-09-01 02:30:00,activepower,44.05607,2026-08-31 14:30:00,v4.1.0-produccion,buena:completo/semana_anterior
B8_CPA,2026-09-01 02:40:00,activepower,35.11686,2026-08-31 14:30:00,v4.1.0-produccion,buena:completo/semana_anterior
B8_CPA,2026-09-01 02:50:00,activepower,41.69934,2026-08-31 14:30:00,v4.1.0-produccion,buena:completo/semana_anterior
B8_CPA,2026-09-01 03:00:00,activepower,45.991596,2026-08-31 14:30:00,v4.1.0-produccion,buena:completo/semana_anterior
B8_CPA,2026-09-01 03:10:00,activepower,45.82591,2026-08-31 14:30:00,v4.1.0-produccion,buena:completo/semana_anterior
B8_CPA,2026-09-01 03:20:00,activepower,49.720406,2026-08-31 14:30:00,v4.1.0-produccion,buena:completo/semana_anterior
B8_CPA,2026-09-01 03:30:00,activepower,54.471767,2026-08-31 14:30:00,v4.1.0-produccion,buena:completo/semana_anterior
B8_CPA,2026-09-01 03:40:00,activepower,50.23882,2026-08-31 14:30:00,v4.1.0-produccion,buena:completo/semana_anterior
B8_CPA,2026-09-01 03:50:00,activepower,66.07527,2026-08-31 14:30:00,v4.1.0-produccion,buena:completo/semana_anterior
B8_CPA,2026-09-01 04:00:00,activepower,63.63259,2026-08-31 14:30:00,v4.1.0-produccion,buena:completo/semana_anterior
B8_CPA,2026-09-01 04:10:00,activepower,67.03415,2026-08-31 14:30:00,v4.1.0-produccion,buena:completo/semana_anterior
B8_CPA,2026-09-01 04:20:00,activepower,67.76925,2026-08-31 14:30:00,v4.1.0-produccion,buena:completo/semana_anterior
B8_CPA,2026-09-01 04:30:00,activepower,67.463715,2026-08-31 14:30:00,v4.1.0-produccion,buena:completo/semana_anterior
B8_CPA,2026-09-01 04:40:00,activepower,69.47043,2026-08-31 14:30:00,v4.1.0-produccion,buena:completo/semana_anterior
B8_CPA,2026-09-01 04:50:00,activepower,73.79837,2026-08-31 14:30:00,v4.1.0-produccion,buena:completo/semana_anterior
B8_CPA,2026-09-01 05:00:00,activepower,87.42096,2026-08-31 14:30:00,v4.1.0-produccion,buena:completo/semana_anterior
B8_CPA,2026-09-01 05:10:00,activepower,87.91168,2026-08-31 14:30:00,v4.1.0-produccion,buena:completo/semana_anterior
B8_CPA,2026-09-01 05:20:00,activepower,95.00187,2026-08-31 14:30:00,v4.1.0-produccion,buena:completo/semana_anterior
B8_CPA,2026-09-01 05:30:00,activepower,105.07198,2026-08-31 14:30:00,v4.1.0-produccion,buena:completo/semana_anterior
B8_CPA,2026-09-01 05:40:00,activepower,101.39326,2026-08-31 14:30:00,v4.1.0-produccion,buena:completo/semana_anterior
B8_CPA,2026-09-01 05:50:00,activepower,101.658554,2026-08-31 14:30:00,v4.1.0-produccion,buena:completo/semana_anterior
B8_CPA,2026-09-01 06:00:00,activepower,112.4514,2026-08-31 14:30:00,v4.1.0-produccion,buena:completo/semana_anterior
B8_CPA,2026-09-01 06:10:00,activepower,105.016365,2026-08-31 14:30:00,v4.1.0-produccion,buena:completo/semana_anterior
B8_CPA,2026-09-01 06:20:00,activepower,111.5116,2026-08-31 14:30:00,v4.1.0-produccion,buena:completo/semana_anterior
B8_CPA,2026-09-01 06:30:00,activepower,112.01839,2026-08-31 14:30:00,v4.1.0-produccion,buena:completo/semana_anterior
B8_CPA,2026-09-01 06:40:00,activepower,105.33925,2026-08-31 14:30:00,v4.1.0-produccion,buena:completo/semana_anterior
B8_CPA,2026-09-01 06:50:00,activepower,104.54471,2026-08-31 14:30:00,v4.1.0-produccion,buena:completo/semana_anterior
B8_CPA,2026-09-01 07:00:00,activepower,103.273964,2026-08-31 14:30:00,v4.1.0-produccion,buena:completo/semana_anterior
B8_CPA,2026-09-01 07:10:00,activepower,99.15053,2026-08-31 14:30:00,v4.1.0-produccion,buena:completo/semana_anterior
B8_CPA,2026-09-01 07:20:00,activepower,112.032845,2026-08-31 14:30:00,v4.1.0-produccion,buena:completo/semana_anterior
B8_CPA,2026-09-01 07:30:00,activepower,110.23175,2026-08-31 14:30:00,v4.1.0-produccion,buena:completo/semana_anterior
B8_CPA,2026-09-01 07:40:00,activepower,100.24261,2026-08-31 14:30:00,v4.1.0-produccion,buena:completo/semana_anterior
B8_CPA,2026-09-01 07:50:00,activepower,99.09344,2026-08-31 14:30:00,v4.1.0-produccion,buena:completo/semana_anterior
B8_CPA,2026-09-01 08:00:00,activepower,100.38153,2026-08-31 14:30:00,v4.1.0-produccion,buena:completo/semana_anterior
B8_CPA,2026-09-01 08:10:00,activepower,105.24185,2026-08-31 14:30:00,v4.1.0-produccion,buena:completo/semana_anterior
B8_CPA,2026-09-01 08:20:00,activepower,98.362206,2026-08-31 14:30:00,v4.1.0-produccion,buena:completo/semana_anterior
B8_CPA,2026-09-01 08:30:00,activepower,112.152695,2026-08-31 14:30:00,v4.1.0-produccion,buena:completo/semana_anterior
B8_CPA,2026-09-01 08:40:00,activepower,102.41045,2026-08-31 14:30:00,v4.1.0-produccion,buena:completo/semana_anterior
B8_CPA,2026-09-01 08:50:00,activepower,109.50267,2026-08-31 14:30:00,v4.1.0-produccion,buena:completo/semana_anterior
B8_CPA,2026-09-01 09:00:00,activepower,100.517136,2026-08-31 14:30:00,v4.1.0-produccion,buena:completo/semana_anterior
B8_CPA,2026-09-01 09:10:00,activepower,109.940674,2026-08-31 14:30:00,v4.1.0-produccion,buena:completo/semana_anterior
B8_CPA,2026-09-01 09:20:00,activepower,105.29317,2026-08-31 14:30:00,v4.1.0-produccion,buena:completo/semana_anterior
B8_CPA,2026-09-01 09:30:00,activepower,110.90582,2026-08-31 14:30:00,v4.1.0-produccion,buena:completo/semana_anterior
B8_CPA,2026-09-01 09:40:00,activepower,113.14104,2026-08-31 14:30:00,v4.1.0-produccion,buena:completo/semana_anterior
B8_CPA,2026-09-01 09:50:00,activepower,119.7389,2026-08-31 14:30:00,v4.1.0-produccion,buena:completo/semana_anterior
B8_CPA,2026-09-01 10:00:00,activepower,117.64999,2026-08-31 14:30:00,v4.1.0-produccion,buena:completo/semana_anterior
B8_CPA,2026-09-01 10:10:00,activepower,105.19509,2026-08-31 14:30:00,v4.1.0-produccion,buena:completo/semana_anterior
B8_CPA,2026-09-01 10:20:00,activepower,119.26023,2026-08-31 14:30:00,v4.1.0-produccion,buena:completo/semana_anterior
B8_CPA,2026-09-01 10:30:00,activepower,121.03044,2026-08-31 14:30:00,v4.1.0-produccion,buena:completo/semana_anterior
B8_CPA,2026-09-01 10:40:00,activepower,111.94252,2026-08-31 14:30:00,v4.1.0-produccion,buena:completo/semana_anterior
B8_CPA,2026-09-01 10:50:00,activepower,124.10862,2026-08-31 14:30:00,v4.1.0-produccion,buena:completo/semana_anterior
B8_CPA,2026-09-01 11:00:00,activepower,117.27087,2026-08-31 14:30:00,v4.1.0-produccion,buena:completo/semana_anterior
B8_CPA,2026-09-01 11:10:00,activepower,112.65413,2026-08-31 14:30:00,v4.1.0-produccion,buena:completo/semana_anterior
B8_CPA,2026-09-01 11:20:00,activepower,115.96616,2026-08-31 14:30:00,v4.1.0-produccion,buena:completo/semana_anterior
B8_CPA,2026-09-01 11:30:00,activepower,127.43967,2026-08-31 14:30:00,v4.1.0-produccion,buena:completo/semana_anterior
B8_CPA,2026-09-01 11:40:00,activepower,113.693474,2026-08-31 14:30:00,v4.1.0-produccion,buena:completo/semana_anterior
B8_CPA,2026-09-01 11:50:00,activepower,135.65349,2026-08-31 14:30:00,v4.1.0-produccion,buena:completo/semana_anterior
B8_CPA,2026-09-01 12:00:00,activepower,119.45391,2026-08-31 14:30:00,v4.1.0-produccion,buena:completo/semana_anterior
B8_CPA,2026-09-01 12:10:00,activepower,121.48807,2026-08-31 14:30:00,v4.1.0-produccion,buena:completo/semana_anterior
B8_CPA,2026-09-01 12:20:00,activepower,115.14135,2026-08-31 14:30:00,v4.1.0-produccion,buena:completo/semana_anterior
B8_CPA,2026-09-01 12:30:00,activepower,110.77145,2026-08-31 14:30:00,v4.1.0-produccion,buena:completo/semana_anterior
B8_CPA,2026-09-01 12:40:00,activepower,112.13989,2026-08-31 14:30:00,v4.1.0-produccion,buena:completo/semana_anterior
B8_CPA,2026-09-01 12:50:00,activepower,112.5691,2026-08-31 14:30:00,v4.1.0-produccion,buena:completo/semana_anterior
B8_CPA,2026-09-01 13:00:00,activepower,102.838,2026-08-31 14:30:00,v4.1.0-produccion,buena:completo/semana_anterior
B8_CPA,2026-09-01 13:10:00,activepower,100.388664,2026-08-31 14:30:00,v4.1.0-produccion,buena:completo/semana_anterior
B8_CPA,2026-09-01 13:20:00,activepower,109.75148,2026-08-31 14:30:00,v4.1.0-produccion,buena:completo/semana_anterior
B8_CPA,2026-09-01 13:30:00,activepower,110.01616,2026-08-31 14:30:00,v4.1.0-produccion,buena:completo/semana_anterior
B8_CPA,2026-09-01 13:40:00,activepower,108.98512,2026-08-31 14:30:00,v4.1.0-produccion,buena:completo/semana_anterior
B8_CPA,2026-09-01 13:50:00,activepower,113.30032,2026-08-31 14:30:00,v4.1.0-produccion,buena:completo/semana_anterior
B8_CPA,2026-09-01 14:00:00,activepower,108.877144,2026-08-31 14:30:00,v4.1.0-produccion,buena:completo/semana_anterior
B8_CPA,2026-09-01 14:10:00,activepower,113.322044,2026-08-31 14:30:00,v4.1.0-produccion,buena:completo/semana_anterior
B8_CPA,2026-09-01 14:20:00,activepower,129.5762,2026-08-31 14:30:00,v4.1.0-produccion,buena:completo/semana_anterior
B8_CPA,2026-09-01 14:30:00,activepower,128.30411,2026-08-31 14:30:00,v4.1.0-produccion,buena:completo/semana_anterior
B8_CPA,2026-08-31 14:40:00,totalpowerfactor,-0.43102655,2026-08-31 14:30:00,v4.1.0-produccion,buena:completo/semana_anterior
B8_CPA,2026-08-31 14:50:00,totalpowerfactor,-0.4237899,2026-08-31 14:30:00,v4.1.0-produccion,buena:completo/semana_anterior
B8_CPA,2026-08-31 15:00:00,totalpowerfactor,-0.4204326,2026-08-31 14:30:00,v4.1.0-produccion,buena:completo/semana_anterior
B8_CPA,2026-08-31 15:10:00,totalpowerfactor,-0.4215121,2026-08-31 14:30:00,v4.1.0-produccion,buena:completo/semana_anterior
B8_CPA,2026-08-31 15:20:00,totalpowerfactor,-0.41316158,2026-08-31 14:30:00,v4.1.0-produccion,buena:completo/semana_anterior
B8_CPA,2026-08-31 15:30:00,totalpowerfactor,-0.40613088,2026-08-31 14:30:00,v4.1.0-produccion,buena:completo/semana_anterior
B8_CPA,2026-08-31 15:40:00,totalpowerfactor,-0.40203226,2026-08-31 14:30:00,v4.1.0-produccion,buena:completo/semana_anterior
B8_CPA,2026-08-31 15:50:00,totalpowerfactor,-0.4131948,2026-08-31 14:30:00,v4.1.0-produccion,buena:completo/semana_anterior
B8_CPA,2026-08-31 16:00:00,totalpowerfactor,-0.38606954,2026-08-31 14:30:00,v4.1.0-produccion,buena:completo/semana_anterior
B8_CPA,2026-08-31 16:10:00,totalpowerfactor,-0.40995383,2026-08-31 14:30:00,v4.1.0-produccion,buena:completo/semana_anterior
B8_CPA,2026-08-31 16:20:00,totalpowerfactor,-0.40036726,2026-08-31 14:30:00,v4.1.0-produccion,buena:completo/semana_anterior
B8_CPA,2026-08-31 16:30:00,totalpowerfactor,-0.3906722,2026-08-31 14:30:00,v4.1.0-produccion,buena:completo/semana_anterior
B8_CPA,2026-08-31 16:40:00,totalpowerfactor,-0.4052427,2026-08-31 14:30:00,v4.1.0-produccion,buena:completo/semana_anterior
B8_CPA,2026-08-31 16:50:00,totalpowerfactor,-0.3868422,2026-08-31 14:30:00,v4.1.0-produccion,buena:completo/semana_anterior
B8_CPA,2026-08-31 17:00:00,totalpowerfactor,-0.400586,2026-08-31 14:30:00,v4.1.0-produccion,buena:completo/semana_anterior
B8_CPA,2026-08-31 17:10:00,totalpowerfactor,-0.38813028,2026-08-31 14:30:00,v4.1.0-produccion,buena:completo/semana_anterior
B8_CPA,2026-08-31 17:20:00,totalpowerfactor,-0.40502608,2026-08-31 14:30:00,v4.1.0-produccion,buena:completo/semana_anterior
B8_CPA,2026-08-31 17:30:00,totalpowerfactor,-0.4014485,2026-08-31 14:30:00,v4.1.0-produccion,buena:completo/semana_anterior
B8_CPA,2026-08-31 17:40:00,totalpowerfactor,-0.3984806,2026-08-31 14:30:00,v4.1.0-produccion,buena:completo/semana_anterior
B8_CPA,2026-08-31 17:50:00,totalpowerfactor,-0.3934681,2026-08-31 14:30:00,v4.1.0-produccion,buena:completo/semana_anterior
B8_CPA,2026-08-31 18:00:00,totalpowerfactor,-0.40665245,2026-08-31 14:30:00,v4.1.0-produccion,buena:completo/semana_anterior
B8_CPA,2026-08-31 18:10:00,totalpowerfactor,-0.42377505,2026-08-31 14:30:00,v4.1.0-produccion,buena:completo/semana_anterior
B8_CPA,2026-08-31 18:20:00,totalpowerfactor,-0.41499978,2026-08-31 14:30:00,v4.1.0-produccion,buena:completo/semana_anterior
B8_CPA,2026-08-31 18:30:00,totalpowerfactor,-0.4248877,2026-08-31 14:30:00,v4.1.0-produccion,buena:completo/semana_anterior
B8_CPA,2026-08-31 18:40:00,totalpowerfactor,-0.4115682,2026-08-31 14:30:00,v4.1.0-produccion,buena:completo/semana_anterior
B8_CPA,2026-08-31 18:50:00,totalpowerfactor,-0.4186068,2026-08-31 14:30:00,v4.1.0-produccion,buena:completo/semana_anterior
B8_CPA,2026-08-31 19:00:00,totalpowerfactor,-0.40853682,2026-08-31 14:30:00,v4.1.0-produccion,buena:completo/semana_anterior
B8_CPA,2026-08-31 19:10:00,totalpowerfactor,-0.44025767,2026-08-31 14:30:00,v4.1.0-produccion,buena:completo/semana_anterior
B8_CPA,2026-08-31 19:20:00,totalpowerfactor,-0.4169921,2026-08-31 14:30:00,v4.1.0-produccion,buena:completo/semana_anterior
B8_CPA,2026-08-31 19:30:00,totalpowerfactor,-0.43280503,2026-08-31 14:30:00,v4.1.0-produccion,buena:completo/semana_anterior
B8_CPA,2026-08-31 19:40:00,totalpowerfactor,-0.43102944,2026-08-31 14:30:00,v4.1.0-produccion,buena:completo/semana_anterior
B8_CPA,2026-08-31 19:50:00,totalpowerfactor,-0.43788293,2026-08-31 14:30:00,v4.1.0-produccion,buena:completo/semana_anterior
B8_CPA,2026-08-31 20:00:00,totalpowerfactor,-0.43283436,2026-08-31 14:30:00,v4.1.0-produccion,buena:completo/semana_anterior
B8_CPA,2026-08-31 20:10:00,totalpowerfactor,-0.44698572,2026-08-31 14:30:00,v4.1.0-produccion,buena:completo/semana_anterior
B8_CPA,2026-08-31 20:20:00,totalpowerfactor,-0.4358451,2026-08-31 14:30:00,v4.1.0-produccion,buena:completo/semana_anterior
B8_CPA,2026-08-31 20:30:00,totalpowerfactor,-0.4411226,2026-08-31 14:30:00,v4.1.0-produccion,buena:completo/semana_anterior
B8_CPA,2026-08-31 20:40:00,totalpowerfactor,-0.4299881,2026-08-31 14:30:00,v4.1.0-produccion,buena:completo/semana_anterior
B8_CPA,2026-08-31 20:50:00,totalpowerfactor,-0.4381057,2026-08-31 14:30:00,v4.1.0-produccion,buena:completo/semana_anterior
B8_CPA,2026-08-31 21:00:00,totalpowerfactor,-0.4231727,2026-08-31 14:30:00,v4.1.0-produccion,buena:completo/semana_anterior
B8_CPA,2026-08-31 21:10:00,totalpowerfactor,-0.4355314,2026-08-31 14:30:00,v4.1.0-produccion,buena:completo/semana_anterior
B8_CPA,2026-08-31 21:20:00,totalpowerfactor,-0.4443533,2026-08-31 14:30:00,v4.1.0-produccion,buena:completo/semana_anterior
B8_CPA,2026-08-31 21:30:00,totalpowerfactor,-0.43064377,2026-08-31 14:30:00,v4.1.0-produccion,buena:completo/semana_anterior
B8_CPA,2026-08-31 21:40:00,totalpowerfactor,-0.45013833,2026-08-31 14:30:00,v4.1.0-produccion,buena:completo/semana_anterior
B8_CPA,2026-08-31 21:50:00,totalpowerfactor,-0.4512926,2026-08-31 14:30:00,v4.1.0-produccion,buena:completo/semana_anterior
B8_CPA,2026-08-31 22:00:00,totalpowerfactor,-0.44565424,2026-08-31 14:30:00,v4.1.0-produccion,buena:completo/semana_anterior
B8_CPA,2026-08-31 22:10:00,totalpowerfactor,-0.43712938,2026-08-31 14:30:00,v4.1.0-produccion,buena:completo/semana_anterior
B8_CPA,2026-08-31 22:20:00,totalpowerfactor,-0.43016058,2026-08-31 14:30:00,v4.1.0-produccion,buena:completo/semana_anterior
B8_CPA,2026-08-31 22:30:00,totalpowerfactor,-0.4287262,2026-08-31 14:30:00,v4.1.0-produccion,buena:completo/semana_anterior
B8_CPA,2026-08-31 22:40:00,totalpowerfactor,-0.43460208,2026-08-31 14:30:00,v4.1.0-produccion,buena:completo/semana_anterior
B8_CPA,2026-08-31 22:50:00,totalpowerfactor,-0.43835783,2026-08-31 14:30:00,v4.1.0-produccion,buena:completo/semana_anterior
B8_CPA,2026-08-31 23:00:00,totalpowerfactor,-0.42096326,2026-08-31 14:30:00,v4.1.0-produccion,buena:completo/semana_anterior
B8_CPA,2026-08-31 23:10:00,totalpowerfactor,-0.44324577,2026-08-31 14:30:00,v4.1.0-produccion,buena:completo/semana_anterior
B8_CPA,2026-08-31 23:20:00,totalpowerfactor,-0.436325,2026-08-31 14:30:00,v4.1.0-produccion,buena:completo/semana_anterior
B8_CPA,2026-08-31 23:30:00,totalpowerfactor,-0.42837244,2026-08-31 14:30:00,v4.1.0-produccion,buena:completo/semana_anterior
B8_CPA,2026-08-31 23:40:00,totalpowerfactor,-0.41234708,2026-08-31 14:30:00,v4.1.0-produccion,buena:completo/semana_anterior
B8_CPA,2026-08-31 23:50:00,totalpowerfactor,-0.44370487,2026-08-31 14:30:00,v4.1.0-produccion,buena:completo/semana_anterior
B8_CPA,2026-09-01 00:00:00,totalpowerfactor,-0.42761517,2026-08-31 14:30:00,v4.1.0-produccion,buena:completo/semana_anterior
B8_CPA,2026-09-01 00:10:00,totalpowerfactor,-0.40401658,2026-08-31 14:30:00,v4.1.0-produccion,buena:completo/semana_anterior
B8_CPA,2026-09-01 00:20:00,totalpowerfactor,-0.41300392,2026-08-31 14:30:00,v4.1.0-produccion,buena:completo/semana_anterior
B8_CPA,2026-09-01 00:30:00,totalpowerfactor,-0.4128223,2026-08-31 14:30:00,v4.1.0-produccion,buena:completo/semana_anterior
B8_CPA,2026-09-01 00:40:00,totalpowerfactor,-0.39473215,2026-08-31 14:30:00,v4.1.0-produccion,buena:completo/semana_anterior
B8_CPA,2026-09-01 00:50:00,totalpowerfactor,-0.41231337,2026-08-31 14:30:00,v4.1.0-produccion,buena:completo/semana_anterior
B8_CPA,2026-09-01 01:00:00,totalpowerfactor,-0.396855,2026-08-31 14:30:00,v4.1.0-produccion,buena:completo/semana_anterior
B8_CPA,2026-09-01 01:10:00,totalpowerfactor,-0.39478257,2026-08-31 14:30:00,v4.1.0-produccion,buena:completo/semana_anterior
B8_CPA,2026-09-01 01:20:00,totalpowerfactor,-0.38369143,2026-08-31 14:30:00,v4.1.0-produccion,buena:completo/semana_anterior
B8_CPA,2026-09-01 01:30:00,totalpowerfactor,-0.3875657,2026-08-31 14:30:00,v4.1.0-produccion,buena:completo/semana_anterior
B8_CPA,2026-09-01 01:40:00,totalpowerfactor,-0.3922486,2026-08-31 14:30:00,v4.1.0-produccion,buena:completo/semana_anterior
B8_CPA,2026-09-01 01:50:00,totalpowerfactor,-0.39154634,2026-08-31 14:30:00,v4.1.0-produccion,buena:completo/semana_anterior
B8_CPA,2026-09-01 02:00:00,totalpowerfactor,-0.38309157,2026-08-31 14:30:00,v4.1.0-produccion,buena:completo/semana_anterior
B8_CPA,2026-09-01 02:10:00,totalpowerfactor,-0.39189166,2026-08-31 14:30:00,v4.1.0-produccion,buena:completo/semana_anterior
B8_CPA,2026-09-01 02:20:00,totalpowerfactor,-0.37594733,2026-08-31 14:30:00,v4.1.0-produccion,buena:completo/semana_anterior
B8_CPA,2026-09-01 02:30:00,totalpowerfactor,-0.37343004,2026-08-31 14:30:00,v4.1.0-produccion,buena:completo/semana_anterior
B8_CPA,2026-09-01 02:40:00,totalpowerfactor,-0.37908113,2026-08-31 14:30:00,v4.1.0-produccion,buena:completo/semana_anterior
B8_CPA,2026-09-01 02:50:00,totalpowerfactor,-0.36405492,2026-08-31 14:30:00,v4.1.0-produccion,buena:completo/semana_anterior
B8_CPA,2026-09-01 03:00:00,totalpowerfactor,-0.35866022,2026-08-31 14:30:00,v4.1.0-produccion,buena:completo/semana_anterior
B8_CPA,2026-09-01 03:10:00,totalpowerfactor,-0.35915628,2026-08-31 14:30:00,v4.1.0-produccion,buena:completo/semana_anterior
B8_CPA,2026-09-01 03:20:00,totalpowerfactor,-0.37025157,2026-08-31 14:30:00,v4.1.0-produccion,buena:completo/semana_anterior
B8_CPA,2026-09-01 03:30:00,totalpowerfactor,-0.3573236,2026-08-31 14:30:00,v4.1.0-produccion,buena:completo/semana_anterior
B8_CPA,2026-09-01 03:40:00,totalpowerfactor,-0.36113515,2026-08-31 14:30:00,v4.1.0-produccion,buena:completo/semana_anterior
B8_CPA,2026-09-01 03:50:00,totalpowerfactor,-0.34242725,2026-08-31 14:30:00,v4.1.0-produccion,buena:completo/semana_anterior
B8_CPA,2026-09-01 04:00:00,totalpowerfactor,-0.34594977,2026-08-31 14:30:00,v4.1.0-produccion,buena:completo/semana_anterior
B8_CPA,2026-09-01 04:10:00,totalpowerfactor,-0.36316547,2026-08-31 14:30:00,v4.1.0-produccion,buena:completo/semana_anterior
B8_CPA,2026-09-01 04:20:00,totalpowerfactor,-0.34992233,2026-08-31 14:30:00,v4.1.0-produccion,buena:completo/semana_anterior
B8_CPA,2026-09-01 04:30:00,totalpowerfactor,-0.36240536,2026-08-31 14:30:00,v4.1.0-produccion,buena:completo/semana_anterior
B8_CPA,2026-09-01 04:40:00,totalpowerfactor,-0.34679288,2026-08-31 14:30:00,v4.1.0-produccion,buena:completo/semana_anterior
B8_CPA,2026-09-01 04:50:00,totalpowerfactor,-0.3524085,2026-08-31 14:30:00,v4.1.0-produccion,buena:completo/semana_anterior
B8_CPA,2026-09-01 05:00:00,totalpowerfactor,-0.35337618,2026-08-31 14:30:00,v4.1.0-produccion,buena:completo/semana_anterior
B8_CPA,2026-09-01 05:10:00,totalpowerfactor,-0.36616138,2026-08-31 14:30:00,v4.1.0-produccion,buena:completo/semana_anterior
B8_CPA,2026-09-01 05:20:00,totalpowerfactor,-0.3567886,2026-08-31 14:30:00,v4.1.0-produccion,buena:completo/semana_anterior
B8_CPA,2026-09-01 05:30:00,totalpowerfactor,-0.37250406,2026-08-31 14:30:00,v4.1.0-produccion,buena:completo/semana_anterior
B8_CPA,2026-09-01 05:40:00,totalpowerfactor,-0.3520492,2026-08-31 14:30:00,v4.1.0-produccion,buena:completo/semana_anterior
B8_CPA,2026-09-01 05:50:00,totalpowerfactor,-0.36503464,2026-08-31 14:30:00,v4.1.0-produccion,buena:completo/semana_anterior
B8_CPA,2026-09-01 06:00:00,totalpowerfactor,-0.34897843,2026-08-31 14:30:00,v4.1.0-produccion,buena:completo/semana_anterior
B8_CPA,2026-09-01 06:10:00,totalpowerfactor,-0.36809072,2026-08-31 14:30:00,v4.1.0-produccion,buena:completo/semana_anterior
B8_CPA,2026-09-01 06:20:00,totalpowerfactor,-0.36473948,2026-08-31 14:30:00,v4.1.0-produccion,buena:completo/semana_anterior
B8_CPA,2026-09-01 06:30:00,totalpowerfactor,-0.366308,2026-08-31 14:30:00,v4.1.0-produccion,buena:completo/semana_anterior
B8_CPA,2026-09-01 06:40:00,totalpowerfactor,-0.36420017,2026-08-31 14:30:00,v4.1.0-produccion,buena:completo/semana_anterior
B8_CPA,2026-09-01 06:50:00,totalpowerfactor,-0.37927285,2026-08-31 14:30:00,v4.1.0-produccion,buena:completo/semana_anterior
B8_CPA,2026-09-01 07:00:00,totalpowerfactor,-0.37131023,2026-08-31 14:30:00,v4.1.0-produccion,buena:completo/semana_anterior
B8_CPA,2026-09-01 07:10:00,totalpowerfactor,-0.3909979,2026-08-31 14:30:00,v4.1.0-produccion,buena:completo/semana_anterior
B8_CPA,2026-09-01 07:20:00,totalpowerfactor,-0.387255,2026-08-31 14:30:00,v4.1.0-produccion,buena:completo/semana_anterior
B8_CPA,2026-09-01 07:30:00,totalpowerfactor,-0.3990383,2026-08-31 14:30:00,v4.1.0-produccion,buena:completo/semana_anterior
B8_CPA,2026-09-01 07:40:00,totalpowerfactor,-0.37608057,2026-08-31 14:30:00,v4.1.0-produccion,buena:completo/semana_anterior
B8_CPA,2026-09-01 07:50:00,totalpowerfactor,-0.3705962,2026-08-31 14:30:00,v4.1.0-produccion,buena:completo/semana_anterior
B8_CPA,2026-09-01 08:00:00,totalpowerfactor,-0.3865372,2026-08-31 14:30:00,v4.1.0-produccion,buena:completo/semana_anterior
B8_CPA,2026-09-01 08:10:00,totalpowerfactor,-0.39136225,2026-08-31 14:30:00,v4.1.0-produccion,buena:completo/semana_anterior
B8_CPA,2026-09-01 08:20:00,totalpowerfactor,-0.40809402,2026-08-31 14:30:00,v4.1.0-produccion,buena:completo/semana_anterior
B8_CPA,2026-09-01 08:30:00,totalpowerfactor,-0.3906887,2026-08-31 14:30:00,v4.1.0-produccion,buena:completo/semana_anterior
B8_CPA,2026-09-01 08:40:00,totalpowerfactor,-0.3913552,2026-08-31 14:30:00,v4.1.0-produccion,buena:completo/semana_anterior
B8_CPA,2026-09-01 08:50:00,totalpowerfactor,-0.39060405,2026-08-31 14:30:00,v4.1.0-produccion,buena:completo/semana_anterior
B8_CPA,2026-09-01 09:00:00,totalpowerfactor,-0.3871883,2026-08-31 14:30:00,v4.1.0-produccion,buena:completo/semana_anterior
B8_CPA,2026-09-01 09:10:00,totalpowerfactor,-0.4089562,2026-08-31 14:30:00,v4.1.0-produccion,buena:completo/semana_anterior
B8_CPA,2026-09-01 09:20:00,totalpowerfactor,-0.3869084,2026-08-31 14:30:00,v4.1.0-produccion,buena:completo/semana_anterior
B8_CPA,2026-09-01 09:30:00,totalpowerfactor,-0.3861513,2026-08-31 14:30:00,v4.1.0-produccion,buena:completo/semana_anterior
B8_CPA,2026-09-01 09:40:00,totalpowerfactor,-0.39281216,2026-08-31 14:30:00,v4.1.0-produccion,buena:completo/semana_anterior
B8_CPA,2026-09-01 09:50:00,totalpowerfactor,-0.3928888,2026-08-31 14:30:00,v4.1.0-produccion,buena:completo/semana_anterior
B8_CPA,2026-09-01 10:00:00,totalpowerfactor,-0.3829196,2026-08-31 14:30:00,v4.1.0-produccion,buena:completo/semana_anterior
B8_CPA,2026-09-01 10:10:00,totalpowerfactor,-0.4056722,2026-08-31 14:30:00,v4.1.0-produccion,buena:completo/semana_anterior
B8_CPA,2026-09-01 10:20:00,totalpowerfactor,-0.40250105,2026-08-31 14:30:00,v4.1.0-produccion,buena:completo/semana_anterior
B8_CPA,2026-09-01 10:30:00,totalpowerfactor,-0.4128437,2026-08-31 14:30:00,v4.1.0-produccion,buena:completo/semana_anterior
B8_CPA,2026-09-01 10:40:00,totalpowerfactor,-0.41482162,2026-08-31 14:30:00,v4.1.0-produccion,buena:completo/semana_anterior
B8_CPA,2026-09-01 10:50:00,totalpowerfactor,-0.40329283,2026-08-31 14:30:00,v4.1.0-produccion,buena:completo/semana_anterior
B8_CPA,2026-09-01 11:00:00,totalpowerfactor,-0.41296044,2026-08-31 14:30:00,v4.1.0-produccion,buena:completo/semana_anterior
B8_CPA,2026-09-01 11:10:00,totalpowerfactor,-0.44675526,2026-08-31 14:30:00,v4.1.0-produccion,buena:completo/semana_anterior
B8_CPA,2026-09-01 11:20:00,totalpowerfactor,-0.43872258,2026-08-31 14:30:00,v4.1.0-produccion,buena:completo/semana_anterior
B8_CPA,2026-09-01 11:30:00,totalpowerfactor,-0.42729536,2026-08-31 14:30:00,v4.1.0-produccion,buena:completo/semana_anterior
B8_CPA,2026-09-01 11:40:00,totalpowerfactor,-0.42815033,2026-08-31 14:30:00,v4.1.0-produccion,buena:completo/semana_anterior
B8_CPA,2026-09-01 11:50:00,totalpowerfactor,-0.4419149,2026-08-31 14:30:00,v4.1.0-produccion,buena:completo/semana_anterior
B8_CPA,2026-09-01 12:00:00,totalpowerfactor,-0.45073876,2026-08-31 14:30:00,v4.1.0-produccion,buena:completo/semana_anterior
B8_CPA,2026-09-01 12:10:00,totalpowerfactor,-0.47571564,2026-08-31 14:30:00,v4.1.0-produccion,buena:completo/semana_anterior
B8_CPA,2026-09-01 12:20:00,totalpowerfactor,-0.47507212,2026-08-31 14:30:00,v4.1.0-produccion,buena:completo/semana_anterior
B8_CPA,2026-09-01 12:30:00,totalpowerfactor,-0.47416434,2026-08-31 14:30:00,v4.1.0-produccion,buena:completo/semana_anterior
B8_CPA,2026-09-01 12:40:00,totalpowerfactor,-0.47903675,2026-08-31 14:30:00,v4.1.0-produccion,buena:completo/semana_anterior
B8_CPA,2026-09-01 12:50:00,totalpowerfactor,-0.48560378,2026-08-31 14:30:00,v4.1.0-produccion,buena:completo/semana_anterior
B8_CPA,2026-09-01 13:00:00,totalpowerfactor,-0.48009747,2026-08-31 14:30:00,v4.1.0-produccion,buena:completo/semana_anterior
B8_CPA,2026-09-01 13:10:00,totalpowerfactor,-0.49349278,2026-08-31 14:30:00,v4.1.0-produccion,buena:completo/semana_anterior
B8_CPA,2026-09-01 13:20:00,totalpowerfactor,-0.48745692,2026-08-31 14:30:00,v4.1.0-produccion,buena:completo/semana_anterior
B8_CPA,2026-09-01 13:30:00,totalpowerfactor,-0.48270953,2026-08-31 14:30:00,v4.1.0-produccion,buena:completo/semana_anterior
B8_CPA,2026-09-01 13:40:00,totalpowerfactor,-0.4760433,2026-08-31 14:30:00,v4.1.0-produccion,buena:completo/semana_anterior
B8_CPA,2026-09-01 13:50:00,totalpowerfactor,-0.46952644,2026-08-31 14:30:00,v4.1.0-produccion,buena:completo/semana_anterior
B8_CPA,2026-09-01 14:00:00,totalpowerfactor,-0.47989377,2026-08-31 14:30:00,v4.1.0-produccion,buena:completo/semana_anterior
B8_CPA,2026-09-01 14:10:00,totalpowerfactor,-0.47928524,2026-08-31 14:30:00,v4.1.0-produccion,buena:completo/semana_anterior
B8_CPA,2026-09-01 14:20:00,totalpowerfactor,-0.45214579,2026-08-31 14:30:00,v4.1.0-produccion,buena:completo/semana_anterior
B8_CPA,2026-09-01 14:30:00,totalpowerfactor,-0.459975,2026-08-31 14:30:00,v4.1.0-produccion,buena:completo/semana_anterior
B8_CPA,2026-08-31 14:40:00,voltaje_promedio,125.681786,2026-08-31 14:30:00,v4.1.0-produccion,buena:completo/semana_anterior
B8_CPA,2026-08-31 14:50:00,voltaje_promedio,125.66544,2026-08-31 14:30:00,v4.1.0-produccion,buena:completo/semana_anterior
B8_CPA,2026-08-31 15:00:00,voltaje_promedio,125.67045,2026-08-31 14:30:00,v4.1.0-produccion,buena:completo/semana_anterior
B8_CPA,2026-08-31 15:10:00,voltaje_promedio,125.66602,2026-08-31 14:30:00,v4.1.0-produccion,buena:completo/semana_anterior
B8_CPA,2026-08-31 15:20:00,voltaje_promedio,125.71255,2026-08-31 14:30:00,v4.1.0-produccion,buena:completo/semana_anterior
B8_CPA,2026-08-31 15:30:00,voltaje_promedio,125.7026,2026-08-31 14:30:00,v4.1.0-produccion,buena:completo/semana_anterior
B8_CPA,2026-08-31 15:40:00,voltaje_promedio,125.786316,2026-08-31 14:30:00,v4.1.0-produccion,buena:completo/semana_anterior
B8_CPA,2026-08-31 15:50:00,voltaje_promedio,125.826035,2026-08-31 14:30:00,v4.1.0-produccion,buena:completo/semana_anterior
B8_CPA,2026-08-31 16:00:00,voltaje_promedio,125.744286,2026-08-31 14:30:00,v4.1.0-produccion,buena:completo/semana_anterior
B8_CPA,2026-08-31 16:10:00,voltaje_promedio,125.83761,2026-08-31 14:30:00,v4.1.0-produccion,buena:completo/semana_anterior
B8_CPA,2026-08-31 16:20:00,voltaje_promedio,125.8193,2026-08-31 14:30:00,v4.1.0-produccion,buena:completo/semana_anterior
B8_CPA,2026-08-31 16:30:00,voltaje_promedio,125.799515,2026-08-31 14:30:00,v4.1.0-produccion,buena:completo/semana_anterior
B8_CPA,2026-08-31 16:40:00,voltaje_promedio,125.83351,2026-08-31 14:30:00,v4.1.0-produccion,buena:completo/semana_anterior
B8_CPA,2026-08-31 16:50:00,voltaje_promedio,125.81953,2026-08-31 14:30:00,v4.1.0-produccion,buena:completo/semana_anterior
B8_CPA,2026-08-31 17:00:00,voltaje_promedio,125.7858,2026-08-31 14:30:00,v4.1.0-produccion,buena:completo/semana_anterior
B8_CPA,2026-08-31 17:10:00,voltaje_promedio,125.752754,2026-08-31 14:30:00,v4.1.0-produccion,buena:completo/semana_anterior
B8_CPA,2026-08-31 17:20:00,voltaje_promedio,125.77353,2026-08-31 14:30:00,v4.1.0-produccion,buena:completo/semana_anterior
B8_CPA,2026-08-31 17:30:00,voltaje_promedio,125.7929,2026-08-31 14:30:00,v4.1.0-produccion,buena:completo/semana_anterior
B8_CPA,2026-08-31 17:40:00,voltaje_promedio,125.80941,2026-08-31 14:30:00,v4.1.0-produccion,buena:completo/semana_anterior
B8_CPA,2026-08-31 17:50:00,voltaje_promedio,125.86392,2026-08-31 14:30:00,v4.1.0-produccion,buena:completo/semana_anterior
B8_CPA,2026-08-31 18:00:00,voltaje_promedio,125.85982,2026-08-31 14:30:00,v4.1.0-produccion,buena:completo/semana_anterior
B8_CPA,2026-08-31 18:10:00,voltaje_promedio,125.850914,2026-08-31 14:30:00,v4.1.0-produccion,buena:completo/semana_anterior
B8_CPA,2026-08-31 18:20:00,voltaje_promedio,125.85272,2026-08-31 14:30:00,v4.1.0-produccion,buena:completo/semana_anterior
B8_CPA,2026-08-31 18:30:00,voltaje_promedio,125.900444,2026-08-31 14:30:00,v4.1.0-produccion,buena:completo/semana_anterior
B8_CPA,2026-08-31 18:40:00,voltaje_promedio,125.92434,2026-08-31 14:30:00,v4.1.0-produccion,buena:completo/semana_anterior
B8_CPA,2026-08-31 18:50:00,voltaje_promedio,125.9476,2026-08-31 14:30:00,v4.1.0-produccion,buena:completo/semana_anterior
B8_CPA,2026-08-31 19:00:00,voltaje_promedio,125.96303,2026-08-31 14:30:00,v4.1.0-produccion,buena:completo/semana_anterior
B8_CPA,2026-08-31 19:10:00,voltaje_promedio,125.954185,2026-08-31 14:30:00,v4.1.0-produccion,buena:completo/semana_anterior
B8_CPA,2026-08-31 19:20:00,voltaje_promedio,126.061676,2026-08-31 14:30:00,v4.1.0-produccion,buena:completo/semana_anterior
B8_CPA,2026-08-31 19:30:00,voltaje_promedio,125.99197,2026-08-31 14:30:00,v4.1.0-produccion,buena:completo/semana_anterior
B8_CPA,2026-08-31 19:40:00,voltaje_promedio,126.05153,2026-08-31 14:30:00,v4.1.0-produccion,buena:completo/semana_anterior
B8_CPA,2026-08-31 19:50:00,voltaje_promedio,126.0196,2026-08-31 14:30:00,v4.1.0-produccion,buena:completo/semana_anterior
B8_CPA,2026-08-31 20:00:00,voltaje_promedio,125.99657,2026-08-31 14:30:00,v4.1.0-produccion,buena:completo/semana_anterior
B8_CPA,2026-08-31 20:10:00,voltaje_promedio,126.03899,2026-08-31 14:30:00,v4.1.0-produccion,buena:completo/semana_anterior
B8_CPA,2026-08-31 20:20:00,voltaje_promedio,126.16583,2026-08-31 14:30:00,v4.1.0-produccion,buena:completo/semana_anterior
B8_CPA,2026-08-31 20:30:00,voltaje_promedio,126.17636,2026-08-31 14:30:00,v4.1.0-produccion,buena:completo/semana_anterior
B8_CPA,2026-08-31 20:40:00,voltaje_promedio,126.12418,2026-08-31 14:30:00,v4.1.0-produccion,buena:completo/semana_anterior
B8_CPA,2026-08-31 20:50:00,voltaje_promedio,126.08987,2026-08-31 14:30:00,v4.1.0-produccion,buena:completo/semana_anterior
B8_CPA,2026-08-31 21:00:00,voltaje_promedio,126.14663,2026-08-31 14:30:00,v4.1.0-produccion,buena:completo/semana_anterior
B8_CPA,2026-08-31 21:10:00,voltaje_promedio,126.21657,2026-08-31 14:30:00,v4.1.0-produccion,buena:completo/semana_anterior
B8_CPA,2026-08-31 21:20:00,voltaje_promedio,126.29355,2026-08-31 14:30:00,v4.1.0-produccion,buena:completo/semana_anterior
B8_CPA,2026-08-31 21:30:00,voltaje_promedio,126.40972,2026-08-31 14:30:00,v4.1.0-produccion,buena:completo/semana_anterior
B8_CPA,2026-08-31 21:40:00,voltaje_promedio,126.34976,2026-08-31 14:30:00,v4.1.0-produccion,buena:completo/semana_anterior
B8_CPA,2026-08-31 21:50:00,voltaje_promedio,126.33199,2026-08-31 14:30:00,v4.1.0-produccion,buena:completo/semana_anterior
B8_CPA,2026-08-31 22:00:00,voltaje_promedio,126.31463,2026-08-31 14:30:00,v4.1.0-produccion,buena:completo/semana_anterior
B8_CPA,2026-08-31 22:10:00,voltaje_promedio,126.3519,2026-08-31 14:30:00,v4.1.0-produccion,buena:completo/semana_anterior
B8_CPA,2026-08-31 22:20:00,voltaje_promedio,126.29793,2026-08-31 14:30:00,v4.1.0-produccion,buena:completo/semana_anterior
B8_CPA,2026-08-31 22:30:00,voltaje_promedio,126.249466,2026-08-31 14:30:00,v4.1.0-produccion,buena:completo/semana_anterior
B8_CPA,2026-08-31 22:40:00,voltaje_promedio,126.352905,2026-08-31 14:30:00,v4.1.0-produccion,buena:completo/semana_anterior
B8_CPA,2026-08-31 22:50:00,voltaje_promedio,126.34231,2026-08-31 14:30:00,v4.1.0-produccion,buena:completo/semana_anterior
B8_CPA,2026-08-31 23:00:00,voltaje_promedio,126.365364,2026-08-31 14:30:00,v4.1.0-produccion,buena:completo/semana_anterior
B8_CPA,2026-08-31 23:10:00,voltaje_promedio,126.356384,2026-08-31 14:30:00,v4.1.0-produccion,buena:completo/semana_anterior
B8_CPA,2026-08-31 23:20:00,voltaje_promedio,126.31713,2026-08-31 14:30:00,v4.1.0-produccion,buena:completo/semana_anterior
B8_CPA,2026-08-31 23:30:00,voltaje_promedio,126.334145,2026-08-31 14:30:00,v4.1.0-produccion,buena:completo/semana_anterior
B8_CPA,2026-08-31 23:40:00,voltaje_promedio,126.383545,2026-08-31 14:30:00,v4.1.0-produccion,buena:completo/semana_anterior
B8_CPA,2026-08-31 23:50:00,voltaje_promedio,126.43452,2026-08-31 14:30:00,v4.1.0-produccion,buena:completo/semana_anterior
B8_CPA,2026-09-01 00:00:00,voltaje_promedio,126.44155,2026-08-31 14:30:00,v4.1.0-produccion,buena:completo/semana_anterior
B8_CPA,2026-09-01 00:10:00,voltaje_promedio,126.504265,2026-08-31 14:30:00,v4.1.0-produccion,buena:completo/semana_anterior
B8_CPA,2026-09-01 00:20:00,voltaje_promedio,126.51018,2026-08-31 14:30:00,v4.1.0-produccion,buena:completo/semana_anterior
B8_CPA,2026-09-01 00:30:00,voltaje_promedio,126.46915,2026-08-31 14:30:00,v4.1.0-produccion,buena:completo/semana_anterior
B8_CPA,2026-09-01 00:40:00,voltaje_promedio,126.46842,2026-08-31 14:30:00,v4.1.0-produccion,buena:completo/semana_anterior
B8_CPA,2026-09-01 00:50:00,voltaje_promedio,126.43544,2026-08-31 14:30:00,v4.1.0-produccion,buena:completo/semana_anterior
B8_CPA,2026-09-01 01:00:00,voltaje_promedio,126.42298,2026-08-31 14:30:00,v4.1.0-produccion,buena:completo/semana_anterior
B8_CPA,2026-09-01 01:10:00,voltaje_promedio,126.41215,2026-08-31 14:30:00,v4.1.0-produccion,buena:completo/semana_anterior
B8_CPA,2026-09-01 01:20:00,voltaje_promedio,126.37866,2026-08-31 14:30:00,v4.1.0-produccion,buena:completo/semana_anterior
B8_CPA,2026-09-01 01:30:00,voltaje_promedio,126.41325,2026-08-31 14:30:00,v4.1.0-produccion,buena:completo/semana_anterior
B8_CPA,2026-09-01 01:40:00,voltaje_promedio,126.41787,2026-08-31 14:30:00,v4.1.0-produccion,buena:completo/semana_anterior
B8_CPA,2026-09-01 01:50:00,voltaje_promedio,126.40975,2026-08-31 14:30:00,v4.1.0-produccion,buena:completo/semana_anterior
B8_CPA,2026-09-01 02:00:00,voltaje_promedio,126.331,2026-08-31 14:30:00,v4.1.0-produccion,buena:completo/semana_anterior
B8_CPA,2026-09-01 02:10:00,voltaje_promedio,126.280914,2026-08-31 14:30:00,v4.1.0-produccion,buena:completo/semana_anterior
B8_CPA,2026-09-01 02:20:00,voltaje_promedio,126.24943,2026-08-31 14:30:00,v4.1.0-produccion,buena:completo/semana_anterior
B8_CPA,2026-09-01 02:30:00,voltaje_promedio,126.23186,2026-08-31 14:30:00,v4.1.0-produccion,buena:completo/semana_anterior
B8_CPA,2026-09-01 02:40:00,voltaje_promedio,126.290634,2026-08-31 14:30:00,v4.1.0-produccion,buena:completo/semana_anterior
B8_CPA,2026-09-01 02:50:00,voltaje_promedio,126.35679,2026-08-31 14:30:00,v4.1.0-produccion,buena:completo/semana_anterior
B8_CPA,2026-09-01 03:00:00,voltaje_promedio,126.29178,2026-08-31 14:30:00,v4.1.0-produccion,buena:completo/semana_anterior
B8_CPA,2026-09-01 03:10:00,voltaje_promedio,126.267136,2026-08-31 14:30:00,v4.1.0-produccion,buena:completo/semana_anterior
B8_CPA,2026-09-01 03:20:00,voltaje_promedio,126.178795,2026-08-31 14:30:00,v4.1.0-produccion,buena:completo/semana_anterior
B8_CPA,2026-09-01 03:30:00,voltaje_promedio,126.23389,2026-08-31 14:30:00,v4.1.0-produccion,buena:completo/semana_anterior
B8_CPA,2026-09-01 03:40:00,voltaje_promedio,126.26096,2026-08-31 14:30:00,v4.1.0-produccion,buena:completo/semana_anterior
B8_CPA,2026-09-01 03:50:00,voltaje_promedio,126.14694,2026-08-31 14:30:00,v4.1.0-produccion,buena:completo/semana_anterior
B8_CPA,2026-09-01 04:00:00,voltaje_promedio,126.13385,2026-08-31 14:30:00,v4.1.0-produccion,buena:completo/semana_anterior
B8_CPA,2026-09-01 04:10:00,voltaje_promedio,126.163795,2026-08-31 14:30:00,v4.1.0-produccion,buena:completo/semana_anterior
B8_CPA,2026-09-01 04:20:00,voltaje_promedio,126.03226,2026-08-31 14:30:00,v4.1.0-produccion,buena:completo/semana_anterior
B8_CPA,2026-09-01 04:30:00,voltaje_promedio,125.94467,2026-08-31 14:30:00,v4.1.0-produccion,buena:completo/semana_anterior
B8_CPA,2026-09-01 04:40:00,voltaje_promedio,125.93947,2026-08-31 14:30:00,v4.1.0-produccion,buena:completo/semana_anterior
B8_CPA,2026-09-01 04:50:00,voltaje_promedio,125.89666,2026-08-31 14:30:00,v4.1.0-produccion,buena:completo/semana_anterior
B8_CPA,2026-09-01 05:00:00,voltaje_promedio,125.94052,2026-08-31 14:30:00,v4.1.0-produccion,buena:completo/semana_anterior
B8_CPA,2026-09-01 05:10:00,voltaje_promedio,125.957825,2026-08-31 14:30:00,v4.1.0-produccion,buena:completo/semana_anterior
B8_CPA,2026-09-01 05:20:00,voltaje_promedio,125.85419,2026-08-31 14:30:00,v4.1.0-produccion,buena:completo/semana_anterior
B8_CPA,2026-09-01 05:30:00,voltaje_promedio,125.83926,2026-08-31 14:30:00,v4.1.0-produccion,buena:completo/semana_anterior
B8_CPA,2026-09-01 05:40:00,voltaje_promedio,125.83905,2026-08-31 14:30:00,v4.1.0-produccion,buena:completo/semana_anterior
B8_CPA,2026-09-01 05:50:00,voltaje_promedio,125.80657,2026-08-31 14:30:00,v4.1.0-produccion,buena:completo/semana_anterior
B8_CPA,2026-09-01 06:00:00,voltaje_promedio,125.78845,2026-08-31 14:30:00,v4.1.0-produccion,buena:completo/semana_anterior
B8_CPA,2026-09-01 06:10:00,voltaje_promedio,125.792496,2026-08-31 14:30:00,v4.1.0-produccion,buena:completo/semana_anterior
B8_CPA,2026-09-01 06:20:00,voltaje_promedio,125.70669,2026-08-31 14:30:00,v4.1.0-produccion,buena:completo/semana_anterior
B8_CPA,2026-09-01 06:30:00,voltaje_promedio,125.668076,2026-08-31 14:30:00,v4.1.0-produccion,buena:completo/semana_anterior
B8_CPA,2026-09-01 06:40:00,voltaje_promedio,125.67032,2026-08-31 14:30:00,v4.1.0-produccion,buena:completo/semana_anterior
B8_CPA,2026-09-01 06:50:00,voltaje_promedio,125.62077,2026-08-31 14:30:00,v4.1.0-produccion,buena:completo/semana_anterior
B8_CPA,2026-09-01 07:00:00,voltaje_promedio,125.597,2026-08-31 14:30:00,v4.1.0-produccion,buena:completo/semana_anterior
B8_CPA,2026-09-01 07:10:00,voltaje_promedio,125.579124,2026-08-31 14:30:00,v4.1.0-produccion,buena:completo/semana_anterior
B8_CPA,2026-09-01 07:20:00,voltaje_promedio,125.47421,2026-08-31 14:30:00,v4.1.0-produccion,buena:completo/semana_anterior
B8_CPA,2026-09-01 07:30:00,voltaje_promedio,125.451645,2026-08-31 14:30:00,v4.1.0-produccion,buena:completo/semana_anterior
B8_CPA,2026-09-01 07:40:00,voltaje_promedio,125.503654,2026-08-31 14:30:00,v4.1.0-produccion,buena:completo/semana_anterior
B8_CPA,2026-09-01 07:50:00,voltaje_promedio,125.47405,2026-08-31 14:30:00,v4.1.0-produccion,buena:completo/semana_anterior
B8_CPA,2026-09-01 08:00:00,voltaje_promedio,125.490036,2026-08-31 14:30:00,v4.1.0-produccion,buena:completo/semana_anterior
B8_CPA,2026-09-01 08:10:00,voltaje_promedio,125.47726,2026-08-31 14:30:00,v4.1.0-produccion,buena:completo/semana_anterior
B8_CPA,2026-09-01 08:20:00,voltaje_promedio,125.38406,2026-08-31 14:30:00,v4.1.0-produccion,buena:completo/semana_anterior
B8_CPA,2026-09-01 08:30:00,voltaje_promedio,125.35015,2026-08-31 14:30:00,v4.1.0-produccion,buena:completo/semana_anterior
B8_CPA,2026-09-01 08:40:00,voltaje_promedio,125.27333,2026-08-31 14:30:00,v4.1.0-produccion,buena:completo/semana_anterior
B8_CPA,2026-09-01 08:50:00,voltaje_promedio,125.2911,2026-08-31 14:30:00,v4.1.0-produccion,buena:completo/semana_anterior
B8_CPA,2026-09-01 09:00:00,voltaje_promedio,125.35992,2026-08-31 14:30:00,v4.1.0-produccion,buena:completo/semana_anterior
B8_CPA,2026-09-01 09:10:00,voltaje_promedio,125.31518,2026-08-31 14:30:00,v4.1.0-produccion,buena:completo/semana_anterior
B8_CPA,2026-09-01 09:20:00,voltaje_promedio,125.22347,2026-08-31 14:30:00,v4.1.0-produccion,buena:completo/semana_anterior
B8_CPA,2026-09-01 09:30:00,voltaje_promedio,125.24749,2026-08-31 14:30:00,v4.1.0-produccion,buena:completo/semana_anterior
B8_CPA,2026-09-01 09:40:00,voltaje_promedio,125.2313,2026-08-31 14:30:00,v4.1.0-produccion,buena:completo/semana_anterior
B8_CPA,2026-09-01 09:50:00,voltaje_promedio,125.27196,2026-08-31 14:30:00,v4.1.0-produccion,buena:completo/semana_anterior
B8_CPA,2026-09-01 10:00:00,voltaje_promedio,125.18781,2026-08-31 14:30:00,v4.1.0-produccion,buena:completo/semana_anterior
B8_CPA,2026-09-01 10:10:00,voltaje_promedio,125.25178,2026-08-31 14:30:00,v4.1.0-produccion,buena:completo/semana_anterior
B8_CPA,2026-09-01 10:20:00,voltaje_promedio,125.22723,2026-08-31 14:30:00,v4.1.0-produccion,buena:completo/semana_anterior
B8_CPA,2026-09-01 10:30:00,voltaje_promedio,125.202515,2026-08-31 14:30:00,v4.1.0-produccion,buena:completo/semana_anterior
B8_CPA,2026-09-01 10:40:00,voltaje_promedio,125.18989,2026-08-31 14:30:00,v4.1.0-produccion,buena:completo/semana_anterior
B8_CPA,2026-09-01 10:50:00,voltaje_promedio,125.19922,2026-08-31 14:30:00,v4.1.0-produccion,buena:completo/semana_anterior
B8_CPA,2026-09-01 11:00:00,voltaje_promedio,125.22726,2026-08-31 14:30:00,v4.1.0-produccion,buena:completo/semana_anterior
B8_CPA,2026-09-01 11:10:00,voltaje_promedio,125.24165,2026-08-31 14:30:00,v4.1.0-produccion,buena:completo/semana_anterior
B8_CPA,2026-09-01 11:20:00,voltaje_promedio,125.22058,2026-08-31 14:30:00,v4.1.0-produccion,buena:completo/semana_anterior
B8_CPA,2026-09-01 11:30:00,voltaje_promedio,125.24022,2026-08-31 14:30:00,v4.1.0-produccion,buena:completo/semana_anterior
B8_CPA,2026-09-01 11:40:00,voltaje_promedio,125.154884,2026-08-31 14:30:00,v4.1.0-produccion,buena:completo/semana_anterior
B8_CPA,2026-09-01 11:50:00,voltaje_promedio,125.176674,2026-08-31 14:30:00,v4.1.0-produccion,buena:completo/semana_anterior
B8_CPA,2026-09-01 12:00:00,voltaje_promedio,125.20199,2026-08-31 14:30:00,v4.1.0-produccion,buena:completo/semana_anterior
B8_CPA,2026-09-01 12:10:00,voltaje_promedio,125.20694,2026-08-31 14:30:00,v4.1.0-produccion,buena:completo/semana_anterior
B8_CPA,2026-09-01 12:20:00,voltaje_promedio,125.194595,2026-08-31 14:30:00,v4.1.0-produccion,buena:completo/semana_anterior
B8_CPA,2026-09-01 12:30:00,voltaje_promedio,125.15734,2026-08-31 14:30:00,v4.1.0-produccion,buena:completo/semana_anterior
B8_CPA,2026-09-01 12:40:00,voltaje_promedio,125.14122,2026-08-31 14:30:00,v4.1.0-produccion,buena:completo/semana_anterior
B8_CPA,2026-09-01 12:50:00,voltaje_promedio,125.15037,2026-08-31 14:30:00,v4.1.0-produccion,buena:completo/semana_anterior
B8_CPA,2026-09-01 13:00:00,voltaje_promedio,125.22381,2026-08-31 14:30:00,v4.1.0-produccion,buena:completo/semana_anterior
B8_CPA,2026-09-01 13:10:00,voltaje_promedio,125.30002,2026-08-31 14:30:00,v4.1.0-produccion,buena:completo/semana_anterior
B8_CPA,2026-09-01 13:20:00,voltaje_promedio,125.2406,2026-08-31 14:30:00,v4.1.0-produccion,buena:completo/semana_anterior
B8_CPA,2026-09-01 13:30:00,voltaje_promedio,125.32608,2026-08-31 14:30:00,v4.1.0-produccion,buena:completo/semana_anterior
B8_CPA,2026-09-01 13:40:00,voltaje_promedio,125.376274,2026-08-31 14:30:00,v4.1.0-produccion,buena:completo/semana_anterior
B8_CPA,2026-09-01 13:50:00,voltaje_promedio,125.40236,2026-08-31 14:30:00,v4.1.0-produccion,buena:completo/semana_anterior
B8_CPA,2026-09-01 14:00:00,voltaje_promedio,125.3663,2026-08-31 14:30:00,v4.1.0-produccion,buena:completo/semana_anterior
B8_CPA,2026-09-01 14:10:00,voltaje_promedio,125.3703,2026-08-31 14:30:00,v4.1.0-produccion,buena:completo/semana_anterior
B8_CPA,2026-09-01 14:20:00,voltaje_promedio,125.35558,2026-08-31 14:30:00,v4.1.0-produccion,buena:completo/semana_anterior
B8_CPA,2026-09-01 14:30:00,voltaje_promedio,125.40012,2026-08-31 14:30:00,v4.1.0-produccion,buena:completo/semana_anterior
B8_LABS,2026-08-31 14:40:00,activepower,31956.629,2026-08-31 14:30:00,v4.1.0-produccion,buena:completo/semana_anterior
B8_LABS,2026-08-31 14:50:00,activepower,31394.16,2026-08-31 14:30:00,v4.1.0-produccion,buena:completo/semana_anterior
B8_LABS,2026-08-31 15:00:00,activepower,30769.121,2026-08-31 14:30:00,v4.1.0-produccion,buena:completo/semana_anterior
B8_LABS,2026-08-31 15:10:00,activepower,30434.613,2026-08-31 14:30:00,v4.1.0-produccion,buena:completo/semana_anterior
B8_LABS,2026-08-31 15:20:00,activepower,29985.559,2026-08-31 14:30:00,v4.1.0-produccion,buena:completo/semana_anterior
B8_LABS,2026-08-31 15:30:00,activepower,29390.258,2026-08-31 14:30:00,v4.1.0-produccion,buena:completo/semana_anterior
B8_LABS,2026-08-31 15:40:00,activepower,28658.195,2026-08-31 14:30:00,v4.1.0-produccion,buena:completo/semana_anterior
B8_LABS,2026-08-31 15:50:00,activepower,27911.938,2026-08-31 14:30:00,v4.1.0-produccion,buena:completo/semana_anterior
B8_LABS,2026-08-31 16:00:00,activepower,27813.992,2026-08-31 14:30:00,v4.1.0-produccion,buena:completo/semana_anterior
B8_LABS,2026-08-31 16:10:00,activepower,27067.95,2026-08-31 14:30:00,v4.1.0-produccion,buena:completo/semana_anterior
B8_LABS,2026-08-31 16:20:00,activepower,26270.398,2026-08-31 14:30:00,v4.1.0-produccion,buena:completo/semana_anterior
B8_LABS,2026-08-31 16:30:00,activepower,25465.86,2026-08-31 14:30:00,v4.1.0-produccion,buena:completo/semana_anterior
B8_LABS,2026-08-31 16:40:00,activepower,24980.875,2026-08-31 14:30:00,v4.1.0-produccion,buena:completo/semana_anterior
B8_LABS,2026-08-31 16:50:00,activepower,23987.914,2026-08-31 14:30:00,v4.1.0-produccion,buena:completo/semana_anterior
B8_LABS,2026-08-31 17:00:00,activepower,23623.277,2026-08-31 14:30:00,v4.1.0-produccion,buena:completo/semana_anterior
B8_LABS,2026-08-31 17:10:00,activepower,22926.535,2026-08-31 14:30:00,v4.1.0-produccion,buena:completo/semana_anterior
B8_LABS,2026-08-31 17:20:00,activepower,22226.414,2026-08-31 14:30:00,v4.1.0-produccion,buena:completo/semana_anterior
B8_LABS,2026-08-31 17:30:00,activepower,21456.484,2026-08-31 14:30:00,v4.1.0-produccion,buena:completo/semana_anterior
B8_LABS,2026-08-31 17:40:00,activepower,21298.217,2026-08-31 14:30:00,v4.1.0-produccion,buena:completo/semana_anterior
B8_LABS,2026-08-31 17:50:00,activepower,20687.668,2026-08-31 14:30:00,v4.1.0-produccion,buena:completo/semana_anterior
B8_LABS,2026-08-31 18:00:00,activepower,20292.85,2026-08-31 14:30:00,v4.1.0-produccion,buena:completo/semana_anterior
B8_LABS,2026-08-31 18:10:00,activepower,19816.105,2026-08-31 14:30:00,v4.1.0-produccion,buena:completo/semana_anterior
B8_LABS,2026-08-31 18:20:00,activepower,19330.078,2026-08-31 14:30:00,v4.1.0-produccion,buena:completo/semana_anterior
B8_LABS,2026-08-31 18:30:00,activepower,19228.523,2026-08-31 14:30:00,v4.1.0-produccion,buena:completo/semana_anterior
B8_LABS,2026-08-31 18:40:00,activepower,18605.385,2026-08-31 14:30:00,v4.1.0-produccion,buena:completo/semana_anterior
B8_LABS,2026-08-31 18:50:00,activepower,18355.203,2026-08-31 14:30:00,v4.1.0-produccion,buena:completo/semana_anterior
B8_LABS,2026-08-31 19:00:00,activepower,18131.85,2026-08-31 14:30:00,v4.1.0-produccion,buena:completo/semana_anterior
B8_LABS,2026-08-31 19:10:00,activepower,17854.703,2026-08-31 14:30:00,v4.1.0-produccion,buena:completo/semana_anterior
B8_LABS,2026-08-31 19:20:00,activepower,17454.086,2026-08-31 14:30:00,v4.1.0-produccion,buena:completo/semana_anterior
B8_LABS,2026-08-31 19:30:00,activepower,17051.445,2026-08-31 14:30:00,v4.1.0-produccion,buena:completo/semana_anterior
B8_LABS,2026-08-31 19:40:00,activepower,16840.16,2026-08-31 14:30:00,v4.1.0-produccion,buena:completo/semana_anterior
B8_LABS,2026-08-31 19:50:00,activepower,16737.896,2026-08-31 14:30:00,v4.1.0-produccion,buena:completo/semana_anterior
B8_LABS,2026-08-31 20:00:00,activepower,16385.406,2026-08-31 14:30:00,v4.1.0-produccion,buena:completo/semana_anterior
B8_LABS,2026-08-31 20:10:00,activepower,16214.213,2026-08-31 14:30:00,v4.1.0-produccion,buena:completo/semana_anterior
B8_LABS,2026-08-31 20:20:00,activepower,15789.895,2026-08-31 14:30:00,v4.1.0-produccion,buena:completo/semana_anterior
B8_LABS,2026-08-31 20:30:00,activepower,15501.814,2026-08-31 14:30:00,v4.1.0-produccion,buena:completo/semana_anterior
B8_LABS,2026-08-31 20:40:00,activepower,15253.27,2026-08-31 14:30:00,v4.1.0-produccion,buena:completo/semana_anterior
B8_LABS,2026-08-31 20:50:00,activepower,14762.869,2026-08-31 14:30:00,v4.1.0-produccion,buena:completo/semana_anterior
B8_LABS,2026-08-31 21:00:00,activepower,14589.564,2026-08-31 14:30:00,v4.1.0-produccion,buena:completo/semana_anterior
B8_LABS,2026-08-31 21:10:00,activepower,14471.442,2026-08-31 14:30:00,v4.1.0-produccion,buena:completo/semana_anterior
B8_LABS,2026-08-31 21:20:00,activepower,14161.312,2026-08-31 14:30:00,v4.1.0-produccion,buena:completo/semana_anterior
B8_LABS,2026-08-31 21:30:00,activepower,13853.503,2026-08-31 14:30:00,v4.1.0-produccion,buena:completo/semana_anterior
B8_LABS,2026-08-31 21:40:00,activepower,13657.914,2026-08-31 14:30:00,v4.1.0-produccion,buena:completo/semana_anterior
B8_LABS,2026-08-31 21:50:00,activepower,13358.019,2026-08-31 14:30:00,v4.1.0-produccion,buena:completo/semana_anterior
B8_LABS,2026-08-31 22:00:00,activepower,13093.921,2026-08-31 14:30:00,v4.1.0-produccion,buena:completo/semana_anterior
B8_LABS,2026-08-31 22:10:00,activepower,13106.115,2026-08-31 14:30:00,v4.1.0-produccion,buena:completo/semana_anterior
B8_LABS,2026-08-31 22:20:00,activepower,12771.592,2026-08-31 14:30:00,v4.1.0-produccion,buena:completo/semana_anterior
B8_LABS,2026-08-31 22:30:00,activepower,12622.546,2026-08-31 14:30:00,v4.1.0-produccion,buena:completo/semana_anterior
B8_LABS,2026-08-31 22:40:00,activepower,12399.66,2026-08-31 14:30:00,v4.1.0-produccion,buena:completo/semana_anterior
B8_LABS,2026-08-31 22:50:00,activepower,12332.254,2026-08-31 14:30:00,v4.1.0-produccion,buena:completo/semana_anterior
B8_LABS,2026-08-31 23:00:00,activepower,12166.784,2026-08-31 14:30:00,v4.1.0-produccion,buena:completo/semana_anterior
B8_LABS,2026-08-31 23:10:00,activepower,12116.249,2026-08-31 14:30:00,v4.1.0-produccion,buena:completo/semana_anterior
B8_LABS,2026-08-31 23:20:00,activepower,11835.16,2026-08-31 14:30:00,v4.1.0-produccion,buena:completo/semana_anterior
B8_LABS,2026-08-31 23:30:00,activepower,11621.66,2026-08-31 14:30:00,v4.1.0-produccion,buena:completo/semana_anterior
B8_LABS,2026-08-31 23:40:00,activepower,11538.559,2026-08-31 14:30:00,v4.1.0-produccion,buena:completo/semana_anterior
B8_LABS,2026-08-31 23:50:00,activepower,11437.469,2026-08-31 14:30:00,v4.1.0-produccion,buena:completo/semana_anterior
B8_LABS,2026-09-01 00:00:00,activepower,11265.291,2026-08-31 14:30:00,v4.1.0-produccion,buena:completo/semana_anterior
B8_LABS,2026-09-01 00:10:00,activepower,11388.469,2026-08-31 14:30:00,v4.1.0-produccion,buena:completo/semana_anterior
B8_LABS,2026-09-01 00:20:00,activepower,11155.829,2026-08-31 14:30:00,v4.1.0-produccion,buena:completo/semana_anterior
B8_LABS,2026-09-01 00:30:00,activepower,11193.498,2026-08-31 14:30:00,v4.1.0-produccion,buena:completo/semana_anterior
B8_LABS,2026-09-01 00:40:00,activepower,11188.75,2026-08-31 14:30:00,v4.1.0-produccion,buena:completo/semana_anterior
B8_LABS,2026-09-01 00:50:00,activepower,11024.898,2026-08-31 14:30:00,v4.1.0-produccion,buena:completo/semana_anterior
B8_LABS,2026-09-01 01:00:00,activepower,10949.174,2026-08-31 14:30:00,v4.1.0-produccion,buena:completo/semana_anterior
B8_LABS,2026-09-01 01:10:00,activepower,10945.225,2026-08-31 14:30:00,v4.1.0-produccion,buena:completo/semana_anterior
B8_LABS,2026-09-01 01:20:00,activepower,10744.138,2026-08-31 14:30:00,v4.1.0-produccion,buena:completo/semana_anterior
B8_LABS,2026-09-01 01:30:00,activepower,10764.8,2026-08-31 14:30:00,v4.1.0-produccion,buena:completo/semana_anterior
B8_LABS,2026-09-01 01:40:00,activepower,10877.359,2026-08-31 14:30:00,v4.1.0-produccion,buena:completo/semana_anterior
B8_LABS,2026-09-01 01:50:00,activepower,10810.908,2026-08-31 14:30:00,v4.1.0-produccion,buena:completo/semana_anterior
B8_LABS,2026-09-01 02:00:00,activepower,10668.891,2026-08-31 14:30:00,v4.1.0-produccion,buena:completo/semana_anterior
B8_LABS,2026-09-01 02:10:00,activepower,10562.152,2026-08-31 14:30:00,v4.1.0-produccion,buena:completo/semana_anterior
B8_LABS,2026-09-01 02:20:00,activepower,10477.903,2026-08-31 14:30:00,v4.1.0-produccion,buena:completo/semana_anterior
B8_LABS,2026-09-01 02:30:00,activepower,10354.943,2026-08-31 14:30:00,v4.1.0-produccion,buena:completo/semana_anterior
B8_LABS,2026-09-01 02:40:00,activepower,10385.651,2026-08-31 14:30:00,v4.1.0-produccion,buena:completo/semana_anterior
B8_LABS,2026-09-01 02:50:00,activepower,10425.0,2026-08-31 14:30:00,v4.1.0-produccion,buena:completo/semana_anterior
B8_LABS,2026-09-01 03:00:00,activepower,10484.203,2026-08-31 14:30:00,v4.1.0-produccion,buena:completo/semana_anterior
B8_LABS,2026-09-01 03:10:00,activepower,10473.518,2026-08-31 14:30:00,v4.1.0-produccion,buena:completo/semana_anterior
B8_LABS,2026-09-01 03:20:00,activepower,10585.543,2026-08-31 14:30:00,v4.1.0-produccion,buena:completo/semana_anterior
B8_LABS,2026-09-01 03:30:00,activepower,10896.947,2026-08-31 14:30:00,v4.1.0-produccion,buena:completo/semana_anterior
B8_LABS,2026-09-01 03:40:00,activepower,11074.691,2026-08-31 14:30:00,v4.1.0-produccion,buena:completo/semana_anterior
B8_LABS,2026-09-01 03:50:00,activepower,11099.479,2026-08-31 14:30:00,v4.1.0-produccion,buena:completo/semana_anterior
B8_LABS,2026-09-01 04:00:00,activepower,11397.193,2026-08-31 14:30:00,v4.1.0-produccion,buena:completo/semana_anterior
B8_LABS,2026-09-01 04:10:00,activepower,11681.896,2026-08-31 14:30:00,v4.1.0-produccion,buena:completo/semana_anterior
B8_LABS,2026-09-01 04:20:00,activepower,12164.869,2026-08-31 14:30:00,v4.1.0-produccion,buena:completo/semana_anterior
B8_LABS,2026-09-01 04:30:00,activepower,12488.975,2026-08-31 14:30:00,v4.1.0-produccion,buena:completo/semana_anterior
B8_LABS,2026-09-01 04:40:00,activepower,13066.849,2026-08-31 14:30:00,v4.1.0-produccion,buena:completo/semana_anterior
B8_LABS,2026-09-01 04:50:00,activepower,13284.14,2026-08-31 14:30:00,v4.1.0-produccion,buena:completo/semana_anterior
B8_LABS,2026-09-01 05:00:00,activepower,13974.392,2026-08-31 14:30:00,v4.1.0-produccion,buena:completo/semana_anterior
B8_LABS,2026-09-01 05:10:00,activepower,14517.279,2026-08-31 14:30:00,v4.1.0-produccion,buena:completo/semana_anterior
B8_LABS,2026-09-01 05:20:00,activepower,15481.027,2026-08-31 14:30:00,v4.1.0-produccion,buena:completo/semana_anterior
B8_LABS,2026-09-01 05:30:00,activepower,16165.958,2026-08-31 14:30:00,v4.1.0-produccion,buena:completo/semana_anterior
B8_LABS,2026-09-01 05:40:00,activepower,16867.209,2026-08-31 14:30:00,v4.1.0-produccion,buena:completo/semana_anterior
B8_LABS,2026-09-01 05:50:00,activepower,17674.586,2026-08-31 14:30:00,v4.1.0-produccion,buena:completo/semana_anterior
B8_LABS,2026-09-01 06:00:00,activepower,18506.844,2026-08-31 14:30:00,v4.1.0-produccion,buena:completo/semana_anterior
B8_LABS,2026-09-01 06:10:00,activepower,19265.828,2026-08-31 14:30:00,v4.1.0-produccion,buena:completo/semana_anterior
B8_LABS,2026-09-01 06:20:00,activepower,20133.832,2026-08-31 14:30:00,v4.1.0-produccion,buena:completo/semana_anterior
B8_LABS,2026-09-01 06:30:00,activepower,20999.078,2026-08-31 14:30:00,v4.1.0-produccion,buena:completo/semana_anterior
B8_LABS,2026-09-01 06:40:00,activepower,21912.79,2026-08-31 14:30:00,v4.1.0-produccion,buena:completo/semana_anterior
B8_LABS,2026-09-01 06:50:00,activepower,22564.27,2026-08-31 14:30:00,v4.1.0-produccion,buena:completo/semana_anterior
B8_LABS,2026-09-01 07:00:00,activepower,23227.008,2026-08-31 14:30:00,v4.1.0-produccion,buena:completo/semana_anterior
B8_LABS,2026-09-01 07:10:00,activepower,24110.008,2026-08-31 14:30:00,v4.1.0-produccion,buena:completo/semana_anterior
B8_LABS,2026-09-01 07:20:00,activepower,24891.164,2026-08-31 14:30:00,v4.1.0-produccion,buena:completo/semana_anterior
B8_LABS,2026-09-01 07:30:00,activepower,25722.113,2026-08-31 14:30:00,v4.1.0-produccion,buena:completo/semana_anterior
B8_LABS,2026-09-01 07:40:00,activepower,26668.902,2026-08-31 14:30:00,v4.1.0-produccion,buena:completo/semana_anterior
B8_LABS,2026-09-01 07:50:00,activepower,27304.715,2026-08-31 14:30:00,v4.1.0-produccion,buena:completo/semana_anterior
B8_LABS,2026-09-01 08:00:00,activepower,27959.664,2026-08-31 14:30:00,v4.1.0-produccion,buena:completo/semana_anterior
B8_LABS,2026-09-01 08:10:00,activepower,28403.734,2026-08-31 14:30:00,v4.1.0-produccion,buena:completo/semana_anterior
B8_LABS,2026-09-01 08:20:00,activepower,28687.227,2026-08-31 14:30:00,v4.1.0-produccion,buena:completo/semana_anterior
B8_LABS,2026-09-01 08:30:00,activepower,29282.848,2026-08-31 14:30:00,v4.1.0-produccion,buena:completo/semana_anterior
B8_LABS,2026-09-01 08:40:00,activepower,30002.766,2026-08-31 14:30:00,v4.1.0-produccion,buena:completo/semana_anterior
B8_LABS,2026-09-01 08:50:00,activepower,30466.379,2026-08-31 14:30:00,v4.1.0-produccion,buena:completo/semana_anterior
B8_LABS,2026-09-01 09:00:00,activepower,30780.719,2026-08-31 14:30:00,v4.1.0-produccion,buena:completo/semana_anterior
B8_LABS,2026-09-01 09:10:00,activepower,30583.098,2026-08-31 14:30:00,v4.1.0-produccion,buena:completo/semana_anterior
B8_LABS,2026-09-01 09:20:00,activepower,30563.598,2026-08-31 14:30:00,v4.1.0-produccion,buena:completo/semana_anterior
B8_LABS,2026-09-01 09:30:00,activepower,30917.875,2026-08-31 14:30:00,v4.1.0-produccion,buena:completo/semana_anterior
B8_LABS,2026-09-01 09:40:00,activepower,31504.246,2026-08-31 14:30:00,v4.1.0-produccion,buena:completo/semana_anterior
B8_LABS,2026-09-01 09:50:00,activepower,31501.352,2026-08-31 14:30:00,v4.1.0-produccion,buena:completo/semana_anterior
B8_LABS,2026-09-01 10:00:00,activepower,31733.723,2026-08-31 14:30:00,v4.1.0-produccion,buena:completo/semana_anterior
B8_LABS,2026-09-01 10:10:00,activepower,31790.98,2026-08-31 14:30:00,v4.1.0-produccion,buena:completo/semana_anterior
B8_LABS,2026-09-01 10:20:00,activepower,31298.508,2026-08-31 14:30:00,v4.1.0-produccion,buena:completo/semana_anterior
B8_LABS,2026-09-01 10:30:00,activepower,31374.336,2026-08-31 14:30:00,v4.1.0-produccion,buena:completo/semana_anterior
B8_LABS,2026-09-01 10:40:00,activepower,31746.945,2026-08-31 14:30:00,v4.1.0-produccion,buena:completo/semana_anterior
B8_LABS,2026-09-01 10:50:00,activepower,31542.328,2026-08-31 14:30:00,v4.1.0-produccion,buena:completo/semana_anterior
B8_LABS,2026-09-01 11:00:00,activepower,31799.05,2026-08-31 14:30:00,v4.1.0-produccion,buena:completo/semana_anterior
B8_LABS,2026-09-01 11:10:00,activepower,31651.598,2026-08-31 14:30:00,v4.1.0-produccion,buena:completo/semana_anterior
B8_LABS,2026-09-01 11:20:00,activepower,31412.621,2026-08-31 14:30:00,v4.1.0-produccion,buena:completo/semana_anterior
B8_LABS,2026-09-01 11:30:00,activepower,31379.262,2026-08-31 14:30:00,v4.1.0-produccion,buena:completo/semana_anterior
B8_LABS,2026-09-01 11:40:00,activepower,31718.863,2026-08-31 14:30:00,v4.1.0-produccion,buena:completo/semana_anterior
B8_LABS,2026-09-01 11:50:00,activepower,31858.52,2026-08-31 14:30:00,v4.1.0-produccion,buena:completo/semana_anterior
B8_LABS,2026-09-01 12:00:00,activepower,32024.059,2026-08-31 14:30:00,v4.1.0-produccion,buena:completo/semana_anterior
B8_LABS,2026-09-01 12:10:00,activepower,31980.082,2026-08-31 14:30:00,v4.1.0-produccion,buena:completo/semana_anterior
B8_LABS,2026-09-01 12:20:00,activepower,31964.414,2026-08-31 14:30:00,v4.1.0-produccion,buena:completo/semana_anterior
B8_LABS,2026-09-01 12:30:00,activepower,31918.36,2026-08-31 14:30:00,v4.1.0-produccion,buena:completo/semana_anterior
B8_LABS,2026-09-01 12:40:00,activepower,32568.203,2026-08-31 14:30:00,v4.1.0-produccion,buena:completo/semana_anterior
B8_LABS,2026-09-01 12:50:00,activepower,32328.723,2026-08-31 14:30:00,v4.1.0-produccion,buena:completo/semana_anterior
B8_LABS,2026-09-01 13:00:00,activepower,32462.844,2026-08-31 14:30:00,v4.1.0-produccion,buena:completo/semana_anterior
B8_LABS,2026-09-01 13:10:00,activepower,32495.246,2026-08-31 14:30:00,v4.1.0-produccion,buena:completo/semana_anterior
B8_LABS,2026-09-01 13:20:00,activepower,32494.184,2026-08-31 14:30:00,v4.1.0-produccion,buena:completo/semana_anterior
B8_LABS,2026-09-01 13:30:00,activepower,32121.484,2026-08-31 14:30:00,v4.1.0-produccion,buena:completo/semana_anterior
B8_LABS,2026-09-01 13:40:00,activepower,32523.797,2026-08-31 14:30:00,v4.1.0-produccion,buena:completo/semana_anterior
B8_LABS,2026-09-01 13:50:00,activepower,32441.828,2026-08-31 14:30:00,v4.1.0-produccion,buena:completo/semana_anterior
B8_LABS,2026-09-01 14:00:00,activepower,32156.613,2026-08-31 14:30:00,v4.1.0-produccion,buena:completo/semana_anterior
B8_LABS,2026-09-01 14:10:00,activepower,31917.332,2026-08-31 14:30:00,v4.1.0-produccion,buena:completo/semana_anterior
B8_LABS,2026-09-01 14:20:00,activepower,31478.984,2026-08-31 14:30:00,v4.1.0-produccion,buena:completo/semana_anterior
B8_LABS,2026-09-01 14:30:00,activepower,31529.082,2026-08-31 14:30:00,v4.1.0-produccion,buena:completo/semana_anterior
B8_LABS,2026-08-31 14:40:00,totalpowerfactor,0.9699524,2026-08-31 14:30:00,v4.1.0-produccion,buena:completo/semana_anterior
B8_LABS,2026-08-31 14:50:00,totalpowerfactor,0.97091615,2026-08-31 14:30:00,v4.1.0-produccion,buena:completo/semana_anterior
B8_LABS,2026-08-31 15:00:00,totalpowerfactor,0.9699605,2026-08-31 14:30:00,v4.1.0-produccion,buena:completo/semana_anterior
B8_LABS,2026-08-31 15:10:00,totalpowerfactor,0.97001487,2026-08-31 14:30:00,v4.1.0-produccion,buena:completo/semana_anterior
B8_LABS,2026-08-31 15:20:00,totalpowerfactor,0.97020906,2026-08-31 14:30:00,v4.1.0-produccion,buena:completo/semana_anterior
B8_LABS,2026-08-31 15:30:00,totalpowerfactor,0.97055966,2026-08-31 14:30:00,v4.1.0-produccion,buena:completo/semana_anterior
B8_LABS,2026-08-31 15:40:00,totalpowerfactor,0.97148824,2026-08-31 14:30:00,v4.1.0-produccion,buena:completo/semana_anterior
B8_LABS,2026-08-31 15:50:00,totalpowerfactor,0.9722057,2026-08-31 14:30:00,v4.1.0-produccion,buena:completo/semana_anterior
B8_LABS,2026-08-31 16:00:00,totalpowerfactor,0.97311544,2026-08-31 14:30:00,v4.1.0-produccion,buena:completo/semana_anterior
B8_LABS,2026-08-31 16:10:00,totalpowerfactor,0.97453517,2026-08-31 14:30:00,v4.1.0-produccion,buena:completo/semana_anterior
B8_LABS,2026-08-31 16:20:00,totalpowerfactor,0.9736886,2026-08-31 14:30:00,v4.1.0-produccion,buena:completo/semana_anterior
B8_LABS,2026-08-31 16:30:00,totalpowerfactor,0.97490716,2026-08-31 14:30:00,v4.1.0-produccion,buena:completo/semana_anterior
B8_LABS,2026-08-31 16:40:00,totalpowerfactor,0.9741081,2026-08-31 14:30:00,v4.1.0-produccion,buena:completo/semana_anterior
B8_LABS,2026-08-31 16:50:00,totalpowerfactor,0.97535515,2026-08-31 14:30:00,v4.1.0-produccion,buena:completo/semana_anterior
B8_LABS,2026-08-31 17:00:00,totalpowerfactor,0.9757469,2026-08-31 14:30:00,v4.1.0-produccion,buena:completo/semana_anterior
B8_LABS,2026-08-31 17:10:00,totalpowerfactor,0.97720766,2026-08-31 14:30:00,v4.1.0-produccion,buena:completo/semana_anterior
B8_LABS,2026-08-31 17:20:00,totalpowerfactor,0.9761651,2026-08-31 14:30:00,v4.1.0-produccion,buena:completo/semana_anterior
B8_LABS,2026-08-31 17:30:00,totalpowerfactor,0.977748,2026-08-31 14:30:00,v4.1.0-produccion,buena:completo/semana_anterior
B8_LABS,2026-08-31 17:40:00,totalpowerfactor,0.97689676,2026-08-31 14:30:00,v4.1.0-produccion,buena:completo/semana_anterior
B8_LABS,2026-08-31 17:50:00,totalpowerfactor,0.97824675,2026-08-31 14:30:00,v4.1.0-produccion,buena:completo/semana_anterior
B8_LABS,2026-08-31 18:00:00,totalpowerfactor,0.97843975,2026-08-31 14:30:00,v4.1.0-produccion,buena:completo/semana_anterior
B8_LABS,2026-08-31 18:10:00,totalpowerfactor,0.97982347,2026-08-31 14:30:00,v4.1.0-produccion,buena:completo/semana_anterior
B8_LABS,2026-08-31 18:20:00,totalpowerfactor,0.979339,2026-08-31 14:30:00,v4.1.0-produccion,buena:completo/semana_anterior
B8_LABS,2026-08-31 18:30:00,totalpowerfactor,0.98014367,2026-08-31 14:30:00,v4.1.0-produccion,buena:completo/semana_anterior
B8_LABS,2026-08-31 18:40:00,totalpowerfactor,0.97997904,2026-08-31 14:30:00,v4.1.0-produccion,buena:completo/semana_anterior
B8_LABS,2026-08-31 18:50:00,totalpowerfactor,0.98102117,2026-08-31 14:30:00,v4.1.0-produccion,buena:completo/semana_anterior
B8_LABS,2026-08-31 19:00:00,totalpowerfactor,0.98200154,2026-08-31 14:30:00,v4.1.0-produccion,buena:completo/semana_anterior
B8_LABS,2026-08-31 19:10:00,totalpowerfactor,0.9812853,2026-08-31 14:30:00,v4.1.0-produccion,buena:completo/semana_anterior
B8_LABS,2026-08-31 19:20:00,totalpowerfactor,0.9816761,2026-08-31 14:30:00,v4.1.0-produccion,buena:completo/semana_anterior
B8_LABS,2026-08-31 19:30:00,totalpowerfactor,0.9811938,2026-08-31 14:30:00,v4.1.0-produccion,buena:completo/semana_anterior
B8_LABS,2026-08-31 19:40:00,totalpowerfactor,0.98256326,2026-08-31 14:30:00,v4.1.0-produccion,buena:completo/semana_anterior
B8_LABS,2026-08-31 19:50:00,totalpowerfactor,0.9811153,2026-08-31 14:30:00,v4.1.0-produccion,buena:completo/semana_anterior
B8_LABS,2026-08-31 20:00:00,totalpowerfactor,0.9800758,2026-08-31 14:30:00,v4.1.0-produccion,buena:completo/semana_anterior
B8_LABS,2026-08-31 20:10:00,totalpowerfactor,0.9808242,2026-08-31 14:30:00,v4.1.0-produccion,buena:completo/semana_anterior
B8_LABS,2026-08-31 20:20:00,totalpowerfactor,0.9801268,2026-08-31 14:30:00,v4.1.0-produccion,buena:completo/semana_anterior
B8_LABS,2026-08-31 20:30:00,totalpowerfactor,0.9798141,2026-08-31 14:30:00,v4.1.0-produccion,buena:completo/semana_anterior
B8_LABS,2026-08-31 20:40:00,totalpowerfactor,0.9789707,2026-08-31 14:30:00,v4.1.0-produccion,buena:completo/semana_anterior
B8_LABS,2026-08-31 20:50:00,totalpowerfactor,0.9779419,2026-08-31 14:30:00,v4.1.0-produccion,buena:completo/semana_anterior
B8_LABS,2026-08-31 21:00:00,totalpowerfactor,0.97658795,2026-08-31 14:30:00,v4.1.0-produccion,buena:completo/semana_anterior
B8_LABS,2026-08-31 21:10:00,totalpowerfactor,0.97666067,2026-08-31 14:30:00,v4.1.0-produccion,buena:completo/semana_anterior
B8_LABS,2026-08-31 21:20:00,totalpowerfactor,0.9761625,2026-08-31 14:30:00,v4.1.0-produccion,buena:completo/semana_anterior
B8_LABS,2026-08-31 21:30:00,totalpowerfactor,0.97616607,2026-08-31 14:30:00,v4.1.0-produccion,buena:completo/semana_anterior
B8_LABS,2026-08-31 21:40:00,totalpowerfactor,0.97410965,2026-08-31 14:30:00,v4.1.0-produccion,buena:completo/semana_anterior
B8_LABS,2026-08-31 21:50:00,totalpowerfactor,0.97454375,2026-08-31 14:30:00,v4.1.0-produccion,buena:completo/semana_anterior
B8_LABS,2026-08-31 22:00:00,totalpowerfactor,0.9723381,2026-08-31 14:30:00,v4.1.0-produccion,buena:completo/semana_anterior
B8_LABS,2026-08-31 22:10:00,totalpowerfactor,0.97289014,2026-08-31 14:30:00,v4.1.0-produccion,buena:completo/semana_anterior
B8_LABS,2026-08-31 22:20:00,totalpowerfactor,0.9708813,2026-08-31 14:30:00,v4.1.0-produccion,buena:completo/semana_anterior
B8_LABS,2026-08-31 22:30:00,totalpowerfactor,0.9686576,2026-08-31 14:30:00,v4.1.0-produccion,buena:completo/semana_anterior
B8_LABS,2026-08-31 22:40:00,totalpowerfactor,0.9685296,2026-08-31 14:30:00,v4.1.0-produccion,buena:completo/semana_anterior
B8_LABS,2026-08-31 22:50:00,totalpowerfactor,0.96782297,2026-08-31 14:30:00,v4.1.0-produccion,buena:completo/semana_anterior
B8_LABS,2026-08-31 23:00:00,totalpowerfactor,0.96587014,2026-08-31 14:30:00,v4.1.0-produccion,buena:completo/semana_anterior
B8_LABS,2026-08-31 23:10:00,totalpowerfactor,0.967004,2026-08-31 14:30:00,v4.1.0-produccion,buena:completo/semana_anterior
B8_LABS,2026-08-31 23:20:00,totalpowerfactor,0.96517766,2026-08-31 14:30:00,v4.1.0-produccion,buena:completo/semana_anterior
B8_LABS,2026-08-31 23:30:00,totalpowerfactor,0.96576047,2026-08-31 14:30:00,v4.1.0-produccion,buena:completo/semana_anterior
B8_LABS,2026-08-31 23:40:00,totalpowerfactor,0.96464443,2026-08-31 14:30:00,v4.1.0-produccion,buena:completo/semana_anterior
B8_LABS,2026-08-31 23:50:00,totalpowerfactor,0.9631344,2026-08-31 14:30:00,v4.1.0-produccion,buena:completo/semana_anterior
B8_LABS,2026-09-01 00:00:00,totalpowerfactor,0.96131027,2026-08-31 14:30:00,v4.1.0-produccion,buena:completo/semana_anterior
B8_LABS,2026-09-01 00:10:00,totalpowerfactor,0.961241,2026-08-31 14:30:00,v4.1.0-produccion,buena:completo/semana_anterior
B8_LABS,2026-09-01 00:20:00,totalpowerfactor,0.95981896,2026-08-31 14:30:00,v4.1.0-produccion,buena:completo/semana_anterior
B8_LABS,2026-09-01 00:30:00,totalpowerfactor,0.95980173,2026-08-31 14:30:00,v4.1.0-produccion,buena:completo/semana_anterior
B8_LABS,2026-09-01 00:40:00,totalpowerfactor,0.95877564,2026-08-31 14:30:00,v4.1.0-produccion,buena:completo/semana_anterior
B8_LABS,2026-09-01 00:50:00,totalpowerfactor,0.95860934,2026-08-31 14:30:00,v4.1.0-produccion,buena:completo/semana_anterior
B8_LABS,2026-09-01 01:00:00,totalpowerfactor,0.9573547,2026-08-31 14:30:00,v4.1.0-produccion,buena:completo/semana_anterior
B8_LABS,2026-09-01 01:10:00,totalpowerfactor,0.95569897,2026-08-31 14:30:00,v4.1.0-produccion,buena:completo/semana_anterior
B8_LABS,2026-09-01 01:20:00,totalpowerfactor,0.95516187,2026-08-31 14:30:00,v4.1.0-produccion,buena:completo/semana_anterior
B8_LABS,2026-09-01 01:30:00,totalpowerfactor,0.9554365,2026-08-31 14:30:00,v4.1.0-produccion,buena:completo/semana_anterior
B8_LABS,2026-09-01 01:40:00,totalpowerfactor,0.9537591,2026-08-31 14:30:00,v4.1.0-produccion,buena:completo/semana_anterior
B8_LABS,2026-09-01 01:50:00,totalpowerfactor,0.9550337,2026-08-31 14:30:00,v4.1.0-produccion,buena:completo/semana_anterior
B8_LABS,2026-09-01 02:00:00,totalpowerfactor,0.9530863,2026-08-31 14:30:00,v4.1.0-produccion,buena:completo/semana_anterior
B8_LABS,2026-09-01 02:10:00,totalpowerfactor,0.9517507,2026-08-31 14:30:00,v4.1.0-produccion,buena:completo/semana_anterior
B8_LABS,2026-09-01 02:20:00,totalpowerfactor,0.9514389,2026-08-31 14:30:00,v4.1.0-produccion,buena:completo/semana_anterior
B8_LABS,2026-09-01 02:30:00,totalpowerfactor,0.95223665,2026-08-31 14:30:00,v4.1.0-produccion,buena:completo/semana_anterior
B8_LABS,2026-09-01 02:40:00,totalpowerfactor,0.9505898,2026-08-31 14:30:00,v4.1.0-produccion,buena:completo/semana_anterior
B8_LABS,2026-09-01 02:50:00,totalpowerfactor,0.9498513,2026-08-31 14:30:00,v4.1.0-produccion,buena:completo/semana_anterior
B8_LABS,2026-09-01 03:00:00,totalpowerfactor,0.9495988,2026-08-31 14:30:00,v4.1.0-produccion,buena:completo/semana_anterior
B8_LABS,2026-09-01 03:10:00,totalpowerfactor,0.94988185,2026-08-31 14:30:00,v4.1.0-produccion,buena:completo/semana_anterior
B8_LABS,2026-09-01 03:20:00,totalpowerfactor,0.9515071,2026-08-31 14:30:00,v4.1.0-produccion,buena:completo/semana_anterior
B8_LABS,2026-09-01 03:30:00,totalpowerfactor,0.9518967,2026-08-31 14:30:00,v4.1.0-produccion,buena:completo/semana_anterior
B8_LABS,2026-09-01 03:40:00,totalpowerfactor,0.951101,2026-08-31 14:30:00,v4.1.0-produccion,buena:completo/semana_anterior
B8_LABS,2026-09-01 03:50:00,totalpowerfactor,0.9527894,2026-08-31 14:30:00,v4.1.0-produccion,buena:completo/semana_anterior
B8_LABS,2026-09-01 04:00:00,totalpowerfactor,0.9537668,2026-08-31 14:30:00,v4.1.0-produccion,buena:completo/semana_anterior
B8_LABS,2026-09-01 04:10:00,totalpowerfactor,0.9539489,2026-08-31 14:30:00,v4.1.0-produccion,buena:completo/semana_anterior
B8_LABS,2026-09-01 04:20:00,totalpowerfactor,0.9564121,2026-08-31 14:30:00,v4.1.0-produccion,buena:completo/semana_anterior
B8_LABS,2026-09-01 04:30:00,totalpowerfactor,0.95701957,2026-08-31 14:30:00,v4.1.0-produccion,buena:completo/semana_anterior
B8_LABS,2026-09-01 04:40:00,totalpowerfactor,0.9579013,2026-08-31 14:30:00,v4.1.0-produccion,buena:completo/semana_anterior
B8_LABS,2026-09-01 04:50:00,totalpowerfactor,0.9591372,2026-08-31 14:30:00,v4.1.0-produccion,buena:completo/semana_anterior
B8_LABS,2026-09-01 05:00:00,totalpowerfactor,0.96143967,2026-08-31 14:30:00,v4.1.0-produccion,buena:completo/semana_anterior
B8_LABS,2026-09-01 05:10:00,totalpowerfactor,0.961709,2026-08-31 14:30:00,v4.1.0-produccion,buena:completo/semana_anterior
B8_LABS,2026-09-01 05:20:00,totalpowerfactor,0.96497935,2026-08-31 14:30:00,v4.1.0-produccion,buena:completo/semana_anterior
B8_LABS,2026-09-01 05:30:00,totalpowerfactor,0.96601516,2026-08-31 14:30:00,v4.1.0-produccion,buena:completo/semana_anterior
B8_LABS,2026-09-01 05:40:00,totalpowerfactor,0.96593,2026-08-31 14:30:00,v4.1.0-produccion,buena:completo/semana_anterior
B8_LABS,2026-09-01 05:50:00,totalpowerfactor,0.96807885,2026-08-31 14:30:00,v4.1.0-produccion,buena:completo/semana_anterior
B8_LABS,2026-09-01 06:00:00,totalpowerfactor,0.96810347,2026-08-31 14:30:00,v4.1.0-produccion,buena:completo/semana_anterior
B8_LABS,2026-09-01 06:10:00,totalpowerfactor,0.9693476,2026-08-31 14:30:00,v4.1.0-produccion,buena:completo/semana_anterior
B8_LABS,2026-09-01 06:20:00,totalpowerfactor,0.97147495,2026-08-31 14:30:00,v4.1.0-produccion,buena:completo/semana_anterior
B8_LABS,2026-09-01 06:30:00,totalpowerfactor,0.97192705,2026-08-31 14:30:00,v4.1.0-produccion,buena:completo/semana_anterior
B8_LABS,2026-09-01 06:40:00,totalpowerfactor,0.9718381,2026-08-31 14:30:00,v4.1.0-produccion,buena:completo/semana_anterior
B8_LABS,2026-09-01 06:50:00,totalpowerfactor,0.97184336,2026-08-31 14:30:00,v4.1.0-produccion,buena:completo/semana_anterior
B8_LABS,2026-09-01 07:00:00,totalpowerfactor,0.9713526,2026-08-31 14:30:00,v4.1.0-produccion,buena:completo/semana_anterior
B8_LABS,2026-09-01 07:10:00,totalpowerfactor,0.97165114,2026-08-31 14:30:00,v4.1.0-produccion,buena:completo/semana_anterior
B8_LABS,2026-09-01 07:20:00,totalpowerfactor,0.9711734,2026-08-31 14:30:00,v4.1.0-produccion,buena:completo/semana_anterior
B8_LABS,2026-09-01 07:30:00,totalpowerfactor,0.9689514,2026-08-31 14:30:00,v4.1.0-produccion,buena:completo/semana_anterior
B8_LABS,2026-09-01 07:40:00,totalpowerfactor,0.97011304,2026-08-31 14:30:00,v4.1.0-produccion,buena:completo/semana_anterior
B8_LABS,2026-09-01 07:50:00,totalpowerfactor,0.96980816,2026-08-31 14:30:00,v4.1.0-produccion,buena:completo/semana_anterior
B8_LABS,2026-09-01 08:00:00,totalpowerfactor,0.9699303,2026-08-31 14:30:00,v4.1.0-produccion,buena:completo/semana_anterior
B8_LABS,2026-09-01 08:10:00,totalpowerfactor,0.96682,2026-08-31 14:30:00,v4.1.0-produccion,buena:completo/semana_anterior
B8_LABS,2026-09-01 08:20:00,totalpowerfactor,0.966398,2026-08-31 14:30:00,v4.1.0-produccion,buena:completo/semana_anterior
B8_LABS,2026-09-01 08:30:00,totalpowerfactor,0.9659809,2026-08-31 14:30:00,v4.1.0-produccion,buena:completo/semana_anterior
B8_LABS,2026-09-01 08:40:00,totalpowerfactor,0.96678185,2026-08-31 14:30:00,v4.1.0-produccion,buena:completo/semana_anterior
B8_LABS,2026-09-01 08:50:00,totalpowerfactor,0.964533,2026-08-31 14:30:00,v4.1.0-produccion,buena:completo/semana_anterior
B8_LABS,2026-09-01 09:00:00,totalpowerfactor,0.96402603,2026-08-31 14:30:00,v4.1.0-produccion,buena:completo/semana_anterior
B8_LABS,2026-09-01 09:10:00,totalpowerfactor,0.9621583,2026-08-31 14:30:00,v4.1.0-produccion,buena:completo/semana_anterior
B8_LABS,2026-09-01 09:20:00,totalpowerfactor,0.9608443,2026-08-31 14:30:00,v4.1.0-produccion,buena:completo/semana_anterior
B8_LABS,2026-09-01 09:30:00,totalpowerfactor,0.9605276,2026-08-31 14:30:00,v4.1.0-produccion,buena:completo/semana_anterior
B8_LABS,2026-09-01 09:40:00,totalpowerfactor,0.96037716,2026-08-31 14:30:00,v4.1.0-produccion,buena:completo/semana_anterior
B8_LABS,2026-09-01 09:50:00,totalpowerfactor,0.9590709,2026-08-31 14:30:00,v4.1.0-produccion,buena:completo/semana_anterior
B8_LABS,2026-09-01 10:00:00,totalpowerfactor,0.95900416,2026-08-31 14:30:00,v4.1.0-produccion,buena:completo/semana_anterior
B8_LABS,2026-09-01 10:10:00,totalpowerfactor,0.9573801,2026-08-31 14:30:00,v4.1.0-produccion,buena:completo/semana_anterior
B8_LABS,2026-09-01 10:20:00,totalpowerfactor,0.95604116,2026-08-31 14:30:00,v4.1.0-produccion,buena:completo/semana_anterior
B8_LABS,2026-09-01 10:30:00,totalpowerfactor,0.95781827,2026-08-31 14:30:00,v4.1.0-produccion,buena:completo/semana_anterior
B8_LABS,2026-09-01 10:40:00,totalpowerfactor,0.9572166,2026-08-31 14:30:00,v4.1.0-produccion,buena:completo/semana_anterior
B8_LABS,2026-09-01 10:50:00,totalpowerfactor,0.9573414,2026-08-31 14:30:00,v4.1.0-produccion,buena:completo/semana_anterior
B8_LABS,2026-09-01 11:00:00,totalpowerfactor,0.9558476,2026-08-31 14:30:00,v4.1.0-produccion,buena:completo/semana_anterior
B8_LABS,2026-09-01 11:10:00,totalpowerfactor,0.95664346,2026-08-31 14:30:00,v4.1.0-produccion,buena:completo/semana_anterior
B8_LABS,2026-09-01 11:20:00,totalpowerfactor,0.95577085,2026-08-31 14:30:00,v4.1.0-produccion,buena:completo/semana_anterior
B8_LABS,2026-09-01 11:30:00,totalpowerfactor,0.9546688,2026-08-31 14:30:00,v4.1.0-produccion,buena:completo/semana_anterior
B8_LABS,2026-09-01 11:40:00,totalpowerfactor,0.95644975,2026-08-31 14:30:00,v4.1.0-produccion,buena:completo/semana_anterior
B8_LABS,2026-09-01 11:50:00,totalpowerfactor,0.9565924,2026-08-31 14:30:00,v4.1.0-produccion,buena:completo/semana_anterior
B8_LABS,2026-09-01 12:00:00,totalpowerfactor,0.9562269,2026-08-31 14:30:00,v4.1.0-produccion,buena:completo/semana_anterior
B8_LABS,2026-09-01 12:10:00,totalpowerfactor,0.9559982,2026-08-31 14:30:00,v4.1.0-produccion,buena:completo/semana_anterior
B8_LABS,2026-09-01 12:20:00,totalpowerfactor,0.9565496,2026-08-31 14:30:00,v4.1.0-produccion,buena:completo/semana_anterior
B8_LABS,2026-09-01 12:30:00,totalpowerfactor,0.9558955,2026-08-31 14:30:00,v4.1.0-produccion,buena:completo/semana_anterior
B8_LABS,2026-09-01 12:40:00,totalpowerfactor,0.9561902,2026-08-31 14:30:00,v4.1.0-produccion,buena:completo/semana_anterior
B8_LABS,2026-09-01 12:50:00,totalpowerfactor,0.95648706,2026-08-31 14:30:00,v4.1.0-produccion,buena:completo/semana_anterior
B8_LABS,2026-09-01 13:00:00,totalpowerfactor,0.9569663,2026-08-31 14:30:00,v4.1.0-produccion,buena:completo/semana_anterior
B8_LABS,2026-09-01 13:10:00,totalpowerfactor,0.95692027,2026-08-31 14:30:00,v4.1.0-produccion,buena:completo/semana_anterior
B8_LABS,2026-09-01 13:20:00,totalpowerfactor,0.95763505,2026-08-31 14:30:00,v4.1.0-produccion,buena:completo/semana_anterior
B8_LABS,2026-09-01 13:30:00,totalpowerfactor,0.9570059,2026-08-31 14:30:00,v4.1.0-produccion,buena:completo/semana_anterior
B8_LABS,2026-09-01 13:40:00,totalpowerfactor,0.9595454,2026-08-31 14:30:00,v4.1.0-produccion,buena:completo/semana_anterior
B8_LABS,2026-09-01 13:50:00,totalpowerfactor,0.95939726,2026-08-31 14:30:00,v4.1.0-produccion,buena:completo/semana_anterior
B8_LABS,2026-09-01 14:00:00,totalpowerfactor,0.95935,2026-08-31 14:30:00,v4.1.0-produccion,buena:completo/semana_anterior
B8_LABS,2026-09-01 14:10:00,totalpowerfactor,0.9612732,2026-08-31 14:30:00,v4.1.0-produccion,buena:completo/semana_anterior
B8_LABS,2026-09-01 14:20:00,totalpowerfactor,0.96148,2026-08-31 14:30:00,v4.1.0-produccion,buena:completo/semana_anterior
B8_LABS,2026-09-01 14:30:00,totalpowerfactor,0.9607739,2026-08-31 14:30:00,v4.1.0-produccion,buena:completo/semana_anterior
B8_LABS,2026-08-31 14:40:00,voltaje_promedio,125.03211,2026-08-31 14:30:00,v4.1.0-produccion,buena:completo/semana_anterior
B8_LABS,2026-08-31 14:50:00,voltaje_promedio,125.047356,2026-08-31 14:30:00,v4.1.0-produccion,buena:completo/semana_anterior
B8_LABS,2026-08-31 15:00:00,voltaje_promedio,125.025276,2026-08-31 14:30:00,v4.1.0-produccion,buena:completo/semana_anterior
B8_LABS,2026-08-31 15:10:00,voltaje_promedio,125.03809,2026-08-31 14:30:00,v4.1.0-produccion,buena:completo/semana_anterior
B8_LABS,2026-08-31 15:20:00,voltaje_promedio,125.13254,2026-08-31 14:30:00,v4.1.0-produccion,buena:completo/semana_anterior
B8_LABS,2026-08-31 15:30:00,voltaje_promedio,125.2113,2026-08-31 14:30:00,v4.1.0-produccion,buena:completo/semana_anterior
B8_LABS,2026-08-31 15:40:00,voltaje_promedio,125.295784,2026-08-31 14:30:00,v4.1.0-produccion,buena:completo/semana_anterior
B8_LABS,2026-08-31 15:50:00,voltaje_promedio,125.28516,2026-08-31 14:30:00,v4.1.0-produccion,buena:completo/semana_anterior
B8_LABS,2026-08-31 16:00:00,voltaje_promedio,125.3127,2026-08-31 14:30:00,v4.1.0-produccion,buena:completo/semana_anterior
B8_LABS,2026-08-31 16:10:00,voltaje_promedio,125.3939,2026-08-31 14:30:00,v4.1.0-produccion,buena:completo/semana_anterior
B8_LABS,2026-08-31 16:20:00,voltaje_promedio,125.45607,2026-08-31 14:30:00,v4.1.0-produccion,buena:completo/semana_anterior
B8_LABS,2026-08-31 16:30:00,voltaje_promedio,125.43302,2026-08-31 14:30:00,v4.1.0-produccion,buena:completo/semana_anterior
B8_LABS,2026-08-31 16:40:00,voltaje_promedio,125.51023,2026-08-31 14:30:00,v4.1.0-produccion,buena:completo/semana_anterior
B8_LABS,2026-08-31 16:50:00,voltaje_promedio,125.47952,2026-08-31 14:30:00,v4.1.0-produccion,buena:completo/semana_anterior
B8_LABS,2026-08-31 17:00:00,voltaje_promedio,125.59578,2026-08-31 14:30:00,v4.1.0-produccion,buena:completo/semana_anterior
B8_LABS,2026-08-31 17:10:00,voltaje_promedio,125.609474,2026-08-31 14:30:00,v4.1.0-produccion,buena:completo/semana_anterior
B8_LABS,2026-08-31 17:20:00,voltaje_promedio,125.626884,2026-08-31 14:30:00,v4.1.0-produccion,buena:completo/semana_anterior
B8_LABS,2026-08-31 17:30:00,voltaje_promedio,125.702415,2026-08-31 14:30:00,v4.1.0-produccion,buena:completo/semana_anterior
B8_LABS,2026-08-31 17:40:00,voltaje_promedio,125.69448,2026-08-31 14:30:00,v4.1.0-produccion,buena:completo/semana_anterior
B8_LABS,2026-08-31 17:50:00,voltaje_promedio,125.71309,2026-08-31 14:30:00,v4.1.0-produccion,buena:completo/semana_anterior
B8_LABS,2026-08-31 18:00:00,voltaje_promedio,125.76755,2026-08-31 14:30:00,v4.1.0-produccion,buena:completo/semana_anterior
B8_LABS,2026-08-31 18:10:00,voltaje_promedio,125.748116,2026-08-31 14:30:00,v4.1.0-produccion,buena:completo/semana_anterior
B8_LABS,2026-08-31 18:20:00,voltaje_promedio,125.77101,2026-08-31 14:30:00,v4.1.0-produccion,buena:completo/semana_anterior
B8_LABS,2026-08-31 18:30:00,voltaje_promedio,125.81729,2026-08-31 14:30:00,v4.1.0-produccion,buena:completo/semana_anterior
B8_LABS,2026-08-31 18:40:00,voltaje_promedio,125.84505,2026-08-31 14:30:00,v4.1.0-produccion,buena:completo/semana_anterior
B8_LABS,2026-08-31 18:50:00,voltaje_promedio,125.846375,2026-08-31 14:30:00,v4.1.0-produccion,buena:completo/semana_anterior
B8_LABS,2026-08-31 19:00:00,voltaje_promedio,125.85095,2026-08-31 14:30:00,v4.1.0-produccion,buena:completo/semana_anterior
B8_LABS,2026-08-31 19:10:00,voltaje_promedio,125.848175,2026-08-31 14:30:00,v4.1.0-produccion,buena:completo/semana_anterior
B8_LABS,2026-08-31 19:20:00,voltaje_promedio,125.962845,2026-08-31 14:30:00,v4.1.0-produccion,buena:completo/semana_anterior
B8_LABS,2026-08-31 19:30:00,voltaje_promedio,125.97016,2026-08-31 14:30:00,v4.1.0-produccion,buena:completo/semana_anterior
B8_LABS,2026-08-31 19:40:00,voltaje_promedio,126.081604,2026-08-31 14:30:00,v4.1.0-produccion,buena:completo/semana_anterior
B8_LABS,2026-08-31 19:50:00,voltaje_promedio,126.070885,2026-08-31 14:30:00,v4.1.0-produccion,buena:completo/semana_anterior
B8_LABS,2026-08-31 20:00:00,voltaje_promedio,126.088425,2026-08-31 14:30:00,v4.1.0-produccion,buena:completo/semana_anterior
B8_LABS,2026-08-31 20:10:00,voltaje_promedio,126.143135,2026-08-31 14:30:00,v4.1.0-produccion,buena:completo/semana_anterior
B8_LABS,2026-08-31 20:20:00,voltaje_promedio,126.1731,2026-08-31 14:30:00,v4.1.0-produccion,buena:completo/semana_anterior
B8_LABS,2026-08-31 20:30:00,voltaje_promedio,126.17311,2026-08-31 14:30:00,v4.1.0-produccion,buena:completo/semana_anterior
B8_LABS,2026-08-31 20:40:00,voltaje_promedio,126.189705,2026-08-31 14:30:00,v4.1.0-produccion,buena:completo/semana_anterior
B8_LABS,2026-08-31 20:50:00,voltaje_promedio,126.210884,2026-08-31 14:30:00,v4.1.0-produccion,buena:completo/semana_anterior
B8_LABS,2026-08-31 21:00:00,voltaje_promedio,126.242676,2026-08-31 14:30:00,v4.1.0-produccion,buena:completo/semana_anterior
B8_LABS,2026-08-31 21:10:00,voltaje_promedio,126.337776,2026-08-31 14:30:00,v4.1.0-produccion,buena:completo/semana_anterior
B8_LABS,2026-08-31 21:20:00,voltaje_promedio,126.367325,2026-08-31 14:30:00,v4.1.0-produccion,buena:completo/semana_anterior
B8_LABS,2026-08-31 21:30:00,voltaje_promedio,126.40212,2026-08-31 14:30:00,v4.1.0-produccion,buena:completo/semana_anterior
B8_LABS,2026-08-31 21:40:00,voltaje_promedio,126.39171,2026-08-31 14:30:00,v4.1.0-produccion,buena:completo/semana_anterior
B8_LABS,2026-08-31 21:50:00,voltaje_promedio,126.35099,2026-08-31 14:30:00,v4.1.0-produccion,buena:completo/semana_anterior
B8_LABS,2026-08-31 22:00:00,voltaje_promedio,126.43384,2026-08-31 14:30:00,v4.1.0-produccion,buena:completo/semana_anterior
B8_LABS,2026-08-31 22:10:00,voltaje_promedio,126.44457,2026-08-31 14:30:00,v4.1.0-produccion,buena:completo/semana_anterior
B8_LABS,2026-08-31 22:20:00,voltaje_promedio,126.42237,2026-08-31 14:30:00,v4.1.0-produccion,buena:completo/semana_anterior
B8_LABS,2026-08-31 22:30:00,voltaje_promedio,126.39303,2026-08-31 14:30:00,v4.1.0-produccion,buena:completo/semana_anterior
B8_LABS,2026-08-31 22:40:00,voltaje_promedio,126.38344,2026-08-31 14:30:00,v4.1.0-produccion,buena:completo/semana_anterior
B8_LABS,2026-08-31 22:50:00,voltaje_promedio,126.36318,2026-08-31 14:30:00,v4.1.0-produccion,buena:completo/semana_anterior
B8_LABS,2026-08-31 23:00:00,voltaje_promedio,126.404465,2026-08-31 14:30:00,v4.1.0-produccion,buena:completo/semana_anterior
B8_LABS,2026-08-31 23:10:00,voltaje_promedio,126.399086,2026-08-31 14:30:00,v4.1.0-produccion,buena:completo/semana_anterior
B8_LABS,2026-08-31 23:20:00,voltaje_promedio,126.43118,2026-08-31 14:30:00,v4.1.0-produccion,buena:completo/semana_anterior
B8_LABS,2026-08-31 23:30:00,voltaje_promedio,126.41839,2026-08-31 14:30:00,v4.1.0-produccion,buena:completo/semana_anterior
B8_LABS,2026-08-31 23:40:00,voltaje_promedio,126.40907,2026-08-31 14:30:00,v4.1.0-produccion,buena:completo/semana_anterior
B8_LABS,2026-08-31 23:50:00,voltaje_promedio,126.36845,2026-08-31 14:30:00,v4.1.0-produccion,buena:completo/semana_anterior
B8_LABS,2026-09-01 00:00:00,voltaje_promedio,126.34502,2026-08-31 14:30:00,v4.1.0-produccion,buena:completo/semana_anterior
B8_LABS,2026-09-01 00:10:00,voltaje_promedio,126.32901,2026-08-31 14:30:00,v4.1.0-produccion,buena:completo/semana_anterior
B8_LABS,2026-09-01 00:20:00,voltaje_promedio,126.34617,2026-08-31 14:30:00,v4.1.0-produccion,buena:completo/semana_anterior
B8_LABS,2026-09-01 00:30:00,voltaje_promedio,126.33558,2026-08-31 14:30:00,v4.1.0-produccion,buena:completo/semana_anterior
B8_LABS,2026-09-01 00:40:00,voltaje_promedio,126.3527,2026-08-31 14:30:00,v4.1.0-produccion,buena:completo/semana_anterior
B8_LABS,2026-09-01 00:50:00,voltaje_promedio,126.32379,2026-08-31 14:30:00,v4.1.0-produccion,buena:completo/semana_anterior
B8_LABS,2026-09-01 01:00:00,voltaje_promedio,126.296074,2026-08-31 14:30:00,v4.1.0-produccion,buena:completo/semana_anterior
B8_LABS,2026-09-01 01:10:00,voltaje_promedio,126.31995,2026-08-31 14:30:00,v4.1.0-produccion,buena:completo/semana_anterior
B8_LABS,2026-09-01 01:20:00,voltaje_promedio,126.25382,2026-08-31 14:30:00,v4.1.0-produccion,buena:completo/semana_anterior
B8_LABS,2026-09-01 01:30:00,voltaje_promedio,126.28545,2026-08-31 14:30:00,v4.1.0-produccion,buena:completo/semana_anterior
B8_LABS,2026-09-01 01:40:00,voltaje_promedio,126.35671,2026-08-31 14:30:00,v4.1.0-produccion,buena:completo/semana_anterior
B8_LABS,2026-09-01 01:50:00,voltaje_promedio,126.34654,2026-08-31 14:30:00,v4.1.0-produccion,buena:completo/semana_anterior
B8_LABS,2026-09-01 02:00:00,voltaje_promedio,126.281944,2026-08-31 14:30:00,v4.1.0-produccion,buena:completo/semana_anterior
B8_LABS,2026-09-01 02:10:00,voltaje_promedio,126.243904,2026-08-31 14:30:00,v4.1.0-produccion,buena:completo/semana_anterior
B8_LABS,2026-09-01 02:20:00,voltaje_promedio,126.24377,2026-08-31 14:30:00,v4.1.0-produccion,buena:completo/semana_anterior
B8_LABS,2026-09-01 02:30:00,voltaje_promedio,126.2909,2026-08-31 14:30:00,v4.1.0-produccion,buena:completo/semana_anterior
B8_LABS,2026-09-01 02:40:00,voltaje_promedio,126.32134,2026-08-31 14:30:00,v4.1.0-produccion,buena:completo/semana_anterior
B8_LABS,2026-09-01 02:50:00,voltaje_promedio,126.30952,2026-08-31 14:30:00,v4.1.0-produccion,buena:completo/semana_anterior
B8_LABS,2026-09-01 03:00:00,voltaje_promedio,126.26657,2026-08-31 14:30:00,v4.1.0-produccion,buena:completo/semana_anterior
B8_LABS,2026-09-01 03:10:00,voltaje_promedio,126.21337,2026-08-31 14:30:00,v4.1.0-produccion,buena:completo/semana_anterior
B8_LABS,2026-09-01 03:20:00,voltaje_promedio,126.14659,2026-08-31 14:30:00,v4.1.0-produccion,buena:completo/semana_anterior
B8_LABS,2026-09-01 03:30:00,voltaje_promedio,126.16564,2026-08-31 14:30:00,v4.1.0-produccion,buena:completo/semana_anterior
B8_LABS,2026-09-01 03:40:00,voltaje_promedio,126.103775,2026-08-31 14:30:00,v4.1.0-produccion,buena:completo/semana_anterior
B8_LABS,2026-09-01 03:50:00,voltaje_promedio,126.01544,2026-08-31 14:30:00,v4.1.0-produccion,buena:completo/semana_anterior
B8_LABS,2026-09-01 04:00:00,voltaje_promedio,125.93522,2026-08-31 14:30:00,v4.1.0-produccion,buena:completo/semana_anterior
B8_LABS,2026-09-01 04:10:00,voltaje_promedio,125.948555,2026-08-31 14:30:00,v4.1.0-produccion,buena:completo/semana_anterior
B8_LABS,2026-09-01 04:20:00,voltaje_promedio,125.81334,2026-08-31 14:30:00,v4.1.0-produccion,buena:completo/semana_anterior
B8_LABS,2026-09-01 04:30:00,voltaje_promedio,125.76663,2026-08-31 14:30:00,v4.1.0-produccion,buena:completo/semana_anterior
B8_LABS,2026-09-01 04:40:00,voltaje_promedio,125.6457,2026-08-31 14:30:00,v4.1.0-produccion,buena:completo/semana_anterior
B8_LABS,2026-09-01 04:50:00,voltaje_promedio,125.554,2026-08-31 14:30:00,v4.1.0-produccion,buena:completo/semana_anterior
B8_LABS,2026-09-01 05:00:00,voltaje_promedio,125.569,2026-08-31 14:30:00,v4.1.0-produccion,buena:completo/semana_anterior
B8_LABS,2026-09-01 05:10:00,voltaje_promedio,125.49237,2026-08-31 14:30:00,v4.1.0-produccion,buena:completo/semana_anterior
B8_LABS,2026-09-01 05:20:00,voltaje_promedio,125.34404,2026-08-31 14:30:00,v4.1.0-produccion,buena:completo/semana_anterior
B8_LABS,2026-09-01 05:30:00,voltaje_promedio,125.266335,2026-08-31 14:30:00,v4.1.0-produccion,buena:completo/semana_anterior
B8_LABS,2026-09-01 05:40:00,voltaje_promedio,125.20521,2026-08-31 14:30:00,v4.1.0-produccion,buena:completo/semana_anterior
B8_LABS,2026-09-01 05:50:00,voltaje_promedio,125.02964,2026-08-31 14:30:00,v4.1.0-produccion,buena:completo/semana_anterior
B8_LABS,2026-09-01 06:00:00,voltaje_promedio,124.97217,2026-08-31 14:30:00,v4.1.0-produccion,buena:completo/semana_anterior
B8_LABS,2026-09-01 06:10:00,voltaje_promedio,124.81995,2026-08-31 14:30:00,v4.1.0-produccion,buena:completo/semana_anterior
B8_LABS,2026-09-01 06:20:00,voltaje_promedio,124.729164,2026-08-31 14:30:00,v4.1.0-produccion,buena:completo/semana_anterior
B8_LABS,2026-09-01 06:30:00,voltaje_promedio,124.780396,2026-08-31 14:30:00,v4.1.0-produccion,buena:completo/semana_anterior
B8_LABS,2026-09-01 06:40:00,voltaje_promedio,124.72881,2026-08-31 14:30:00,v4.1.0-produccion,buena:completo/semana_anterior
B8_LABS,2026-09-01 06:50:00,voltaje_promedio,124.671524,2026-08-31 14:30:00,v4.1.0-produccion,buena:completo/semana_anterior
B8_LABS,2026-09-01 07:00:00,voltaje_promedio,124.59754,2026-08-31 14:30:00,v4.1.0-produccion,buena:completo/semana_anterior
B8_LABS,2026-09-01 07:10:00,voltaje_promedio,124.57415,2026-08-31 14:30:00,v4.1.0-produccion,buena:completo/semana_anterior
B8_LABS,2026-09-01 07:20:00,voltaje_promedio,124.50504,2026-08-31 14:30:00,v4.1.0-produccion,buena:completo/semana_anterior
B8_LABS,2026-09-01 07:30:00,voltaje_promedio,124.53582,2026-08-31 14:30:00,v4.1.0-produccion,buena:completo/semana_anterior
B8_LABS,2026-09-01 07:40:00,voltaje_promedio,124.571144,2026-08-31 14:30:00,v4.1.0-produccion,buena:completo/semana_anterior
B8_LABS,2026-09-01 07:50:00,voltaje_promedio,124.50433,2026-08-31 14:30:00,v4.1.0-produccion,buena:completo/semana_anterior
B8_LABS,2026-09-01 08:00:00,voltaje_promedio,124.4551,2026-08-31 14:30:00,v4.1.0-produccion,buena:completo/semana_anterior
B8_LABS,2026-09-01 08:10:00,voltaje_promedio,124.45342,2026-08-31 14:30:00,v4.1.0-produccion,buena:completo/semana_anterior
B8_LABS,2026-09-01 08:20:00,voltaje_promedio,124.44853,2026-08-31 14:30:00,v4.1.0-produccion,buena:completo/semana_anterior
B8_LABS,2026-09-01 08:30:00,voltaje_promedio,124.49323,2026-08-31 14:30:00,v4.1.0-produccion,buena:completo/semana_anterior
B8_LABS,2026-09-01 08:40:00,voltaje_promedio,124.47861,2026-08-31 14:30:00,v4.1.0-produccion,buena:completo/semana_anterior
B8_LABS,2026-09-01 08:50:00,voltaje_promedio,124.4744,2026-08-31 14:30:00,v4.1.0-produccion,buena:completo/semana_anterior
B8_LABS,2026-09-01 09:00:00,voltaje_promedio,124.427925,2026-08-31 14:30:00,v4.1.0-produccion,buena:completo/semana_anterior
B8_LABS,2026-09-01 09:10:00,voltaje_promedio,124.429405,2026-08-31 14:30:00,v4.1.0-produccion,buena:completo/semana_anterior
B8_LABS,2026-09-01 09:20:00,voltaje_promedio,124.46582,2026-08-31 14:30:00,v4.1.0-produccion,buena:completo/semana_anterior
B8_LABS,2026-09-01 09:30:00,voltaje_promedio,124.49803,2026-08-31 14:30:00,v4.1.0-produccion,buena:completo/semana_anterior
B8_LABS,2026-09-01 09:40:00,voltaje_promedio,124.53098,2026-08-31 14:30:00,v4.1.0-produccion,buena:completo/semana_anterior
B8_LABS,2026-09-01 09:50:00,voltaje_promedio,124.52761,2026-08-31 14:30:00,v4.1.0-produccion,buena:completo/semana_anterior
B8_LABS,2026-09-01 10:00:00,voltaje_promedio,124.50798,2026-08-31 14:30:00,v4.1.0-produccion,buena:completo/semana_anterior
B8_LABS,2026-09-01 10:10:00,voltaje_promedio,124.51692,2026-08-31 14:30:00,v4.1.0-produccion,buena:completo/semana_anterior
B8_LABS,2026-09-01 10:20:00,voltaje_promedio,124.55448,2026-08-31 14:30:00,v4.1.0-produccion,buena:completo/semana_anterior
B8_LABS,2026-09-01 10:30:00,voltaje_promedio,124.56251,2026-08-31 14:30:00,v4.1.0-produccion,buena:completo/semana_anterior
B8_LABS,2026-09-01 10:40:00,voltaje_promedio,124.585205,2026-08-31 14:30:00,v4.1.0-produccion,buena:completo/semana_anterior
B8_LABS,2026-09-01 10:50:00,voltaje_promedio,124.549034,2026-08-31 14:30:00,v4.1.0-produccion,buena:completo/semana_anterior
B8_LABS,2026-09-01 11:00:00,voltaje_promedio,124.528595,2026-08-31 14:30:00,v4.1.0-produccion,buena:completo/semana_anterior
B8_LABS,2026-09-01 11:10:00,voltaje_promedio,124.590935,2026-08-31 14:30:00,v4.1.0-produccion,buena:completo/semana_anterior
B8_LABS,2026-09-01 11:20:00,voltaje_promedio,124.57992,2026-08-31 14:30:00,v4.1.0-produccion,buena:completo/semana_anterior
B8_LABS,2026-09-01 11:30:00,voltaje_promedio,124.56092,2026-08-31 14:30:00,v4.1.0-produccion,buena:completo/semana_anterior
B8_LABS,2026-09-01 11:40:00,voltaje_promedio,124.58047,2026-08-31 14:30:00,v4.1.0-produccion,buena:completo/semana_anterior
B8_LABS,2026-09-01 11:50:00,voltaje_promedio,124.561066,2026-08-31 14:30:00,v4.1.0-produccion,buena:completo/semana_anterior
B8_LABS,2026-09-01 12:00:00,voltaje_promedio,124.59279,2026-08-31 14:30:00,v4.1.0-produccion,buena:completo/semana_anterior
B8_LABS,2026-09-01 12:10:00,voltaje_promedio,124.673065,2026-08-31 14:30:00,v4.1.0-produccion,buena:completo/semana_anterior
B8_LABS,2026-09-01 12:20:00,voltaje_promedio,124.63339,2026-08-31 14:30:00,v4.1.0-produccion,buena:completo/semana_anterior
B8_LABS,2026-09-01 12:30:00,voltaje_promedio,124.69272,2026-08-31 14:30:00,v4.1.0-produccion,buena:completo/semana_anterior
B8_LABS,2026-09-01 12:40:00,voltaje_promedio,124.7454,2026-08-31 14:30:00,v4.1.0-produccion,buena:completo/semana_anterior
B8_LABS,2026-09-01 12:50:00,voltaje_promedio,124.771996,2026-08-31 14:30:00,v4.1.0-produccion,buena:completo/semana_anterior
B8_LABS,2026-09-01 13:00:00,voltaje_promedio,124.73125,2026-08-31 14:30:00,v4.1.0-produccion,buena:completo/semana_anterior
B8_LABS,2026-09-01 13:10:00,voltaje_promedio,124.726036,2026-08-31 14:30:00,v4.1.0-produccion,buena:completo/semana_anterior
B8_LABS,2026-09-01 13:20:00,voltaje_promedio,124.80189,2026-08-31 14:30:00,v4.1.0-produccion,buena:completo/semana_anterior
B8_LABS,2026-09-01 13:30:00,voltaje_promedio,124.787994,2026-08-31 14:30:00,v4.1.0-produccion,buena:completo/semana_anterior
B8_LABS,2026-09-01 13:40:00,voltaje_promedio,124.84776,2026-08-31 14:30:00,v4.1.0-produccion,buena:completo/semana_anterior
B8_LABS,2026-09-01 13:50:00,voltaje_promedio,124.8867,2026-08-31 14:30:00,v4.1.0-produccion,buena:completo/semana_anterior
B8_LABS,2026-09-01 14:00:00,voltaje_promedio,124.864876,2026-08-31 14:30:00,v4.1.0-produccion,buena:completo/semana_anterior
B8_LABS,2026-09-01 14:10:00,voltaje_promedio,124.96865,2026-08-31 14:30:00,v4.1.0-produccion,buena:completo/semana_anterior
B8_LABS,2026-09-01 14:20:00,voltaje_promedio,125.033936,2026-08-31 14:30:00,v4.1.0-produccion,buena:completo/semana_anterior
B8_LABS,2026-09-01 14:30:00,voltaje_promedio,125.04423,2026-08-31 14:30:00,v4.1.0-produccion,buena:completo/semana_anterior
B9_SFA1,2026-08-31 14:40:00,activepower,66380.78,2026-08-31 14:30:00,v4.1.0-produccion,buena:completo/semana_anterior
B9_SFA1,2026-08-31 14:50:00,activepower,66060.05,2026-08-31 14:30:00,v4.1.0-produccion,buena:completo/semana_anterior
B9_SFA1,2026-08-31 15:00:00,activepower,64845.67,2026-08-31 14:30:00,v4.1.0-produccion,buena:completo/semana_anterior
B9_SFA1,2026-08-31 15:10:00,activepower,64768.55,2026-08-31 14:30:00,v4.1.0-produccion,buena:completo/semana_anterior
B9_SFA1,2026-08-31 15:20:00,activepower,64964.027,2026-08-31 14:30:00,v4.1.0-produccion,buena:completo/semana_anterior
B9_SFA1,2026-08-31 15:30:00,activepower,65051.645,2026-08-31 14:30:00,v4.1.0-produccion,buena:completo/semana_anterior
B9_SFA1,2026-08-31 15:40:00,activepower,64981.133,2026-08-31 14:30:00,v4.1.0-produccion,buena:completo/semana_anterior
B9_SFA1,2026-08-31 15:50:00,activepower,64409.31,2026-08-31 14:30:00,v4.1.0-produccion,buena:completo/semana_anterior
B9_SFA1,2026-08-31 16:00:00,activepower,64664.734,2026-08-31 14:30:00,v4.1.0-produccion,buena:completo/semana_anterior
B9_SFA1,2026-08-31 16:10:00,activepower,63308.43,2026-08-31 14:30:00,v4.1.0-produccion,buena:completo/semana_anterior
B9_SFA1,2026-08-31 16:20:00,activepower,62862.316,2026-08-31 14:30:00,v4.1.0-produccion,buena:completo/semana_anterior
B9_SFA1,2026-08-31 16:30:00,activepower,62241.703,2026-08-31 14:30:00,v4.1.0-produccion,buena:completo/semana_anterior
B9_SFA1,2026-08-31 16:40:00,activepower,62414.793,2026-08-31 14:30:00,v4.1.0-produccion,buena:completo/semana_anterior
B9_SFA1,2026-08-31 16:50:00,activepower,61165.137,2026-08-31 14:30:00,v4.1.0-produccion,buena:completo/semana_anterior
B9_SFA1,2026-08-31 17:00:00,activepower,60220.324,2026-08-31 14:30:00,v4.1.0-produccion,buena:completo/semana_anterior
B9_SFA1,2026-08-31 17:10:00,activepower,58913.277,2026-08-31 14:30:00,v4.1.0-produccion,buena:completo/semana_anterior
B9_SFA1,2026-08-31 17:20:00,activepower,57654.6,2026-08-31 14:30:00,v4.1.0-produccion,buena:completo/semana_anterior
B9_SFA1,2026-08-31 17:30:00,activepower,56275.49,2026-08-31 14:30:00,v4.1.0-produccion,buena:completo/semana_anterior
B9_SFA1,2026-08-31 17:40:00,activepower,56126.125,2026-08-31 14:30:00,v4.1.0-produccion,buena:completo/semana_anterior
B9_SFA1,2026-08-31 17:50:00,activepower,54707.125,2026-08-31 14:30:00,v4.1.0-produccion,buena:completo/semana_anterior
B9_SFA1,2026-08-31 18:00:00,activepower,53455.848,2026-08-31 14:30:00,v4.1.0-produccion,buena:completo/semana_anterior
B9_SFA1,2026-08-31 18:10:00,activepower,51840.88,2026-08-31 14:30:00,v4.1.0-produccion,buena:completo/semana_anterior
B9_SFA1,2026-08-31 18:20:00,activepower,50746.695,2026-08-31 14:30:00,v4.1.0-produccion,buena:completo/semana_anterior
B9_SFA1,2026-08-31 18:30:00,activepower,49594.23,2026-08-31 14:30:00,v4.1.0-produccion,buena:completo/semana_anterior
B9_SFA1,2026-08-31 18:40:00,activepower,48128.867,2026-08-31 14:30:00,v4.1.0-produccion,buena:completo/semana_anterior
B9_SFA1,2026-08-31 18:50:00,activepower,46580.637,2026-08-31 14:30:00,v4.1.0-produccion,buena:completo/semana_anterior
B9_SFA1,2026-08-31 19:00:00,activepower,45294.848,2026-08-31 14:30:00,v4.1.0-produccion,buena:completo/semana_anterior
B9_SFA1,2026-08-31 19:10:00,activepower,44198.973,2026-08-31 14:30:00,v4.1.0-produccion,buena:completo/semana_anterior
B9_SFA1,2026-08-31 19:20:00,activepower,42541.004,2026-08-31 14:30:00,v4.1.0-produccion,buena:completo/semana_anterior
B9_SFA1,2026-08-31 19:30:00,activepower,40864.203,2026-08-31 14:30:00,v4.1.0-produccion,buena:completo/semana_anterior
B9_SFA1,2026-08-31 19:40:00,activepower,40121.375,2026-08-31 14:30:00,v4.1.0-produccion,buena:completo/semana_anterior
B9_SFA1,2026-08-31 19:50:00,activepower,39096.367,2026-08-31 14:30:00,v4.1.0-produccion,buena:completo/semana_anterior
B9_SFA1,2026-08-31 20:00:00,activepower,37292.383,2026-08-31 14:30:00,v4.1.0-produccion,buena:completo/semana_anterior
B9_SFA1,2026-08-31 20:10:00,activepower,36754.727,2026-08-31 14:30:00,v4.1.0-produccion,buena:completo/semana_anterior
B9_SFA1,2026-08-31 20:20:00,activepower,35047.703,2026-08-31 14:30:00,v4.1.0-produccion,buena:completo/semana_anterior
B9_SFA1,2026-08-31 20:30:00,activepower,33939.434,2026-08-31 14:30:00,v4.1.0-produccion,buena:completo/semana_anterior
B9_SFA1,2026-08-31 20:40:00,activepower,33086.41,2026-08-31 14:30:00,v4.1.0-produccion,buena:completo/semana_anterior
B9_SFA1,2026-08-31 20:50:00,activepower,31625.309,2026-08-31 14:30:00,v4.1.0-produccion,buena:completo/semana_anterior
B9_SFA1,2026-08-31 21:00:00,activepower,30674.738,2026-08-31 14:30:00,v4.1.0-produccion,buena:completo/semana_anterior
B9_SFA1,2026-08-31 21:10:00,activepower,29754.691,2026-08-31 14:30:00,v4.1.0-produccion,buena:completo/semana_anterior
B9_SFA1,2026-08-31 21:20:00,activepower,28955.174,2026-08-31 14:30:00,v4.1.0-produccion,buena:completo/semana_anterior
B9_SFA1,2026-08-31 21:30:00,activepower,27785.89,2026-08-31 14:30:00,v4.1.0-produccion,buena:completo/semana_anterior
B9_SFA1,2026-08-31 21:40:00,activepower,27219.596,2026-08-31 14:30:00,v4.1.0-produccion,buena:completo/semana_anterior
B9_SFA1,2026-08-31 21:50:00,activepower,26333.05,2026-08-31 14:30:00,v4.1.0-produccion,buena:completo/semana_anterior
B9_SFA1,2026-08-31 22:00:00,activepower,25299.816,2026-08-31 14:30:00,v4.1.0-produccion,buena:completo/semana_anterior
B9_SFA1,2026-08-31 22:10:00,activepower,25304.066,2026-08-31 14:30:00,v4.1.0-produccion,buena:completo/semana_anterior
B9_SFA1,2026-08-31 22:20:00,activepower,24714.568,2026-08-31 14:30:00,v4.1.0-produccion,buena:completo/semana_anterior
B9_SFA1,2026-08-31 22:30:00,activepower,24215.68,2026-08-31 14:30:00,v4.1.0-produccion,buena:completo/semana_anterior
B9_SFA1,2026-08-31 22:40:00,activepower,23423.123,2026-08-31 14:30:00,v4.1.0-produccion,buena:completo/semana_anterior
B9_SFA1,2026-08-31 22:50:00,activepower,22803.143,2026-08-31 14:30:00,v4.1.0-produccion,buena:completo/semana_anterior
B9_SFA1,2026-08-31 23:00:00,activepower,22425.043,2026-08-31 14:30:00,v4.1.0-produccion,buena:completo/semana_anterior
B9_SFA1,2026-08-31 23:10:00,activepower,22310.605,2026-08-31 14:30:00,v4.1.0-produccion,buena:completo/semana_anterior
B9_SFA1,2026-08-31 23:20:00,activepower,21833.23,2026-08-31 14:30:00,v4.1.0-produccion,buena:completo/semana_anterior
B9_SFA1,2026-08-31 23:30:00,activepower,21224.836,2026-08-31 14:30:00,v4.1.0-produccion,buena:completo/semana_anterior
B9_SFA1,2026-08-31 23:40:00,activepower,20958.303,2026-08-31 14:30:00,v4.1.0-produccion,buena:completo/semana_anterior
B9_SFA1,2026-08-31 23:50:00,activepower,20799.203,2026-08-31 14:30:00,v4.1.0-produccion,buena:completo/semana_anterior
B9_SFA1,2026-09-01 00:00:00,activepower,20717.07,2026-08-31 14:30:00,v4.1.0-produccion,buena:completo/semana_anterior
B9_SFA1,2026-09-01 00:10:00,activepower,20516.285,2026-08-31 14:30:00,v4.1.0-produccion,buena:completo/semana_anterior
B9_SFA1,2026-09-01 00:20:00,activepower,20488.988,2026-08-31 14:30:00,v4.1.0-produccion,buena:completo/semana_anterior
B9_SFA1,2026-09-01 00:30:00,activepower,20301.547,2026-08-31 14:30:00,v4.1.0-produccion,buena:completo/semana_anterior
B9_SFA1,2026-09-01 00:40:00,activepower,20543.402,2026-08-31 14:30:00,v4.1.0-produccion,buena:completo/semana_anterior
B9_SFA1,2026-09-01 00:50:00,activepower,20182.344,2026-08-31 14:30:00,v4.1.0-produccion,buena:completo/semana_anterior
B9_SFA1,2026-09-01 01:00:00,activepower,20377.582,2026-08-31 14:30:00,v4.1.0-produccion,buena:completo/semana_anterior
B9_SFA1,2026-09-01 01:10:00,activepower,20173.621,2026-08-31 14:30:00,v4.1.0-produccion,buena:completo/semana_anterior
B9_SFA1,2026-09-01 01:20:00,activepower,20077.441,2026-08-31 14:30:00,v4.1.0-produccion,buena:completo/semana_anterior
B9_SFA1,2026-09-01 01:30:00,activepower,20214.125,2026-08-31 14:30:00,v4.1.0-produccion,buena:completo/semana_anterior
B9_SFA1,2026-09-01 01:40:00,activepower,20384.836,2026-08-31 14:30:00,v4.1.0-produccion,buena:completo/semana_anterior
B9_SFA1,2026-09-01 01:50:00,activepower,20186.672,2026-08-31 14:30:00,v4.1.0-produccion,buena:completo/semana_anterior
B9_SFA1,2026-09-01 02:00:00,activepower,19969.828,2026-08-31 14:30:00,v4.1.0-produccion,buena:completo/semana_anterior
B9_SFA1,2026-09-01 02:10:00,activepower,19452.219,2026-08-31 14:30:00,v4.1.0-produccion,buena:completo/semana_anterior
B9_SFA1,2026-09-01 02:20:00,activepower,19824.182,2026-08-31 14:30:00,v4.1.0-produccion,buena:completo/semana_anterior
B9_SFA1,2026-09-01 02:30:00,activepower,19478.732,2026-08-31 14:30:00,v4.1.0-produccion,buena:completo/semana_anterior
B9_SFA1,2026-09-01 02:40:00,activepower,19353.756,2026-08-31 14:30:00,v4.1.0-produccion,buena:completo/semana_anterior
B9_SFA1,2026-09-01 02:50:00,activepower,19357.695,2026-08-31 14:30:00,v4.1.0-produccion,buena:completo/semana_anterior
B9_SFA1,2026-09-01 03:00:00,activepower,19551.332,2026-08-31 14:30:00,v4.1.0-produccion,buena:completo/semana_anterior
B9_SFA1,2026-09-01 03:10:00,activepower,19203.812,2026-08-31 14:30:00,v4.1.0-produccion,buena:completo/semana_anterior
B9_SFA1,2026-09-01 03:20:00,activepower,19240.29,2026-08-31 14:30:00,v4.1.0-produccion,buena:completo/semana_anterior
B9_SFA1,2026-09-01 03:30:00,activepower,19692.621,2026-08-31 14:30:00,v4.1.0-produccion,buena:completo/semana_anterior
B9_SFA1,2026-09-01 03:40:00,activepower,19677.059,2026-08-31 14:30:00,v4.1.0-produccion,buena:completo/semana_anterior
B9_SFA1,2026-09-01 03:50:00,activepower,19792.496,2026-08-31 14:30:00,v4.1.0-produccion,buena:completo/semana_anterior
B9_SFA1,2026-09-01 04:00:00,activepower,20233.303,2026-08-31 14:30:00,v4.1.0-produccion,buena:completo/semana_anterior
B9_SFA1,2026-09-01 04:10:00,activepower,20197.723,2026-08-31 14:30:00,v4.1.0-produccion,buena:completo/semana_anterior
B9_SFA1,2026-09-01 04:20:00,activepower,21124.52,2026-08-31 14:30:00,v4.1.0-produccion,buena:completo/semana_anterior
B9_SFA1,2026-09-01 04:30:00,activepower,21477.398,2026-08-31 14:30:00,v4.1.0-produccion,buena:completo/semana_anterior
B9_SFA1,2026-09-01 04:40:00,activepower,22536.463,2026-08-31 14:30:00,v4.1.0-produccion,buena:completo/semana_anterior
B9_SFA1,2026-09-01 04:50:00,activepower,22722.45,2026-08-31 14:30:00,v4.1.0-produccion,buena:completo/semana_anterior
B9_SFA1,2026-09-01 05:00:00,activepower,23915.574,2026-08-31 14:30:00,v4.1.0-produccion,buena:completo/semana_anterior
B9_SFA1,2026-09-01 05:10:00,activepower,25127.25,2026-08-31 14:30:00,v4.1.0-produccion,buena:completo/semana_anterior
B9_SFA1,2026-09-01 05:20:00,activepower,27326.305,2026-08-31 14:30:00,v4.1.0-produccion,buena:completo/semana_anterior
B9_SFA1,2026-09-01 05:30:00,activepower,28521.16,2026-08-31 14:30:00,v4.1.0-produccion,buena:completo/semana_anterior
B9_SFA1,2026-09-01 05:40:00,activepower,29887.932,2026-08-31 14:30:00,v4.1.0-produccion,buena:completo/semana_anterior
B9_SFA1,2026-09-01 05:50:00,activepower,31686.455,2026-08-31 14:30:00,v4.1.0-produccion,buena:completo/semana_anterior
B9_SFA1,2026-09-01 06:00:00,activepower,33573.785,2026-08-31 14:30:00,v4.1.0-produccion,buena:completo/semana_anterior
B9_SFA1,2026-09-01 06:10:00,activepower,35370.832,2026-08-31 14:30:00,v4.1.0-produccion,buena:completo/semana_anterior
B9_SFA1,2026-09-01 06:20:00,activepower,37307.656,2026-08-31 14:30:00,v4.1.0-produccion,buena:completo/semana_anterior
B9_SFA1,2026-09-01 06:30:00,activepower,39537.195,2026-08-31 14:30:00,v4.1.0-produccion,buena:completo/semana_anterior
B9_SFA1,2026-09-01 06:40:00,activepower,41532.547,2026-08-31 14:30:00,v4.1.0-produccion,buena:completo/semana_anterior
B9_SFA1,2026-09-01 06:50:00,activepower,43320.758,2026-08-31 14:30:00,v4.1.0-produccion,buena:completo/semana_anterior
B9_SFA1,2026-09-01 07:00:00,activepower,44590.98,2026-08-31 14:30:00,v4.1.0-produccion,buena:completo/semana_anterior
B9_SFA1,2026-09-01 07:10:00,activepower,46606.516,2026-08-31 14:30:00,v4.1.0-produccion,buena:completo/semana_anterior
B9_SFA1,2026-09-01 07:20:00,activepower,49240.805,2026-08-31 14:30:00,v4.1.0-produccion,buena:completo/semana_anterior
B9_SFA1,2026-09-01 07:30:00,activepower,51518.336,2026-08-31 14:30:00,v4.1.0-produccion,buena:completo/semana_anterior
B9_SFA1,2026-09-01 07:40:00,activepower,54005.074,2026-08-31 14:30:00,v4.1.0-produccion,buena:completo/semana_anterior
B9_SFA1,2026-09-01 07:50:00,activepower,55594.754,2026-08-31 14:30:00,v4.1.0-produccion,buena:completo/semana_anterior
B9_SFA1,2026-09-01 08:00:00,activepower,56845.844,2026-08-31 14:30:00,v4.1.0-produccion,buena:completo/semana_anterior
B9_SFA1,2026-09-01 08:10:00,activepower,58672.973,2026-08-31 14:30:00,v4.1.0-produccion,buena:completo/semana_anterior
B9_SFA1,2026-09-01 08:20:00,activepower,60309.516,2026-08-31 14:30:00,v4.1.0-produccion,buena:completo/semana_anterior
B9_SFA1,2026-09-01 08:30:00,activepower,61652.883,2026-08-31 14:30:00,v4.1.0-produccion,buena:completo/semana_anterior
B9_SFA1,2026-09-01 08:40:00,activepower,63685.26,2026-08-31 14:30:00,v4.1.0-produccion,buena:completo/semana_anterior
B9_SFA1,2026-09-01 08:50:00,activepower,64772.74,2026-08-31 14:30:00,v4.1.0-produccion,buena:completo/semana_anterior
B9_SFA1,2026-09-01 09:00:00,activepower,65422.5,2026-08-31 14:30:00,v4.1.0-produccion,buena:completo/semana_anterior
B9_SFA1,2026-09-01 09:10:00,activepower,65497.145,2026-08-31 14:30:00,v4.1.0-produccion,buena:completo/semana_anterior
B9_SFA1,2026-09-01 09:20:00,activepower,66011.25,2026-08-31 14:30:00,v4.1.0-produccion,buena:completo/semana_anterior
B9_SFA1,2026-09-01 09:30:00,activepower,67267.875,2026-08-31 14:30:00,v4.1.0-produccion,buena:completo/semana_anterior
B9_SFA1,2026-09-01 09:40:00,activepower,68560.08,2026-08-31 14:30:00,v4.1.0-produccion,buena:completo/semana_anterior
B9_SFA1,2026-09-01 09:50:00,activepower,68628.53,2026-08-31 14:30:00,v4.1.0-produccion,buena:completo/semana_anterior
B9_SFA1,2026-09-01 10:00:00,activepower,68288.88,2026-08-31 14:30:00,v4.1.0-produccion,buena:completo/semana_anterior
B9_SFA1,2026-09-01 10:10:00,activepower,68370.11,2026-08-31 14:30:00,v4.1.0-produccion,buena:completo/semana_anterior
B9_SFA1,2026-09-01 10:20:00,activepower,67764.625,2026-08-31 14:30:00,v4.1.0-produccion,buena:completo/semana_anterior
B9_SFA1,2026-09-01 10:30:00,activepower,67789.34,2026-08-31 14:30:00,v4.1.0-produccion,buena:completo/semana_anterior
B9_SFA1,2026-09-01 10:40:00,activepower,68381.445,2026-08-31 14:30:00,v4.1.0-produccion,buena:completo/semana_anterior
B9_SFA1,2026-09-01 10:50:00,activepower,68149.14,2026-08-31 14:30:00,v4.1.0-produccion,buena:completo/semana_anterior
B9_SFA1,2026-09-01 11:00:00,activepower,67474.266,2026-08-31 14:30:00,v4.1.0-produccion,buena:completo/semana_anterior
B9_SFA1,2026-09-01 11:10:00,activepower,66407.97,2026-08-31 14:30:00,v4.1.0-produccion,buena:completo/semana_anterior
B9_SFA1,2026-09-01 11:20:00,activepower,65757.47,2026-08-31 14:30:00,v4.1.0-produccion,buena:completo/semana_anterior
B9_SFA1,2026-09-01 11:30:00,activepower,65461.44,2026-08-31 14:30:00,v4.1.0-produccion,buena:completo/semana_anterior
B9_SFA1,2026-09-01 11:40:00,activepower,65860.33,2026-08-31 14:30:00,v4.1.0-produccion,buena:completo/semana_anterior
B9_SFA1,2026-09-01 11:50:00,activepower,65964.625,2026-08-31 14:30:00,v4.1.0-produccion,buena:completo/semana_anterior
B9_SFA1,2026-09-01 12:00:00,activepower,65371.016,2026-08-31 14:30:00,v4.1.0-produccion,buena:completo/semana_anterior
B9_SFA1,2026-09-01 12:10:00,activepower,64376.11,2026-08-31 14:30:00,v4.1.0-produccion,buena:completo/semana_anterior
B9_SFA1,2026-09-01 12:20:00,activepower,64456.016,2026-08-31 14:30:00,v4.1.0-produccion,buena:completo/semana_anterior
B9_SFA1,2026-09-01 12:30:00,activepower,64167.754,2026-08-31 14:30:00,v4.1.0-produccion,buena:completo/semana_anterior
B9_SFA1,2026-09-01 12:40:00,activepower,65564.805,2026-08-31 14:30:00,v4.1.0-produccion,buena:completo/semana_anterior
B9_SFA1,2026-09-01 12:50:00,activepower,65108.22,2026-08-31 14:30:00,v4.1.0-produccion,buena:completo/semana_anterior
B9_SFA1,2026-09-01 13:00:00,activepower,64788.984,2026-08-31 14:30:00,v4.1.0-produccion,buena:completo/semana_anterior
B9_SFA1,2026-09-01 13:10:00,activepower,64078.105,2026-08-31 14:30:00,v4.1.0-produccion,buena:completo/semana_anterior
B9_SFA1,2026-09-01 13:20:00,activepower,64688.445,2026-08-31 14:30:00,v4.1.0-produccion,buena:completo/semana_anterior
B9_SFA1,2026-09-01 13:30:00,activepower,64583.62,2026-08-31 14:30:00,v4.1.0-produccion,buena:completo/semana_anterior
B9_SFA1,2026-09-01 13:40:00,activepower,65622.09,2026-08-31 14:30:00,v4.1.0-produccion,buena:completo/semana_anterior
B9_SFA1,2026-09-01 13:50:00,activepower,65982.47,2026-08-31 14:30:00,v4.1.0-produccion,buena:completo/semana_anterior
B9_SFA1,2026-09-01 14:00:00,activepower,65250.336,2026-08-31 14:30:00,v4.1.0-produccion,buena:completo/semana_anterior
B9_SFA1,2026-09-01 14:10:00,activepower,64835.78,2026-08-31 14:30:00,v4.1.0-produccion,buena:completo/semana_anterior
B9_SFA1,2026-09-01 14:20:00,activepower,64411.918,2026-08-31 14:30:00,v4.1.0-produccion,buena:completo/semana_anterior
B9_SFA1,2026-09-01 14:30:00,activepower,65538.19,2026-08-31 14:30:00,v4.1.0-produccion,buena:completo/semana_anterior
B9_SFA1,2026-08-31 14:40:00,totalpowerfactor,0.98855793,2026-08-31 14:30:00,v4.1.0-produccion,buena:completo/semana_anterior
B9_SFA1,2026-08-31 14:50:00,totalpowerfactor,0.98891234,2026-08-31 14:30:00,v4.1.0-produccion,buena:completo/semana_anterior
B9_SFA1,2026-08-31 15:00:00,totalpowerfactor,0.98846513,2026-08-31 14:30:00,v4.1.0-produccion,buena:completo/semana_anterior
B9_SFA1,2026-08-31 15:10:00,totalpowerfactor,0.98815876,2026-08-31 14:30:00,v4.1.0-produccion,buena:completo/semana_anterior
B9_SFA1,2026-08-31 15:20:00,totalpowerfactor,0.9881155,2026-08-31 14:30:00,v4.1.0-produccion,buena:completo/semana_anterior
B9_SFA1,2026-08-31 15:30:00,totalpowerfactor,0.9885613,2026-08-31 14:30:00,v4.1.0-produccion,buena:completo/semana_anterior
B9_SFA1,2026-08-31 15:40:00,totalpowerfactor,0.9892235,2026-08-31 14:30:00,v4.1.0-produccion,buena:completo/semana_anterior
B9_SFA1,2026-08-31 15:50:00,totalpowerfactor,0.989265,2026-08-31 14:30:00,v4.1.0-produccion,buena:completo/semana_anterior
B9_SFA1,2026-08-31 16:00:00,totalpowerfactor,0.9895791,2026-08-31 14:30:00,v4.1.0-produccion,buena:completo/semana_anterior
B9_SFA1,2026-08-31 16:10:00,totalpowerfactor,0.9900299,2026-08-31 14:30:00,v4.1.0-produccion,buena:completo/semana_anterior
B9_SFA1,2026-08-31 16:20:00,totalpowerfactor,0.9896106,2026-08-31 14:30:00,v4.1.0-produccion,buena:completo/semana_anterior
B9_SFA1,2026-08-31 16:30:00,totalpowerfactor,0.98999554,2026-08-31 14:30:00,v4.1.0-produccion,buena:completo/semana_anterior
B9_SFA1,2026-08-31 16:40:00,totalpowerfactor,0.98962635,2026-08-31 14:30:00,v4.1.0-produccion,buena:completo/semana_anterior
B9_SFA1,2026-08-31 16:50:00,totalpowerfactor,0.9894724,2026-08-31 14:30:00,v4.1.0-produccion,buena:completo/semana_anterior
B9_SFA1,2026-08-31 17:00:00,totalpowerfactor,0.9895883,2026-08-31 14:30:00,v4.1.0-produccion,buena:completo/semana_anterior
B9_SFA1,2026-08-31 17:10:00,totalpowerfactor,0.98956645,2026-08-31 14:30:00,v4.1.0-produccion,buena:completo/semana_anterior
B9_SFA1,2026-08-31 17:20:00,totalpowerfactor,0.9888564,2026-08-31 14:30:00,v4.1.0-produccion,buena:completo/semana_anterior
B9_SFA1,2026-08-31 17:30:00,totalpowerfactor,0.9895522,2026-08-31 14:30:00,v4.1.0-produccion,buena:completo/semana_anterior
B9_SFA1,2026-08-31 17:40:00,totalpowerfactor,0.9891261,2026-08-31 14:30:00,v4.1.0-produccion,buena:completo/semana_anterior
B9_SFA1,2026-08-31 17:50:00,totalpowerfactor,0.98934716,2026-08-31 14:30:00,v4.1.0-produccion,buena:completo/semana_anterior
B9_SFA1,2026-08-31 18:00:00,totalpowerfactor,0.98901725,2026-08-31 14:30:00,v4.1.0-produccion,buena:completo/semana_anterior
B9_SFA1,2026-08-31 18:10:00,totalpowerfactor,0.9892967,2026-08-31 14:30:00,v4.1.0-produccion,buena:completo/semana_anterior
B9_SFA1,2026-08-31 18:20:00,totalpowerfactor,0.9885879,2026-08-31 14:30:00,v4.1.0-produccion,buena:completo/semana_anterior
B9_SFA1,2026-08-31 18:30:00,totalpowerfactor,0.9888397,2026-08-31 14:30:00,v4.1.0-produccion,buena:completo/semana_anterior
B9_SFA1,2026-08-31 18:40:00,totalpowerfactor,0.98820376,2026-08-31 14:30:00,v4.1.0-produccion,buena:completo/semana_anterior
B9_SFA1,2026-08-31 18:50:00,totalpowerfactor,0.9882893,2026-08-31 14:30:00,v4.1.0-produccion,buena:completo/semana_anterior
B9_SFA1,2026-08-31 19:00:00,totalpowerfactor,0.9883077,2026-08-31 14:30:00,v4.1.0-produccion,buena:completo/semana_anterior
B9_SFA1,2026-08-31 19:10:00,totalpowerfactor,0.9878894,2026-08-31 14:30:00,v4.1.0-produccion,buena:completo/semana_anterior
B9_SFA1,2026-08-31 19:20:00,totalpowerfactor,0.9871106,2026-08-31 14:30:00,v4.1.0-produccion,buena:completo/semana_anterior
B9_SFA1,2026-08-31 19:30:00,totalpowerfactor,0.98669004,2026-08-31 14:30:00,v4.1.0-produccion,buena:completo/semana_anterior
B9_SFA1,2026-08-31 19:40:00,totalpowerfactor,0.9865695,2026-08-31 14:30:00,v4.1.0-produccion,buena:completo/semana_anterior
B9_SFA1,2026-08-31 19:50:00,totalpowerfactor,0.9860895,2026-08-31 14:30:00,v4.1.0-produccion,buena:completo/semana_anterior
B9_SFA1,2026-08-31 20:00:00,totalpowerfactor,0.98556685,2026-08-31 14:30:00,v4.1.0-produccion,buena:completo/semana_anterior
B9_SFA1,2026-08-31 20:10:00,totalpowerfactor,0.98516655,2026-08-31 14:30:00,v4.1.0-produccion,buena:completo/semana_anterior
B9_SFA1,2026-08-31 20:20:00,totalpowerfactor,0.98434854,2026-08-31 14:30:00,v4.1.0-produccion,buena:completo/semana_anterior
B9_SFA1,2026-08-31 20:30:00,totalpowerfactor,0.9842646,2026-08-31 14:30:00,v4.1.0-produccion,buena:completo/semana_anterior
B9_SFA1,2026-08-31 20:40:00,totalpowerfactor,0.98332787,2026-08-31 14:30:00,v4.1.0-produccion,buena:completo/semana_anterior
B9_SFA1,2026-08-31 20:50:00,totalpowerfactor,0.9832221,2026-08-31 14:30:00,v4.1.0-produccion,buena:completo/semana_anterior
B9_SFA1,2026-08-31 21:00:00,totalpowerfactor,0.98215204,2026-08-31 14:30:00,v4.1.0-produccion,buena:completo/semana_anterior
B9_SFA1,2026-08-31 21:10:00,totalpowerfactor,0.98244166,2026-08-31 14:30:00,v4.1.0-produccion,buena:completo/semana_anterior
B9_SFA1,2026-08-31 21:20:00,totalpowerfactor,0.98084706,2026-08-31 14:30:00,v4.1.0-produccion,buena:completo/semana_anterior
B9_SFA1,2026-08-31 21:30:00,totalpowerfactor,0.9805324,2026-08-31 14:30:00,v4.1.0-produccion,buena:completo/semana_anterior
B9_SFA1,2026-08-31 21:40:00,totalpowerfactor,0.97961134,2026-08-31 14:30:00,v4.1.0-produccion,buena:completo/semana_anterior
B9_SFA1,2026-08-31 21:50:00,totalpowerfactor,0.9794817,2026-08-31 14:30:00,v4.1.0-produccion,buena:completo/semana_anterior
B9_SFA1,2026-08-31 22:00:00,totalpowerfactor,0.9784324,2026-08-31 14:30:00,v4.1.0-produccion,buena:completo/semana_anterior
B9_SFA1,2026-08-31 22:10:00,totalpowerfactor,0.97850245,2026-08-31 14:30:00,v4.1.0-produccion,buena:completo/semana_anterior
B9_SFA1,2026-08-31 22:20:00,totalpowerfactor,0.97692066,2026-08-31 14:30:00,v4.1.0-produccion,buena:completo/semana_anterior
B9_SFA1,2026-08-31 22:30:00,totalpowerfactor,0.97503537,2026-08-31 14:30:00,v4.1.0-produccion,buena:completo/semana_anterior
B9_SFA1,2026-08-31 22:40:00,totalpowerfactor,0.9749907,2026-08-31 14:30:00,v4.1.0-produccion,buena:completo/semana_anterior
B9_SFA1,2026-08-31 22:50:00,totalpowerfactor,0.97479147,2026-08-31 14:30:00,v4.1.0-produccion,buena:completo/semana_anterior
B9_SFA1,2026-08-31 23:00:00,totalpowerfactor,0.9736854,2026-08-31 14:30:00,v4.1.0-produccion,buena:completo/semana_anterior
B9_SFA1,2026-08-31 23:10:00,totalpowerfactor,0.9742907,2026-08-31 14:30:00,v4.1.0-produccion,buena:completo/semana_anterior
B9_SFA1,2026-08-31 23:20:00,totalpowerfactor,0.97293663,2026-08-31 14:30:00,v4.1.0-produccion,buena:completo/semana_anterior
B9_SFA1,2026-08-31 23:30:00,totalpowerfactor,0.97240525,2026-08-31 14:30:00,v4.1.0-produccion,buena:completo/semana_anterior
B9_SFA1,2026-08-31 23:40:00,totalpowerfactor,0.97211814,2026-08-31 14:30:00,v4.1.0-produccion,buena:completo/semana_anterior
B9_SFA1,2026-08-31 23:50:00,totalpowerfactor,0.97156984,2026-08-31 14:30:00,v4.1.0-produccion,buena:completo/semana_anterior
B9_SFA1,2026-09-01 00:00:00,totalpowerfactor,0.97067785,2026-08-31 14:30:00,v4.1.0-produccion,buena:completo/semana_anterior
B9_SFA1,2026-09-01 00:10:00,totalpowerfactor,0.9703062,2026-08-31 14:30:00,v4.1.0-produccion,buena:completo/semana_anterior
B9_SFA1,2026-09-01 00:20:00,totalpowerfactor,0.9700763,2026-08-31 14:30:00,v4.1.0-produccion,buena:completo/semana_anterior
B9_SFA1,2026-09-01 00:30:00,totalpowerfactor,0.96918666,2026-08-31 14:30:00,v4.1.0-produccion,buena:completo/semana_anterior
B9_SFA1,2026-09-01 00:40:00,totalpowerfactor,0.9685874,2026-08-31 14:30:00,v4.1.0-produccion,buena:completo/semana_anterior
B9_SFA1,2026-09-01 00:50:00,totalpowerfactor,0.96859574,2026-08-31 14:30:00,v4.1.0-produccion,buena:completo/semana_anterior
B9_SFA1,2026-09-01 01:00:00,totalpowerfactor,0.96805376,2026-08-31 14:30:00,v4.1.0-produccion,buena:completo/semana_anterior
B9_SFA1,2026-09-01 01:10:00,totalpowerfactor,0.96780056,2026-08-31 14:30:00,v4.1.0-produccion,buena:completo/semana_anterior
B9_SFA1,2026-09-01 01:20:00,totalpowerfactor,0.96753514,2026-08-31 14:30:00,v4.1.0-produccion,buena:completo/semana_anterior
B9_SFA1,2026-09-01 01:30:00,totalpowerfactor,0.967358,2026-08-31 14:30:00,v4.1.0-produccion,buena:completo/semana_anterior
B9_SFA1,2026-09-01 01:40:00,totalpowerfactor,0.96644706,2026-08-31 14:30:00,v4.1.0-produccion,buena:completo/semana_anterior
B9_SFA1,2026-09-01 01:50:00,totalpowerfactor,0.9670717,2026-08-31 14:30:00,v4.1.0-produccion,buena:completo/semana_anterior
B9_SFA1,2026-09-01 02:00:00,totalpowerfactor,0.9662369,2026-08-31 14:30:00,v4.1.0-produccion,buena:completo/semana_anterior
B9_SFA1,2026-09-01 02:10:00,totalpowerfactor,0.9661437,2026-08-31 14:30:00,v4.1.0-produccion,buena:completo/semana_anterior
B9_SFA1,2026-09-01 02:20:00,totalpowerfactor,0.96569204,2026-08-31 14:30:00,v4.1.0-produccion,buena:completo/semana_anterior
B9_SFA1,2026-09-01 02:30:00,totalpowerfactor,0.9657577,2026-08-31 14:30:00,v4.1.0-produccion,buena:completo/semana_anterior
B9_SFA1,2026-09-01 02:40:00,totalpowerfactor,0.96576834,2026-08-31 14:30:00,v4.1.0-produccion,buena:completo/semana_anterior
B9_SFA1,2026-09-01 02:50:00,totalpowerfactor,0.96528316,2026-08-31 14:30:00,v4.1.0-produccion,buena:completo/semana_anterior
B9_SFA1,2026-09-01 03:00:00,totalpowerfactor,0.96531236,2026-08-31 14:30:00,v4.1.0-produccion,buena:completo/semana_anterior
B9_SFA1,2026-09-01 03:10:00,totalpowerfactor,0.9654406,2026-08-31 14:30:00,v4.1.0-produccion,buena:completo/semana_anterior
B9_SFA1,2026-09-01 03:20:00,totalpowerfactor,0.96645594,2026-08-31 14:30:00,v4.1.0-produccion,buena:completo/semana_anterior
B9_SFA1,2026-09-01 03:30:00,totalpowerfactor,0.96693844,2026-08-31 14:30:00,v4.1.0-produccion,buena:completo/semana_anterior
B9_SFA1,2026-09-01 03:40:00,totalpowerfactor,0.9669193,2026-08-31 14:30:00,v4.1.0-produccion,buena:completo/semana_anterior
B9_SFA1,2026-09-01 03:50:00,totalpowerfactor,0.9673849,2026-08-31 14:30:00,v4.1.0-produccion,buena:completo/semana_anterior
B9_SFA1,2026-09-01 04:00:00,totalpowerfactor,0.9683316,2026-08-31 14:30:00,v4.1.0-produccion,buena:completo/semana_anterior
B9_SFA1,2026-09-01 04:10:00,totalpowerfactor,0.9690957,2026-08-31 14:30:00,v4.1.0-produccion,buena:completo/semana_anterior
B9_SFA1,2026-09-01 04:20:00,totalpowerfactor,0.97054,2026-08-31 14:30:00,v4.1.0-produccion,buena:completo/semana_anterior
B9_SFA1,2026-09-01 04:30:00,totalpowerfactor,0.9709863,2026-08-31 14:30:00,v4.1.0-produccion,buena:completo/semana_anterior
B9_SFA1,2026-09-01 04:40:00,totalpowerfactor,0.97140837,2026-08-31 14:30:00,v4.1.0-produccion,buena:completo/semana_anterior
B9_SFA1,2026-09-01 04:50:00,totalpowerfactor,0.97232044,2026-08-31 14:30:00,v4.1.0-produccion,buena:completo/semana_anterior
B9_SFA1,2026-09-01 05:00:00,totalpowerfactor,0.97383386,2026-08-31 14:30:00,v4.1.0-produccion,buena:completo/semana_anterior
B9_SFA1,2026-09-01 05:10:00,totalpowerfactor,0.97462165,2026-08-31 14:30:00,v4.1.0-produccion,buena:completo/semana_anterior
B9_SFA1,2026-09-01 05:20:00,totalpowerfactor,0.97672755,2026-08-31 14:30:00,v4.1.0-produccion,buena:completo/semana_anterior
B9_SFA1,2026-09-01 05:30:00,totalpowerfactor,0.97776264,2026-08-31 14:30:00,v4.1.0-produccion,buena:completo/semana_anterior
B9_SFA1,2026-09-01 05:40:00,totalpowerfactor,0.97826403,2026-08-31 14:30:00,v4.1.0-produccion,buena:completo/semana_anterior
B9_SFA1,2026-09-01 05:50:00,totalpowerfactor,0.97962105,2026-08-31 14:30:00,v4.1.0-produccion,buena:completo/semana_anterior
B9_SFA1,2026-09-01 06:00:00,totalpowerfactor,0.9802847,2026-08-31 14:30:00,v4.1.0-produccion,buena:completo/semana_anterior
B9_SFA1,2026-09-01 06:10:00,totalpowerfactor,0.98242825,2026-08-31 14:30:00,v4.1.0-produccion,buena:completo/semana_anterior
B9_SFA1,2026-09-01 06:20:00,totalpowerfactor,0.98427755,2026-08-31 14:30:00,v4.1.0-produccion,buena:completo/semana_anterior
B9_SFA1,2026-09-01 06:30:00,totalpowerfactor,0.98516375,2026-08-31 14:30:00,v4.1.0-produccion,buena:completo/semana_anterior
B9_SFA1,2026-09-01 06:40:00,totalpowerfactor,0.9852879,2026-08-31 14:30:00,v4.1.0-produccion,buena:completo/semana_anterior
B9_SFA1,2026-09-01 06:50:00,totalpowerfactor,0.98525333,2026-08-31 14:30:00,v4.1.0-produccion,buena:completo/semana_anterior
B9_SFA1,2026-09-01 07:00:00,totalpowerfactor,0.98624444,2026-08-31 14:30:00,v4.1.0-produccion,buena:completo/semana_anterior
B9_SFA1,2026-09-01 07:10:00,totalpowerfactor,0.9876573,2026-08-31 14:30:00,v4.1.0-produccion,buena:completo/semana_anterior
B9_SFA1,2026-09-01 07:20:00,totalpowerfactor,0.9876835,2026-08-31 14:30:00,v4.1.0-produccion,buena:completo/semana_anterior
B9_SFA1,2026-09-01 07:30:00,totalpowerfactor,0.98798203,2026-08-31 14:30:00,v4.1.0-produccion,buena:completo/semana_anterior
B9_SFA1,2026-09-01 07:40:00,totalpowerfactor,0.9886015,2026-08-31 14:30:00,v4.1.0-produccion,buena:completo/semana_anterior
B9_SFA1,2026-09-01 07:50:00,totalpowerfactor,0.9885033,2026-08-31 14:30:00,v4.1.0-produccion,buena:completo/semana_anterior
B9_SFA1,2026-09-01 08:00:00,totalpowerfactor,0.9893235,2026-08-31 14:30:00,v4.1.0-produccion,buena:completo/semana_anterior
B9_SFA1,2026-09-01 08:10:00,totalpowerfactor,0.9888656,2026-08-31 14:30:00,v4.1.0-produccion,buena:completo/semana_anterior
B9_SFA1,2026-09-01 08:20:00,totalpowerfactor,0.9893812,2026-08-31 14:30:00,v4.1.0-produccion,buena:completo/semana_anterior
B9_SFA1,2026-09-01 08:30:00,totalpowerfactor,0.9890055,2026-08-31 14:30:00,v4.1.0-produccion,buena:completo/semana_anterior
B9_SFA1,2026-09-01 08:40:00,totalpowerfactor,0.98978907,2026-08-31 14:30:00,v4.1.0-produccion,buena:completo/semana_anterior
B9_SFA1,2026-09-01 08:50:00,totalpowerfactor,0.9889559,2026-08-31 14:30:00,v4.1.0-produccion,buena:completo/semana_anterior
B9_SFA1,2026-09-01 09:00:00,totalpowerfactor,0.9892987,2026-08-31 14:30:00,v4.1.0-produccion,buena:completo/semana_anterior
B9_SFA1,2026-09-01 09:10:00,totalpowerfactor,0.9893211,2026-08-31 14:30:00,v4.1.0-produccion,buena:completo/semana_anterior
B9_SFA1,2026-09-01 09:20:00,totalpowerfactor,0.9891178,2026-08-31 14:30:00,v4.1.0-produccion,buena:completo/semana_anterior
B9_SFA1,2026-09-01 09:30:00,totalpowerfactor,0.989213,2026-08-31 14:30:00,v4.1.0-produccion,buena:completo/semana_anterior
B9_SFA1,2026-09-01 09:40:00,totalpowerfactor,0.98879373,2026-08-31 14:30:00,v4.1.0-produccion,buena:completo/semana_anterior
B9_SFA1,2026-09-01 09:50:00,totalpowerfactor,0.98836315,2026-08-31 14:30:00,v4.1.0-produccion,buena:completo/semana_anterior
B9_SFA1,2026-09-01 10:00:00,totalpowerfactor,0.9883113,2026-08-31 14:30:00,v4.1.0-produccion,buena:completo/semana_anterior
B9_SFA1,2026-09-01 10:10:00,totalpowerfactor,0.9881418,2026-08-31 14:30:00,v4.1.0-produccion,buena:completo/semana_anterior
B9_SFA1,2026-09-01 10:20:00,totalpowerfactor,0.9878329,2026-08-31 14:30:00,v4.1.0-produccion,buena:completo/semana_anterior
B9_SFA1,2026-09-01 10:30:00,totalpowerfactor,0.9888023,2026-08-31 14:30:00,v4.1.0-produccion,buena:completo/semana_anterior
B9_SFA1,2026-09-01 10:40:00,totalpowerfactor,0.9888367,2026-08-31 14:30:00,v4.1.0-produccion,buena:completo/semana_anterior
B9_SFA1,2026-09-01 10:50:00,totalpowerfactor,0.9883925,2026-08-31 14:30:00,v4.1.0-produccion,buena:completo/semana_anterior
B9_SFA1,2026-09-01 11:00:00,totalpowerfactor,0.98785454,2026-08-31 14:30:00,v4.1.0-produccion,buena:completo/semana_anterior
B9_SFA1,2026-09-01 11:10:00,totalpowerfactor,0.9881391,2026-08-31 14:30:00,v4.1.0-produccion,buena:completo/semana_anterior
B9_SFA1,2026-09-01 11:20:00,totalpowerfactor,0.98801047,2026-08-31 14:30:00,v4.1.0-produccion,buena:completo/semana_anterior
B9_SFA1,2026-09-01 11:30:00,totalpowerfactor,0.9880149,2026-08-31 14:30:00,v4.1.0-produccion,buena:completo/semana_anterior
B9_SFA1,2026-09-01 11:40:00,totalpowerfactor,0.98844683,2026-08-31 14:30:00,v4.1.0-produccion,buena:completo/semana_anterior
B9_SFA1,2026-09-01 11:50:00,totalpowerfactor,0.9886436,2026-08-31 14:30:00,v4.1.0-produccion,buena:completo/semana_anterior
B9_SFA1,2026-09-01 12:00:00,totalpowerfactor,0.9883341,2026-08-31 14:30:00,v4.1.0-produccion,buena:completo/semana_anterior
B9_SFA1,2026-09-01 12:10:00,totalpowerfactor,0.98801184,2026-08-31 14:30:00,v4.1.0-produccion,buena:completo/semana_anterior
B9_SFA1,2026-09-01 12:20:00,totalpowerfactor,0.9879243,2026-08-31 14:30:00,v4.1.0-produccion,buena:completo/semana_anterior
B9_SFA1,2026-09-01 12:30:00,totalpowerfactor,0.988233,2026-08-31 14:30:00,v4.1.0-produccion,buena:completo/semana_anterior
B9_SFA1,2026-09-01 12:40:00,totalpowerfactor,0.98782766,2026-08-31 14:30:00,v4.1.0-produccion,buena:completo/semana_anterior
B9_SFA1,2026-09-01 12:50:00,totalpowerfactor,0.98805267,2026-08-31 14:30:00,v4.1.0-produccion,buena:completo/semana_anterior
B9_SFA1,2026-09-01 13:00:00,totalpowerfactor,0.98762405,2026-08-31 14:30:00,v4.1.0-produccion,buena:completo/semana_anterior
B9_SFA1,2026-09-01 13:10:00,totalpowerfactor,0.9874534,2026-08-31 14:30:00,v4.1.0-produccion,buena:completo/semana_anterior
B9_SFA1,2026-09-01 13:20:00,totalpowerfactor,0.98770314,2026-08-31 14:30:00,v4.1.0-produccion,buena:completo/semana_anterior
B9_SFA1,2026-09-01 13:30:00,totalpowerfactor,0.98775244,2026-08-31 14:30:00,v4.1.0-produccion,buena:completo/semana_anterior
B9_SFA1,2026-09-01 13:40:00,totalpowerfactor,0.98845524,2026-08-31 14:30:00,v4.1.0-produccion,buena:completo/semana_anterior
B9_SFA1,2026-09-01 13:50:00,totalpowerfactor,0.9879977,2026-08-31 14:30:00,v4.1.0-produccion,buena:completo/semana_anterior
B9_SFA1,2026-09-01 14:00:00,totalpowerfactor,0.9878979,2026-08-31 14:30:00,v4.1.0-produccion,buena:completo/semana_anterior
B9_SFA1,2026-09-01 14:10:00,totalpowerfactor,0.98811346,2026-08-31 14:30:00,v4.1.0-produccion,buena:completo/semana_anterior
B9_SFA1,2026-09-01 14:20:00,totalpowerfactor,0.9882089,2026-08-31 14:30:00,v4.1.0-produccion,buena:completo/semana_anterior
B9_SFA1,2026-09-01 14:30:00,totalpowerfactor,0.9876185,2026-08-31 14:30:00,v4.1.0-produccion,buena:completo/semana_anterior
B9_SFA1,2026-08-31 14:40:00,voltaje_promedio,122.8702,2026-08-31 14:30:00,v4.1.0-produccion,buena:completo/semana_anterior
B9_SFA1,2026-08-31 14:50:00,voltaje_promedio,122.90116,2026-08-31 14:30:00,v4.1.0-produccion,buena:completo/semana_anterior
B9_SFA1,2026-08-31 15:00:00,voltaje_promedio,122.85774,2026-08-31 14:30:00,v4.1.0-produccion,buena:completo/semana_anterior
B9_SFA1,2026-08-31 15:10:00,voltaje_promedio,122.83489,2026-08-31 14:30:00,v4.1.0-produccion,buena:completo/semana_anterior
B9_SFA1,2026-08-31 15:20:00,voltaje_promedio,122.886116,2026-08-31 14:30:00,v4.1.0-produccion,buena:completo/semana_anterior
B9_SFA1,2026-08-31 15:30:00,voltaje_promedio,122.9472,2026-08-31 14:30:00,v4.1.0-produccion,buena:completo/semana_anterior
B9_SFA1,2026-08-31 15:40:00,voltaje_promedio,122.99462,2026-08-31 14:30:00,v4.1.0-produccion,buena:completo/semana_anterior
B9_SFA1,2026-08-31 15:50:00,voltaje_promedio,122.98123,2026-08-31 14:30:00,v4.1.0-produccion,buena:completo/semana_anterior
B9_SFA1,2026-08-31 16:00:00,voltaje_promedio,123.021065,2026-08-31 14:30:00,v4.1.0-produccion,buena:completo/semana_anterior
B9_SFA1,2026-08-31 16:10:00,voltaje_promedio,123.08558,2026-08-31 14:30:00,v4.1.0-produccion,buena:completo/semana_anterior
B9_SFA1,2026-08-31 16:20:00,voltaje_promedio,123.13282,2026-08-31 14:30:00,v4.1.0-produccion,buena:completo/semana_anterior
B9_SFA1,2026-08-31 16:30:00,voltaje_promedio,123.11711,2026-08-31 14:30:00,v4.1.0-produccion,buena:completo/semana_anterior
B9_SFA1,2026-08-31 16:40:00,voltaje_promedio,123.16636,2026-08-31 14:30:00,v4.1.0-produccion,buena:completo/semana_anterior
B9_SFA1,2026-08-31 16:50:00,voltaje_promedio,123.180504,2026-08-31 14:30:00,v4.1.0-produccion,buena:completo/semana_anterior
B9_SFA1,2026-08-31 17:00:00,voltaje_promedio,123.29886,2026-08-31 14:30:00,v4.1.0-produccion,buena:completo/semana_anterior
B9_SFA1,2026-08-31 17:10:00,voltaje_promedio,123.31692,2026-08-31 14:30:00,v4.1.0-produccion,buena:completo/semana_anterior
B9_SFA1,2026-08-31 17:20:00,voltaje_promedio,123.35863,2026-08-31 14:30:00,v4.1.0-produccion,buena:completo/semana_anterior
B9_SFA1,2026-08-31 17:30:00,voltaje_promedio,123.397705,2026-08-31 14:30:00,v4.1.0-produccion,buena:completo/semana_anterior
B9_SFA1,2026-08-31 17:40:00,voltaje_promedio,123.38601,2026-08-31 14:30:00,v4.1.0-produccion,buena:completo/semana_anterior
B9_SFA1,2026-08-31 17:50:00,voltaje_promedio,123.45208,2026-08-31 14:30:00,v4.1.0-produccion,buena:completo/semana_anterior
B9_SFA1,2026-08-31 18:00:00,voltaje_promedio,123.5492,2026-08-31 14:30:00,v4.1.0-produccion,buena:completo/semana_anterior
B9_SFA1,2026-08-31 18:10:00,voltaje_promedio,123.550285,2026-08-31 14:30:00,v4.1.0-produccion,buena:completo/semana_anterior
B9_SFA1,2026-08-31 18:20:00,voltaje_promedio,123.59868,2026-08-31 14:30:00,v4.1.0-produccion,buena:completo/semana_anterior
B9_SFA1,2026-08-31 18:30:00,voltaje_promedio,123.69051,2026-08-31 14:30:00,v4.1.0-produccion,buena:completo/semana_anterior
B9_SFA1,2026-08-31 18:40:00,voltaje_promedio,123.70021,2026-08-31 14:30:00,v4.1.0-produccion,buena:completo/semana_anterior
B9_SFA1,2026-08-31 18:50:00,voltaje_promedio,123.71689,2026-08-31 14:30:00,v4.1.0-produccion,buena:completo/semana_anterior
B9_SFA1,2026-08-31 19:00:00,voltaje_promedio,123.724884,2026-08-31 14:30:00,v4.1.0-produccion,buena:completo/semana_anterior
B9_SFA1,2026-08-31 19:10:00,voltaje_promedio,123.7061,2026-08-31 14:30:00,v4.1.0-produccion,buena:completo/semana_anterior
B9_SFA1,2026-08-31 19:20:00,voltaje_promedio,123.7938,2026-08-31 14:30:00,v4.1.0-produccion,buena:completo/semana_anterior
B9_SFA1,2026-08-31 19:30:00,voltaje_promedio,123.831184,2026-08-31 14:30:00,v4.1.0-produccion,buena:completo/semana_anterior
B9_SFA1,2026-08-31 19:40:00,voltaje_promedio,123.951164,2026-08-31 14:30:00,v4.1.0-produccion,buena:completo/semana_anterior
B9_SFA1,2026-08-31 19:50:00,voltaje_promedio,123.961334,2026-08-31 14:30:00,v4.1.0-produccion,buena:completo/semana_anterior
B9_SFA1,2026-08-31 20:00:00,voltaje_promedio,124.001175,2026-08-31 14:30:00,v4.1.0-produccion,buena:completo/semana_anterior
B9_SFA1,2026-08-31 20:10:00,voltaje_promedio,124.00491,2026-08-31 14:30:00,v4.1.0-produccion,buena:completo/semana_anterior
B9_SFA1,2026-08-31 20:20:00,voltaje_promedio,124.018906,2026-08-31 14:30:00,v4.1.0-produccion,buena:completo/semana_anterior
B9_SFA1,2026-08-31 20:30:00,voltaje_promedio,124.01142,2026-08-31 14:30:00,v4.1.0-produccion,buena:completo/semana_anterior
B9_SFA1,2026-08-31 20:40:00,voltaje_promedio,124.00152,2026-08-31 14:30:00,v4.1.0-produccion,buena:completo/semana_anterior
B9_SFA1,2026-08-31 20:50:00,voltaje_promedio,124.06974,2026-08-31 14:30:00,v4.1.0-produccion,buena:completo/semana_anterior
B9_SFA1,2026-08-31 21:00:00,voltaje_promedio,124.11271,2026-08-31 14:30:00,v4.1.0-produccion,buena:completo/semana_anterior
B9_SFA1,2026-08-31 21:10:00,voltaje_promedio,124.192856,2026-08-31 14:30:00,v4.1.0-produccion,buena:completo/semana_anterior
B9_SFA1,2026-08-31 21:20:00,voltaje_promedio,124.203835,2026-08-31 14:30:00,v4.1.0-produccion,buena:completo/semana_anterior
B9_SFA1,2026-08-31 21:30:00,voltaje_promedio,124.249626,2026-08-31 14:30:00,v4.1.0-produccion,buena:completo/semana_anterior
B9_SFA1,2026-08-31 21:40:00,voltaje_promedio,124.22323,2026-08-31 14:30:00,v4.1.0-produccion,buena:completo/semana_anterior
B9_SFA1,2026-08-31 21:50:00,voltaje_promedio,124.17321,2026-08-31 14:30:00,v4.1.0-produccion,buena:completo/semana_anterior
B9_SFA1,2026-08-31 22:00:00,voltaje_promedio,124.21995,2026-08-31 14:30:00,v4.1.0-produccion,buena:completo/semana_anterior
B9_SFA1,2026-08-31 22:10:00,voltaje_promedio,124.25075,2026-08-31 14:30:00,v4.1.0-produccion,buena:completo/semana_anterior
B9_SFA1,2026-08-31 22:20:00,voltaje_promedio,124.231285,2026-08-31 14:30:00,v4.1.0-produccion,buena:completo/semana_anterior
B9_SFA1,2026-08-31 22:30:00,voltaje_promedio,124.204765,2026-08-31 14:30:00,v4.1.0-produccion,buena:completo/semana_anterior
B9_SFA1,2026-08-31 22:40:00,voltaje_promedio,124.1987,2026-08-31 14:30:00,v4.1.0-produccion,buena:completo/semana_anterior
B9_SFA1,2026-08-31 22:50:00,voltaje_promedio,124.22394,2026-08-31 14:30:00,v4.1.0-produccion,buena:completo/semana_anterior
B9_SFA1,2026-08-31 23:00:00,voltaje_promedio,124.26844,2026-08-31 14:30:00,v4.1.0-produccion,buena:completo/semana_anterior
B9_SFA1,2026-08-31 23:10:00,voltaje_promedio,124.24623,2026-08-31 14:30:00,v4.1.0-produccion,buena:completo/semana_anterior
B9_SFA1,2026-08-31 23:20:00,voltaje_promedio,124.28609,2026-08-31 14:30:00,v4.1.0-produccion,buena:completo/semana_anterior
B9_SFA1,2026-08-31 23:30:00,voltaje_promedio,124.255844,2026-08-31 14:30:00,v4.1.0-produccion,buena:completo/semana_anterior
B9_SFA1,2026-08-31 23:40:00,voltaje_promedio,124.21407,2026-08-31 14:30:00,v4.1.0-produccion,buena:completo/semana_anterior
B9_SFA1,2026-08-31 23:50:00,voltaje_promedio,124.19924,2026-08-31 14:30:00,v4.1.0-produccion,buena:completo/semana_anterior
B9_SFA1,2026-09-01 00:00:00,voltaje_promedio,124.21107,2026-08-31 14:30:00,v4.1.0-produccion,buena:completo/semana_anterior
B9_SFA1,2026-09-01 00:10:00,voltaje_promedio,124.198944,2026-08-31 14:30:00,v4.1.0-produccion,buena:completo/semana_anterior
B9_SFA1,2026-09-01 00:20:00,voltaje_promedio,124.24301,2026-08-31 14:30:00,v4.1.0-produccion,buena:completo/semana_anterior
B9_SFA1,2026-09-01 00:30:00,voltaje_promedio,124.18719,2026-08-31 14:30:00,v4.1.0-produccion,buena:completo/semana_anterior
B9_SFA1,2026-09-01 00:40:00,voltaje_promedio,124.176056,2026-08-31 14:30:00,v4.1.0-produccion,buena:completo/semana_anterior
B9_SFA1,2026-09-01 00:50:00,voltaje_promedio,124.1942,2026-08-31 14:30:00,v4.1.0-produccion,buena:completo/semana_anterior
B9_SFA1,2026-09-01 01:00:00,voltaje_promedio,124.1746,2026-08-31 14:30:00,v4.1.0-produccion,buena:completo/semana_anterior
B9_SFA1,2026-09-01 01:10:00,voltaje_promedio,124.17047,2026-08-31 14:30:00,v4.1.0-produccion,buena:completo/semana_anterior
B9_SFA1,2026-09-01 01:20:00,voltaje_promedio,124.11489,2026-08-31 14:30:00,v4.1.0-produccion,buena:completo/semana_anterior
B9_SFA1,2026-09-01 01:30:00,voltaje_promedio,124.12518,2026-08-31 14:30:00,v4.1.0-produccion,buena:completo/semana_anterior
B9_SFA1,2026-09-01 01:40:00,voltaje_promedio,124.14966,2026-08-31 14:30:00,v4.1.0-produccion,buena:completo/semana_anterior
B9_SFA1,2026-09-01 01:50:00,voltaje_promedio,124.157104,2026-08-31 14:30:00,v4.1.0-produccion,buena:completo/semana_anterior
B9_SFA1,2026-09-01 02:00:00,voltaje_promedio,124.139,2026-08-31 14:30:00,v4.1.0-produccion,buena:completo/semana_anterior
B9_SFA1,2026-09-01 02:10:00,voltaje_promedio,124.07263,2026-08-31 14:30:00,v4.1.0-produccion,buena:completo/semana_anterior
B9_SFA1,2026-09-01 02:20:00,voltaje_promedio,124.12906,2026-08-31 14:30:00,v4.1.0-produccion,buena:completo/semana_anterior
B9_SFA1,2026-09-01 02:30:00,voltaje_promedio,124.138115,2026-08-31 14:30:00,v4.1.0-produccion,buena:completo/semana_anterior
B9_SFA1,2026-09-01 02:40:00,voltaje_promedio,124.20976,2026-08-31 14:30:00,v4.1.0-produccion,buena:completo/semana_anterior
B9_SFA1,2026-09-01 02:50:00,voltaje_promedio,124.2176,2026-08-31 14:30:00,v4.1.0-produccion,buena:completo/semana_anterior
B9_SFA1,2026-09-01 03:00:00,voltaje_promedio,124.17217,2026-08-31 14:30:00,v4.1.0-produccion,buena:completo/semana_anterior
B9_SFA1,2026-09-01 03:10:00,voltaje_promedio,124.09659,2026-08-31 14:30:00,v4.1.0-produccion,buena:completo/semana_anterior
B9_SFA1,2026-09-01 03:20:00,voltaje_promedio,124.05431,2026-08-31 14:30:00,v4.1.0-produccion,buena:completo/semana_anterior
B9_SFA1,2026-09-01 03:30:00,voltaje_promedio,124.09061,2026-08-31 14:30:00,v4.1.0-produccion,buena:completo/semana_anterior
B9_SFA1,2026-09-01 03:40:00,voltaje_promedio,124.05939,2026-08-31 14:30:00,v4.1.0-produccion,buena:completo/semana_anterior
B9_SFA1,2026-09-01 03:50:00,voltaje_promedio,124.02997,2026-08-31 14:30:00,v4.1.0-produccion,buena:completo/semana_anterior
B9_SFA1,2026-09-01 04:00:00,voltaje_promedio,123.927635,2026-08-31 14:30:00,v4.1.0-produccion,buena:completo/semana_anterior
B9_SFA1,2026-09-01 04:10:00,voltaje_promedio,123.939026,2026-08-31 14:30:00,v4.1.0-produccion,buena:completo/semana_anterior
B9_SFA1,2026-09-01 04:20:00,voltaje_promedio,123.84119,2026-08-31 14:30:00,v4.1.0-produccion,buena:completo/semana_anterior
B9_SFA1,2026-09-01 04:30:00,voltaje_promedio,123.76737,2026-08-31 14:30:00,v4.1.0-produccion,buena:completo/semana_anterior
B9_SFA1,2026-09-01 04:40:00,voltaje_promedio,123.65767,2026-08-31 14:30:00,v4.1.0-produccion,buena:completo/semana_anterior
B9_SFA1,2026-09-01 04:50:00,voltaje_promedio,123.60237,2026-08-31 14:30:00,v4.1.0-produccion,buena:completo/semana_anterior
B9_SFA1,2026-09-01 05:00:00,voltaje_promedio,123.60408,2026-08-31 14:30:00,v4.1.0-produccion,buena:completo/semana_anterior
B9_SFA1,2026-09-01 05:10:00,voltaje_promedio,123.544785,2026-08-31 14:30:00,v4.1.0-produccion,buena:completo/semana_anterior
B9_SFA1,2026-09-01 05:20:00,voltaje_promedio,123.40245,2026-08-31 14:30:00,v4.1.0-produccion,buena:completo/semana_anterior
B9_SFA1,2026-09-01 05:30:00,voltaje_promedio,123.30503,2026-08-31 14:30:00,v4.1.0-produccion,buena:completo/semana_anterior
B9_SFA1,2026-09-01 05:40:00,voltaje_promedio,123.2292,2026-08-31 14:30:00,v4.1.0-produccion,buena:completo/semana_anterior
B9_SFA1,2026-09-01 05:50:00,voltaje_promedio,123.045845,2026-08-31 14:30:00,v4.1.0-produccion,buena:completo/semana_anterior
B9_SFA1,2026-09-01 06:00:00,voltaje_promedio,122.98617,2026-08-31 14:30:00,v4.1.0-produccion,buena:completo/semana_anterior
B9_SFA1,2026-09-01 06:10:00,voltaje_promedio,122.840515,2026-08-31 14:30:00,v4.1.0-produccion,buena:completo/semana_anterior
B9_SFA1,2026-09-01 06:20:00,voltaje_promedio,122.73807,2026-08-31 14:30:00,v4.1.0-produccion,buena:completo/semana_anterior
B9_SFA1,2026-09-01 06:30:00,voltaje_promedio,122.74116,2026-08-31 14:30:00,v4.1.0-produccion,buena:completo/semana_anterior
B9_SFA1,2026-09-01 06:40:00,voltaje_promedio,122.700356,2026-08-31 14:30:00,v4.1.0-produccion,buena:completo/semana_anterior
B9_SFA1,2026-09-01 06:50:00,voltaje_promedio,122.61064,2026-08-31 14:30:00,v4.1.0-produccion,buena:completo/semana_anterior
B9_SFA1,2026-09-01 07:00:00,voltaje_promedio,122.5197,2026-08-31 14:30:00,v4.1.0-produccion,buena:completo/semana_anterior
B9_SFA1,2026-09-01 07:10:00,voltaje_promedio,122.49578,2026-08-31 14:30:00,v4.1.0-produccion,buena:completo/semana_anterior
B9_SFA1,2026-09-01 07:20:00,voltaje_promedio,122.41431,2026-08-31 14:30:00,v4.1.0-produccion,buena:completo/semana_anterior
B9_SFA1,2026-09-01 07:30:00,voltaje_promedio,122.42701,2026-08-31 14:30:00,v4.1.0-produccion,buena:completo/semana_anterior
B9_SFA1,2026-09-01 07:40:00,voltaje_promedio,122.41036,2026-08-31 14:30:00,v4.1.0-produccion,buena:completo/semana_anterior
B9_SFA1,2026-09-01 07:50:00,voltaje_promedio,122.33168,2026-08-31 14:30:00,v4.1.0-produccion,buena:completo/semana_anterior
B9_SFA1,2026-09-01 08:00:00,voltaje_promedio,122.29129,2026-08-31 14:30:00,v4.1.0-produccion,buena:completo/semana_anterior
B9_SFA1,2026-09-01 08:10:00,voltaje_promedio,122.27977,2026-08-31 14:30:00,v4.1.0-produccion,buena:completo/semana_anterior
B9_SFA1,2026-09-01 08:20:00,voltaje_promedio,122.24686,2026-08-31 14:30:00,v4.1.0-produccion,buena:completo/semana_anterior
B9_SFA1,2026-09-01 08:30:00,voltaje_promedio,122.32961,2026-08-31 14:30:00,v4.1.0-produccion,buena:completo/semana_anterior
B9_SFA1,2026-09-01 08:40:00,voltaje_promedio,122.31967,2026-08-31 14:30:00,v4.1.0-produccion,buena:completo/semana_anterior
B9_SFA1,2026-09-01 08:50:00,voltaje_promedio,122.26594,2026-08-31 14:30:00,v4.1.0-produccion,buena:completo/semana_anterior
B9_SFA1,2026-09-01 09:00:00,voltaje_promedio,122.26023,2026-08-31 14:30:00,v4.1.0-produccion,buena:completo/semana_anterior
B9_SFA1,2026-09-01 09:10:00,voltaje_promedio,122.24952,2026-08-31 14:30:00,v4.1.0-produccion,buena:completo/semana_anterior
B9_SFA1,2026-09-01 09:20:00,voltaje_promedio,122.25649,2026-08-31 14:30:00,v4.1.0-produccion,buena:completo/semana_anterior
B9_SFA1,2026-09-01 09:30:00,voltaje_promedio,122.30355,2026-08-31 14:30:00,v4.1.0-produccion,buena:completo/semana_anterior
B9_SFA1,2026-09-01 09:40:00,voltaje_promedio,122.34996,2026-08-31 14:30:00,v4.1.0-produccion,buena:completo/semana_anterior
B9_SFA1,2026-09-01 09:50:00,voltaje_promedio,122.39329,2026-08-31 14:30:00,v4.1.0-produccion,buena:completo/semana_anterior
B9_SFA1,2026-09-01 10:00:00,voltaje_promedio,122.364716,2026-08-31 14:30:00,v4.1.0-produccion,buena:completo/semana_anterior
B9_SFA1,2026-09-01 10:10:00,voltaje_promedio,122.392815,2026-08-31 14:30:00,v4.1.0-produccion,buena:completo/semana_anterior
B9_SFA1,2026-09-01 10:20:00,voltaje_promedio,122.41555,2026-08-31 14:30:00,v4.1.0-produccion,buena:completo/semana_anterior
B9_SFA1,2026-09-01 10:30:00,voltaje_promedio,122.41756,2026-08-31 14:30:00,v4.1.0-produccion,buena:completo/semana_anterior
B9_SFA1,2026-09-01 10:40:00,voltaje_promedio,122.44664,2026-08-31 14:30:00,v4.1.0-produccion,buena:completo/semana_anterior
B9_SFA1,2026-09-01 10:50:00,voltaje_promedio,122.4127,2026-08-31 14:30:00,v4.1.0-produccion,buena:completo/semana_anterior
B9_SFA1,2026-09-01 11:00:00,voltaje_promedio,122.35013,2026-08-31 14:30:00,v4.1.0-produccion,buena:completo/semana_anterior
B9_SFA1,2026-09-01 11:10:00,voltaje_promedio,122.48411,2026-08-31 14:30:00,v4.1.0-produccion,buena:completo/semana_anterior
B9_SFA1,2026-09-01 11:20:00,voltaje_promedio,122.48113,2026-08-31 14:30:00,v4.1.0-produccion,buena:completo/semana_anterior
B9_SFA1,2026-09-01 11:30:00,voltaje_promedio,122.5073,2026-08-31 14:30:00,v4.1.0-produccion,buena:completo/semana_anterior
B9_SFA1,2026-09-01 11:40:00,voltaje_promedio,122.504036,2026-08-31 14:30:00,v4.1.0-produccion,buena:completo/semana_anterior
B9_SFA1,2026-09-01 11:50:00,voltaje_promedio,122.47657,2026-08-31 14:30:00,v4.1.0-produccion,buena:completo/semana_anterior
B9_SFA1,2026-09-01 12:00:00,voltaje_promedio,122.524895,2026-08-31 14:30:00,v4.1.0-produccion,buena:completo/semana_anterior
B9_SFA1,2026-09-01 12:10:00,voltaje_promedio,122.58415,2026-08-31 14:30:00,v4.1.0-produccion,buena:completo/semana_anterior
B9_SFA1,2026-09-01 12:20:00,voltaje_promedio,122.557976,2026-08-31 14:30:00,v4.1.0-produccion,buena:completo/semana_anterior
B9_SFA1,2026-09-01 12:30:00,voltaje_promedio,122.59842,2026-08-31 14:30:00,v4.1.0-produccion,buena:completo/semana_anterior
B9_SFA1,2026-09-01 12:40:00,voltaje_promedio,122.63697,2026-08-31 14:30:00,v4.1.0-produccion,buena:completo/semana_anterior
B9_SFA1,2026-09-01 12:50:00,voltaje_promedio,122.65818,2026-08-31 14:30:00,v4.1.0-produccion,buena:completo/semana_anterior
B9_SFA1,2026-09-01 13:00:00,voltaje_promedio,122.61905,2026-08-31 14:30:00,v4.1.0-produccion,buena:completo/semana_anterior
B9_SFA1,2026-09-01 13:10:00,voltaje_promedio,122.582825,2026-08-31 14:30:00,v4.1.0-produccion,buena:completo/semana_anterior
B9_SFA1,2026-09-01 13:20:00,voltaje_promedio,122.60417,2026-08-31 14:30:00,v4.1.0-produccion,buena:completo/semana_anterior
B9_SFA1,2026-09-01 13:30:00,voltaje_promedio,122.62451,2026-08-31 14:30:00,v4.1.0-produccion,buena:completo/semana_anterior
B9_SFA1,2026-09-01 13:40:00,voltaje_promedio,122.67888,2026-08-31 14:30:00,v4.1.0-produccion,buena:completo/semana_anterior
B9_SFA1,2026-09-01 13:50:00,voltaje_promedio,122.70424,2026-08-31 14:30:00,v4.1.0-produccion,buena:completo/semana_anterior
B9_SFA1,2026-09-01 14:00:00,voltaje_promedio,122.66813,2026-08-31 14:30:00,v4.1.0-produccion,buena:completo/semana_anterior
B9_SFA1,2026-09-01 14:10:00,voltaje_promedio,122.7621,2026-08-31 14:30:00,v4.1.0-produccion,buena:completo/semana_anterior
B9_SFA1,2026-09-01 14:20:00,voltaje_promedio,122.76868,2026-08-31 14:30:00,v4.1.0-produccion,buena:completo/semana_anterior
B9_SFA1,2026-09-01 14:30:00,voltaje_promedio,122.77546,2026-08-31 14:30:00,v4.1.0-produccion,buena:completo/semana_anterior
B9_SFA2,2026-08-31 14:40:00,activepower,92961.27,2026-08-31 14:30:00,v4.1.0-produccion,buena:completo/semana_anterior
B9_SFA2,2026-08-31 14:50:00,activepower,92497.66,2026-08-31 14:30:00,v4.1.0-produccion,buena:completo/semana_anterior
B9_SFA2,2026-08-31 15:00:00,activepower,90908.1,2026-08-31 14:30:00,v4.1.0-produccion,buena:completo/semana_anterior
B9_SFA2,2026-08-31 15:10:00,activepower,90610.62,2026-08-31 14:30:00,v4.1.0-produccion,buena:completo/semana_anterior
B9_SFA2,2026-08-31 15:20:00,activepower,90622.836,2026-08-31 14:30:00,v4.1.0-produccion,buena:completo/semana_anterior
B9_SFA2,2026-08-31 15:30:00,activepower,89931.14,2026-08-31 14:30:00,v4.1.0-produccion,buena:completo/semana_anterior
B9_SFA2,2026-08-31 15:40:00,activepower,89326.29,2026-08-31 14:30:00,v4.1.0-produccion,buena:completo/semana_anterior
B9_SFA2,2026-08-31 15:50:00,activepower,88751.92,2026-08-31 14:30:00,v4.1.0-produccion,buena:completo/semana_anterior
B9_SFA2,2026-08-31 16:00:00,activepower,89142.44,2026-08-31 14:30:00,v4.1.0-produccion,buena:completo/semana_anterior
B9_SFA2,2026-08-31 16:10:00,activepower,87259.91,2026-08-31 14:30:00,v4.1.0-produccion,buena:completo/semana_anterior
B9_SFA2,2026-08-31 16:20:00,activepower,86784.13,2026-08-31 14:30:00,v4.1.0-produccion,buena:completo/semana_anterior
B9_SFA2,2026-08-31 16:30:00,activepower,84860.945,2026-08-31 14:30:00,v4.1.0-produccion,buena:completo/semana_anterior
B9_SFA2,2026-08-31 16:40:00,activepower,84722.15,2026-08-31 14:30:00,v4.1.0-produccion,buena:completo/semana_anterior
B9_SFA2,2026-08-31 16:50:00,activepower,82875.1,2026-08-31 14:30:00,v4.1.0-produccion,buena:completo/semana_anterior
B9_SFA2,2026-08-31 17:00:00,activepower,81953.766,2026-08-31 14:30:00,v4.1.0-produccion,buena:completo/semana_anterior
B9_SFA2,2026-08-31 17:10:00,activepower,80195.766,2026-08-31 14:30:00,v4.1.0-produccion,buena:completo/semana_anterior
B9_SFA2,2026-08-31 17:20:00,activepower,78328.21,2026-08-31 14:30:00,v4.1.0-produccion,buena:completo/semana_anterior
B9_SFA2,2026-08-31 17:30:00,activepower,75734.586,2026-08-31 14:30:00,v4.1.0-produccion,buena:completo/semana_anterior
B9_SFA2,2026-08-31 17:40:00,activepower,75128.6,2026-08-31 14:30:00,v4.1.0-produccion,buena:completo/semana_anterior
B9_SFA2,2026-08-31 17:50:00,activepower,72358.73,2026-08-31 14:30:00,v4.1.0-produccion,buena:completo/semana_anterior
B9_SFA2,2026-08-31 18:00:00,activepower,71084.23,2026-08-31 14:30:00,v4.1.0-produccion,buena:completo/semana_anterior
B9_SFA2,2026-08-31 18:10:00,activepower,68360.75,2026-08-31 14:30:00,v4.1.0-produccion,buena:completo/semana_anterior
B9_SFA2,2026-08-31 18:20:00,activepower,66581.81,2026-08-31 14:30:00,v4.1.0-produccion,buena:completo/semana_anterior
B9_SFA2,2026-08-31 18:30:00,activepower,64750.42,2026-08-31 14:30:00,v4.1.0-produccion,buena:completo/semana_anterior
B9_SFA2,2026-08-31 18:40:00,activepower,61931.934,2026-08-31 14:30:00,v4.1.0-produccion,buena:completo/semana_anterior
B9_SFA2,2026-08-31 18:50:00,activepower,59431.613,2026-08-31 14:30:00,v4.1.0-produccion,buena:completo/semana_anterior
B9_SFA2,2026-08-31 19:00:00,activepower,57246.027,2026-08-31 14:30:00,v4.1.0-produccion,buena:completo/semana_anterior
B9_SFA2,2026-08-31 19:10:00,activepower,55788.613,2026-08-31 14:30:00,v4.1.0-produccion,buena:completo/semana_anterior
B9_SFA2,2026-08-31 19:20:00,activepower,53011.004,2026-08-31 14:30:00,v4.1.0-produccion,buena:completo/semana_anterior
B9_SFA2,2026-08-31 19:30:00,activepower,50267.76,2026-08-31 14:30:00,v4.1.0-produccion,buena:completo/semana_anterior
B9_SFA2,2026-08-31 19:40:00,activepower,48333.598,2026-08-31 14:30:00,v4.1.0-produccion,buena:completo/semana_anterior
B9_SFA2,2026-08-31 19:50:00,activepower,46378.215,2026-08-31 14:30:00,v4.1.0-produccion,buena:completo/semana_anterior
B9_SFA2,2026-08-31 20:00:00,activepower,43867.883,2026-08-31 14:30:00,v4.1.0-produccion,buena:completo/semana_anterior
B9_SFA2,2026-08-31 20:10:00,activepower,42732.91,2026-08-31 14:30:00,v4.1.0-produccion,buena:completo/semana_anterior
B9_SFA2,2026-08-31 20:20:00,activepower,39275.977,2026-08-31 14:30:00,v4.1.0-produccion,buena:completo/semana_anterior
B9_SFA2,2026-08-31 20:30:00,activepower,37447.086,2026-08-31 14:30:00,v4.1.0-produccion,buena:completo/semana_anterior
B9_SFA2,2026-08-31 20:40:00,activepower,35619.086,2026-08-31 14:30:00,v4.1.0-produccion,buena:completo/semana_anterior
B9_SFA2,2026-08-31 20:50:00,activepower,33477.258,2026-08-31 14:30:00,v4.1.0-produccion,buena:completo/semana_anterior
B9_SFA2,2026-08-31 21:00:00,activepower,31873.453,2026-08-31 14:30:00,v4.1.0-produccion,buena:completo/semana_anterior
B9_SFA2,2026-08-31 21:10:00,activepower,30752.322,2026-08-31 14:30:00,v4.1.0-produccion,buena:completo/semana_anterior
B9_SFA2,2026-08-31 21:20:00,activepower,28555.314,2026-08-31 14:30:00,v4.1.0-produccion,buena:completo/semana_anterior
B9_SFA2,2026-08-31 21:30:00,activepower,27455.244,2026-08-31 14:30:00,v4.1.0-produccion,buena:completo/semana_anterior
B9_SFA2,2026-08-31 21:40:00,activepower,25745.945,2026-08-31 14:30:00,v4.1.0-produccion,buena:completo/semana_anterior
B9_SFA2,2026-08-31 21:50:00,activepower,24777.033,2026-08-31 14:30:00,v4.1.0-produccion,buena:completo/semana_anterior
B9_SFA2,2026-08-31 22:00:00,activepower,22858.21,2026-08-31 14:30:00,v4.1.0-produccion,buena:completo/semana_anterior
B9_SFA2,2026-08-31 22:10:00,activepower,22570.35,2026-08-31 14:30:00,v4.1.0-produccion,buena:completo/semana_anterior
B9_SFA2,2026-08-31 22:20:00,activepower,21525.312,2026-08-31 14:30:00,v4.1.0-produccion,buena:completo/semana_anterior
B9_SFA2,2026-08-31 22:30:00,activepower,21217.936,2026-08-31 14:30:00,v4.1.0-produccion,buena:completo/semana_anterior
B9_SFA2,2026-08-31 22:40:00,activepower,20034.86,2026-08-31 14:30:00,v4.1.0-produccion,buena:completo/semana_anterior
B9_SFA2,2026-08-31 22:50:00,activepower,18898.893,2026-08-31 14:30:00,v4.1.0-produccion,buena:completo/semana_anterior
B9_SFA2,2026-08-31 23:00:00,activepower,18128.887,2026-08-31 14:30:00,v4.1.0-produccion,buena:completo/semana_anterior
B9_SFA2,2026-08-31 23:10:00,activepower,18372.969,2026-08-31 14:30:00,v4.1.0-produccion,buena:completo/semana_anterior
B9_SFA2,2026-08-31 23:20:00,activepower,17243.295,2026-08-31 14:30:00,v4.1.0-produccion,buena:completo/semana_anterior
B9_SFA2,2026-08-31 23:30:00,activepower,16913.494,2026-08-31 14:30:00,v4.1.0-produccion,buena:completo/semana_anterior
B9_SFA2,2026-08-31 23:40:00,activepower,16234.485,2026-08-31 14:30:00,v4.1.0-produccion,buena:completo/semana_anterior
B9_SFA2,2026-08-31 23:50:00,activepower,15851.282,2026-08-31 14:30:00,v4.1.0-produccion,buena:completo/semana_anterior
B9_SFA2,2026-09-01 00:00:00,activepower,15921.347,2026-08-31 14:30:00,v4.1.0-produccion,buena:completo/semana_anterior
B9_SFA2,2026-09-01 00:10:00,activepower,15979.683,2026-08-31 14:30:00,v4.1.0-produccion,buena:completo/semana_anterior
B9_SFA2,2026-09-01 00:20:00,activepower,15399.719,2026-08-31 14:30:00,v4.1.0-produccion,buena:completo/semana_anterior
B9_SFA2,2026-09-01 00:30:00,activepower,15475.398,2026-08-31 14:30:00,v4.1.0-produccion,buena:completo/semana_anterior
B9_SFA2,2026-09-01 00:40:00,activepower,15327.344,2026-08-31 14:30:00,v4.1.0-produccion,buena:completo/semana_anterior
B9_SFA2,2026-09-01 00:50:00,activepower,14855.421,2026-08-31 14:30:00,v4.1.0-produccion,buena:completo/semana_anterior
B9_SFA2,2026-09-01 01:00:00,activepower,15478.771,2026-08-31 14:30:00,v4.1.0-produccion,buena:completo/semana_anterior
B9_SFA2,2026-09-01 01:10:00,activepower,15189.627,2026-08-31 14:30:00,v4.1.0-produccion,buena:completo/semana_anterior
B9_SFA2,2026-09-01 01:20:00,activepower,14779.323,2026-08-31 14:30:00,v4.1.0-produccion,buena:completo/semana_anterior
B9_SFA2,2026-09-01 01:30:00,activepower,15429.342,2026-08-31 14:30:00,v4.1.0-produccion,buena:completo/semana_anterior
B9_SFA2,2026-09-01 01:40:00,activepower,15708.964,2026-08-31 14:30:00,v4.1.0-produccion,buena:completo/semana_anterior
B9_SFA2,2026-09-01 01:50:00,activepower,15570.713,2026-08-31 14:30:00,v4.1.0-produccion,buena:completo/semana_anterior
B9_SFA2,2026-09-01 02:00:00,activepower,15718.887,2026-08-31 14:30:00,v4.1.0-produccion,buena:completo/semana_anterior
B9_SFA2,2026-09-01 02:10:00,activepower,15524.2705,2026-08-31 14:30:00,v4.1.0-produccion,buena:completo/semana_anterior
B9_SFA2,2026-09-01 02:20:00,activepower,15648.703,2026-08-31 14:30:00,v4.1.0-produccion,buena:completo/semana_anterior
B9_SFA2,2026-09-01 02:30:00,activepower,16119.461,2026-08-31 14:30:00,v4.1.0-produccion,buena:completo/semana_anterior
B9_SFA2,2026-09-01 02:40:00,activepower,15691.132,2026-08-31 14:30:00,v4.1.0-produccion,buena:completo/semana_anterior
B9_SFA2,2026-09-01 02:50:00,activepower,16143.106,2026-08-31 14:30:00,v4.1.0-produccion,buena:completo/semana_anterior
B9_SFA2,2026-09-01 03:00:00,activepower,16733.809,2026-08-31 14:30:00,v4.1.0-produccion,buena:completo/semana_anterior
B9_SFA2,2026-09-01 03:10:00,activepower,16623.414,2026-08-31 14:30:00,v4.1.0-produccion,buena:completo/semana_anterior
B9_SFA2,2026-09-01 03:20:00,activepower,17288.086,2026-08-31 14:30:00,v4.1.0-produccion,buena:completo/semana_anterior
B9_SFA2,2026-09-01 03:30:00,activepower,17883.492,2026-08-31 14:30:00,v4.1.0-produccion,buena:completo/semana_anterior
B9_SFA2,2026-09-01 03:40:00,activepower,17627.64,2026-08-31 14:30:00,v4.1.0-produccion,buena:completo/semana_anterior
B9_SFA2,2026-09-01 03:50:00,activepower,17872.078,2026-08-31 14:30:00,v4.1.0-produccion,buena:completo/semana_anterior
B9_SFA2,2026-09-01 04:00:00,activepower,18084.516,2026-08-31 14:30:00,v4.1.0-produccion,buena:completo/semana_anterior
B9_SFA2,2026-09-01 04:10:00,activepower,18478.148,2026-08-31 14:30:00,v4.1.0-produccion,buena:completo/semana_anterior
B9_SFA2,2026-09-01 04:20:00,activepower,19240.818,2026-08-31 14:30:00,v4.1.0-produccion,buena:completo/semana_anterior
B9_SFA2,2026-09-01 04:30:00,activepower,19151.904,2026-08-31 14:30:00,v4.1.0-produccion,buena:completo/semana_anterior
B9_SFA2,2026-09-01 04:40:00,activepower,19679.152,2026-08-31 14:30:00,v4.1.0-produccion,buena:completo/semana_anterior
B9_SFA2,2026-09-01 04:50:00,activepower,19379.805,2026-08-31 14:30:00,v4.1.0-produccion,buena:completo/semana_anterior
B9_SFA2,2026-09-01 05:00:00,activepower,20378.92,2026-08-31 14:30:00,v4.1.0-produccion,buena:completo/semana_anterior
B9_SFA2,2026-09-01 05:10:00,activepower,20549.836,2026-08-31 14:30:00,v4.1.0-produccion,buena:completo/semana_anterior
B9_SFA2,2026-09-01 05:20:00,activepower,22467.947,2026-08-31 14:30:00,v4.1.0-produccion,buena:completo/semana_anterior
B9_SFA2,2026-09-01 05:30:00,activepower,22657.04,2026-08-31 14:30:00,v4.1.0-produccion,buena:completo/semana_anterior
B9_SFA2,2026-09-01 05:40:00,activepower,23018.83,2026-08-31 14:30:00,v4.1.0-produccion,buena:completo/semana_anterior
B9_SFA2,2026-09-01 05:50:00,activepower,24121.795,2026-08-31 14:30:00,v4.1.0-produccion,buena:completo/semana_anterior
B9_SFA2,2026-09-01 06:00:00,activepower,25399.041,2026-08-31 14:30:00,v4.1.0-produccion,buena:completo/semana_anterior
B9_SFA2,2026-09-01 06:10:00,activepower,26088.34,2026-08-31 14:30:00,v4.1.0-produccion,buena:completo/semana_anterior
B9_SFA2,2026-09-01 06:20:00,activepower,27711.861,2026-08-31 14:30:00,v4.1.0-produccion,buena:completo/semana_anterior
B9_SFA2,2026-09-01 06:30:00,activepower,29072.812,2026-08-31 14:30:00,v4.1.0-produccion,buena:completo/semana_anterior
B9_SFA2,2026-09-01 06:40:00,activepower,29983.68,2026-08-31 14:30:00,v4.1.0-produccion,buena:completo/semana_anterior
B9_SFA2,2026-09-01 06:50:00,activepower,31011.773,2026-08-31 14:30:00,v4.1.0-produccion,buena:completo/semana_anterior
B9_SFA2,2026-09-01 07:00:00,activepower,32073.783,2026-08-31 14:30:00,v4.1.0-produccion,buena:completo/semana_anterior
B9_SFA2,2026-09-01 07:10:00,activepower,33341.453,2026-08-31 14:30:00,v4.1.0-produccion,buena:completo/semana_anterior
B9_SFA2,2026-09-01 07:20:00,activepower,36640.34,2026-08-31 14:30:00,v4.1.0-produccion,buena:completo/semana_anterior
B9_SFA2,2026-09-01 07:30:00,activepower,38632.383,2026-08-31 14:30:00,v4.1.0-produccion,buena:completo/semana_anterior
B9_SFA2,2026-09-01 07:40:00,activepower,40907.7,2026-08-31 14:30:00,v4.1.0-produccion,buena:completo/semana_anterior
B9_SFA2,2026-09-01 07:50:00,activepower,42329.375,2026-08-31 14:30:00,v4.1.0-produccion,buena:completo/semana_anterior
B9_SFA2,2026-09-01 08:00:00,activepower,43918.664,2026-08-31 14:30:00,v4.1.0-produccion,buena:completo/semana_anterior
B9_SFA2,2026-09-01 08:10:00,activepower,45973.49,2026-08-31 14:30:00,v4.1.0-produccion,buena:completo/semana_anterior
B9_SFA2,2026-09-01 08:20:00,activepower,48536.477,2026-08-31 14:30:00,v4.1.0-produccion,buena:completo/semana_anterior
B9_SFA2,2026-09-01 08:30:00,activepower,50194.695,2026-08-31 14:30:00,v4.1.0-produccion,buena:completo/semana_anterior
B9_SFA2,2026-09-01 08:40:00,activepower,52338.156,2026-08-31 14:30:00,v4.1.0-produccion,buena:completo/semana_anterior
B9_SFA2,2026-09-01 08:50:00,activepower,54069.02,2026-08-31 14:30:00,v4.1.0-produccion,buena:completo/semana_anterior
B9_SFA2,2026-09-01 09:00:00,activepower,55577.277,2026-08-31 14:30:00,v4.1.0-produccion,buena:completo/semana_anterior
B9_SFA2,2026-09-01 09:10:00,activepower,56862.21,2026-08-31 14:30:00,v4.1.0-produccion,buena:completo/semana_anterior
B9_SFA2,2026-09-01 09:20:00,activepower,58622.63,2026-08-31 14:30:00,v4.1.0-produccion,buena:completo/semana_anterior
B9_SFA2,2026-09-01 09:30:00,activepower,61521.508,2026-08-31 14:30:00,v4.1.0-produccion,buena:completo/semana_anterior
B9_SFA2,2026-09-01 09:40:00,activepower,63291.316,2026-08-31 14:30:00,v4.1.0-produccion,buena:completo/semana_anterior
B9_SFA2,2026-09-01 09:50:00,activepower,63752.14,2026-08-31 14:30:00,v4.1.0-produccion,buena:completo/semana_anterior
B9_SFA2,2026-09-01 10:00:00,activepower,64950.758,2026-08-31 14:30:00,v4.1.0-produccion,buena:completo/semana_anterior
B9_SFA2,2026-09-01 10:10:00,activepower,66658.945,2026-08-31 14:30:00,v4.1.0-produccion,buena:completo/semana_anterior
B9_SFA2,2026-09-01 10:20:00,activepower,67470.75,2026-08-31 14:30:00,v4.1.0-produccion,buena:completo/semana_anterior
B9_SFA2,2026-09-01 10:30:00,activepower,68864.94,2026-08-31 14:30:00,v4.1.0-produccion,buena:completo/semana_anterior
B9_SFA2,2026-09-01 10:40:00,activepower,69388.945,2026-08-31 14:30:00,v4.1.0-produccion,buena:completo/semana_anterior
B9_SFA2,2026-09-01 10:50:00,activepower,70232.28,2026-08-31 14:30:00,v4.1.0-produccion,buena:completo/semana_anterior
B9_SFA2,2026-09-01 11:00:00,activepower,70819.875,2026-08-31 14:30:00,v4.1.0-produccion,buena:completo/semana_anterior
B9_SFA2,2026-09-01 11:10:00,activepower,71161.52,2026-08-31 14:30:00,v4.1.0-produccion,buena:completo/semana_anterior
B9_SFA2,2026-09-01 11:20:00,activepower,71615.586,2026-08-31 14:30:00,v4.1.0-produccion,buena:completo/semana_anterior
B9_SFA2,2026-09-01 11:30:00,activepower,72433.21,2026-08-31 14:30:00,v4.1.0-produccion,buena:completo/semana_anterior
B9_SFA2,2026-09-01 11:40:00,activepower,72752.02,2026-08-31 14:30:00,v4.1.0-produccion,buena:completo/semana_anterior
B9_SFA2,2026-09-01 11:50:00,activepower,73941.82,2026-08-31 14:30:00,v4.1.0-produccion,buena:completo/semana_anterior
B9_SFA2,2026-09-01 12:00:00,activepower,74448.766,2026-08-31 14:30:00,v4.1.0-produccion,buena:completo/semana_anterior
B9_SFA2,2026-09-01 12:10:00,activepower,73979.97,2026-08-31 14:30:00,v4.1.0-produccion,buena:completo/semana_anterior
B9_SFA2,2026-09-01 12:20:00,activepower,74280.27,2026-08-31 14:30:00,v4.1.0-produccion,buena:completo/semana_anterior
B9_SFA2,2026-09-01 12:30:00,activepower,74448.62,2026-08-31 14:30:00,v4.1.0-produccion,buena:completo/semana_anterior
B9_SFA2,2026-09-01 12:40:00,activepower,76114.4,2026-08-31 14:30:00,v4.1.0-produccion,buena:completo/semana_anterior
B9_SFA2,2026-09-01 12:50:00,activepower,75551.08,2026-08-31 14:30:00,v4.1.0-produccion,buena:completo/semana_anterior
B9_SFA2,2026-09-01 13:00:00,activepower,75532.26,2026-08-31 14:30:00,v4.1.0-produccion,buena:completo/semana_anterior
B9_SFA2,2026-09-01 13:10:00,activepower,74350.88,2026-08-31 14:30:00,v4.1.0-produccion,buena:completo/semana_anterior
B9_SFA2,2026-09-01 13:20:00,activepower,75034.26,2026-08-31 14:30:00,v4.1.0-produccion,buena:completo/semana_anterior
B9_SFA2,2026-09-01 13:30:00,activepower,74658.23,2026-08-31 14:30:00,v4.1.0-produccion,buena:completo/semana_anterior
B9_SFA2,2026-09-01 13:40:00,activepower,74946.445,2026-08-31 14:30:00,v4.1.0-produccion,buena:completo/semana_anterior
B9_SFA2,2026-09-01 13:50:00,activepower,75660.35,2026-08-31 14:30:00,v4.1.0-produccion,buena:completo/semana_anterior
B9_SFA2,2026-09-01 14:00:00,activepower,74613.266,2026-08-31 14:30:00,v4.1.0-produccion,buena:completo/semana_anterior
B9_SFA2,2026-09-01 14:10:00,activepower,74063.63,2026-08-31 14:30:00,v4.1.0-produccion,buena:completo/semana_anterior
B9_SFA2,2026-09-01 14:20:00,activepower,73544.45,2026-08-31 14:30:00,v4.1.0-produccion,buena:completo/semana_anterior
B9_SFA2,2026-09-01 14:30:00,activepower,74060.02,2026-08-31 14:30:00,v4.1.0-produccion,buena:completo/semana_anterior
B9_SFA2,2026-08-31 14:40:00,totalpowerfactor,0.96102005,2026-08-31 14:30:00,v4.1.0-produccion,buena:completo/semana_anterior
B9_SFA2,2026-08-31 14:50:00,totalpowerfactor,0.9618267,2026-08-31 14:30:00,v4.1.0-produccion,buena:completo/semana_anterior
B9_SFA2,2026-08-31 15:00:00,totalpowerfactor,0.96089053,2026-08-31 14:30:00,v4.1.0-produccion,buena:completo/semana_anterior
B9_SFA2,2026-08-31 15:10:00,totalpowerfactor,0.96152794,2026-08-31 14:30:00,v4.1.0-produccion,buena:completo/semana_anterior
B9_SFA2,2026-08-31 15:20:00,totalpowerfactor,0.9613038,2026-08-31 14:30:00,v4.1.0-produccion,buena:completo/semana_anterior
B9_SFA2,2026-08-31 15:30:00,totalpowerfactor,0.961649,2026-08-31 14:30:00,v4.1.0-produccion,buena:completo/semana_anterior
B9_SFA2,2026-08-31 15:40:00,totalpowerfactor,0.9620784,2026-08-31 14:30:00,v4.1.0-produccion,buena:completo/semana_anterior
B9_SFA2,2026-08-31 15:50:00,totalpowerfactor,0.9627237,2026-08-31 14:30:00,v4.1.0-produccion,buena:completo/semana_anterior
B9_SFA2,2026-08-31 16:00:00,totalpowerfactor,0.9628158,2026-08-31 14:30:00,v4.1.0-produccion,buena:completo/semana_anterior
B9_SFA2,2026-08-31 16:10:00,totalpowerfactor,0.9632359,2026-08-31 14:30:00,v4.1.0-produccion,buena:completo/semana_anterior
B9_SFA2,2026-08-31 16:20:00,totalpowerfactor,0.96316713,2026-08-31 14:30:00,v4.1.0-produccion,buena:completo/semana_anterior
B9_SFA2,2026-08-31 16:30:00,totalpowerfactor,0.9633297,2026-08-31 14:30:00,v4.1.0-produccion,buena:completo/semana_anterior
B9_SFA2,2026-08-31 16:40:00,totalpowerfactor,0.96313727,2026-08-31 14:30:00,v4.1.0-produccion,buena:completo/semana_anterior
B9_SFA2,2026-08-31 16:50:00,totalpowerfactor,0.9636334,2026-08-31 14:30:00,v4.1.0-produccion,buena:completo/semana_anterior
B9_SFA2,2026-08-31 17:00:00,totalpowerfactor,0.96260005,2026-08-31 14:30:00,v4.1.0-produccion,buena:completo/semana_anterior
B9_SFA2,2026-08-31 17:10:00,totalpowerfactor,0.96356845,2026-08-31 14:30:00,v4.1.0-produccion,buena:completo/semana_anterior
B9_SFA2,2026-08-31 17:20:00,totalpowerfactor,0.9631671,2026-08-31 14:30:00,v4.1.0-produccion,buena:completo/semana_anterior
B9_SFA2,2026-08-31 17:30:00,totalpowerfactor,0.9636566,2026-08-31 14:30:00,v4.1.0-produccion,buena:completo/semana_anterior
B9_SFA2,2026-08-31 17:40:00,totalpowerfactor,0.96280867,2026-08-31 14:30:00,v4.1.0-produccion,buena:completo/semana_anterior
B9_SFA2,2026-08-31 17:50:00,totalpowerfactor,0.96349937,2026-08-31 14:30:00,v4.1.0-produccion,buena:completo/semana_anterior
B9_SFA2,2026-08-31 18:00:00,totalpowerfactor,0.9629327,2026-08-31 14:30:00,v4.1.0-produccion,buena:completo/semana_anterior
B9_SFA2,2026-08-31 18:10:00,totalpowerfactor,0.96386707,2026-08-31 14:30:00,v4.1.0-produccion,buena:completo/semana_anterior
B9_SFA2,2026-08-31 18:20:00,totalpowerfactor,0.963473,2026-08-31 14:30:00,v4.1.0-produccion,buena:completo/semana_anterior
B9_SFA2,2026-08-31 18:30:00,totalpowerfactor,0.964662,2026-08-31 14:30:00,v4.1.0-produccion,buena:completo/semana_anterior
B9_SFA2,2026-08-31 18:40:00,totalpowerfactor,0.9637938,2026-08-31 14:30:00,v4.1.0-produccion,buena:completo/semana_anterior
B9_SFA2,2026-08-31 18:50:00,totalpowerfactor,0.9638349,2026-08-31 14:30:00,v4.1.0-produccion,buena:completo/semana_anterior
B9_SFA2,2026-08-31 19:00:00,totalpowerfactor,0.9637207,2026-08-31 14:30:00,v4.1.0-produccion,buena:completo/semana_anterior
B9_SFA2,2026-08-31 19:10:00,totalpowerfactor,0.96373796,2026-08-31 14:30:00,v4.1.0-produccion,buena:completo/semana_anterior
B9_SFA2,2026-08-31 19:20:00,totalpowerfactor,0.9638865,2026-08-31 14:30:00,v4.1.0-produccion,buena:completo/semana_anterior
B9_SFA2,2026-08-31 19:30:00,totalpowerfactor,0.96355236,2026-08-31 14:30:00,v4.1.0-produccion,buena:completo/semana_anterior
B9_SFA2,2026-08-31 19:40:00,totalpowerfactor,0.9640285,2026-08-31 14:30:00,v4.1.0-produccion,buena:completo/semana_anterior
B9_SFA2,2026-08-31 19:50:00,totalpowerfactor,0.96323824,2026-08-31 14:30:00,v4.1.0-produccion,buena:completo/semana_anterior
B9_SFA2,2026-08-31 20:00:00,totalpowerfactor,0.96308476,2026-08-31 14:30:00,v4.1.0-produccion,buena:completo/semana_anterior
B9_SFA2,2026-08-31 20:10:00,totalpowerfactor,0.96335787,2026-08-31 14:30:00,v4.1.0-produccion,buena:completo/semana_anterior
B9_SFA2,2026-08-31 20:20:00,totalpowerfactor,0.9628161,2026-08-31 14:30:00,v4.1.0-produccion,buena:completo/semana_anterior
B9_SFA2,2026-08-31 20:30:00,totalpowerfactor,0.963214,2026-08-31 14:30:00,v4.1.0-produccion,buena:completo/semana_anterior
B9_SFA2,2026-08-31 20:40:00,totalpowerfactor,0.9627137,2026-08-31 14:30:00,v4.1.0-produccion,buena:completo/semana_anterior
B9_SFA2,2026-08-31 20:50:00,totalpowerfactor,0.9628911,2026-08-31 14:30:00,v4.1.0-produccion,buena:completo/semana_anterior
B9_SFA2,2026-08-31 21:00:00,totalpowerfactor,0.9629577,2026-08-31 14:30:00,v4.1.0-produccion,buena:completo/semana_anterior
B9_SFA2,2026-08-31 21:10:00,totalpowerfactor,0.96291447,2026-08-31 14:30:00,v4.1.0-produccion,buena:completo/semana_anterior
B9_SFA2,2026-08-31 21:20:00,totalpowerfactor,0.9618265,2026-08-31 14:30:00,v4.1.0-produccion,buena:completo/semana_anterior
B9_SFA2,2026-08-31 21:30:00,totalpowerfactor,0.9616357,2026-08-31 14:30:00,v4.1.0-produccion,buena:completo/semana_anterior
B9_SFA2,2026-08-31 21:40:00,totalpowerfactor,0.96016484,2026-08-31 14:30:00,v4.1.0-produccion,buena:completo/semana_anterior
B9_SFA2,2026-08-31 21:50:00,totalpowerfactor,0.96028656,2026-08-31 14:30:00,v4.1.0-produccion,buena:completo/semana_anterior
B9_SFA2,2026-08-31 22:00:00,totalpowerfactor,0.9601623,2026-08-31 14:30:00,v4.1.0-produccion,buena:completo/semana_anterior
B9_SFA2,2026-08-31 22:10:00,totalpowerfactor,0.95959294,2026-08-31 14:30:00,v4.1.0-produccion,buena:completo/semana_anterior
B9_SFA2,2026-08-31 22:20:00,totalpowerfactor,0.95881814,2026-08-31 14:30:00,v4.1.0-produccion,buena:completo/semana_anterior
B9_SFA2,2026-08-31 22:30:00,totalpowerfactor,0.9576044,2026-08-31 14:30:00,v4.1.0-produccion,buena:completo/semana_anterior
B9_SFA2,2026-08-31 22:40:00,totalpowerfactor,0.9573973,2026-08-31 14:30:00,v4.1.0-produccion,buena:completo/semana_anterior
B9_SFA2,2026-08-31 22:50:00,totalpowerfactor,0.95732325,2026-08-31 14:30:00,v4.1.0-produccion,buena:completo/semana_anterior
B9_SFA2,2026-08-31 23:00:00,totalpowerfactor,0.95546204,2026-08-31 14:30:00,v4.1.0-produccion,buena:completo/semana_anterior
B9_SFA2,2026-08-31 23:10:00,totalpowerfactor,0.9560208,2026-08-31 14:30:00,v4.1.0-produccion,buena:completo/semana_anterior
B9_SFA2,2026-08-31 23:20:00,totalpowerfactor,0.954493,2026-08-31 14:30:00,v4.1.0-produccion,buena:completo/semana_anterior
B9_SFA2,2026-08-31 23:30:00,totalpowerfactor,0.95434034,2026-08-31 14:30:00,v4.1.0-produccion,buena:completo/semana_anterior
B9_SFA2,2026-08-31 23:40:00,totalpowerfactor,0.9536176,2026-08-31 14:30:00,v4.1.0-produccion,buena:completo/semana_anterior
B9_SFA2,2026-08-31 23:50:00,totalpowerfactor,0.95280945,2026-08-31 14:30:00,v4.1.0-produccion,buena:completo/semana_anterior
B9_SFA2,2026-09-01 00:00:00,totalpowerfactor,0.95222044,2026-08-31 14:30:00,v4.1.0-produccion,buena:completo/semana_anterior
B9_SFA2,2026-09-01 00:10:00,totalpowerfactor,0.9521053,2026-08-31 14:30:00,v4.1.0-produccion,buena:completo/semana_anterior
B9_SFA2,2026-09-01 00:20:00,totalpowerfactor,0.9510786,2026-08-31 14:30:00,v4.1.0-produccion,buena:completo/semana_anterior
B9_SFA2,2026-09-01 00:30:00,totalpowerfactor,0.9507842,2026-08-31 14:30:00,v4.1.0-produccion,buena:completo/semana_anterior
B9_SFA2,2026-09-01 00:40:00,totalpowerfactor,0.9511398,2026-08-31 14:30:00,v4.1.0-produccion,buena:completo/semana_anterior
B9_SFA2,2026-09-01 00:50:00,totalpowerfactor,0.9499904,2026-08-31 14:30:00,v4.1.0-produccion,buena:completo/semana_anterior
B9_SFA2,2026-09-01 01:00:00,totalpowerfactor,0.95015764,2026-08-31 14:30:00,v4.1.0-produccion,buena:completo/semana_anterior
B9_SFA2,2026-09-01 01:10:00,totalpowerfactor,0.9500805,2026-08-31 14:30:00,v4.1.0-produccion,buena:completo/semana_anterior
B9_SFA2,2026-09-01 01:20:00,totalpowerfactor,0.9494184,2026-08-31 14:30:00,v4.1.0-produccion,buena:completo/semana_anterior
B9_SFA2,2026-09-01 01:30:00,totalpowerfactor,0.9504473,2026-08-31 14:30:00,v4.1.0-produccion,buena:completo/semana_anterior
B9_SFA2,2026-09-01 01:40:00,totalpowerfactor,0.9499534,2026-08-31 14:30:00,v4.1.0-produccion,buena:completo/semana_anterior
B9_SFA2,2026-09-01 01:50:00,totalpowerfactor,0.95059365,2026-08-31 14:30:00,v4.1.0-produccion,buena:completo/semana_anterior
B9_SFA2,2026-09-01 02:00:00,totalpowerfactor,0.9489269,2026-08-31 14:30:00,v4.1.0-produccion,buena:completo/semana_anterior
B9_SFA2,2026-09-01 02:10:00,totalpowerfactor,0.9498967,2026-08-31 14:30:00,v4.1.0-produccion,buena:completo/semana_anterior
B9_SFA2,2026-09-01 02:20:00,totalpowerfactor,0.9497025,2026-08-31 14:30:00,v4.1.0-produccion,buena:completo/semana_anterior
B9_SFA2,2026-09-01 02:30:00,totalpowerfactor,0.95067865,2026-08-31 14:30:00,v4.1.0-produccion,buena:completo/semana_anterior
B9_SFA2,2026-09-01 02:40:00,totalpowerfactor,0.9507067,2026-08-31 14:30:00,v4.1.0-produccion,buena:completo/semana_anterior
B9_SFA2,2026-09-01 02:50:00,totalpowerfactor,0.94983035,2026-08-31 14:30:00,v4.1.0-produccion,buena:completo/semana_anterior
B9_SFA2,2026-09-01 03:00:00,totalpowerfactor,0.94965607,2026-08-31 14:30:00,v4.1.0-produccion,buena:completo/semana_anterior
B9_SFA2,2026-09-01 03:10:00,totalpowerfactor,0.9498879,2026-08-31 14:30:00,v4.1.0-produccion,buena:completo/semana_anterior
B9_SFA2,2026-09-01 03:20:00,totalpowerfactor,0.9501525,2026-08-31 14:30:00,v4.1.0-produccion,buena:completo/semana_anterior
B9_SFA2,2026-09-01 03:30:00,totalpowerfactor,0.9512115,2026-08-31 14:30:00,v4.1.0-produccion,buena:completo/semana_anterior
B9_SFA2,2026-09-01 03:40:00,totalpowerfactor,0.9518408,2026-08-31 14:30:00,v4.1.0-produccion,buena:completo/semana_anterior
B9_SFA2,2026-09-01 03:50:00,totalpowerfactor,0.95116657,2026-08-31 14:30:00,v4.1.0-produccion,buena:completo/semana_anterior
B9_SFA2,2026-09-01 04:00:00,totalpowerfactor,0.951918,2026-08-31 14:30:00,v4.1.0-produccion,buena:completo/semana_anterior
B9_SFA2,2026-09-01 04:10:00,totalpowerfactor,0.9526007,2026-08-31 14:30:00,v4.1.0-produccion,buena:completo/semana_anterior
B9_SFA2,2026-09-01 04:20:00,totalpowerfactor,0.95264316,2026-08-31 14:30:00,v4.1.0-produccion,buena:completo/semana_anterior
B9_SFA2,2026-09-01 04:30:00,totalpowerfactor,0.9529753,2026-08-31 14:30:00,v4.1.0-produccion,buena:completo/semana_anterior
B9_SFA2,2026-09-01 04:40:00,totalpowerfactor,0.9538038,2026-08-31 14:30:00,v4.1.0-produccion,buena:completo/semana_anterior
B9_SFA2,2026-09-01 04:50:00,totalpowerfactor,0.9541676,2026-08-31 14:30:00,v4.1.0-produccion,buena:completo/semana_anterior
B9_SFA2,2026-09-01 05:00:00,totalpowerfactor,0.95472926,2026-08-31 14:30:00,v4.1.0-produccion,buena:completo/semana_anterior
B9_SFA2,2026-09-01 05:10:00,totalpowerfactor,0.95446837,2026-08-31 14:30:00,v4.1.0-produccion,buena:completo/semana_anterior
B9_SFA2,2026-09-01 05:20:00,totalpowerfactor,0.9566026,2026-08-31 14:30:00,v4.1.0-produccion,buena:completo/semana_anterior
B9_SFA2,2026-09-01 05:30:00,totalpowerfactor,0.9562438,2026-08-31 14:30:00,v4.1.0-produccion,buena:completo/semana_anterior
B9_SFA2,2026-09-01 05:40:00,totalpowerfactor,0.9573237,2026-08-31 14:30:00,v4.1.0-produccion,buena:completo/semana_anterior
B9_SFA2,2026-09-01 05:50:00,totalpowerfactor,0.95803636,2026-08-31 14:30:00,v4.1.0-produccion,buena:completo/semana_anterior
B9_SFA2,2026-09-01 06:00:00,totalpowerfactor,0.9581368,2026-08-31 14:30:00,v4.1.0-produccion,buena:completo/semana_anterior
B9_SFA2,2026-09-01 06:10:00,totalpowerfactor,0.95919216,2026-08-31 14:30:00,v4.1.0-produccion,buena:completo/semana_anterior
B9_SFA2,2026-09-01 06:20:00,totalpowerfactor,0.96083885,2026-08-31 14:30:00,v4.1.0-produccion,buena:completo/semana_anterior
B9_SFA2,2026-09-01 06:30:00,totalpowerfactor,0.96120566,2026-08-31 14:30:00,v4.1.0-produccion,buena:completo/semana_anterior
B9_SFA2,2026-09-01 06:40:00,totalpowerfactor,0.9613697,2026-08-31 14:30:00,v4.1.0-produccion,buena:completo/semana_anterior
B9_SFA2,2026-09-01 06:50:00,totalpowerfactor,0.9618723,2026-08-31 14:30:00,v4.1.0-produccion,buena:completo/semana_anterior
B9_SFA2,2026-09-01 07:00:00,totalpowerfactor,0.96211493,2026-08-31 14:30:00,v4.1.0-produccion,buena:completo/semana_anterior
B9_SFA2,2026-09-01 07:10:00,totalpowerfactor,0.96351004,2026-08-31 14:30:00,v4.1.0-produccion,buena:completo/semana_anterior
B9_SFA2,2026-09-01 07:20:00,totalpowerfactor,0.9633093,2026-08-31 14:30:00,v4.1.0-produccion,buena:completo/semana_anterior
B9_SFA2,2026-09-01 07:30:00,totalpowerfactor,0.96340513,2026-08-31 14:30:00,v4.1.0-produccion,buena:completo/semana_anterior
B9_SFA2,2026-09-01 07:40:00,totalpowerfactor,0.96467686,2026-08-31 14:30:00,v4.1.0-produccion,buena:completo/semana_anterior
B9_SFA2,2026-09-01 07:50:00,totalpowerfactor,0.964376,2026-08-31 14:30:00,v4.1.0-produccion,buena:completo/semana_anterior
B9_SFA2,2026-09-01 08:00:00,totalpowerfactor,0.9653832,2026-08-31 14:30:00,v4.1.0-produccion,buena:completo/semana_anterior
B9_SFA2,2026-09-01 08:10:00,totalpowerfactor,0.9653664,2026-08-31 14:30:00,v4.1.0-produccion,buena:completo/semana_anterior
B9_SFA2,2026-09-01 08:20:00,totalpowerfactor,0.9656775,2026-08-31 14:30:00,v4.1.0-produccion,buena:completo/semana_anterior
B9_SFA2,2026-09-01 08:30:00,totalpowerfactor,0.9657584,2026-08-31 14:30:00,v4.1.0-produccion,buena:completo/semana_anterior
B9_SFA2,2026-09-01 08:40:00,totalpowerfactor,0.9665418,2026-08-31 14:30:00,v4.1.0-produccion,buena:completo/semana_anterior
B9_SFA2,2026-09-01 08:50:00,totalpowerfactor,0.9656382,2026-08-31 14:30:00,v4.1.0-produccion,buena:completo/semana_anterior
B9_SFA2,2026-09-01 09:00:00,totalpowerfactor,0.9665901,2026-08-31 14:30:00,v4.1.0-produccion,buena:completo/semana_anterior
B9_SFA2,2026-09-01 09:10:00,totalpowerfactor,0.9664864,2026-08-31 14:30:00,v4.1.0-produccion,buena:completo/semana_anterior
B9_SFA2,2026-09-01 09:20:00,totalpowerfactor,0.96656144,2026-08-31 14:30:00,v4.1.0-produccion,buena:completo/semana_anterior
B9_SFA2,2026-09-01 09:30:00,totalpowerfactor,0.9668026,2026-08-31 14:30:00,v4.1.0-produccion,buena:completo/semana_anterior
B9_SFA2,2026-09-01 09:40:00,totalpowerfactor,0.9664086,2026-08-31 14:30:00,v4.1.0-produccion,buena:completo/semana_anterior
B9_SFA2,2026-09-01 09:50:00,totalpowerfactor,0.9663249,2026-08-31 14:30:00,v4.1.0-produccion,buena:completo/semana_anterior
B9_SFA2,2026-09-01 10:00:00,totalpowerfactor,0.96627855,2026-08-31 14:30:00,v4.1.0-produccion,buena:completo/semana_anterior
B9_SFA2,2026-09-01 10:10:00,totalpowerfactor,0.96665597,2026-08-31 14:30:00,v4.1.0-produccion,buena:completo/semana_anterior
B9_SFA2,2026-09-01 10:20:00,totalpowerfactor,0.9667511,2026-08-31 14:30:00,v4.1.0-produccion,buena:completo/semana_anterior
B9_SFA2,2026-09-01 10:30:00,totalpowerfactor,0.9680028,2026-08-31 14:30:00,v4.1.0-produccion,buena:completo/semana_anterior
B9_SFA2,2026-09-01 10:40:00,totalpowerfactor,0.9677308,2026-08-31 14:30:00,v4.1.0-produccion,buena:completo/semana_anterior
B9_SFA2,2026-09-01 10:50:00,totalpowerfactor,0.96774894,2026-08-31 14:30:00,v4.1.0-produccion,buena:completo/semana_anterior
B9_SFA2,2026-09-01 11:00:00,totalpowerfactor,0.96732116,2026-08-31 14:30:00,v4.1.0-produccion,buena:completo/semana_anterior
B9_SFA2,2026-09-01 11:10:00,totalpowerfactor,0.96756047,2026-08-31 14:30:00,v4.1.0-produccion,buena:completo/semana_anterior
B9_SFA2,2026-09-01 11:20:00,totalpowerfactor,0.96763813,2026-08-31 14:30:00,v4.1.0-produccion,buena:completo/semana_anterior
B9_SFA2,2026-09-01 11:30:00,totalpowerfactor,0.9676784,2026-08-31 14:30:00,v4.1.0-produccion,buena:completo/semana_anterior
B9_SFA2,2026-09-01 11:40:00,totalpowerfactor,0.9679256,2026-08-31 14:30:00,v4.1.0-produccion,buena:completo/semana_anterior
B9_SFA2,2026-09-01 11:50:00,totalpowerfactor,0.9677548,2026-08-31 14:30:00,v4.1.0-produccion,buena:completo/semana_anterior
B9_SFA2,2026-09-01 12:00:00,totalpowerfactor,0.9681525,2026-08-31 14:30:00,v4.1.0-produccion,buena:completo/semana_anterior
B9_SFA2,2026-09-01 12:10:00,totalpowerfactor,0.96763647,2026-08-31 14:30:00,v4.1.0-produccion,buena:completo/semana_anterior
B9_SFA2,2026-09-01 12:20:00,totalpowerfactor,0.96751684,2026-08-31 14:30:00,v4.1.0-produccion,buena:completo/semana_anterior
B9_SFA2,2026-09-01 12:30:00,totalpowerfactor,0.9684237,2026-08-31 14:30:00,v4.1.0-produccion,buena:completo/semana_anterior
B9_SFA2,2026-09-01 12:40:00,totalpowerfactor,0.9671851,2026-08-31 14:30:00,v4.1.0-produccion,buena:completo/semana_anterior
B9_SFA2,2026-09-01 12:50:00,totalpowerfactor,0.9670583,2026-08-31 14:30:00,v4.1.0-produccion,buena:completo/semana_anterior
B9_SFA2,2026-09-01 13:00:00,totalpowerfactor,0.9666658,2026-08-31 14:30:00,v4.1.0-produccion,buena:completo/semana_anterior
B9_SFA2,2026-09-01 13:10:00,totalpowerfactor,0.96709096,2026-08-31 14:30:00,v4.1.0-produccion,buena:completo/semana_anterior
B9_SFA2,2026-09-01 13:20:00,totalpowerfactor,0.9671219,2026-08-31 14:30:00,v4.1.0-produccion,buena:completo/semana_anterior
B9_SFA2,2026-09-01 13:30:00,totalpowerfactor,0.9677819,2026-08-31 14:30:00,v4.1.0-produccion,buena:completo/semana_anterior
B9_SFA2,2026-09-01 13:40:00,totalpowerfactor,0.96720743,2026-08-31 14:30:00,v4.1.0-produccion,buena:completo/semana_anterior
B9_SFA2,2026-09-01 13:50:00,totalpowerfactor,0.96684617,2026-08-31 14:30:00,v4.1.0-produccion,buena:completo/semana_anterior
B9_SFA2,2026-09-01 14:00:00,totalpowerfactor,0.9665691,2026-08-31 14:30:00,v4.1.0-produccion,buena:completo/semana_anterior
B9_SFA2,2026-09-01 14:10:00,totalpowerfactor,0.9669203,2026-08-31 14:30:00,v4.1.0-produccion,buena:completo/semana_anterior
B9_SFA2,2026-09-01 14:20:00,totalpowerfactor,0.96726257,2026-08-31 14:30:00,v4.1.0-produccion,buena:completo/semana_anterior
B9_SFA2,2026-09-01 14:30:00,totalpowerfactor,0.9670083,2026-08-31 14:30:00,v4.1.0-produccion,buena:completo/semana_anterior
B9_SFA2,2026-08-31 14:40:00,voltaje_promedio,124.00828,2026-08-31 14:30:00,v4.1.0-produccion,buena:completo/semana_anterior
B9_SFA2,2026-08-31 14:50:00,voltaje_promedio,124.09029,2026-08-31 14:30:00,v4.1.0-produccion,buena:completo/semana_anterior
B9_SFA2,2026-08-31 15:00:00,voltaje_promedio,124.09753,2026-08-31 14:30:00,v4.1.0-produccion,buena:completo/semana_anterior
B9_SFA2,2026-08-31 15:10:00,voltaje_promedio,124.13036,2026-08-31 14:30:00,v4.1.0-produccion,buena:completo/semana_anterior
B9_SFA2,2026-08-31 15:20:00,voltaje_promedio,124.20656,2026-08-31 14:30:00,v4.1.0-produccion,buena:completo/semana_anterior
B9_SFA2,2026-08-31 15:30:00,voltaje_promedio,124.30897,2026-08-31 14:30:00,v4.1.0-produccion,buena:completo/semana_anterior
B9_SFA2,2026-08-31 15:40:00,voltaje_promedio,124.36531,2026-08-31 14:30:00,v4.1.0-produccion,buena:completo/semana_anterior
B9_SFA2,2026-08-31 15:50:00,voltaje_promedio,124.340355,2026-08-31 14:30:00,v4.1.0-produccion,buena:completo/semana_anterior
B9_SFA2,2026-08-31 16:00:00,voltaje_promedio,124.39868,2026-08-31 14:30:00,v4.1.0-produccion,buena:completo/semana_anterior
B9_SFA2,2026-08-31 16:10:00,voltaje_promedio,124.496826,2026-08-31 14:30:00,v4.1.0-produccion,buena:completo/semana_anterior
B9_SFA2,2026-08-31 16:20:00,voltaje_promedio,124.5798,2026-08-31 14:30:00,v4.1.0-produccion,buena:completo/semana_anterior
B9_SFA2,2026-08-31 16:30:00,voltaje_promedio,124.59634,2026-08-31 14:30:00,v4.1.0-produccion,buena:completo/semana_anterior
B9_SFA2,2026-08-31 16:40:00,voltaje_promedio,124.657074,2026-08-31 14:30:00,v4.1.0-produccion,buena:completo/semana_anterior
B9_SFA2,2026-08-31 16:50:00,voltaje_promedio,124.63984,2026-08-31 14:30:00,v4.1.0-produccion,buena:completo/semana_anterior
B9_SFA2,2026-08-31 17:00:00,voltaje_promedio,124.72839,2026-08-31 14:30:00,v4.1.0-produccion,buena:completo/semana_anterior
B9_SFA2,2026-08-31 17:10:00,voltaje_promedio,124.74078,2026-08-31 14:30:00,v4.1.0-produccion,buena:completo/semana_anterior
B9_SFA2,2026-08-31 17:20:00,voltaje_promedio,124.854515,2026-08-31 14:30:00,v4.1.0-produccion,buena:completo/semana_anterior
B9_SFA2,2026-08-31 17:30:00,voltaje_promedio,124.9306,2026-08-31 14:30:00,v4.1.0-produccion,buena:completo/semana_anterior
B9_SFA2,2026-08-31 17:40:00,voltaje_promedio,124.904,2026-08-31 14:30:00,v4.1.0-produccion,buena:completo/semana_anterior
B9_SFA2,2026-08-31 17:50:00,voltaje_promedio,124.97558,2026-08-31 14:30:00,v4.1.0-produccion,buena:completo/semana_anterior
B9_SFA2,2026-08-31 18:00:00,voltaje_promedio,125.02894,2026-08-31 14:30:00,v4.1.0-produccion,buena:completo/semana_anterior
B9_SFA2,2026-08-31 18:10:00,voltaje_promedio,125.08063,2026-08-31 14:30:00,v4.1.0-produccion,buena:completo/semana_anterior
B9_SFA2,2026-08-31 18:20:00,voltaje_promedio,125.166664,2026-08-31 14:30:00,v4.1.0-produccion,buena:completo/semana_anterior
B9_SFA2,2026-08-31 18:30:00,voltaje_promedio,125.27113,2026-08-31 14:30:00,v4.1.0-produccion,buena:completo/semana_anterior
B9_SFA2,2026-08-31 18:40:00,voltaje_promedio,125.27162,2026-08-31 14:30:00,v4.1.0-produccion,buena:completo/semana_anterior
B9_SFA2,2026-08-31 18:50:00,voltaje_promedio,125.294075,2026-08-31 14:30:00,v4.1.0-produccion,buena:completo/semana_anterior
B9_SFA2,2026-08-31 19:00:00,voltaje_promedio,125.31896,2026-08-31 14:30:00,v4.1.0-produccion,buena:completo/semana_anterior
B9_SFA2,2026-08-31 19:10:00,voltaje_promedio,125.33984,2026-08-31 14:30:00,v4.1.0-produccion,buena:completo/semana_anterior
B9_SFA2,2026-08-31 19:20:00,voltaje_promedio,125.44758,2026-08-31 14:30:00,v4.1.0-produccion,buena:completo/semana_anterior
B9_SFA2,2026-08-31 19:30:00,voltaje_promedio,125.48705,2026-08-31 14:30:00,v4.1.0-produccion,buena:completo/semana_anterior
B9_SFA2,2026-08-31 19:40:00,voltaje_promedio,125.56951,2026-08-31 14:30:00,v4.1.0-produccion,buena:completo/semana_anterior
B9_SFA2,2026-08-31 19:50:00,voltaje_promedio,125.561905,2026-08-31 14:30:00,v4.1.0-produccion,buena:completo/semana_anterior
B9_SFA2,2026-08-31 20:00:00,voltaje_promedio,125.58188,2026-08-31 14:30:00,v4.1.0-produccion,buena:completo/semana_anterior
B9_SFA2,2026-08-31 20:10:00,voltaje_promedio,125.640945,2026-08-31 14:30:00,v4.1.0-produccion,buena:completo/semana_anterior
B9_SFA2,2026-08-31 20:20:00,voltaje_promedio,125.68059,2026-08-31 14:30:00,v4.1.0-produccion,buena:completo/semana_anterior
B9_SFA2,2026-08-31 20:30:00,voltaje_promedio,125.7116,2026-08-31 14:30:00,v4.1.0-produccion,buena:completo/semana_anterior
B9_SFA2,2026-08-31 20:40:00,voltaje_promedio,125.67503,2026-08-31 14:30:00,v4.1.0-produccion,buena:completo/semana_anterior
B9_SFA2,2026-08-31 20:50:00,voltaje_promedio,125.70978,2026-08-31 14:30:00,v4.1.0-produccion,buena:completo/semana_anterior
B9_SFA2,2026-08-31 21:00:00,voltaje_promedio,125.83824,2026-08-31 14:30:00,v4.1.0-produccion,buena:completo/semana_anterior
B9_SFA2,2026-08-31 21:10:00,voltaje_promedio,125.88947,2026-08-31 14:30:00,v4.1.0-produccion,buena:completo/semana_anterior
B9_SFA2,2026-08-31 21:20:00,voltaje_promedio,125.92554,2026-08-31 14:30:00,v4.1.0-produccion,buena:completo/semana_anterior
B9_SFA2,2026-08-31 21:30:00,voltaje_promedio,125.96783,2026-08-31 14:30:00,v4.1.0-produccion,buena:completo/semana_anterior
B9_SFA2,2026-08-31 21:40:00,voltaje_promedio,125.979416,2026-08-31 14:30:00,v4.1.0-produccion,buena:completo/semana_anterior
B9_SFA2,2026-08-31 21:50:00,voltaje_promedio,125.98792,2026-08-31 14:30:00,v4.1.0-produccion,buena:completo/semana_anterior
B9_SFA2,2026-08-31 22:00:00,voltaje_promedio,126.04784,2026-08-31 14:30:00,v4.1.0-produccion,buena:completo/semana_anterior
B9_SFA2,2026-08-31 22:10:00,voltaje_promedio,126.03154,2026-08-31 14:30:00,v4.1.0-produccion,buena:completo/semana_anterior
B9_SFA2,2026-08-31 22:20:00,voltaje_promedio,126.02498,2026-08-31 14:30:00,v4.1.0-produccion,buena:completo/semana_anterior
B9_SFA2,2026-08-31 22:30:00,voltaje_promedio,126.044426,2026-08-31 14:30:00,v4.1.0-produccion,buena:completo/semana_anterior
B9_SFA2,2026-08-31 22:40:00,voltaje_promedio,126.08499,2026-08-31 14:30:00,v4.1.0-produccion,buena:completo/semana_anterior
B9_SFA2,2026-08-31 22:50:00,voltaje_promedio,126.13491,2026-08-31 14:30:00,v4.1.0-produccion,buena:completo/semana_anterior
B9_SFA2,2026-08-31 23:00:00,voltaje_promedio,126.157684,2026-08-31 14:30:00,v4.1.0-produccion,buena:completo/semana_anterior
B9_SFA2,2026-08-31 23:10:00,voltaje_promedio,126.18226,2026-08-31 14:30:00,v4.1.0-produccion,buena:completo/semana_anterior
B9_SFA2,2026-08-31 23:20:00,voltaje_promedio,126.21546,2026-08-31 14:30:00,v4.1.0-produccion,buena:completo/semana_anterior
B9_SFA2,2026-08-31 23:30:00,voltaje_promedio,126.22681,2026-08-31 14:30:00,v4.1.0-produccion,buena:completo/semana_anterior
B9_SFA2,2026-08-31 23:40:00,voltaje_promedio,126.20326,2026-08-31 14:30:00,v4.1.0-produccion,buena:completo/semana_anterior
B9_SFA2,2026-08-31 23:50:00,voltaje_promedio,126.22709,2026-08-31 14:30:00,v4.1.0-produccion,buena:completo/semana_anterior
B9_SFA2,2026-09-01 00:00:00,voltaje_promedio,126.25302,2026-08-31 14:30:00,v4.1.0-produccion,buena:completo/semana_anterior
B9_SFA2,2026-09-01 00:10:00,voltaje_promedio,126.25752,2026-08-31 14:30:00,v4.1.0-produccion,buena:completo/semana_anterior
B9_SFA2,2026-09-01 00:20:00,voltaje_promedio,126.295105,2026-08-31 14:30:00,v4.1.0-produccion,buena:completo/semana_anterior
B9_SFA2,2026-09-01 00:30:00,voltaje_promedio,126.22618,2026-08-31 14:30:00,v4.1.0-produccion,buena:completo/semana_anterior
B9_SFA2,2026-09-01 00:40:00,voltaje_promedio,126.18651,2026-08-31 14:30:00,v4.1.0-produccion,buena:completo/semana_anterior
B9_SFA2,2026-09-01 00:50:00,voltaje_promedio,126.25,2026-08-31 14:30:00,v4.1.0-produccion,buena:completo/semana_anterior
B9_SFA2,2026-09-01 01:00:00,voltaje_promedio,126.223145,2026-08-31 14:30:00,v4.1.0-produccion,buena:completo/semana_anterior
B9_SFA2,2026-09-01 01:10:00,voltaje_promedio,126.23667,2026-08-31 14:30:00,v4.1.0-produccion,buena:completo/semana_anterior
B9_SFA2,2026-09-01 01:20:00,voltaje_promedio,126.19788,2026-08-31 14:30:00,v4.1.0-produccion,buena:completo/semana_anterior
B9_SFA2,2026-09-01 01:30:00,voltaje_promedio,126.18384,2026-08-31 14:30:00,v4.1.0-produccion,buena:completo/semana_anterior
B9_SFA2,2026-09-01 01:40:00,voltaje_promedio,126.13809,2026-08-31 14:30:00,v4.1.0-produccion,buena:completo/semana_anterior
B9_SFA2,2026-09-01 01:50:00,voltaje_promedio,126.18839,2026-08-31 14:30:00,v4.1.0-produccion,buena:completo/semana_anterior
B9_SFA2,2026-09-01 02:00:00,voltaje_promedio,126.143196,2026-08-31 14:30:00,v4.1.0-produccion,buena:completo/semana_anterior
B9_SFA2,2026-09-01 02:10:00,voltaje_promedio,126.08198,2026-08-31 14:30:00,v4.1.0-produccion,buena:completo/semana_anterior
B9_SFA2,2026-09-01 02:20:00,voltaje_promedio,126.0963,2026-08-31 14:30:00,v4.1.0-produccion,buena:completo/semana_anterior
B9_SFA2,2026-09-01 02:30:00,voltaje_promedio,126.06622,2026-08-31 14:30:00,v4.1.0-produccion,buena:completo/semana_anterior
B9_SFA2,2026-09-01 02:40:00,voltaje_promedio,126.07381,2026-08-31 14:30:00,v4.1.0-produccion,buena:completo/semana_anterior
B9_SFA2,2026-09-01 02:50:00,voltaje_promedio,126.06386,2026-08-31 14:30:00,v4.1.0-produccion,buena:completo/semana_anterior
B9_SFA2,2026-09-01 03:00:00,voltaje_promedio,125.98482,2026-08-31 14:30:00,v4.1.0-produccion,buena:completo/semana_anterior
B9_SFA2,2026-09-01 03:10:00,voltaje_promedio,125.9174,2026-08-31 14:30:00,v4.1.0-produccion,buena:completo/semana_anterior
B9_SFA2,2026-09-01 03:20:00,voltaje_promedio,125.83422,2026-08-31 14:30:00,v4.1.0-produccion,buena:completo/semana_anterior
B9_SFA2,2026-09-01 03:30:00,voltaje_promedio,125.91785,2026-08-31 14:30:00,v4.1.0-produccion,buena:completo/semana_anterior
B9_SFA2,2026-09-01 03:40:00,voltaje_promedio,125.94546,2026-08-31 14:30:00,v4.1.0-produccion,buena:completo/semana_anterior
B9_SFA2,2026-09-01 03:50:00,voltaje_promedio,125.90074,2026-08-31 14:30:00,v4.1.0-produccion,buena:completo/semana_anterior
B9_SFA2,2026-09-01 04:00:00,voltaje_promedio,125.79835,2026-08-31 14:30:00,v4.1.0-produccion,buena:completo/semana_anterior
B9_SFA2,2026-09-01 04:10:00,voltaje_promedio,125.76238,2026-08-31 14:30:00,v4.1.0-produccion,buena:completo/semana_anterior
B9_SFA2,2026-09-01 04:20:00,voltaje_promedio,125.663445,2026-08-31 14:30:00,v4.1.0-produccion,buena:completo/semana_anterior
B9_SFA2,2026-09-01 04:30:00,voltaje_promedio,125.61689,2026-08-31 14:30:00,v4.1.0-produccion,buena:completo/semana_anterior
B9_SFA2,2026-09-01 04:40:00,voltaje_promedio,125.52526,2026-08-31 14:30:00,v4.1.0-produccion,buena:completo/semana_anterior
B9_SFA2,2026-09-01 04:50:00,voltaje_promedio,125.49036,2026-08-31 14:30:00,v4.1.0-produccion,buena:completo/semana_anterior
B9_SFA2,2026-09-01 05:00:00,voltaje_promedio,125.45132,2026-08-31 14:30:00,v4.1.0-produccion,buena:completo/semana_anterior
B9_SFA2,2026-09-01 05:10:00,voltaje_promedio,125.39558,2026-08-31 14:30:00,v4.1.0-produccion,buena:completo/semana_anterior
B9_SFA2,2026-09-01 05:20:00,voltaje_promedio,125.26815,2026-08-31 14:30:00,v4.1.0-produccion,buena:completo/semana_anterior
B9_SFA2,2026-09-01 05:30:00,voltaje_promedio,125.230865,2026-08-31 14:30:00,v4.1.0-produccion,buena:completo/semana_anterior
B9_SFA2,2026-09-01 05:40:00,voltaje_promedio,125.151436,2026-08-31 14:30:00,v4.1.0-produccion,buena:completo/semana_anterior
B9_SFA2,2026-09-01 05:50:00,voltaje_promedio,125.00069,2026-08-31 14:30:00,v4.1.0-produccion,buena:completo/semana_anterior
B9_SFA2,2026-09-01 06:00:00,voltaje_promedio,124.95469,2026-08-31 14:30:00,v4.1.0-produccion,buena:completo/semana_anterior
B9_SFA2,2026-09-01 06:10:00,voltaje_promedio,124.83933,2026-08-31 14:30:00,v4.1.0-produccion,buena:completo/semana_anterior
B9_SFA2,2026-09-01 06:20:00,voltaje_promedio,124.764435,2026-08-31 14:30:00,v4.1.0-produccion,buena:completo/semana_anterior
B9_SFA2,2026-09-01 06:30:00,voltaje_promedio,124.772964,2026-08-31 14:30:00,v4.1.0-produccion,buena:completo/semana_anterior
B9_SFA2,2026-09-01 06:40:00,voltaje_promedio,124.674416,2026-08-31 14:30:00,v4.1.0-produccion,buena:completo/semana_anterior
B9_SFA2,2026-09-01 06:50:00,voltaje_promedio,124.59648,2026-08-31 14:30:00,v4.1.0-produccion,buena:completo/semana_anterior
B9_SFA2,2026-09-01 07:00:00,voltaje_promedio,124.528824,2026-08-31 14:30:00,v4.1.0-produccion,buena:completo/semana_anterior
B9_SFA2,2026-09-01 07:10:00,voltaje_promedio,124.49278,2026-08-31 14:30:00,v4.1.0-produccion,buena:completo/semana_anterior
B9_SFA2,2026-09-01 07:20:00,voltaje_promedio,124.376114,2026-08-31 14:30:00,v4.1.0-produccion,buena:completo/semana_anterior
B9_SFA2,2026-09-01 07:30:00,voltaje_promedio,124.36883,2026-08-31 14:30:00,v4.1.0-produccion,buena:completo/semana_anterior
B9_SFA2,2026-09-01 07:40:00,voltaje_promedio,124.356606,2026-08-31 14:30:00,v4.1.0-produccion,buena:completo/semana_anterior
B9_SFA2,2026-09-01 07:50:00,voltaje_promedio,124.24268,2026-08-31 14:30:00,v4.1.0-produccion,buena:completo/semana_anterior
B9_SFA2,2026-09-01 08:00:00,voltaje_promedio,124.17687,2026-08-31 14:30:00,v4.1.0-produccion,buena:completo/semana_anterior
B9_SFA2,2026-09-01 08:10:00,voltaje_promedio,124.166565,2026-08-31 14:30:00,v4.1.0-produccion,buena:completo/semana_anterior
B9_SFA2,2026-09-01 08:20:00,voltaje_promedio,124.105896,2026-08-31 14:30:00,v4.1.0-produccion,buena:completo/semana_anterior
B9_SFA2,2026-09-01 08:30:00,voltaje_promedio,124.14236,2026-08-31 14:30:00,v4.1.0-produccion,buena:completo/semana_anterior
B9_SFA2,2026-09-01 08:40:00,voltaje_promedio,124.11384,2026-08-31 14:30:00,v4.1.0-produccion,buena:completo/semana_anterior
B9_SFA2,2026-09-01 08:50:00,voltaje_promedio,124.04264,2026-08-31 14:30:00,v4.1.0-produccion,buena:completo/semana_anterior
B9_SFA2,2026-09-01 09:00:00,voltaje_promedio,123.977264,2026-08-31 14:30:00,v4.1.0-produccion,buena:completo/semana_anterior
B9_SFA2,2026-09-01 09:10:00,voltaje_promedio,123.985405,2026-08-31 14:30:00,v4.1.0-produccion,buena:completo/semana_anterior
B9_SFA2,2026-09-01 09:20:00,voltaje_promedio,123.94919,2026-08-31 14:30:00,v4.1.0-produccion,buena:completo/semana_anterior
B9_SFA2,2026-09-01 09:30:00,voltaje_promedio,124.00046,2026-08-31 14:30:00,v4.1.0-produccion,buena:completo/semana_anterior
B9_SFA2,2026-09-01 09:40:00,voltaje_promedio,124.01536,2026-08-31 14:30:00,v4.1.0-produccion,buena:completo/semana_anterior
B9_SFA2,2026-09-01 09:50:00,voltaje_promedio,124.0294,2026-08-31 14:30:00,v4.1.0-produccion,buena:completo/semana_anterior
B9_SFA2,2026-09-01 10:00:00,voltaje_promedio,123.98765,2026-08-31 14:30:00,v4.1.0-produccion,buena:completo/semana_anterior
B9_SFA2,2026-09-01 10:10:00,voltaje_promedio,123.97882,2026-08-31 14:30:00,v4.1.0-produccion,buena:completo/semana_anterior
B9_SFA2,2026-09-01 10:20:00,voltaje_promedio,123.95712,2026-08-31 14:30:00,v4.1.0-produccion,buena:completo/semana_anterior
B9_SFA2,2026-09-01 10:30:00,voltaje_promedio,123.97663,2026-08-31 14:30:00,v4.1.0-produccion,buena:completo/semana_anterior
B9_SFA2,2026-09-01 10:40:00,voltaje_promedio,124.00549,2026-08-31 14:30:00,v4.1.0-produccion,buena:completo/semana_anterior
B9_SFA2,2026-09-01 10:50:00,voltaje_promedio,123.927734,2026-08-31 14:30:00,v4.1.0-produccion,buena:completo/semana_anterior
B9_SFA2,2026-09-01 11:00:00,voltaje_promedio,123.89355,2026-08-31 14:30:00,v4.1.0-produccion,buena:completo/semana_anterior
B9_SFA2,2026-09-01 11:10:00,voltaje_promedio,123.98137,2026-08-31 14:30:00,v4.1.0-produccion,buena:completo/semana_anterior
B9_SFA2,2026-09-01 11:20:00,voltaje_promedio,123.963875,2026-08-31 14:30:00,v4.1.0-produccion,buena:completo/semana_anterior
B9_SFA2,2026-09-01 11:30:00,voltaje_promedio,124.004486,2026-08-31 14:30:00,v4.1.0-produccion,buena:completo/semana_anterior
B9_SFA2,2026-09-01 11:40:00,voltaje_promedio,124.0345,2026-08-31 14:30:00,v4.1.0-produccion,buena:completo/semana_anterior
B9_SFA2,2026-09-01 11:50:00,voltaje_promedio,124.03053,2026-08-31 14:30:00,v4.1.0-produccion,buena:completo/semana_anterior
B9_SFA2,2026-09-01 12:00:00,voltaje_promedio,124.033615,2026-08-31 14:30:00,v4.1.0-produccion,buena:completo/semana_anterior
B9_SFA2,2026-09-01 12:10:00,voltaje_promedio,124.12142,2026-08-31 14:30:00,v4.1.0-produccion,buena:completo/semana_anterior
B9_SFA2,2026-09-01 12:20:00,voltaje_promedio,124.14828,2026-08-31 14:30:00,v4.1.0-produccion,buena:completo/semana_anterior
B9_SFA2,2026-09-01 12:30:00,voltaje_promedio,124.160255,2026-08-31 14:30:00,v4.1.0-produccion,buena:completo/semana_anterior
B9_SFA2,2026-09-01 12:40:00,voltaje_promedio,124.20977,2026-08-31 14:30:00,v4.1.0-produccion,buena:completo/semana_anterior
B9_SFA2,2026-09-01 12:50:00,voltaje_promedio,124.180725,2026-08-31 14:30:00,v4.1.0-produccion,buena:completo/semana_anterior
B9_SFA2,2026-09-01 13:00:00,voltaje_promedio,124.16735,2026-08-31 14:30:00,v4.1.0-produccion,buena:completo/semana_anterior
B9_SFA2,2026-09-01 13:10:00,voltaje_promedio,124.21294,2026-08-31 14:30:00,v4.1.0-produccion,buena:completo/semana_anterior
B9_SFA2,2026-09-01 13:20:00,voltaje_promedio,124.24761,2026-08-31 14:30:00,v4.1.0-produccion,buena:completo/semana_anterior
B9_SFA2,2026-09-01 13:30:00,voltaje_promedio,124.21702,2026-08-31 14:30:00,v4.1.0-produccion,buena:completo/semana_anterior
B9_SFA2,2026-09-01 13:40:00,voltaje_promedio,124.25208,2026-08-31 14:30:00,v4.1.0-produccion,buena:completo/semana_anterior
B9_SFA2,2026-09-01 13:50:00,voltaje_promedio,124.29593,2026-08-31 14:30:00,v4.1.0-produccion,buena:completo/semana_anterior
B9_SFA2,2026-09-01 14:00:00,voltaje_promedio,124.25429,2026-08-31 14:30:00,v4.1.0-produccion,buena:completo/semana_anterior
B9_SFA2,2026-09-01 14:10:00,voltaje_promedio,124.30935,2026-08-31 14:30:00,v4.1.0-produccion,buena:completo/semana_anterior
B9_SFA2,2026-09-01 14:20:00,voltaje_promedio,124.36243,2026-08-31 14:30:00,v4.1.0-produccion,buena:completo/semana_anterior
B9_SFA2,2026-09-01 14:30:00,voltaje_promedio,124.34996,2026-08-31 14:30:00,v4.1.0-produccion,buena:completo/semana_anterior
ECOVILLA,2026-08-31 14:40:00,activepower,570.36365,2026-08-31 14:30:00,v4.1.0-produccion,buena:completo/semana_anterior
ECOVILLA,2026-08-31 14:50:00,activepower,577.8612,2026-08-31 14:30:00,v4.1.0-produccion,buena:completo/semana_anterior
ECOVILLA,2026-08-31 15:00:00,activepower,591.57294,2026-08-31 14:30:00,v4.1.0-produccion,buena:completo/semana_anterior
ECOVILLA,2026-08-31 15:10:00,activepower,622.462,2026-08-31 14:30:00,v4.1.0-produccion,buena:completo/semana_anterior
ECOVILLA,2026-08-31 15:20:00,activepower,633.43176,2026-08-31 14:30:00,v4.1.0-produccion,buena:completo/semana_anterior
ECOVILLA,2026-08-31 15:30:00,activepower,643.1526,2026-08-31 14:30:00,v4.1.0-produccion,buena:completo/semana_anterior
ECOVILLA,2026-08-31 15:40:00,activepower,630.9492,2026-08-31 14:30:00,v4.1.0-produccion,buena:completo/semana_anterior
ECOVILLA,2026-08-31 15:50:00,activepower,637.01587,2026-08-31 14:30:00,v4.1.0-produccion,buena:completo/semana_anterior
ECOVILLA,2026-08-31 16:00:00,activepower,675.68805,2026-08-31 14:30:00,v4.1.0-produccion,buena:completo/semana_anterior
ECOVILLA,2026-08-31 16:10:00,activepower,676.5425,2026-08-31 14:30:00,v4.1.0-produccion,buena:completo/semana_anterior
ECOVILLA,2026-08-31 16:20:00,activepower,691.7842,2026-08-31 14:30:00,v4.1.0-produccion,buena:completo/semana_anterior
ECOVILLA,2026-08-31 16:30:00,activepower,697.66144,2026-08-31 14:30:00,v4.1.0-produccion,buena:completo/semana_anterior
ECOVILLA,2026-08-31 16:40:00,activepower,695.4391,2026-08-31 14:30:00,v4.1.0-produccion,buena:completo/semana_anterior
ECOVILLA,2026-08-31 16:50:00,activepower,682.94055,2026-08-31 14:30:00,v4.1.0-produccion,buena:completo/semana_anterior
ECOVILLA,2026-08-31 17:00:00,activepower,702.99744,2026-08-31 14:30:00,v4.1.0-produccion,buena:completo/semana_anterior
ECOVILLA,2026-08-31 17:10:00,activepower,701.34155,2026-08-31 14:30:00,v4.1.0-produccion,buena:completo/semana_anterior
ECOVILLA,2026-08-31 17:20:00,activepower,686.2529,2026-08-31 14:30:00,v4.1.0-produccion,buena:completo/semana_anterior
ECOVILLA,2026-08-31 17:30:00,activepower,689.7053,2026-08-31 14:30:00,v4.1.0-produccion,buena:completo/semana_anterior
ECOVILLA,2026-08-31 17:40:00,activepower,672.275,2026-08-31 14:30:00,v4.1.0-produccion,buena:completo/semana_anterior
ECOVILLA,2026-08-31 17:50:00,activepower,653.61255,2026-08-31 14:30:00,v4.1.0-produccion,buena:completo/semana_anterior
ECOVILLA,2026-08-31 18:00:00,activepower,629.7927,2026-08-31 14:30:00,v4.1.0-produccion,buena:completo/semana_anterior
ECOVILLA,2026-08-31 18:10:00,activepower,622.3329,2026-08-31 14:30:00,v4.1.0-produccion,buena:completo/semana_anterior
ECOVILLA,2026-08-31 18:20:00,activepower,628.36786,2026-08-31 14:30:00,v4.1.0-produccion,buena:completo/semana_anterior
ECOVILLA,2026-08-31 18:30:00,activepower,605.3235,2026-08-31 14:30:00,v4.1.0-produccion,buena:completo/semana_anterior
ECOVILLA,2026-08-31 18:40:00,activepower,573.6067,2026-08-31 14:30:00,v4.1.0-produccion,buena:completo/semana_anterior
ECOVILLA,2026-08-31 18:50:00,activepower,553.83044,2026-08-31 14:30:00,v4.1.0-produccion,buena:completo/semana_anterior
ECOVILLA,2026-08-31 19:00:00,activepower,549.088,2026-08-31 14:30:00,v4.1.0-produccion,buena:completo/semana_anterior
ECOVILLA,2026-08-31 19:10:00,activepower,530.66833,2026-08-31 14:30:00,v4.1.0-produccion,buena:completo/semana_anterior
ECOVILLA,2026-08-31 19:20:00,activepower,496.40018,2026-08-31 14:30:00,v4.1.0-produccion,buena:completo/semana_anterior
ECOVILLA,2026-08-31 19:30:00,activepower,438.44894,2026-08-31 14:30:00,v4.1.0-produccion,buena:completo/semana_anterior
ECOVILLA,2026-08-31 19:40:00,activepower,447.98145,2026-08-31 14:30:00,v4.1.0-produccion,buena:completo/semana_anterior
ECOVILLA,2026-08-31 19:50:00,activepower,423.35287,2026-08-31 14:30:00,v4.1.0-produccion,buena:completo/semana_anterior
ECOVILLA,2026-08-31 20:00:00,activepower,391.42892,2026-08-31 14:30:00,v4.1.0-produccion,buena:completo/semana_anterior
ECOVILLA,2026-08-31 20:10:00,activepower,389.63245,2026-08-31 14:30:00,v4.1.0-produccion,buena:completo/semana_anterior
ECOVILLA,2026-08-31 20:20:00,activepower,336.3128,2026-08-31 14:30:00,v4.1.0-produccion,buena:completo/semana_anterior
ECOVILLA,2026-08-31 20:30:00,activepower,308.3393,2026-08-31 14:30:00,v4.1.0-produccion,buena:completo/semana_anterior
ECOVILLA,2026-08-31 20:40:00,activepower,320.57306,2026-08-31 14:30:00,v4.1.0-produccion,buena:completo/semana_anterior
ECOVILLA,2026-08-31 20:50:00,activepower,313.97205,2026-08-31 14:30:00,v4.1.0-produccion,buena:completo/semana_anterior
ECOVILLA,2026-08-31 21:00:00,activepower,318.60245,2026-08-31 14:30:00,v4.1.0-produccion,buena:completo/semana_anterior
ECOVILLA,2026-08-31 21:10:00,activepower,304.2685,2026-08-31 14:30:00,v4.1.0-produccion,buena:completo/semana_anterior
ECOVILLA,2026-08-31 21:20:00,activepower,280.98352,2026-08-31 14:30:00,v4.1.0-produccion,buena:completo/semana_anterior
ECOVILLA,2026-08-31 21:30:00,activepower,319.11438,2026-08-31 14:30:00,v4.1.0-produccion,buena:completo/semana_anterior
ECOVILLA,2026-08-31 21:40:00,activepower,344.88297,2026-08-31 14:30:00,v4.1.0-produccion,buena:completo/semana_anterior
ECOVILLA,2026-08-31 21:50:00,activepower,313.66443,2026-08-31 14:30:00,v4.1.0-produccion,buena:completo/semana_anterior
ECOVILLA,2026-08-31 22:00:00,activepower,312.49796,2026-08-31 14:30:00,v4.1.0-produccion,buena:completo/semana_anterior
ECOVILLA,2026-08-31 22:10:00,activepower,324.67853,2026-08-31 14:30:00,v4.1.0-produccion,buena:completo/semana_anterior
ECOVILLA,2026-08-31 22:20:00,activepower,329.92273,2026-08-31 14:30:00,v4.1.0-produccion,buena:completo/semana_anterior
ECOVILLA,2026-08-31 22:30:00,activepower,366.96588,2026-08-31 14:30:00,v4.1.0-produccion,buena:completo/semana_anterior
ECOVILLA,2026-08-31 22:40:00,activepower,394.1501,2026-08-31 14:30:00,v4.1.0-produccion,buena:completo/semana_anterior
ECOVILLA,2026-08-31 22:50:00,activepower,380.35812,2026-08-31 14:30:00,v4.1.0-produccion,buena:completo/semana_anterior
ECOVILLA,2026-08-31 23:00:00,activepower,398.63892,2026-08-31 14:30:00,v4.1.0-produccion,buena:completo/semana_anterior
ECOVILLA,2026-08-31 23:10:00,activepower,423.81555,2026-08-31 14:30:00,v4.1.0-produccion,buena:completo/semana_anterior
ECOVILLA,2026-08-31 23:20:00,activepower,383.82593,2026-08-31 14:30:00,v4.1.0-produccion,buena:completo/semana_anterior
ECOVILLA,2026-08-31 23:30:00,activepower,392.35553,2026-08-31 14:30:00,v4.1.0-produccion,buena:completo/semana_anterior
ECOVILLA,2026-08-31 23:40:00,activepower,361.74353,2026-08-31 14:30:00,v4.1.0-produccion,buena:completo/semana_anterior
ECOVILLA,2026-08-31 23:50:00,activepower,375.42883,2026-08-31 14:30:00,v4.1.0-produccion,buena:completo/semana_anterior
ECOVILLA,2026-09-01 00:00:00,activepower,391.78564,2026-08-31 14:30:00,v4.1.0-produccion,buena:completo/semana_anterior
ECOVILLA,2026-09-01 00:10:00,activepower,411.91238,2026-08-31 14:30:00,v4.1.0-produccion,buena:completo/semana_anterior
ECOVILLA,2026-09-01 00:20:00,activepower,389.1952,2026-08-31 14:30:00,v4.1.0-produccion,buena:completo/semana_anterior
ECOVILLA,2026-09-01 00:30:00,activepower,398.8098,2026-08-31 14:30:00,v4.1.0-produccion,buena:completo/semana_anterior
ECOVILLA,2026-09-01 00:40:00,activepower,373.85638,2026-08-31 14:30:00,v4.1.0-produccion,buena:completo/semana_anterior
ECOVILLA,2026-09-01 00:50:00,activepower,396.95392,2026-08-31 14:30:00,v4.1.0-produccion,buena:completo/semana_anterior
ECOVILLA,2026-09-01 01:00:00,activepower,379.049,2026-08-31 14:30:00,v4.1.0-produccion,buena:completo/semana_anterior
ECOVILLA,2026-09-01 01:10:00,activepower,377.964,2026-08-31 14:30:00,v4.1.0-produccion,buena:completo/semana_anterior
ECOVILLA,2026-09-01 01:20:00,activepower,357.52264,2026-08-31 14:30:00,v4.1.0-produccion,buena:completo/semana_anterior
ECOVILLA,2026-09-01 01:30:00,activepower,384.61047,2026-08-31 14:30:00,v4.1.0-produccion,buena:completo/semana_anterior
ECOVILLA,2026-09-01 01:40:00,activepower,363.30603,2026-08-31 14:30:00,v4.1.0-produccion,buena:completo/semana_anterior
ECOVILLA,2026-09-01 01:50:00,activepower,357.65552,2026-08-31 14:30:00,v4.1.0-produccion,buena:completo/semana_anterior
ECOVILLA,2026-09-01 02:00:00,activepower,345.1093,2026-08-31 14:30:00,v4.1.0-produccion,buena:completo/semana_anterior
ECOVILLA,2026-09-01 02:10:00,activepower,349.48315,2026-08-31 14:30:00,v4.1.0-produccion,buena:completo/semana_anterior
ECOVILLA,2026-09-01 02:20:00,activepower,355.1392,2026-08-31 14:30:00,v4.1.0-produccion,buena:completo/semana_anterior
ECOVILLA,2026-09-01 02:30:00,activepower,366.85263,2026-08-31 14:30:00,v4.1.0-produccion,buena:completo/semana_anterior
ECOVILLA,2026-09-01 02:40:00,activepower,346.64764,2026-08-31 14:30:00,v4.1.0-produccion,buena:completo/semana_anterior
ECOVILLA,2026-09-01 02:50:00,activepower,330.63437,2026-08-31 14:30:00,v4.1.0-produccion,buena:completo/semana_anterior
ECOVILLA,2026-09-01 03:00:00,activepower,361.49194,2026-08-31 14:30:00,v4.1.0-produccion,buena:completo/semana_anterior
ECOVILLA,2026-09-01 03:10:00,activepower,347.1002,2026-08-31 14:30:00,v4.1.0-produccion,buena:completo/semana_anterior
ECOVILLA,2026-09-01 03:20:00,activepower,388.81854,2026-08-31 14:30:00,v4.1.0-produccion,buena:completo/semana_anterior
ECOVILLA,2026-09-01 03:30:00,activepower,423.19745,2026-08-31 14:30:00,v4.1.0-produccion,buena:completo/semana_anterior
ECOVILLA,2026-09-01 03:40:00,activepower,385.27728,2026-08-31 14:30:00,v4.1.0-produccion,buena:completo/semana_anterior
ECOVILLA,2026-09-01 03:50:00,activepower,416.74298,2026-08-31 14:30:00,v4.1.0-produccion,buena:completo/semana_anterior
ECOVILLA,2026-09-01 04:00:00,activepower,417.24408,2026-08-31 14:30:00,v4.1.0-produccion,buena:completo/semana_anterior
ECOVILLA,2026-09-01 04:10:00,activepower,466.77295,2026-08-31 14:30:00,v4.1.0-produccion,buena:completo/semana_anterior
ECOVILLA,2026-09-01 04:20:00,activepower,466.48346,2026-08-31 14:30:00,v4.1.0-produccion,buena:completo/semana_anterior
ECOVILLA,2026-09-01 04:30:00,activepower,467.46503,2026-08-31 14:30:00,v4.1.0-produccion,buena:completo/semana_anterior
ECOVILLA,2026-09-01 04:40:00,activepower,513.92725,2026-08-31 14:30:00,v4.1.0-produccion,buena:completo/semana_anterior
ECOVILLA,2026-09-01 04:50:00,activepower,519.759,2026-08-31 14:30:00,v4.1.0-produccion,buena:completo/semana_anterior
ECOVILLA,2026-09-01 05:00:00,activepower,551.43164,2026-08-31 14:30:00,v4.1.0-produccion,buena:completo/semana_anterior
ECOVILLA,2026-09-01 05:10:00,activepower,571.2129,2026-08-31 14:30:00,v4.1.0-produccion,buena:completo/semana_anterior
ECOVILLA,2026-09-01 05:20:00,activepower,605.19226,2026-08-31 14:30:00,v4.1.0-produccion,buena:completo/semana_anterior
ECOVILLA,2026-09-01 05:30:00,activepower,621.25037,2026-08-31 14:30:00,v4.1.0-produccion,buena:completo/semana_anterior
ECOVILLA,2026-09-01 05:40:00,activepower,639.1566,2026-08-31 14:30:00,v4.1.0-produccion,buena:completo/semana_anterior
ECOVILLA,2026-09-01 05:50:00,activepower,659.6762,2026-08-31 14:30:00,v4.1.0-produccion,buena:completo/semana_anterior
ECOVILLA,2026-09-01 06:00:00,activepower,699.6859,2026-08-31 14:30:00,v4.1.0-produccion,buena:completo/semana_anterior
ECOVILLA,2026-09-01 06:10:00,activepower,725.87915,2026-08-31 14:30:00,v4.1.0-produccion,buena:completo/semana_anterior
ECOVILLA,2026-09-01 06:20:00,activepower,760.9297,2026-08-31 14:30:00,v4.1.0-produccion,buena:completo/semana_anterior
ECOVILLA,2026-09-01 06:30:00,activepower,758.11365,2026-08-31 14:30:00,v4.1.0-produccion,buena:completo/semana_anterior
ECOVILLA,2026-09-01 06:40:00,activepower,761.74866,2026-08-31 14:30:00,v4.1.0-produccion,buena:completo/semana_anterior
ECOVILLA,2026-09-01 06:50:00,activepower,790.8329,2026-08-31 14:30:00,v4.1.0-produccion,buena:completo/semana_anterior
ECOVILLA,2026-09-01 07:00:00,activepower,806.6062,2026-08-31 14:30:00,v4.1.0-produccion,buena:completo/semana_anterior
ECOVILLA,2026-09-01 07:10:00,activepower,850.4031,2026-08-31 14:30:00,v4.1.0-produccion,buena:completo/semana_anterior
ECOVILLA,2026-09-01 07:20:00,activepower,896.10315,2026-08-31 14:30:00,v4.1.0-produccion,buena:completo/semana_anterior
ECOVILLA,2026-09-01 07:30:00,activepower,893.53284,2026-08-31 14:30:00,v4.1.0-produccion,buena:completo/semana_anterior
ECOVILLA,2026-09-01 07:40:00,activepower,886.2345,2026-08-31 14:30:00,v4.1.0-produccion,buena:completo/semana_anterior
ECOVILLA,2026-09-01 07:50:00,activepower,916.05444,2026-08-31 14:30:00,v4.1.0-produccion,buena:completo/semana_anterior
ECOVILLA,2026-09-01 08:00:00,activepower,946.18066,2026-08-31 14:30:00,v4.1.0-produccion,buena:completo/semana_anterior
ECOVILLA,2026-09-01 08:10:00,activepower,986.3097,2026-08-31 14:30:00,v4.1.0-produccion,buena:completo/semana_anterior
ECOVILLA,2026-09-01 08:20:00,activepower,1029.266,2026-08-31 14:30:00,v4.1.0-produccion,buena:completo/semana_anterior
ECOVILLA,2026-09-01 08:30:00,activepower,1043.9357,2026-08-31 14:30:00,v4.1.0-produccion,buena:completo/semana_anterior
ECOVILLA,2026-09-01 08:40:00,activepower,1064.9371,2026-08-31 14:30:00,v4.1.0-produccion,buena:completo/semana_anterior
ECOVILLA,2026-09-01 08:50:00,activepower,1110.7471,2026-08-31 14:30:00,v4.1.0-produccion,buena:completo/semana_anterior
ECOVILLA,2026-09-01 09:00:00,activepower,1126.3319,2026-08-31 14:30:00,v4.1.0-produccion,buena:completo/semana_anterior
ECOVILLA,2026-09-01 09:10:00,activepower,1215.3104,2026-08-31 14:30:00,v4.1.0-produccion,buena:completo/semana_anterior
ECOVILLA,2026-09-01 09:20:00,activepower,1275.7373,2026-08-31 14:30:00,v4.1.0-produccion,buena:completo/semana_anterior
ECOVILLA,2026-09-01 09:30:00,activepower,1331.816,2026-08-31 14:30:00,v4.1.0-produccion,buena:completo/semana_anterior
ECOVILLA,2026-09-01 09:40:00,activepower,1390.0122,2026-08-31 14:30:00,v4.1.0-produccion,buena:completo/semana_anterior
ECOVILLA,2026-09-01 09:50:00,activepower,1441.0105,2026-08-31 14:30:00,v4.1.0-produccion,buena:completo/semana_anterior
ECOVILLA,2026-09-01 10:00:00,activepower,1510.9713,2026-08-31 14:30:00,v4.1.0-produccion,buena:completo/semana_anterior
ECOVILLA,2026-09-01 10:10:00,activepower,1579.2911,2026-08-31 14:30:00,v4.1.0-produccion,buena:completo/semana_anterior
ECOVILLA,2026-09-01 10:20:00,activepower,1667.7645,2026-08-31 14:30:00,v4.1.0-produccion,buena:completo/semana_anterior
ECOVILLA,2026-09-01 10:30:00,activepower,1735.0321,2026-08-31 14:30:00,v4.1.0-produccion,buena:completo/semana_anterior
ECOVILLA,2026-09-01 10:40:00,activepower,1784.8481,2026-08-31 14:30:00,v4.1.0-produccion,buena:completo/semana_anterior
ECOVILLA,2026-09-01 10:50:00,activepower,1858.8871,2026-08-31 14:30:00,v4.1.0-produccion,buena:completo/semana_anterior
ECOVILLA,2026-09-01 11:00:00,activepower,1912.1917,2026-08-31 14:30:00,v4.1.0-produccion,buena:completo/semana_anterior
ECOVILLA,2026-09-01 11:10:00,activepower,1985.016,2026-08-31 14:30:00,v4.1.0-produccion,buena:completo/semana_anterior
ECOVILLA,2026-09-01 11:20:00,activepower,2008.795,2026-08-31 14:30:00,v4.1.0-produccion,buena:completo/semana_anterior
ECOVILLA,2026-09-01 11:30:00,activepower,2076.9846,2026-08-31 14:30:00,v4.1.0-produccion,buena:completo/semana_anterior
ECOVILLA,2026-09-01 11:40:00,activepower,2063.6072,2026-08-31 14:30:00,v4.1.0-produccion,buena:completo/semana_anterior
ECOVILLA,2026-09-01 11:50:00,activepower,2139.2473,2026-08-31 14:30:00,v4.1.0-produccion,buena:completo/semana_anterior
ECOVILLA,2026-09-01 12:00:00,activepower,2152.311,2026-08-31 14:30:00,v4.1.0-produccion,buena:completo/semana_anterior
ECOVILLA,2026-09-01 12:10:00,activepower,2152.5464,2026-08-31 14:30:00,v4.1.0-produccion,buena:completo/semana_anterior
ECOVILLA,2026-09-01 12:20:00,activepower,2177.6177,2026-08-31 14:30:00,v4.1.0-produccion,buena:completo/semana_anterior
ECOVILLA,2026-09-01 12:30:00,activepower,2194.4343,2026-08-31 14:30:00,v4.1.0-produccion,buena:completo/semana_anterior
ECOVILLA,2026-09-01 12:40:00,activepower,2203.9805,2026-08-31 14:30:00,v4.1.0-produccion,buena:completo/semana_anterior
ECOVILLA,2026-09-01 12:50:00,activepower,2194.056,2026-08-31 14:30:00,v4.1.0-produccion,buena:completo/semana_anterior
ECOVILLA,2026-09-01 13:00:00,activepower,2219.6128,2026-08-31 14:30:00,v4.1.0-produccion,buena:completo/semana_anterior
ECOVILLA,2026-09-01 13:10:00,activepower,2142.626,2026-08-31 14:30:00,v4.1.0-produccion,buena:completo/semana_anterior
ECOVILLA,2026-09-01 13:20:00,activepower,2152.4888,2026-08-31 14:30:00,v4.1.0-produccion,buena:completo/semana_anterior
ECOVILLA,2026-09-01 13:30:00,activepower,2159.537,2026-08-31 14:30:00,v4.1.0-produccion,buena:completo/semana_anterior
ECOVILLA,2026-09-01 13:40:00,activepower,2116.298,2026-08-31 14:30:00,v4.1.0-produccion,buena:completo/semana_anterior
ECOVILLA,2026-09-01 13:50:00,activepower,2074.6472,2026-08-31 14:30:00,v4.1.0-produccion,buena:completo/semana_anterior
ECOVILLA,2026-09-01 14:00:00,activepower,2091.2349,2026-08-31 14:30:00,v4.1.0-produccion,buena:completo/semana_anterior
ECOVILLA,2026-09-01 14:10:00,activepower,2014.7456,2026-08-31 14:30:00,v4.1.0-produccion,buena:completo/semana_anterior
ECOVILLA,2026-09-01 14:20:00,activepower,1976.6973,2026-08-31 14:30:00,v4.1.0-produccion,buena:completo/semana_anterior
ECOVILLA,2026-09-01 14:30:00,activepower,1993.5688,2026-08-31 14:30:00,v4.1.0-produccion,buena:completo/semana_anterior
ECOVILLA,2026-08-31 14:40:00,totalpowerfactor,0.8622253,2026-08-31 14:30:00,v4.1.0-produccion,buena:completo/semana_anterior
ECOVILLA,2026-08-31 14:50:00,totalpowerfactor,0.86250067,2026-08-31 14:30:00,v4.1.0-produccion,buena:completo/semana_anterior
ECOVILLA,2026-08-31 15:00:00,totalpowerfactor,0.86176956,2026-08-31 14:30:00,v4.1.0-produccion,buena:completo/semana_anterior
ECOVILLA,2026-08-31 15:10:00,totalpowerfactor,0.8623518,2026-08-31 14:30:00,v4.1.0-produccion,buena:completo/semana_anterior
ECOVILLA,2026-08-31 15:20:00,totalpowerfactor,0.8633608,2026-08-31 14:30:00,v4.1.0-produccion,buena:completo/semana_anterior
ECOVILLA,2026-08-31 15:30:00,totalpowerfactor,0.8639867,2026-08-31 14:30:00,v4.1.0-produccion,buena:completo/semana_anterior
ECOVILLA,2026-08-31 15:40:00,totalpowerfactor,0.86384696,2026-08-31 14:30:00,v4.1.0-produccion,buena:completo/semana_anterior
ECOVILLA,2026-08-31 15:50:00,totalpowerfactor,0.8638964,2026-08-31 14:30:00,v4.1.0-produccion,buena:completo/semana_anterior
ECOVILLA,2026-08-31 16:00:00,totalpowerfactor,0.86547077,2026-08-31 14:30:00,v4.1.0-produccion,buena:completo/semana_anterior
ECOVILLA,2026-08-31 16:10:00,totalpowerfactor,0.86456734,2026-08-31 14:30:00,v4.1.0-produccion,buena:completo/semana_anterior
ECOVILLA,2026-08-31 16:20:00,totalpowerfactor,0.8641004,2026-08-31 14:30:00,v4.1.0-produccion,buena:completo/semana_anterior
ECOVILLA,2026-08-31 16:30:00,totalpowerfactor,0.8681843,2026-08-31 14:30:00,v4.1.0-produccion,buena:completo/semana_anterior
ECOVILLA,2026-08-31 16:40:00,totalpowerfactor,0.8651304,2026-08-31 14:30:00,v4.1.0-produccion,buena:completo/semana_anterior
ECOVILLA,2026-08-31 16:50:00,totalpowerfactor,0.8692572,2026-08-31 14:30:00,v4.1.0-produccion,buena:completo/semana_anterior
ECOVILLA,2026-08-31 17:00:00,totalpowerfactor,0.8651076,2026-08-31 14:30:00,v4.1.0-produccion,buena:completo/semana_anterior
ECOVILLA,2026-08-31 17:10:00,totalpowerfactor,0.86680555,2026-08-31 14:30:00,v4.1.0-produccion,buena:completo/semana_anterior
ECOVILLA,2026-08-31 17:20:00,totalpowerfactor,0.8650288,2026-08-31 14:30:00,v4.1.0-produccion,buena:completo/semana_anterior
ECOVILLA,2026-08-31 17:30:00,totalpowerfactor,0.8668223,2026-08-31 14:30:00,v4.1.0-produccion,buena:completo/semana_anterior
ECOVILLA,2026-08-31 17:40:00,totalpowerfactor,0.866464,2026-08-31 14:30:00,v4.1.0-produccion,buena:completo/semana_anterior
ECOVILLA,2026-08-31 17:50:00,totalpowerfactor,0.8667678,2026-08-31 14:30:00,v4.1.0-produccion,buena:completo/semana_anterior
ECOVILLA,2026-08-31 18:00:00,totalpowerfactor,0.8644448,2026-08-31 14:30:00,v4.1.0-produccion,buena:completo/semana_anterior
ECOVILLA,2026-08-31 18:10:00,totalpowerfactor,0.8633331,2026-08-31 14:30:00,v4.1.0-produccion,buena:completo/semana_anterior
ECOVILLA,2026-08-31 18:20:00,totalpowerfactor,0.8617316,2026-08-31 14:30:00,v4.1.0-produccion,buena:completo/semana_anterior
ECOVILLA,2026-08-31 18:30:00,totalpowerfactor,0.8650924,2026-08-31 14:30:00,v4.1.0-produccion,buena:completo/semana_anterior
ECOVILLA,2026-08-31 18:40:00,totalpowerfactor,0.86199534,2026-08-31 14:30:00,v4.1.0-produccion,buena:completo/semana_anterior
ECOVILLA,2026-08-31 18:50:00,totalpowerfactor,0.86026496,2026-08-31 14:30:00,v4.1.0-produccion,buena:completo/semana_anterior
ECOVILLA,2026-08-31 19:00:00,totalpowerfactor,0.8596163,2026-08-31 14:30:00,v4.1.0-produccion,buena:completo/semana_anterior
ECOVILLA,2026-08-31 19:10:00,totalpowerfactor,0.856039,2026-08-31 14:30:00,v4.1.0-produccion,buena:completo/semana_anterior
ECOVILLA,2026-08-31 19:20:00,totalpowerfactor,0.85503936,2026-08-31 14:30:00,v4.1.0-produccion,buena:completo/semana_anterior
ECOVILLA,2026-08-31 19:30:00,totalpowerfactor,0.8544511,2026-08-31 14:30:00,v4.1.0-produccion,buena:completo/semana_anterior
ECOVILLA,2026-08-31 19:40:00,totalpowerfactor,0.85148096,2026-08-31 14:30:00,v4.1.0-produccion,buena:completo/semana_anterior
ECOVILLA,2026-08-31 19:50:00,totalpowerfactor,0.84844154,2026-08-31 14:30:00,v4.1.0-produccion,buena:completo/semana_anterior
ECOVILLA,2026-08-31 20:00:00,totalpowerfactor,0.84883815,2026-08-31 14:30:00,v4.1.0-produccion,buena:completo/semana_anterior
ECOVILLA,2026-08-31 20:10:00,totalpowerfactor,0.8458562,2026-08-31 14:30:00,v4.1.0-produccion,buena:completo/semana_anterior
ECOVILLA,2026-08-31 20:20:00,totalpowerfactor,0.8449343,2026-08-31 14:30:00,v4.1.0-produccion,buena:completo/semana_anterior
ECOVILLA,2026-08-31 20:30:00,totalpowerfactor,0.8416234,2026-08-31 14:30:00,v4.1.0-produccion,buena:completo/semana_anterior
ECOVILLA,2026-08-31 20:40:00,totalpowerfactor,0.84121966,2026-08-31 14:30:00,v4.1.0-produccion,buena:completo/semana_anterior
ECOVILLA,2026-08-31 20:50:00,totalpowerfactor,0.840734,2026-08-31 14:30:00,v4.1.0-produccion,buena:completo/semana_anterior
ECOVILLA,2026-08-31 21:00:00,totalpowerfactor,0.83950794,2026-08-31 14:30:00,v4.1.0-produccion,buena:completo/semana_anterior
ECOVILLA,2026-08-31 21:10:00,totalpowerfactor,0.8407613,2026-08-31 14:30:00,v4.1.0-produccion,buena:completo/semana_anterior
ECOVILLA,2026-08-31 21:20:00,totalpowerfactor,0.8342435,2026-08-31 14:30:00,v4.1.0-produccion,buena:completo/semana_anterior
ECOVILLA,2026-08-31 21:30:00,totalpowerfactor,0.8375081,2026-08-31 14:30:00,v4.1.0-produccion,buena:completo/semana_anterior
ECOVILLA,2026-08-31 21:40:00,totalpowerfactor,0.83366466,2026-08-31 14:30:00,v4.1.0-produccion,buena:completo/semana_anterior
ECOVILLA,2026-08-31 21:50:00,totalpowerfactor,0.8294244,2026-08-31 14:30:00,v4.1.0-produccion,buena:completo/semana_anterior
ECOVILLA,2026-08-31 22:00:00,totalpowerfactor,0.83076024,2026-08-31 14:30:00,v4.1.0-produccion,buena:completo/semana_anterior
ECOVILLA,2026-08-31 22:10:00,totalpowerfactor,0.8305238,2026-08-31 14:30:00,v4.1.0-produccion,buena:completo/semana_anterior
ECOVILLA,2026-08-31 22:20:00,totalpowerfactor,0.825004,2026-08-31 14:30:00,v4.1.0-produccion,buena:completo/semana_anterior
ECOVILLA,2026-08-31 22:30:00,totalpowerfactor,0.8234199,2026-08-31 14:30:00,v4.1.0-produccion,buena:completo/semana_anterior
ECOVILLA,2026-08-31 22:40:00,totalpowerfactor,0.82323396,2026-08-31 14:30:00,v4.1.0-produccion,buena:completo/semana_anterior
ECOVILLA,2026-08-31 22:50:00,totalpowerfactor,0.8232959,2026-08-31 14:30:00,v4.1.0-produccion,buena:completo/semana_anterior
ECOVILLA,2026-08-31 23:00:00,totalpowerfactor,0.823418,2026-08-31 14:30:00,v4.1.0-produccion,buena:completo/semana_anterior
ECOVILLA,2026-08-31 23:10:00,totalpowerfactor,0.82018185,2026-08-31 14:30:00,v4.1.0-produccion,buena:completo/semana_anterior
ECOVILLA,2026-08-31 23:20:00,totalpowerfactor,0.81569445,2026-08-31 14:30:00,v4.1.0-produccion,buena:completo/semana_anterior
ECOVILLA,2026-08-31 23:30:00,totalpowerfactor,0.8194922,2026-08-31 14:30:00,v4.1.0-produccion,buena:completo/semana_anterior
ECOVILLA,2026-08-31 23:40:00,totalpowerfactor,0.81697035,2026-08-31 14:30:00,v4.1.0-produccion,buena:completo/semana_anterior
ECOVILLA,2026-08-31 23:50:00,totalpowerfactor,0.8120682,2026-08-31 14:30:00,v4.1.0-produccion,buena:completo/semana_anterior
ECOVILLA,2026-09-01 00:00:00,totalpowerfactor,0.8148743,2026-08-31 14:30:00,v4.1.0-produccion,buena:completo/semana_anterior
ECOVILLA,2026-09-01 00:10:00,totalpowerfactor,0.81509274,2026-08-31 14:30:00,v4.1.0-produccion,buena:completo/semana_anterior
ECOVILLA,2026-09-01 00:20:00,totalpowerfactor,0.8061469,2026-08-31 14:30:00,v4.1.0-produccion,buena:completo/semana_anterior
ECOVILLA,2026-09-01 00:30:00,totalpowerfactor,0.8070736,2026-08-31 14:30:00,v4.1.0-produccion,buena:completo/semana_anterior
ECOVILLA,2026-09-01 00:40:00,totalpowerfactor,0.8060363,2026-08-31 14:30:00,v4.1.0-produccion,buena:completo/semana_anterior
ECOVILLA,2026-09-01 00:50:00,totalpowerfactor,0.80457103,2026-08-31 14:30:00,v4.1.0-produccion,buena:completo/semana_anterior
ECOVILLA,2026-09-01 01:00:00,totalpowerfactor,0.80436814,2026-08-31 14:30:00,v4.1.0-produccion,buena:completo/semana_anterior
ECOVILLA,2026-09-01 01:10:00,totalpowerfactor,0.8048042,2026-08-31 14:30:00,v4.1.0-produccion,buena:completo/semana_anterior
ECOVILLA,2026-09-01 01:20:00,totalpowerfactor,0.8010806,2026-08-31 14:30:00,v4.1.0-produccion,buena:completo/semana_anterior
ECOVILLA,2026-09-01 01:30:00,totalpowerfactor,0.7992059,2026-08-31 14:30:00,v4.1.0-produccion,buena:completo/semana_anterior
ECOVILLA,2026-09-01 01:40:00,totalpowerfactor,0.7986469,2026-08-31 14:30:00,v4.1.0-produccion,buena:completo/semana_anterior
ECOVILLA,2026-09-01 01:50:00,totalpowerfactor,0.79767245,2026-08-31 14:30:00,v4.1.0-produccion,buena:completo/semana_anterior
ECOVILLA,2026-09-01 02:00:00,totalpowerfactor,0.7970313,2026-08-31 14:30:00,v4.1.0-produccion,buena:completo/semana_anterior
ECOVILLA,2026-09-01 02:10:00,totalpowerfactor,0.7972735,2026-08-31 14:30:00,v4.1.0-produccion,buena:completo/semana_anterior
ECOVILLA,2026-09-01 02:20:00,totalpowerfactor,0.7938292,2026-08-31 14:30:00,v4.1.0-produccion,buena:completo/semana_anterior
ECOVILLA,2026-09-01 02:30:00,totalpowerfactor,0.7989775,2026-08-31 14:30:00,v4.1.0-produccion,buena:completo/semana_anterior
ECOVILLA,2026-09-01 02:40:00,totalpowerfactor,0.79851246,2026-08-31 14:30:00,v4.1.0-produccion,buena:completo/semana_anterior
ECOVILLA,2026-09-01 02:50:00,totalpowerfactor,0.8002579,2026-08-31 14:30:00,v4.1.0-produccion,buena:completo/semana_anterior
ECOVILLA,2026-09-01 03:00:00,totalpowerfactor,0.7993275,2026-08-31 14:30:00,v4.1.0-produccion,buena:completo/semana_anterior
ECOVILLA,2026-09-01 03:10:00,totalpowerfactor,0.8003825,2026-08-31 14:30:00,v4.1.0-produccion,buena:completo/semana_anterior
ECOVILLA,2026-09-01 03:20:00,totalpowerfactor,0.7956915,2026-08-31 14:30:00,v4.1.0-produccion,buena:completo/semana_anterior
ECOVILLA,2026-09-01 03:30:00,totalpowerfactor,0.8026963,2026-08-31 14:30:00,v4.1.0-produccion,buena:completo/semana_anterior
ECOVILLA,2026-09-01 03:40:00,totalpowerfactor,0.80002016,2026-08-31 14:30:00,v4.1.0-produccion,buena:completo/semana_anterior
ECOVILLA,2026-09-01 03:50:00,totalpowerfactor,0.8029522,2026-08-31 14:30:00,v4.1.0-produccion,buena:completo/semana_anterior
ECOVILLA,2026-09-01 04:00:00,totalpowerfactor,0.8062786,2026-08-31 14:30:00,v4.1.0-produccion,buena:completo/semana_anterior
ECOVILLA,2026-09-01 04:10:00,totalpowerfactor,0.80713123,2026-08-31 14:30:00,v4.1.0-produccion,buena:completo/semana_anterior
ECOVILLA,2026-09-01 04:20:00,totalpowerfactor,0.80736315,2026-08-31 14:30:00,v4.1.0-produccion,buena:completo/semana_anterior
ECOVILLA,2026-09-01 04:30:00,totalpowerfactor,0.8096579,2026-08-31 14:30:00,v4.1.0-produccion,buena:completo/semana_anterior
ECOVILLA,2026-09-01 04:40:00,totalpowerfactor,0.8096901,2026-08-31 14:30:00,v4.1.0-produccion,buena:completo/semana_anterior
ECOVILLA,2026-09-01 04:50:00,totalpowerfactor,0.81136894,2026-08-31 14:30:00,v4.1.0-produccion,buena:completo/semana_anterior
ECOVILLA,2026-09-01 05:00:00,totalpowerfactor,0.8170356,2026-08-31 14:30:00,v4.1.0-produccion,buena:completo/semana_anterior
ECOVILLA,2026-09-01 05:10:00,totalpowerfactor,0.815428,2026-08-31 14:30:00,v4.1.0-produccion,buena:completo/semana_anterior
ECOVILLA,2026-09-01 05:20:00,totalpowerfactor,0.8197494,2026-08-31 14:30:00,v4.1.0-produccion,buena:completo/semana_anterior
ECOVILLA,2026-09-01 05:30:00,totalpowerfactor,0.82034594,2026-08-31 14:30:00,v4.1.0-produccion,buena:completo/semana_anterior
ECOVILLA,2026-09-01 05:40:00,totalpowerfactor,0.81937677,2026-08-31 14:30:00,v4.1.0-produccion,buena:completo/semana_anterior
ECOVILLA,2026-09-01 05:50:00,totalpowerfactor,0.82270825,2026-08-31 14:30:00,v4.1.0-produccion,buena:completo/semana_anterior
ECOVILLA,2026-09-01 06:00:00,totalpowerfactor,0.8283315,2026-08-31 14:30:00,v4.1.0-produccion,buena:completo/semana_anterior
ECOVILLA,2026-09-01 06:10:00,totalpowerfactor,0.82933176,2026-08-31 14:30:00,v4.1.0-produccion,buena:completo/semana_anterior
ECOVILLA,2026-09-01 06:20:00,totalpowerfactor,0.8331579,2026-08-31 14:30:00,v4.1.0-produccion,buena:completo/semana_anterior
ECOVILLA,2026-09-01 06:30:00,totalpowerfactor,0.8349373,2026-08-31 14:30:00,v4.1.0-produccion,buena:completo/semana_anterior
ECOVILLA,2026-09-01 06:40:00,totalpowerfactor,0.8361677,2026-08-31 14:30:00,v4.1.0-produccion,buena:completo/semana_anterior
ECOVILLA,2026-09-01 06:50:00,totalpowerfactor,0.84066397,2026-08-31 14:30:00,v4.1.0-produccion,buena:completo/semana_anterior
ECOVILLA,2026-09-01 07:00:00,totalpowerfactor,0.8471051,2026-08-31 14:30:00,v4.1.0-produccion,buena:completo/semana_anterior
ECOVILLA,2026-09-01 07:10:00,totalpowerfactor,0.8490906,2026-08-31 14:30:00,v4.1.0-produccion,buena:completo/semana_anterior
ECOVILLA,2026-09-01 07:20:00,totalpowerfactor,0.8539452,2026-08-31 14:30:00,v4.1.0-produccion,buena:completo/semana_anterior
ECOVILLA,2026-09-01 07:30:00,totalpowerfactor,0.8589604,2026-08-31 14:30:00,v4.1.0-produccion,buena:completo/semana_anterior
ECOVILLA,2026-09-01 07:40:00,totalpowerfactor,0.8631941,2026-08-31 14:30:00,v4.1.0-produccion,buena:completo/semana_anterior
ECOVILLA,2026-09-01 07:50:00,totalpowerfactor,0.8680725,2026-08-31 14:30:00,v4.1.0-produccion,buena:completo/semana_anterior
ECOVILLA,2026-09-01 08:00:00,totalpowerfactor,0.8741243,2026-08-31 14:30:00,v4.1.0-produccion,buena:completo/semana_anterior
ECOVILLA,2026-09-01 08:10:00,totalpowerfactor,0.87993336,2026-08-31 14:30:00,v4.1.0-produccion,buena:completo/semana_anterior
ECOVILLA,2026-09-01 08:20:00,totalpowerfactor,0.8823657,2026-08-31 14:30:00,v4.1.0-produccion,buena:completo/semana_anterior
ECOVILLA,2026-09-01 08:30:00,totalpowerfactor,0.8874785,2026-08-31 14:30:00,v4.1.0-produccion,buena:completo/semana_anterior
ECOVILLA,2026-09-01 08:40:00,totalpowerfactor,0.8899882,2026-08-31 14:30:00,v4.1.0-produccion,buena:completo/semana_anterior
ECOVILLA,2026-09-01 08:50:00,totalpowerfactor,0.89153993,2026-08-31 14:30:00,v4.1.0-produccion,buena:completo/semana_anterior
ECOVILLA,2026-09-01 09:00:00,totalpowerfactor,0.9018288,2026-08-31 14:30:00,v4.1.0-produccion,buena:completo/semana_anterior
ECOVILLA,2026-09-01 09:10:00,totalpowerfactor,0.9026811,2026-08-31 14:30:00,v4.1.0-produccion,buena:completo/semana_anterior
ECOVILLA,2026-09-01 09:20:00,totalpowerfactor,0.9080969,2026-08-31 14:30:00,v4.1.0-produccion,buena:completo/semana_anterior
ECOVILLA,2026-09-01 09:30:00,totalpowerfactor,0.91187835,2026-08-31 14:30:00,v4.1.0-produccion,buena:completo/semana_anterior
ECOVILLA,2026-09-01 09:40:00,totalpowerfactor,0.9107264,2026-08-31 14:30:00,v4.1.0-produccion,buena:completo/semana_anterior
ECOVILLA,2026-09-01 09:50:00,totalpowerfactor,0.91325355,2026-08-31 14:30:00,v4.1.0-produccion,buena:completo/semana_anterior
ECOVILLA,2026-09-01 10:00:00,totalpowerfactor,0.92064244,2026-08-31 14:30:00,v4.1.0-produccion,buena:completo/semana_anterior
ECOVILLA,2026-09-01 10:10:00,totalpowerfactor,0.920843,2026-08-31 14:30:00,v4.1.0-produccion,buena:completo/semana_anterior
ECOVILLA,2026-09-01 10:20:00,totalpowerfactor,0.92326033,2026-08-31 14:30:00,v4.1.0-produccion,buena:completo/semana_anterior
ECOVILLA,2026-09-01 10:30:00,totalpowerfactor,0.9260169,2026-08-31 14:30:00,v4.1.0-produccion,buena:completo/semana_anterior
ECOVILLA,2026-09-01 10:40:00,totalpowerfactor,0.9238212,2026-08-31 14:30:00,v4.1.0-produccion,buena:completo/semana_anterior
ECOVILLA,2026-09-01 10:50:00,totalpowerfactor,0.92310834,2026-08-31 14:30:00,v4.1.0-produccion,buena:completo/semana_anterior
ECOVILLA,2026-09-01 11:00:00,totalpowerfactor,0.92467296,2026-08-31 14:30:00,v4.1.0-produccion,buena:completo/semana_anterior
ECOVILLA,2026-09-01 11:10:00,totalpowerfactor,0.9236369,2026-08-31 14:30:00,v4.1.0-produccion,buena:completo/semana_anterior
ECOVILLA,2026-09-01 11:20:00,totalpowerfactor,0.92729086,2026-08-31 14:30:00,v4.1.0-produccion,buena:completo/semana_anterior
ECOVILLA,2026-09-01 11:30:00,totalpowerfactor,0.9291481,2026-08-31 14:30:00,v4.1.0-produccion,buena:completo/semana_anterior
ECOVILLA,2026-09-01 11:40:00,totalpowerfactor,0.9291415,2026-08-31 14:30:00,v4.1.0-produccion,buena:completo/semana_anterior
ECOVILLA,2026-09-01 11:50:00,totalpowerfactor,0.92957175,2026-08-31 14:30:00,v4.1.0-produccion,buena:completo/semana_anterior
ECOVILLA,2026-09-01 12:00:00,totalpowerfactor,0.930071,2026-08-31 14:30:00,v4.1.0-produccion,buena:completo/semana_anterior
ECOVILLA,2026-09-01 12:10:00,totalpowerfactor,0.9281131,2026-08-31 14:30:00,v4.1.0-produccion,buena:completo/semana_anterior
ECOVILLA,2026-09-01 12:20:00,totalpowerfactor,0.9272838,2026-08-31 14:30:00,v4.1.0-produccion,buena:completo/semana_anterior
ECOVILLA,2026-09-01 12:30:00,totalpowerfactor,0.93126893,2026-08-31 14:30:00,v4.1.0-produccion,buena:completo/semana_anterior
ECOVILLA,2026-09-01 12:40:00,totalpowerfactor,0.9286312,2026-08-31 14:30:00,v4.1.0-produccion,buena:completo/semana_anterior
ECOVILLA,2026-09-01 12:50:00,totalpowerfactor,0.9293555,2026-08-31 14:30:00,v4.1.0-produccion,buena:completo/semana_anterior
ECOVILLA,2026-09-01 13:00:00,totalpowerfactor,0.92966443,2026-08-31 14:30:00,v4.1.0-produccion,buena:completo/semana_anterior
ECOVILLA,2026-09-01 13:10:00,totalpowerfactor,0.9307835,2026-08-31 14:30:00,v4.1.0-produccion,buena:completo/semana_anterior
ECOVILLA,2026-09-01 13:20:00,totalpowerfactor,0.9304073,2026-08-31 14:30:00,v4.1.0-produccion,buena:completo/semana_anterior
ECOVILLA,2026-09-01 13:30:00,totalpowerfactor,0.9317912,2026-08-31 14:30:00,v4.1.0-produccion,buena:completo/semana_anterior
ECOVILLA,2026-09-01 13:40:00,totalpowerfactor,0.93354666,2026-08-31 14:30:00,v4.1.0-produccion,buena:completo/semana_anterior
ECOVILLA,2026-09-01 13:50:00,totalpowerfactor,0.9309101,2026-08-31 14:30:00,v4.1.0-produccion,buena:completo/semana_anterior
ECOVILLA,2026-09-01 14:00:00,totalpowerfactor,0.93161416,2026-08-31 14:30:00,v4.1.0-produccion,buena:completo/semana_anterior
ECOVILLA,2026-09-01 14:10:00,totalpowerfactor,0.93212986,2026-08-31 14:30:00,v4.1.0-produccion,buena:completo/semana_anterior
ECOVILLA,2026-09-01 14:20:00,totalpowerfactor,0.93207526,2026-08-31 14:30:00,v4.1.0-produccion,buena:completo/semana_anterior
ECOVILLA,2026-09-01 14:30:00,totalpowerfactor,0.9302765,2026-08-31 14:30:00,v4.1.0-produccion,buena:completo/semana_anterior
ECOVILLA,2026-08-31 14:40:00,voltaje_promedio,125.77198,2026-08-31 14:30:00,v4.1.0-produccion,buena:completo/semana_anterior
ECOVILLA,2026-08-31 14:50:00,voltaje_promedio,125.81276,2026-08-31 14:30:00,v4.1.0-produccion,buena:completo/semana_anterior
ECOVILLA,2026-08-31 15:00:00,voltaje_promedio,125.758896,2026-08-31 14:30:00,v4.1.0-produccion,buena:completo/semana_anterior
ECOVILLA,2026-08-31 15:10:00,voltaje_promedio,125.85736,2026-08-31 14:30:00,v4.1.0-produccion,buena:completo/semana_anterior
ECOVILLA,2026-08-31 15:20:00,voltaje_promedio,125.803406,2026-08-31 14:30:00,v4.1.0-produccion,buena:completo/semana_anterior
ECOVILLA,2026-08-31 15:30:00,voltaje_promedio,125.95416,2026-08-31 14:30:00,v4.1.0-produccion,buena:completo/semana_anterior
ECOVILLA,2026-08-31 15:40:00,voltaje_promedio,126.11416,2026-08-31 14:30:00,v4.1.0-produccion,buena:completo/semana_anterior
ECOVILLA,2026-08-31 15:50:00,voltaje_promedio,126.122444,2026-08-31 14:30:00,v4.1.0-produccion,buena:completo/semana_anterior
ECOVILLA,2026-08-31 16:00:00,voltaje_promedio,126.09721,2026-08-31 14:30:00,v4.1.0-produccion,buena:completo/semana_anterior
ECOVILLA,2026-08-31 16:10:00,voltaje_promedio,126.18561,2026-08-31 14:30:00,v4.1.0-produccion,buena:completo/semana_anterior
ECOVILLA,2026-08-31 16:20:00,voltaje_promedio,126.13069,2026-08-31 14:30:00,v4.1.0-produccion,buena:completo/semana_anterior
ECOVILLA,2026-08-31 16:30:00,voltaje_promedio,126.16946,2026-08-31 14:30:00,v4.1.0-produccion,buena:completo/semana_anterior
ECOVILLA,2026-08-31 16:40:00,voltaje_promedio,126.23483,2026-08-31 14:30:00,v4.1.0-produccion,buena:completo/semana_anterior
ECOVILLA,2026-08-31 16:50:00,voltaje_promedio,126.30141,2026-08-31 14:30:00,v4.1.0-produccion,buena:completo/semana_anterior
ECOVILLA,2026-08-31 17:00:00,voltaje_promedio,126.29279,2026-08-31 14:30:00,v4.1.0-produccion,buena:completo/semana_anterior
ECOVILLA,2026-08-31 17:10:00,voltaje_promedio,126.265854,2026-08-31 14:30:00,v4.1.0-produccion,buena:completo/semana_anterior
ECOVILLA,2026-08-31 17:20:00,voltaje_promedio,126.404854,2026-08-31 14:30:00,v4.1.0-produccion,buena:completo/semana_anterior
ECOVILLA,2026-08-31 17:30:00,voltaje_promedio,126.481735,2026-08-31 14:30:00,v4.1.0-produccion,buena:completo/semana_anterior
ECOVILLA,2026-08-31 17:40:00,voltaje_promedio,126.45491,2026-08-31 14:30:00,v4.1.0-produccion,buena:completo/semana_anterior
ECOVILLA,2026-08-31 17:50:00,voltaje_promedio,126.617455,2026-08-31 14:30:00,v4.1.0-produccion,buena:completo/semana_anterior
ECOVILLA,2026-08-31 18:00:00,voltaje_promedio,126.537445,2026-08-31 14:30:00,v4.1.0-produccion,buena:completo/semana_anterior
ECOVILLA,2026-08-31 18:10:00,voltaje_promedio,126.67825,2026-08-31 14:30:00,v4.1.0-produccion,buena:completo/semana_anterior
ECOVILLA,2026-08-31 18:20:00,voltaje_promedio,126.747795,2026-08-31 14:30:00,v4.1.0-produccion,buena:completo/semana_anterior
ECOVILLA,2026-08-31 18:30:00,voltaje_promedio,126.86089,2026-08-31 14:30:00,v4.1.0-produccion,buena:completo/semana_anterior
ECOVILLA,2026-08-31 18:40:00,voltaje_promedio,126.802765,2026-08-31 14:30:00,v4.1.0-produccion,buena:completo/semana_anterior
ECOVILLA,2026-08-31 18:50:00,voltaje_promedio,126.82626,2026-08-31 14:30:00,v4.1.0-produccion,buena:completo/semana_anterior
ECOVILLA,2026-08-31 19:00:00,voltaje_promedio,126.82255,2026-08-31 14:30:00,v4.1.0-produccion,buena:completo/semana_anterior
ECOVILLA,2026-08-31 19:10:00,voltaje_promedio,126.93227,2026-08-31 14:30:00,v4.1.0-produccion,buena:completo/semana_anterior
ECOVILLA,2026-08-31 19:20:00,voltaje_promedio,127.13674,2026-08-31 14:30:00,v4.1.0-produccion,buena:completo/semana_anterior
ECOVILLA,2026-08-31 19:30:00,voltaje_promedio,127.119606,2026-08-31 14:30:00,v4.1.0-produccion,buena:completo/semana_anterior
ECOVILLA,2026-08-31 19:40:00,voltaje_promedio,127.31752,2026-08-31 14:30:00,v4.1.0-produccion,buena:completo/semana_anterior
ECOVILLA,2026-08-31 19:50:00,voltaje_promedio,127.33412,2026-08-31 14:30:00,v4.1.0-produccion,buena:completo/semana_anterior
ECOVILLA,2026-08-31 20:00:00,voltaje_promedio,127.38774,2026-08-31 14:30:00,v4.1.0-produccion,buena:completo/semana_anterior
ECOVILLA,2026-08-31 20:10:00,voltaje_promedio,127.53318,2026-08-31 14:30:00,v4.1.0-produccion,buena:completo/semana_anterior
ECOVILLA,2026-08-31 20:20:00,voltaje_promedio,127.64726,2026-08-31 14:30:00,v4.1.0-produccion,buena:completo/semana_anterior
ECOVILLA,2026-08-31 20:30:00,voltaje_promedio,127.81438,2026-08-31 14:30:00,v4.1.0-produccion,buena:completo/semana_anterior
ECOVILLA,2026-08-31 20:40:00,voltaje_promedio,127.77255,2026-08-31 14:30:00,v4.1.0-produccion,buena:completo/semana_anterior
ECOVILLA,2026-08-31 20:50:00,voltaje_promedio,127.773346,2026-08-31 14:30:00,v4.1.0-produccion,buena:completo/semana_anterior
ECOVILLA,2026-08-31 21:00:00,voltaje_promedio,127.81951,2026-08-31 14:30:00,v4.1.0-produccion,buena:completo/semana_anterior
ECOVILLA,2026-08-31 21:10:00,voltaje_promedio,127.96593,2026-08-31 14:30:00,v4.1.0-produccion,buena:completo/semana_anterior
ECOVILLA,2026-08-31 21:20:00,voltaje_promedio,128.09502,2026-08-31 14:30:00,v4.1.0-produccion,buena:completo/semana_anterior
ECOVILLA,2026-08-31 21:30:00,voltaje_promedio,128.21774,2026-08-31 14:30:00,v4.1.0-produccion,buena:completo/semana_anterior
ECOVILLA,2026-08-31 21:40:00,voltaje_promedio,128.1782,2026-08-31 14:30:00,v4.1.0-produccion,buena:completo/semana_anterior
ECOVILLA,2026-08-31 21:50:00,voltaje_promedio,128.13513,2026-08-31 14:30:00,v4.1.0-produccion,buena:completo/semana_anterior
ECOVILLA,2026-08-31 22:00:00,voltaje_promedio,128.15729,2026-08-31 14:30:00,v4.1.0-produccion,buena:completo/semana_anterior
ECOVILLA,2026-08-31 22:10:00,voltaje_promedio,128.08049,2026-08-31 14:30:00,v4.1.0-produccion,buena:completo/semana_anterior
ECOVILLA,2026-08-31 22:20:00,voltaje_promedio,128.04822,2026-08-31 14:30:00,v4.1.0-produccion,buena:completo/semana_anterior
ECOVILLA,2026-08-31 22:30:00,voltaje_promedio,128.15004,2026-08-31 14:30:00,v4.1.0-produccion,buena:completo/semana_anterior
ECOVILLA,2026-08-31 22:40:00,voltaje_promedio,128.31142,2026-08-31 14:30:00,v4.1.0-produccion,buena:completo/semana_anterior
ECOVILLA,2026-08-31 22:50:00,voltaje_promedio,128.24417,2026-08-31 14:30:00,v4.1.0-produccion,buena:completo/semana_anterior
ECOVILLA,2026-08-31 23:00:00,voltaje_promedio,128.29121,2026-08-31 14:30:00,v4.1.0-produccion,buena:completo/semana_anterior
ECOVILLA,2026-08-31 23:10:00,voltaje_promedio,128.2685,2026-08-31 14:30:00,v4.1.0-produccion,buena:completo/semana_anterior
ECOVILLA,2026-08-31 23:20:00,voltaje_promedio,128.24365,2026-08-31 14:30:00,v4.1.0-produccion,buena:completo/semana_anterior
ECOVILLA,2026-08-31 23:30:00,voltaje_promedio,128.425,2026-08-31 14:30:00,v4.1.0-produccion,buena:completo/semana_anterior
ECOVILLA,2026-08-31 23:40:00,voltaje_promedio,128.5233,2026-08-31 14:30:00,v4.1.0-produccion,buena:completo/semana_anterior
ECOVILLA,2026-08-31 23:50:00,voltaje_promedio,128.51474,2026-08-31 14:30:00,v4.1.0-produccion,buena:completo/semana_anterior
ECOVILLA,2026-09-01 00:00:00,voltaje_promedio,128.5237,2026-08-31 14:30:00,v4.1.0-produccion,buena:completo/semana_anterior
ECOVILLA,2026-09-01 00:10:00,voltaje_promedio,128.47382,2026-08-31 14:30:00,v4.1.0-produccion,buena:completo/semana_anterior
ECOVILLA,2026-09-01 00:20:00,voltaje_promedio,128.53468,2026-08-31 14:30:00,v4.1.0-produccion,buena:completo/semana_anterior
ECOVILLA,2026-09-01 00:30:00,voltaje_promedio,128.50192,2026-08-31 14:30:00,v4.1.0-produccion,buena:completo/semana_anterior
ECOVILLA,2026-09-01 00:40:00,voltaje_promedio,128.46129,2026-08-31 14:30:00,v4.1.0-produccion,buena:completo/semana_anterior
ECOVILLA,2026-09-01 00:50:00,voltaje_promedio,128.52388,2026-08-31 14:30:00,v4.1.0-produccion,buena:completo/semana_anterior
ECOVILLA,2026-09-01 01:00:00,voltaje_promedio,128.47365,2026-08-31 14:30:00,v4.1.0-produccion,buena:completo/semana_anterior
ECOVILLA,2026-09-01 01:10:00,voltaje_promedio,128.46793,2026-08-31 14:30:00,v4.1.0-produccion,buena:completo/semana_anterior
ECOVILLA,2026-09-01 01:20:00,voltaje_promedio,128.40619,2026-08-31 14:30:00,v4.1.0-produccion,buena:completo/semana_anterior
ECOVILLA,2026-09-01 01:30:00,voltaje_promedio,128.35461,2026-08-31 14:30:00,v4.1.0-produccion,buena:completo/semana_anterior
ECOVILLA,2026-09-01 01:40:00,voltaje_promedio,128.30159,2026-08-31 14:30:00,v4.1.0-produccion,buena:completo/semana_anterior
ECOVILLA,2026-09-01 01:50:00,voltaje_promedio,128.33052,2026-08-31 14:30:00,v4.1.0-produccion,buena:completo/semana_anterior
ECOVILLA,2026-09-01 02:00:00,voltaje_promedio,128.19647,2026-08-31 14:30:00,v4.1.0-produccion,buena:completo/semana_anterior
ECOVILLA,2026-09-01 02:10:00,voltaje_promedio,128.03403,2026-08-31 14:30:00,v4.1.0-produccion,buena:completo/semana_anterior
ECOVILLA,2026-09-01 02:20:00,voltaje_promedio,128.08496,2026-08-31 14:30:00,v4.1.0-produccion,buena:completo/semana_anterior
ECOVILLA,2026-09-01 02:30:00,voltaje_promedio,127.942566,2026-08-31 14:30:00,v4.1.0-produccion,buena:completo/semana_anterior
ECOVILLA,2026-09-01 02:40:00,voltaje_promedio,127.9578,2026-08-31 14:30:00,v4.1.0-produccion,buena:completo/semana_anterior
ECOVILLA,2026-09-01 02:50:00,voltaje_promedio,127.982925,2026-08-31 14:30:00,v4.1.0-produccion,buena:completo/semana_anterior
ECOVILLA,2026-09-01 03:00:00,voltaje_promedio,127.91184,2026-08-31 14:30:00,v4.1.0-produccion,buena:completo/semana_anterior
ECOVILLA,2026-09-01 03:10:00,voltaje_promedio,127.81561,2026-08-31 14:30:00,v4.1.0-produccion,buena:completo/semana_anterior
ECOVILLA,2026-09-01 03:20:00,voltaje_promedio,127.726456,2026-08-31 14:30:00,v4.1.0-produccion,buena:completo/semana_anterior
ECOVILLA,2026-09-01 03:30:00,voltaje_promedio,127.67631,2026-08-31 14:30:00,v4.1.0-produccion,buena:completo/semana_anterior
ECOVILLA,2026-09-01 03:40:00,voltaje_promedio,127.66901,2026-08-31 14:30:00,v4.1.0-produccion,buena:completo/semana_anterior
ECOVILLA,2026-09-01 03:50:00,voltaje_promedio,127.55413,2026-08-31 14:30:00,v4.1.0-produccion,buena:completo/semana_anterior
ECOVILLA,2026-09-01 04:00:00,voltaje_promedio,127.42898,2026-08-31 14:30:00,v4.1.0-produccion,buena:completo/semana_anterior
ECOVILLA,2026-09-01 04:10:00,voltaje_promedio,127.318,2026-08-31 14:30:00,v4.1.0-produccion,buena:completo/semana_anterior
ECOVILLA,2026-09-01 04:20:00,voltaje_promedio,127.171394,2026-08-31 14:30:00,v4.1.0-produccion,buena:completo/semana_anterior
ECOVILLA,2026-09-01 04:30:00,voltaje_promedio,127.06535,2026-08-31 14:30:00,v4.1.0-produccion,buena:completo/semana_anterior
ECOVILLA,2026-09-01 04:40:00,voltaje_promedio,127.124954,2026-08-31 14:30:00,v4.1.0-produccion,buena:completo/semana_anterior
ECOVILLA,2026-09-01 04:50:00,voltaje_promedio,126.97353,2026-08-31 14:30:00,v4.1.0-produccion,buena:completo/semana_anterior
ECOVILLA,2026-09-01 05:00:00,voltaje_promedio,126.87895,2026-08-31 14:30:00,v4.1.0-produccion,buena:completo/semana_anterior
ECOVILLA,2026-09-01 05:10:00,voltaje_promedio,126.79207,2026-08-31 14:30:00,v4.1.0-produccion,buena:completo/semana_anterior
ECOVILLA,2026-09-01 05:20:00,voltaje_promedio,126.5904,2026-08-31 14:30:00,v4.1.0-produccion,buena:completo/semana_anterior
ECOVILLA,2026-09-01 05:30:00,voltaje_promedio,126.62204,2026-08-31 14:30:00,v4.1.0-produccion,buena:completo/semana_anterior
ECOVILLA,2026-09-01 05:40:00,voltaje_promedio,126.54951,2026-08-31 14:30:00,v4.1.0-produccion,buena:completo/semana_anterior
ECOVILLA,2026-09-01 05:50:00,voltaje_promedio,126.474304,2026-08-31 14:30:00,v4.1.0-produccion,buena:completo/semana_anterior
ECOVILLA,2026-09-01 06:00:00,voltaje_promedio,126.35726,2026-08-31 14:30:00,v4.1.0-produccion,buena:completo/semana_anterior
ECOVILLA,2026-09-01 06:10:00,voltaje_promedio,126.18411,2026-08-31 14:30:00,v4.1.0-produccion,buena:completo/semana_anterior
ECOVILLA,2026-09-01 06:20:00,voltaje_promedio,126.06572,2026-08-31 14:30:00,v4.1.0-produccion,buena:completo/semana_anterior
ECOVILLA,2026-09-01 06:30:00,voltaje_promedio,125.923386,2026-08-31 14:30:00,v4.1.0-produccion,buena:completo/semana_anterior
ECOVILLA,2026-09-01 06:40:00,voltaje_promedio,125.85952,2026-08-31 14:30:00,v4.1.0-produccion,buena:completo/semana_anterior
ECOVILLA,2026-09-01 06:50:00,voltaje_promedio,125.729034,2026-08-31 14:30:00,v4.1.0-produccion,buena:completo/semana_anterior
ECOVILLA,2026-09-01 07:00:00,voltaje_promedio,125.65615,2026-08-31 14:30:00,v4.1.0-produccion,buena:completo/semana_anterior
ECOVILLA,2026-09-01 07:10:00,voltaje_promedio,125.59517,2026-08-31 14:30:00,v4.1.0-produccion,buena:completo/semana_anterior
ECOVILLA,2026-09-01 07:20:00,voltaje_promedio,125.461945,2026-08-31 14:30:00,v4.1.0-produccion,buena:completo/semana_anterior
ECOVILLA,2026-09-01 07:30:00,voltaje_promedio,125.39263,2026-08-31 14:30:00,v4.1.0-produccion,buena:completo/semana_anterior
ECOVILLA,2026-09-01 07:40:00,voltaje_promedio,125.27763,2026-08-31 14:30:00,v4.1.0-produccion,buena:completo/semana_anterior
ECOVILLA,2026-09-01 07:50:00,voltaje_promedio,125.09725,2026-08-31 14:30:00,v4.1.0-produccion,buena:completo/semana_anterior
ECOVILLA,2026-09-01 08:00:00,voltaje_promedio,124.96096,2026-08-31 14:30:00,v4.1.0-produccion,buena:completo/semana_anterior
ECOVILLA,2026-09-01 08:10:00,voltaje_promedio,124.917694,2026-08-31 14:30:00,v4.1.0-produccion,buena:completo/semana_anterior
ECOVILLA,2026-09-01 08:20:00,voltaje_promedio,124.83272,2026-08-31 14:30:00,v4.1.0-produccion,buena:completo/semana_anterior
ECOVILLA,2026-09-01 08:30:00,voltaje_promedio,124.72705,2026-08-31 14:30:00,v4.1.0-produccion,buena:completo/semana_anterior
ECOVILLA,2026-09-01 08:40:00,voltaje_promedio,124.58451,2026-08-31 14:30:00,v4.1.0-produccion,buena:completo/semana_anterior
ECOVILLA,2026-09-01 08:50:00,voltaje_promedio,124.46782,2026-08-31 14:30:00,v4.1.0-produccion,buena:completo/semana_anterior
ECOVILLA,2026-09-01 09:00:00,voltaje_promedio,124.42765,2026-08-31 14:30:00,v4.1.0-produccion,buena:completo/semana_anterior
ECOVILLA,2026-09-01 09:10:00,voltaje_promedio,124.452446,2026-08-31 14:30:00,v4.1.0-produccion,buena:completo/semana_anterior
ECOVILLA,2026-09-01 09:20:00,voltaje_promedio,124.270546,2026-08-31 14:30:00,v4.1.0-produccion,buena:completo/semana_anterior
ECOVILLA,2026-09-01 09:30:00,voltaje_promedio,124.18463,2026-08-31 14:30:00,v4.1.0-produccion,buena:completo/semana_anterior
ECOVILLA,2026-09-01 09:40:00,voltaje_promedio,124.23186,2026-08-31 14:30:00,v4.1.0-produccion,buena:completo/semana_anterior
ECOVILLA,2026-09-01 09:50:00,voltaje_promedio,124.30074,2026-08-31 14:30:00,v4.1.0-produccion,buena:completo/semana_anterior
ECOVILLA,2026-09-01 10:00:00,voltaje_promedio,124.12431,2026-08-31 14:30:00,v4.1.0-produccion,buena:completo/semana_anterior
ECOVILLA,2026-09-01 10:10:00,voltaje_promedio,124.12704,2026-08-31 14:30:00,v4.1.0-produccion,buena:completo/semana_anterior
ECOVILLA,2026-09-01 10:20:00,voltaje_promedio,124.06352,2026-08-31 14:30:00,v4.1.0-produccion,buena:completo/semana_anterior
ECOVILLA,2026-09-01 10:30:00,voltaje_promedio,123.96569,2026-08-31 14:30:00,v4.1.0-produccion,buena:completo/semana_anterior
ECOVILLA,2026-09-01 10:40:00,voltaje_promedio,123.962166,2026-08-31 14:30:00,v4.1.0-produccion,buena:completo/semana_anterior
ECOVILLA,2026-09-01 10:50:00,voltaje_promedio,123.93476,2026-08-31 14:30:00,v4.1.0-produccion,buena:completo/semana_anterior
ECOVILLA,2026-09-01 11:00:00,voltaje_promedio,123.95261,2026-08-31 14:30:00,v4.1.0-produccion,buena:completo/semana_anterior
ECOVILLA,2026-09-01 11:10:00,voltaje_promedio,123.9061,2026-08-31 14:30:00,v4.1.0-produccion,buena:completo/semana_anterior
ECOVILLA,2026-09-01 11:20:00,voltaje_promedio,123.75757,2026-08-31 14:30:00,v4.1.0-produccion,buena:completo/semana_anterior
ECOVILLA,2026-09-01 11:30:00,voltaje_promedio,123.74848,2026-08-31 14:30:00,v4.1.0-produccion,buena:completo/semana_anterior
ECOVILLA,2026-09-01 11:40:00,voltaje_promedio,123.81532,2026-08-31 14:30:00,v4.1.0-produccion,buena:completo/semana_anterior
ECOVILLA,2026-09-01 11:50:00,voltaje_promedio,123.910095,2026-08-31 14:30:00,v4.1.0-produccion,buena:completo/semana_anterior
ECOVILLA,2026-09-01 12:00:00,voltaje_promedio,123.91764,2026-08-31 14:30:00,v4.1.0-produccion,buena:completo/semana_anterior
ECOVILLA,2026-09-01 12:10:00,voltaje_promedio,124.07306,2026-08-31 14:30:00,v4.1.0-produccion,buena:completo/semana_anterior
ECOVILLA,2026-09-01 12:20:00,voltaje_promedio,124.021774,2026-08-31 14:30:00,v4.1.0-produccion,buena:completo/semana_anterior
ECOVILLA,2026-09-01 12:30:00,voltaje_promedio,124.02316,2026-08-31 14:30:00,v4.1.0-produccion,buena:completo/semana_anterior
ECOVILLA,2026-09-01 12:40:00,voltaje_promedio,124.0431,2026-08-31 14:30:00,v4.1.0-produccion,buena:completo/semana_anterior
ECOVILLA,2026-09-01 12:50:00,voltaje_promedio,124.05582,2026-08-31 14:30:00,v4.1.0-produccion,buena:completo/semana_anterior
ECOVILLA,2026-09-01 13:00:00,voltaje_promedio,124.010506,2026-08-31 14:30:00,v4.1.0-produccion,buena:completo/semana_anterior
ECOVILLA,2026-09-01 13:10:00,voltaje_promedio,124.16207,2026-08-31 14:30:00,v4.1.0-produccion,buena:completo/semana_anterior
ECOVILLA,2026-09-01 13:20:00,voltaje_promedio,124.2619,2026-08-31 14:30:00,v4.1.0-produccion,buena:completo/semana_anterior
ECOVILLA,2026-09-01 13:30:00,voltaje_promedio,124.23375,2026-08-31 14:30:00,v4.1.0-produccion,buena:completo/semana_anterior
ECOVILLA,2026-09-01 13:40:00,voltaje_promedio,124.35298,2026-08-31 14:30:00,v4.1.0-produccion,buena:completo/semana_anterior
ECOVILLA,2026-09-01 13:50:00,voltaje_promedio,124.38445,2026-08-31 14:30:00,v4.1.0-produccion,buena:completo/semana_anterior
ECOVILLA,2026-09-01 14:00:00,voltaje_promedio,124.492325,2026-08-31 14:30:00,v4.1.0-produccion,buena:completo/semana_anterior
ECOVILLA,2026-09-01 14:10:00,voltaje_promedio,124.574524,2026-08-31 14:30:00,v4.1.0-produccion,buena:completo/semana_anterior
ECOVILLA,2026-09-01 14:20:00,voltaje_promedio,124.573814,2026-08-31 14:30:00,v4.1.0-produccion,buena:completo/semana_anterior
ECOVILLA,2026-09-01 14:30:00,voltaje_promedio,124.67047,2026-08-31 14:30:00,v4.1.0-produccion,buena:completo/semana_anterior
