variable,bloque,grupo,hora_semana,dia,hora,forma,valor
activepower,B10_ARQ,3,0,Lun,0,-1.1788,5154.6715
activepower,B10_ARQ,3,1,Lun,1,-1.1672,5232.3867
activepower,B10_ARQ,3,2,Lun,2,-1.1606,5276.6438
activepower,B10_ARQ,3,3,Lun,3,-1.1442,5386.82
activepower,B10_ARQ,3,4,Lun,4,-1.0783,5829.0183
activepower,B10_ARQ,3,5,Lun,5,-0.84,7426.6758
activepower,B10_ARQ,3,6,Lun,6,-0.3866,10467.3175
activepower,B10_ARQ,3,7,Lun,7,-0.1891,11791.8862
activepower,B10_ARQ,3,8,Lun,8,0.0922,13678.8575
activepower,B10_ARQ,3,9,Lun,9,0.1441,14026.9317
activepower,B10_ARQ,3,10,Lun,10,0.4275,15927.0671
activepower,B10_ARQ,3,11,Lun,11,0.6055,17121.246
activepower,B10_ARQ,3,12,Lun,12,0.2828,14956.9933
activepower,B10_ARQ,3,13,Lun,13,0.3763,15583.6754
activepower,B10_ARQ,3,14,Lun,14,0.898,19082.4856
activepower,B10_ARQ,3,15,Lun,15,0.9809,19638.6943
activepower,B10_ARQ,3,16,Lun,16,0.9869,19678.6039
activepower,B10_ARQ,3,17,Lun,17,1.0833,20325.2184
activepower,B10_ARQ,3,18,Lun,18,0.5757,16921.2439
activepower,B10_ARQ,3,19,Lun,19,0.3297,15271.0912
activepower,B10_ARQ,3,20,Lun,20,-0.083,12503.57
activepower,B10_ARQ,3,21,Lun,21,-0.4335,10152.7775
activepower,B10_ARQ,3,22,Lun,22,-0.6908,8427.5492
activepower,B10_ARQ,3,23,Lun,23,-0.7345,8134.1733
activepower,B10_ARQ,3,24,Mar,0,-0.8553,7323.9798
activepower,B10_ARQ,3,25,Mar,1,-0.9149,6924.3214
activepower,B10_ARQ,3,26,Mar,2,-0.9141,6930.2036
activepower,B10_ARQ,3,27,Mar,3,-0.8996,7026.8651
activepower,B10_ARQ,3,28,Mar,4,-0.8761,7184.6341
activepower,B10_ARQ,3,29,Mar,5,-0.6078,8983.8714
activepower,B10_ARQ,3,30,Mar,6,-0.0381,12804.9185
activepower,B10_ARQ,3,31,Mar,7,0.5736,16906.9011
activepower,B10_ARQ,3,32,Mar,8,0.9077,19147.7306
activepower,B10_ARQ,3,33,Mar,9,0.8782,18949.866
activepower,B10_ARQ,3,34,Mar,10,0.7595,18153.4947
activepower,B10_ARQ,3,35,Mar,11,0.8576,18811.5433
activepower,B10_ARQ,3,36,Mar,12,1.1905,21044.1356
activepower,B10_ARQ,3,37,Mar,13,1.2229,21261.3517
activepower,B10_ARQ,3,38,Mar,14,1.0806,20307.349
activepower,B10_ARQ,3,39,Mar,15,1.0931,20391.0701
activepower,B10_ARQ,3,40,Mar,16,1.0851,20337.2113
activepower,B10_ARQ,3,41,Mar,17,0.8657,18865.7512
activepower,B10_ARQ,3,42,Mar,18,0.3363,15315.3721
activepower,B10_ARQ,3,43,Mar,19,0.1043,13759.8664
activepower,B10_ARQ,3,44,Mar,20,-0.1146,12291.748
activepower,B10_ARQ,3,45,Mar,21,-0.3197,10916.2142
activepower,B10_ARQ,3,46,Mar,22,-0.5198,9574.4826
activepower,B10_ARQ,3,47,Mar,23,-0.5592,9310.0742
activepower,B10_ARQ,3,48,Mie,0,-0.6833,8477.7846
activepower,B10_ARQ,3,49,Mie,1,-0.7266,8187.397
activepower,B10_ARQ,3,50,Mie,2,-0.7543,8001.8825
activepower,B10_ARQ,3,51,Mie,3,-0.7575,7980.3543
activepower,B10_ARQ,3,52,Mie,4,-0.8738,7200.4159
activepower,B10_ARQ,3,53,Mie,5,-0.6056,8999.1107
activepower,B10_ARQ,3,54,Mie,6,-0.114,12295.7262
activepower,B10_ARQ,3,55,Mie,7,0.2213,14544.5722
activepower,B10_ARQ,3,56,Mie,8,0.7464,18065.846
activepower,B10_ARQ,3,57,Mie,9,0.9714,19574.5432
activepower,B10_ARQ,3,58,Mie,10,0.9955,19736.3602
activepower,B10_ARQ,3,59,Mie,11,0.9949,19732.5104
activepower,B10_ARQ,3,60,Mie,12,0.8832,18983.6595
activepower,B10_ARQ,3,61,Mie,13,1.3273,21961.7775
activepower,B10_ARQ,3,62,Mie,14,2.0691,26936.5992
activepower,B10_ARQ,3,63,Mie,15,2.1032,27165.1598
activepower,B10_ARQ,3,64,Mie,16,1.6121,23871.7432
activepower,B10_ARQ,3,65,Mie,17,1.2722,21592.2928
activepower,B10_ARQ,3,66,Mie,18,0.7097,17819.5254
activepower,B10_ARQ,3,67,Mie,19,0.3962,15717.0231
activepower,B10_ARQ,3,68,Mie,20,-0.0708,12585.4553
activepower,B10_ARQ,3,69,Mie,21,-0.3519,10700.2739
activepower,B10_ARQ,3,70,Mie,22,-0.6001,9035.8617
activepower,B10_ARQ,3,71,Mie,23,-0.6811,8492.5568
activepower,B10_ARQ,3,72,Jue,0,-0.7512,8022.6663
activepower,B10_ARQ,3,73,Jue,1,-0.7883,7773.8383
activepower,B10_ARQ,3,74,Jue,2,-0.7854,7793.2399
activepower,B10_ARQ,3,75,Jue,3,-0.7607,7958.9851
activepower,B10_ARQ,3,76,Jue,4,-0.7266,8187.5447
activepower,B10_ARQ,3,77,Jue,5,-0.4746,9877.6001
activepower,B10_ARQ,3,78,Jue,6,0.0948,13696.2222
activepower,B10_ARQ,3,79,Jue,7,0.5574,16798.5645
activepower,B10_ARQ,3,80,Jue,8,1.4446,22748.033
activepower,B10_ARQ,3,81,Jue,9,1.6379,24045.0194
activepower,B10_ARQ,3,82,Jue,10,1.3282,21967.4344
activepower,B10_ARQ,3,83,Jue,11,1.2962,21753.0579
activepower,B10_ARQ,3,84,Jue,12,1.2608,21515.6143
activepower,B10_ARQ,3,85,Jue,13,1.5836,23680.5186
activepower,B10_ARQ,3,86,Jue,14,1.8942,25763.6267
activepower,B10_ARQ,3,87,Jue,15,2.1579,27532.035
activepower,B10_ARQ,3,88,Jue,16,2.0903,27079.0029
activepower,B10_ARQ,3,89,Jue,17,1.6283,23980.6158
activepower,B10_ARQ,3,90,Jue,18,1.2682,21565.0242
activepower,B10_ARQ,3,91,Jue,19,0.8301,18627.0692
activepower,B10_ARQ,3,92,Jue,20,0.1654,14169.3012
activepower,B10_ARQ,3,93,Jue,21,-0.3472,10732.0216
activepower,B10_ARQ,3,94,Jue,22,-0.6426,8750.9697
activepower,B10_ARQ,3,95,Jue,23,-0.7467,8052.7386
activepower,B10_ARQ,3,96,Vie,0,-0.8291,7499.9117
activepower,B10_ARQ,3,97,Vie,1,-0.9038,6999.2867
activepower,B10_ARQ,3,98,Vie,2,-0.9159,6917.7936
activepower,B10_ARQ,3,99,Vie,3,-0.9235,6867.1019
activepower,B10_ARQ,3,100,Vie,4,-0.867,7246.0909
activepower,B10_ARQ,3,101,Vie,5,-0.6198,8903.7371
activepower,B10_ARQ,3,102,Vie,6,-0.0654,12621.5019
activepower,B10_ARQ,3,103,Vie,7,0.7046,17785.7413
activepower,B10_ARQ,3,104,Vie,8,1.157,20819.8674
activepower,B10_ARQ,3,105,Vie,9,1.2454,21412.3231
activepower,B10_ARQ,3,106,Vie,10,1.1854,21010.0322
activepower,B10_ARQ,3,107,Vie,11,1.2405,21379.6629
activepower,B10_ARQ,3,108,Vie,12,1.127,20618.5909
activepower,B10_ARQ,3,109,Vie,13,1.6638,24218.4178
activepower,B10_ARQ,3,110,Vie,14,2.4245,29320.1061
activepower,B10_ARQ,3,111,Vie,15,2.325,28652.4628
activepower,B10_ARQ,3,112,Vie,16,2.083,27029.9616
activepower,B10_ARQ,3,113,Vie,17,0.7976,18409.3794
activepower,B10_ARQ,3,114,Vie,18,-0.109,12329.0496
activepower,B10_ARQ,3,115,Vie,19,-0.3681,10591.8845
activepower,B10_ARQ,3,116,Vie,20,-0.5645,9274.3472
activepower,B10_ARQ,3,117,Vie,21,-0.7677,7911.4261
activepower,B10_ARQ,3,118,Vie,22,-0.8816,7147.7996
activepower,B10_ARQ,3,119,Vie,23,-0.9385,6766.4167
activepower,B10_ARQ,3,120,Sab,0,-0.9945,6390.8778
activepower,B10_ARQ,3,121,Sab,1,-1.01,6286.9937
activepower,B10_ARQ,3,122,Sab,2,-1.021,6213.0143
activepower,B10_ARQ,3,123,Sab,3,-1.0542,5990.4603
activepower,B10_ARQ,3,124,Sab,4,-1.0621,5937.1917
activepower,B10_ARQ,3,125,Sab,5,-0.8923,7076.4222
activepower,B10_ARQ,3,126,Sab,6,-0.2627,11298.4821
activepower,B10_ARQ,3,127,Sab,7,0.1378,13984.4976
activepower,B10_ARQ,3,128,Sab,8,0.5832,16971.6976
activepower,B10_ARQ,3,129,Sab,9,0.8765,18938.2365
activepower,B10_ARQ,3,130,Sab,10,1.1411,20713.0762
activepower,B10_ARQ,3,131,Sab,11,1.1831,20994.7175
activepower,B10_ARQ,3,132,Sab,12,1.0085,19823.4635
activepower,B10_ARQ,3,133,Sab,13,0.3845,15638.9972
activepower,B10_ARQ,3,134,Sab,14,0.5143,16509.6044
activepower,B10_ARQ,3,135,Sab,15,0.736,17996.006
activepower,B10_ARQ,3,136,Sab,16,0.4811,16286.4694
activepower,B10_ARQ,3,137,Sab,17,0.0255,13231.2421
activepower,B10_ARQ,3,138,Sab,18,-0.5099,9640.3052
activepower,B10_ARQ,3,139,Sab,19,-0.7351,8130.5175
activepower,B10_ARQ,3,140,Sab,20,-1.0239,6193.6044
activepower,B10_ARQ,3,141,Sab,21,-1.111,5609.5726
activepower,B10_ARQ,3,142,Sab,22,-1.1272,5500.5643
activepower,B10_ARQ,3,143,Sab,23,-1.1344,5452.7405
activepower,B10_ARQ,3,144,Dom,0,-1.1343,5452.9282
activepower,B10_ARQ,3,145,Dom,1,-1.1525,5331.2877
activepower,B10_ARQ,3,146,Dom,2,-1.1844,5116.9143
activepower,B10_ARQ,3,147,Dom,3,-1.1848,5114.6607
activepower,B10_ARQ,3,148,Dom,4,-1.1825,5130.1841
activepower,B10_ARQ,3,149,Dom,5,-1.1917,5068.1563
activepower,B10_ARQ,3,150,Dom,6,-1.1115,5606.3214
activepower,B10_ARQ,3,151,Dom,7,-0.9225,6873.4734
activepower,B10_ARQ,3,152,Dom,8,-0.9573,6640.2393
activepower,B10_ARQ,3,153,Dom,9,-1.0357,6114.6024
activepower,B10_ARQ,3,154,Dom,10,-1.1368,5436.6853
activepower,B10_ARQ,3,155,Dom,11,-1.1043,5654.6456
activepower,B10_ARQ,3,156,Dom,12,-1.1301,5481.4965
activepower,B10_ARQ,3,157,Dom,13,-1.0762,5842.8567
activepower,B10_ARQ,3,158,Dom,14,-1.0281,6165.0978
activepower,B10_ARQ,3,159,Dom,15,-0.909,6964.3603
activepower,B10_ARQ,3,160,Dom,16,-0.9288,6831.6263
activepower,B10_ARQ,3,161,Dom,17,-0.897,7044.288
activepower,B10_ARQ,3,162,Dom,18,-0.8777,7173.9786
activepower,B10_ARQ,3,163,Dom,19,-0.9277,6838.4554
activepower,B10_ARQ,3,164,Dom,20,-1.1,5682.9079
activepower,B10_ARQ,3,165,Dom,21,-1.1591,5286.6351
activepower,B10_ARQ,3,166,Dom,22,-1.1523,5332.6372
activepower,B10_ARQ,3,167,Dom,23,-1.18,5146.7835
activepower,B12_DERE,3,0,Lun,0,-1.08,2402.8225
activepower,B12_DERE,3,1,Lun,1,-1.0889,2356.3983
activepower,B12_DERE,3,2,Lun,2,-1.0948,2325.6604
activepower,B12_DERE,3,3,Lun,3,-1.0941,2329.5958
activepower,B12_DERE,3,4,Lun,4,-1.0829,2387.6479
activepower,B12_DERE,3,5,Lun,5,-0.6892,4438.1642
activepower,B12_DERE,3,6,Lun,6,0.1141,8622.6604
activepower,B12_DERE,3,7,Lun,7,0.3468,9834.7162
activepower,B12_DERE,3,8,Lun,8,0.8911,12669.8
activepower,B12_DERE,3,9,Lun,9,0.7816,12099.1613
activepower,B12_DERE,3,10,Lun,10,0.8727,12573.6292
activepower,B12_DERE,3,11,Lun,11,0.6983,11665.1228
activepower,B12_DERE,3,12,Lun,12,1.0008,13241.1177
activepower,B12_DERE,3,13,Lun,13,0.7794,12087.6085
activepower,B12_DERE,3,14,Lun,14,0.9502,12977.3315
activepower,B12_DERE,3,15,Lun,15,0.7186,11770.8746
activepower,B12_DERE,3,16,Lun,16,1.0843,13675.8781
activepower,B12_DERE,3,17,Lun,17,0.5741,11018.3575
activepower,B12_DERE,3,18,Lun,18,0.1632,8878.4482
activepower,B12_DERE,3,19,Lun,19,-0.0118,7966.6946
activepower,B12_DERE,3,20,Lun,20,-0.2175,6895.0571
activepower,B12_DERE,3,21,Lun,21,-0.4577,5644.3875
activepower,B12_DERE,3,22,Lun,22,-0.9548,3054.9062
activepower,B12_DERE,3,23,Lun,23,-1.0111,2761.6812
activepower,B12_DERE,3,24,Mar,0,-1.0239,2695.0464
activepower,B12_DERE,3,25,Mar,1,-1.0285,2671.2175
activepower,B12_DERE,3,26,Mar,2,-1.0477,2571.1639
activepower,B12_DERE,3,27,Mar,3,-1.035,2637.2671
activepower,B12_DERE,3,28,Mar,4,-1.0316,2655.0198
activepower,B12_DERE,3,29,Mar,5,-0.6061,4871.3825
activepower,B12_DERE,3,30,Mar,6,0.7435,11900.721
activepower,B12_DERE,3,31,Mar,7,0.9843,13155.2314
activepower,B12_DERE,3,32,Mar,8,1.6859,16809.4791
activepower,B12_DERE,3,33,Mar,9,1.6267,16500.8684
activepower,B12_DERE,3,34,Mar,10,1.733,17054.7403
activepower,B12_DERE,3,35,Mar,11,1.3727,15177.8841
activepower,B12_DERE,3,36,Mar,12,1.5038,15861.0198
activepower,B12_DERE,3,37,Mar,13,1.2415,14494.751
activepower,B12_DERE,3,38,Mar,14,1.765,17221.4326
activepower,B12_DERE,3,39,Mar,15,1.3578,15100.5255
activepower,B12_DERE,3,40,Mar,16,1.5301,15998.1593
activepower,B12_DERE,3,41,Mar,17,0.9178,12808.5965
activepower,B12_DERE,3,42,Mar,18,0.3482,9841.8613
activepower,B12_DERE,3,43,Mar,19,0.1113,8607.9989
activepower,B12_DERE,3,44,Mar,20,-0.1027,7493.3791
activepower,B12_DERE,3,45,Mar,21,-0.3592,6157.3642
activepower,B12_DERE,3,46,Mar,22,-0.8456,3623.6653
activepower,B12_DERE,3,47,Mar,23,-0.9182,3245.4674
activepower,B12_DERE,3,48,Mie,0,-0.9164,3254.9832
activepower,B12_DERE,3,49,Mie,1,-0.9337,3164.9847
activepower,B12_DERE,3,50,Mie,2,-0.9357,3154.4641
activepower,B12_DERE,3,51,Mie,3,-0.9299,3184.5737
activepower,B12_DERE,3,52,Mie,4,-1.0377,2623.373
activepower,B12_DERE,3,53,Mie,5,-0.6083,4859.6631
activepower,B12_DERE,3,54,Mie,6,0.3295,9744.221
activepower,B12_DERE,3,55,Mie,7,0.63,11309.3571
activepower,B12_DERE,3,56,Mie,8,1.5639,16173.7202
activepower,B12_DERE,3,57,Mie,9,1.3376,14995.1841
activepower,B12_DERE,3,58,Mie,10,1.6372,16555.8133
activepower,B12_DERE,3,59,Mie,11,1.3316,14964.1542
activepower,B12_DERE,3,60,Mie,12,1.496,15820.2356
activepower,B12_DERE,3,61,Mie,13,1.1113,13816.4275
activepower,B12_DERE,3,62,Mie,14,1.5321,16008.4098
activepower,B12_DERE,3,63,Mie,15,1.2698,14641.9939
activepower,B12_DERE,3,64,Mie,16,1.6732,16743.2735
activepower,B12_DERE,3,65,Mie,17,1.0407,13448.6246
activepower,B12_DERE,3,66,Mie,18,0.2708,9438.6693
activepower,B12_DERE,3,67,Mie,19,0.0214,8139.7208
activepower,B12_DERE,3,68,Mie,20,-0.2723,6609.9894
activepower,B12_DERE,3,69,Mie,21,-0.5152,5344.7011
activepower,B12_DERE,3,70,Mie,22,-0.9746,2951.8534
activepower,B12_DERE,3,71,Mie,23,-1.0575,2520.0545
activepower,B12_DERE,3,72,Jue,0,-1.0484,2567.2348
activepower,B12_DERE,3,73,Jue,1,-1.0268,2679.6639
activepower,B12_DERE,3,74,Jue,2,-0.9864,2890.343
activepower,B12_DERE,3,75,Jue,3,-0.9808,2919.5447
activepower,B12_DERE,3,76,Jue,4,-0.9592,3032.0968
activepower,B12_DERE,3,77,Jue,5,-0.5479,5174.2585
activepower,B12_DERE,3,78,Jue,6,0.4874,10566.8318
activepower,B12_DERE,3,79,Jue,7,0.6027,11167.3203
activepower,B12_DERE,3,80,Jue,8,1.1402,13967.1758
activepower,B12_DERE,3,81,Jue,9,1.1922,14237.9912
activepower,B12_DERE,3,82,Jue,10,1.3469,15043.7519
activepower,B12_DERE,3,83,Jue,11,1.0708,13605.3648
activepower,B12_DERE,3,84,Jue,12,1.0601,13550.0224
activepower,B12_DERE,3,85,Jue,13,0.8968,12699.3652
activepower,B12_DERE,3,86,Jue,14,1.7029,16898.0908
activepower,B12_DERE,3,87,Jue,15,1.2856,14724.3279
activepower,B12_DERE,3,88,Jue,16,1.5312,16003.4721
activepower,B12_DERE,3,89,Jue,17,1.0321,13403.8338
activepower,B12_DERE,3,90,Jue,18,0.457,10408.5017
activepower,B12_DERE,3,91,Jue,19,0.173,8929.4262
activepower,B12_DERE,3,92,Jue,20,-0.1342,7329.3938
activepower,B12_DERE,3,93,Jue,21,-0.4667,5597.0962
activepower,B12_DERE,3,94,Jue,22,-0.9546,3055.7307
activepower,B12_DERE,3,95,Jue,23,-1.0242,2693.6186
activepower,B12_DERE,3,96,Vie,0,-1.0328,2648.5205
activepower,B12_DERE,3,97,Vie,1,-1.0451,2584.375
activepower,B12_DERE,3,98,Vie,2,-1.0463,2578.3587
activepower,B12_DERE,3,99,Vie,3,-1.0508,2555.0174
activepower,B12_DERE,3,100,Vie,4,-1.0531,2542.7996
activepower,B12_DERE,3,101,Vie,5,-0.6225,4785.9167
activepower,B12_DERE,3,102,Vie,6,0.2737,9453.972
activepower,B12_DERE,3,103,Vie,7,0.5532,10909.7432
activepower,B12_DERE,3,104,Vie,8,1.2913,14754.0595
activepower,B12_DERE,3,105,Vie,9,1.2603,14592.8144
activepower,B12_DERE,3,106,Vie,10,1.3112,14857.6652
activepower,B12_DERE,3,107,Vie,11,1.0278,13381.6212
activepower,B12_DERE,3,108,Vie,12,0.8146,12271.0576
activepower,B12_DERE,3,109,Vie,13,0.6014,11160.8799
activepower,B12_DERE,3,110,Vie,14,0.7856,12120.203
activepower,B12_DERE,3,111,Vie,15,0.7332,11847.0598
activepower,B12_DERE,3,112,Vie,16,1.4667,15667.8443
activepower,B12_DERE,3,113,Vie,17,1.4975,15828.1833
activepower,B12_DERE,3,114,Vie,18,1.4309,15481.2227
activepower,B12_DERE,3,115,Vie,19,1.2341,14456.0095
activepower,B12_DERE,3,116,Vie,20,0.2475,9317.3027
activepower,B12_DERE,3,117,Vie,21,-0.355,6179.0163
activepower,B12_DERE,3,118,Vie,22,-0.9171,3251.1708
activepower,B12_DERE,3,119,Vie,23,-0.9901,2870.8917
activepower,B12_DERE,3,120,Sab,0,-0.9854,2895.2992
activepower,B12_DERE,3,121,Sab,1,-1.007,2783.2837
activepower,B12_DERE,3,122,Sab,2,-1.0113,2760.7623
activepower,B12_DERE,3,123,Sab,3,-1.0154,2739.4563
activepower,B12_DERE,3,124,Sab,4,-1.011,2762.2369
activepower,B12_DERE,3,125,Sab,5,-0.6577,4602.4937
activepower,B12_DERE,3,126,Sab,6,0.0941,8518.3944
activepower,B12_DERE,3,127,Sab,7,0.2509,9335.0702
activepower,B12_DERE,3,128,Sab,8,1.3373,14993.9187
activepower,B12_DERE,3,129,Sab,9,1.5488,16095.3875
activepower,B12_DERE,3,130,Sab,10,1.3956,15297.1115
activepower,B12_DERE,3,131,Sab,11,1.3209,14908.3897
activepower,B12_DERE,3,132,Sab,12,0.6554,11442.1405
activepower,B12_DERE,3,133,Sab,13,0.2126,9135.2738
activepower,B12_DERE,3,134,Sab,14,0.1789,8960.2333
activepower,B12_DERE,3,135,Sab,15,0.066,8372.0825
activepower,B12_DERE,3,136,Sab,16,-0.0264,7890.6282
activepower,B12_DERE,3,137,Sab,17,-0.4747,5555.806
activepower,B12_DERE,3,138,Sab,18,-0.6233,4781.6607
activepower,B12_DERE,3,139,Sab,19,-0.6885,4442.096
activepower,B12_DERE,3,140,Sab,20,-0.7413,4166.931
activepower,B12_DERE,3,141,Sab,21,-0.7826,3951.9988
activepower,B12_DERE,3,142,Sab,22,-1.0256,2686.244
activepower,B12_DERE,3,143,Sab,23,-1.0838,2383.1484
activepower,B12_DERE,3,144,Dom,0,-1.0914,2343.2163
activepower,B12_DERE,3,145,Dom,1,-1.0843,2380.5929
activepower,B12_DERE,3,146,Dom,2,-1.0906,2347.7929
activepower,B12_DERE,3,147,Dom,3,-1.082,2392.5278
activepower,B12_DERE,3,148,Dom,4,-1.077,2418.3552
activepower,B12_DERE,3,149,Dom,5,-1.095,2324.7313
activepower,B12_DERE,3,150,Dom,6,-1.0577,2518.9583
activepower,B12_DERE,3,151,Dom,7,-1.0613,2500.4694
activepower,B12_DERE,3,152,Dom,8,-1.0347,2638.6833
activepower,B12_DERE,3,153,Dom,9,-1.0408,2607.2151
activepower,B12_DERE,3,154,Dom,10,-1.0294,2666.529
activepower,B12_DERE,3,155,Dom,11,-1.07,2455.0147
activepower,B12_DERE,3,156,Dom,12,-1.0658,2476.9193
activepower,B12_DERE,3,157,Dom,13,-1.0417,2602.1507
activepower,B12_DERE,3,158,Dom,14,-1.059,2512.4321
activepower,B12_DERE,3,159,Dom,15,-1.0564,2525.6909
activepower,B12_DERE,3,160,Dom,16,-1.0582,2516.5679
activepower,B12_DERE,3,161,Dom,17,-1.0403,2609.7492
activepower,B12_DERE,3,162,Dom,18,-0.8295,3707.75
activepower,B12_DERE,3,163,Dom,19,-0.7479,4132.385
activepower,B12_DERE,3,164,Dom,20,-0.76,4069.4739
activepower,B12_DERE,3,165,Dom,21,-0.7872,3928.1326
activepower,B12_DERE,3,166,Dom,22,-1.0277,2675.1386
activepower,B12_DERE,3,167,Dom,23,-1.0844,2380.1481
activepower,B15_BIBL,3,0,Lun,0,-1.0712,8980.7795
activepower,B15_BIBL,3,1,Lun,1,-1.0606,9193.1525
activepower,B15_BIBL,3,2,Lun,2,-1.0558,9288.177
activepower,B15_BIBL,3,3,Lun,3,-1.0143,10119.1294
activepower,B15_BIBL,3,4,Lun,4,-0.8961,12482.1275
activepower,B15_BIBL,3,5,Lun,5,-0.5675,19052.151
activepower,B15_BIBL,3,6,Lun,6,-0.0504,29394.3706
activepower,B15_BIBL,3,7,Lun,7,0.5781,41961.2863
activepower,B15_BIBL,3,8,Lun,8,0.7845,46088.5377
activepower,B15_BIBL,3,9,Lun,9,0.837,47139.1069
activepower,B15_BIBL,3,10,Lun,10,0.8858,48114.5794
activepower,B15_BIBL,3,11,Lun,11,0.9307,49012.1652
activepower,B15_BIBL,3,12,Lun,12,0.898,48358.8146
activepower,B15_BIBL,3,13,Lun,13,0.8182,46763.5696
activepower,B15_BIBL,3,14,Lun,14,0.8726,47851.3675
activepower,B15_BIBL,3,15,Lun,15,0.8544,47486.7216
activepower,B15_BIBL,3,16,Lun,16,0.7898,46194.7246
activepower,B15_BIBL,3,17,Lun,17,0.7427,45253.7725
activepower,B15_BIBL,3,18,Lun,18,0.6469,43337.562
activepower,B15_BIBL,3,19,Lun,19,-0.4082,22239.3782
activepower,B15_BIBL,3,20,Lun,20,-0.597,18463.7324
activepower,B15_BIBL,3,21,Lun,21,-0.7348,15708.1722
activepower,B15_BIBL,3,22,Lun,22,-0.8768,12868.6847
activepower,B15_BIBL,3,23,Lun,23,-0.9629,11145.5727
activepower,B15_BIBL,3,24,Mar,0,-1.0247,9910.3794
activepower,B15_BIBL,3,25,Mar,1,-1.0377,9650.8658
activepower,B15_BIBL,3,26,Mar,2,-1.0451,9503.4259
activepower,B15_BIBL,3,27,Mar,3,-0.9421,11562.4956
activepower,B15_BIBL,3,28,Mar,4,-0.8117,14168.932
activepower,B15_BIBL,3,29,Mar,5,-0.3733,22935.4961
activepower,B15_BIBL,3,30,Mar,6,0.295,36299.7689
activepower,B15_BIBL,3,31,Mar,7,1.1122,52641.5202
activepower,B15_BIBL,3,32,Mar,8,1.3988,58373.3715
activepower,B15_BIBL,3,33,Mar,9,1.4259,58915.0737
activepower,B15_BIBL,3,34,Mar,10,1.4589,59574.1954
activepower,B15_BIBL,3,35,Mar,11,1.5062,60519.9232
activepower,B15_BIBL,3,36,Mar,12,1.4201,58798.4993
activepower,B15_BIBL,3,37,Mar,13,1.3893,58182.6026
activepower,B15_BIBL,3,38,Mar,14,1.5516,61428.6406
activepower,B15_BIBL,3,39,Mar,15,1.5639,61674.4171
activepower,B15_BIBL,3,40,Mar,16,1.4598,59591.7608
activepower,B15_BIBL,3,41,Mar,17,1.4122,58641.092
activepower,B15_BIBL,3,42,Mar,18,1.1942,54281.2353
activepower,B15_BIBL,3,43,Mar,19,-0.0434,29533.9109
activepower,B15_BIBL,3,44,Mar,20,-0.256,25281.0446
activepower,B15_BIBL,3,45,Mar,21,-0.4766,20869.7953
activepower,B15_BIBL,3,46,Mar,22,-0.6593,17217.8623
activepower,B15_BIBL,3,47,Mar,23,-0.759,15223.4512
activepower,B15_BIBL,3,48,Mie,0,-0.8267,13868.8901
activepower,B15_BIBL,3,49,Mie,1,-0.8532,13339.2834
activepower,B15_BIBL,3,50,Mie,2,-0.8638,13128.4166
activepower,B15_BIBL,3,51,Mie,3,-0.7704,14995.0609
activepower,B15_BIBL,3,52,Mie,4,-0.7729,14946.0648
activepower,B15_BIBL,3,53,Mie,5,-0.3608,23186.9148
activepower,B15_BIBL,3,54,Mie,6,0.2946,36292.0852
activepower,B15_BIBL,3,55,Mie,7,1.143,53258.4824
activepower,B15_BIBL,3,56,Mie,8,1.4615,59626.2991
activepower,B15_BIBL,3,57,Mie,9,1.4995,60387.5276
activepower,B15_BIBL,3,58,Mie,10,1.4508,59413.1548
activepower,B15_BIBL,3,59,Mie,11,1.4489,59375.1307
activepower,B15_BIBL,3,60,Mie,12,1.3757,57910.7167
activepower,B15_BIBL,3,61,Mie,13,1.3935,58267.8706
activepower,B15_BIBL,3,62,Mie,14,1.4768,59932.8943
activepower,B15_BIBL,3,63,Mie,15,1.4496,59389.2684
activepower,B15_BIBL,3,64,Mie,16,1.3857,58111.3671
activepower,B15_BIBL,3,65,Mie,17,1.3439,57275.9904
activepower,B15_BIBL,3,66,Mie,18,1.174,53877.5013
activepower,B15_BIBL,3,67,Mie,19,-0.1981,26440.5526
activepower,B15_BIBL,3,68,Mie,20,-0.4213,21976.9974
activepower,B15_BIBL,3,69,Mie,21,-0.6128,18147.0877
activepower,B15_BIBL,3,70,Mie,22,-0.7848,14706.932
activepower,B15_BIBL,3,71,Mie,23,-0.8906,12592.236
activepower,B15_BIBL,3,72,Jue,0,-0.9148,12107.9741
activepower,B15_BIBL,3,73,Jue,1,-0.9412,11580.2892
activepower,B15_BIBL,3,74,Jue,2,-0.9151,12101.0822
activepower,B15_BIBL,3,75,Jue,3,-0.7887,14630.5902
activepower,B15_BIBL,3,76,Jue,4,-0.6697,17008.8946
activepower,B15_BIBL,3,77,Jue,5,-0.3085,24231.9451
activepower,B15_BIBL,3,78,Jue,6,0.2276,34952.6297
activepower,B15_BIBL,3,79,Jue,7,0.9103,48603.7258
activepower,B15_BIBL,3,80,Jue,8,1.1487,53372.4017
activepower,B15_BIBL,3,81,Jue,9,1.2503,55402.7595
activepower,B15_BIBL,3,82,Jue,10,1.222,54837.7642
activepower,B15_BIBL,3,83,Jue,11,1.2288,54972.6219
activepower,B15_BIBL,3,84,Jue,12,1.2385,55167.2893
activepower,B15_BIBL,3,85,Jue,13,1.2017,54431.8461
activepower,B15_BIBL,3,86,Jue,14,1.4953,60303.2838
activepower,B15_BIBL,3,87,Jue,15,1.5151,60699.4333
activepower,B15_BIBL,3,88,Jue,16,1.4825,60046.7593
activepower,B15_BIBL,3,89,Jue,17,1.4085,58567.051
activepower,B15_BIBL,3,90,Jue,18,1.1584,53565.9172
activepower,B15_BIBL,3,91,Jue,19,-0.0663,29075.9147
activepower,B15_BIBL,3,92,Jue,20,-0.3423,23556.375
activepower,B15_BIBL,3,93,Jue,21,-0.5044,20313.8965
activepower,B15_BIBL,3,94,Jue,22,-0.6933,16537.3965
activepower,B15_BIBL,3,95,Jue,23,-0.7885,14633.7289
activepower,B15_BIBL,3,96,Vie,0,-0.866,13084.3039
activepower,B15_BIBL,3,97,Vie,1,-0.8915,12573.4636
activepower,B15_BIBL,3,98,Vie,2,-0.9124,12155.0908
activepower,B15_BIBL,3,99,Vie,3,-0.8416,13572.7746
activepower,B15_BIBL,3,100,Vie,4,-0.7271,15860.5
activepower,B15_BIBL,3,101,Vie,5,-0.174,26921.4947
activepower,B15_BIBL,3,102,Vie,6,0.8378,47154.336
activepower,B15_BIBL,3,103,Vie,7,1.0781,51960.0509
activepower,B15_BIBL,3,104,Vie,8,1.257,55538.0355
activepower,B15_BIBL,3,105,Vie,9,1.3068,56532.2978
activepower,B15_BIBL,3,106,Vie,10,1.3293,56983.9801
activepower,B15_BIBL,3,107,Vie,11,1.2908,56213.6125
activepower,B15_BIBL,3,108,Vie,12,1.2185,54768.4144
activepower,B15_BIBL,3,109,Vie,13,1.2112,54621.2101
activepower,B15_BIBL,3,110,Vie,14,1.2713,55822.7487
activepower,B15_BIBL,3,111,Vie,15,1.23,54997.5816
activepower,B15_BIBL,3,112,Vie,16,1.1614,53626.2656
activepower,B15_BIBL,3,113,Vie,17,1.1363,53123.7287
activepower,B15_BIBL,3,114,Vie,18,0.6859,44117.862
activepower,B15_BIBL,3,115,Vie,19,0.0519,31439.0759
activepower,B15_BIBL,3,116,Vie,20,-0.235,25702.907
activepower,B15_BIBL,3,117,Vie,21,-0.4451,21501.4145
activepower,B15_BIBL,3,118,Vie,22,-0.6152,18099.9807
activepower,B15_BIBL,3,119,Vie,23,-0.7191,16020.8759
activepower,B15_BIBL,3,120,Sab,0,-0.924,11924.4347
activepower,B15_BIBL,3,121,Sab,1,-0.9923,10559.1773
activepower,B15_BIBL,3,122,Sab,2,-1.0172,10060.6616
activepower,B15_BIBL,3,123,Sab,3,-0.9409,11586.9588
activepower,B15_BIBL,3,124,Sab,4,-0.7979,14445.6213
activepower,B15_BIBL,3,125,Sab,5,-0.7872,14660.0486
activepower,B15_BIBL,3,126,Sab,6,-0.5935,18533.4819
activepower,B15_BIBL,3,127,Sab,7,0.0238,30877.2366
activepower,B15_BIBL,3,128,Sab,8,0.651,43418.881
activepower,B15_BIBL,3,129,Sab,9,0.8589,47577.225
activepower,B15_BIBL,3,130,Sab,10,0.8936,48271.1116
activepower,B15_BIBL,3,131,Sab,11,0.7806,46011.55
activepower,B15_BIBL,3,132,Sab,12,0.3952,38304.6125
activepower,B15_BIBL,3,133,Sab,13,0.222,34839.8481
activepower,B15_BIBL,3,134,Sab,14,-0.117,28062.5171
activepower,B15_BIBL,3,135,Sab,15,-0.7743,14918.5162
activepower,B15_BIBL,3,136,Sab,16,-1.0058,10288.8907
activepower,B15_BIBL,3,137,Sab,17,-1.0395,9613.5296
activepower,B15_BIBL,3,138,Sab,18,-1.0303,9799.1838
activepower,B15_BIBL,3,139,Sab,19,-1.0536,9331.4657
activepower,B15_BIBL,3,140,Sab,20,-1.0472,9460.1787
activepower,B15_BIBL,3,141,Sab,21,-1.0313,9778.438
activepower,B15_BIBL,3,142,Sab,22,-1.0501,9402.3593
activepower,B15_BIBL,3,143,Sab,23,-1.0428,9549.2588
activepower,B15_BIBL,3,144,Dom,0,-1.0654,9095.5167
activepower,B15_BIBL,3,145,Dom,1,-1.0699,9006.7292
activepower,B15_BIBL,3,146,Dom,2,-1.0612,9181.2579
activepower,B15_BIBL,3,147,Dom,3,-1.073,8943.7194
activepower,B15_BIBL,3,148,Dom,4,-1.0947,8510.6824
activepower,B15_BIBL,3,149,Dom,5,-1.1001,8402.3426
activepower,B15_BIBL,3,150,Dom,6,-1.0881,8643.1764
activepower,B15_BIBL,3,151,Dom,7,-1.056,9283.7421
activepower,B15_BIBL,3,152,Dom,8,-1.062,9164.2468
activepower,B15_BIBL,3,153,Dom,9,-1.074,8924.1606
activepower,B15_BIBL,3,154,Dom,10,-1.0726,8953.344
activepower,B15_BIBL,3,155,Dom,11,-1.0603,9199.206
activepower,B15_BIBL,3,156,Dom,12,-1.0526,9351.8814
activepower,B15_BIBL,3,157,Dom,13,-1.0381,9642.3529
activepower,B15_BIBL,3,158,Dom,14,-1.047,9464.2218
activepower,B15_BIBL,3,159,Dom,15,-1.0354,9696.5254
activepower,B15_BIBL,3,160,Dom,16,-1.0463,9477.6549
activepower,B15_BIBL,3,161,Dom,17,-1.0622,9160.865
activepower,B15_BIBL,3,162,Dom,18,-1.0493,9418.4126
activepower,B15_BIBL,3,163,Dom,19,-1.0505,9394.4773
activepower,B15_BIBL,3,164,Dom,20,-1.0457,9490.642
activepower,B15_BIBL,3,165,Dom,21,-1.0003,10398.2753
activepower,B15_BIBL,3,166,Dom,22,-1.0548,9309.2483
activepower,B15_BIBL,3,167,Dom,23,-1.0602,9199.6746
activepower,B17_POLI,2,0,Lun,0,-1.1456,4021.9925
activepower,B17_POLI,2,1,Lun,1,-1.2494,3729.0504
activepower,B17_POLI,2,2,Lun,2,-1.3506,3443.7921
activepower,B17_POLI,2,3,Lun,3,-1.4027,3296.8596
activepower,B17_POLI,2,4,Lun,4,-1.3118,3553.0412
activepower,B17_POLI,2,5,Lun,5,-0.8469,4864.4646
activepower,B17_POLI,2,6,Lun,6,-0.5717,5640.525
activepower,B17_POLI,2,7,Lun,7,-0.5799,5617.2842
activepower,B17_POLI,2,8,Lun,8,-0.6026,5553.4533
activepower,B17_POLI,2,9,Lun,9,-0.5003,5841.7617
activepower,B17_POLI,2,10,Lun,10,-0.4681,5932.6092
activepower,B17_POLI,2,11,Lun,11,-0.1994,6690.5792
activepower,B17_POLI,2,12,Lun,12,0.1088,7559.6521
activepower,B17_POLI,2,13,Lun,13,-0.067,7064.0369
activepower,B17_POLI,2,14,Lun,14,-0.115,6928.6367
activepower,B17_POLI,2,15,Lun,15,0.0147,7294.3746
activepower,B17_POLI,2,16,Lun,16,0.5557,8820.164
activepower,B17_POLI,2,17,Lun,17,1.4404,11315.2118
activepower,B17_POLI,2,18,Lun,18,1.9279,12690.1561
activepower,B17_POLI,2,19,Lun,19,1.7992,12327.2629
activepower,B17_POLI,2,20,Lun,20,0.9438,9914.7225
activepower,B17_POLI,2,21,Lun,21,0.8333,9603.0846
activepower,B17_POLI,2,22,Lun,22,0.3401,8212.2012
activepower,B17_POLI,2,23,Lun,23,-0.5505,5700.3062
activepower,B17_POLI,2,24,Mar,0,-0.9628,4537.4448
activepower,B17_POLI,2,25,Mar,1,-1.0932,4169.8274
activepower,B17_POLI,2,26,Mar,2,-1.1509,4007.0317
activepower,B17_POLI,2,27,Mar,3,-1.2344,3771.5159
activepower,B17_POLI,2,28,Mar,4,-1.097,4159.0163
activepower,B17_POLI,2,29,Mar,5,-0.5052,5828.0964
activepower,B17_POLI,2,30,Mar,6,-0.1147,6929.3425
activepower,B17_POLI,2,31,Mar,7,-0.0386,7143.9481
activepower,B17_POLI,2,32,Mar,8,-0.0071,7232.7437
activepower,B17_POLI,2,33,Mar,9,0.2896,8069.7174
activepower,B17_POLI,2,34,Mar,10,0.2855,8058.1297
activepower,B17_POLI,2,35,Mar,11,0.337,8203.3623
activepower,B17_POLI,2,36,Mar,12,0.4971,8654.8358
activepower,B17_POLI,2,37,Mar,13,0.4637,8560.6105
activepower,B17_POLI,2,38,Mar,14,0.5113,8695.0029
activepower,B17_POLI,2,39,Mar,15,0.8093,9535.5278
activepower,B17_POLI,2,40,Mar,16,1.6119,11799.0637
activepower,B17_POLI,2,41,Mar,17,2.2656,13642.7486
activepower,B17_POLI,2,42,Mar,18,2.556,14461.586
activepower,B17_POLI,2,43,Mar,19,2.1402,13288.9306
activepower,B17_POLI,2,44,Mar,20,1.124,10423.0791
activepower,B17_POLI,2,45,Mar,21,1.0353,10172.817
activepower,B17_POLI,2,46,Mar,22,0.3253,8170.4746
activepower,B17_POLI,2,47,Mar,23,-0.7012,5275.3857
activepower,B17_POLI,2,48,Mie,0,-1.1402,4037.2622
activepower,B17_POLI,2,49,Mie,1,-1.208,3845.9414
activepower,B17_POLI,2,50,Mie,2,-1.227,3792.2449
activepower,B17_POLI,2,51,Mie,3,-1.3058,3570.026
activepower,B17_POLI,2,52,Mie,4,-1.2291,3786.5218
activepower,B17_POLI,2,53,Mie,5,-0.6334,5466.4948
activepower,B17_POLI,2,54,Mie,6,-0.2099,6660.8563
activepower,B17_POLI,2,55,Mie,7,-0.0664,7065.6651
activepower,B17_POLI,2,56,Mie,8,0.0507,7395.7675
activepower,B17_POLI,2,57,Mie,9,0.3148,8140.7886
activepower,B17_POLI,2,58,Mie,10,0.4085,8405.0739
activepower,B17_POLI,2,59,Mie,11,0.5019,8668.3345
activepower,B17_POLI,2,60,Mie,12,0.642,9063.6898
activepower,B17_POLI,2,61,Mie,13,0.7296,9310.5271
activepower,B17_POLI,2,62,Mie,14,0.8794,9733.1455
activepower,B17_POLI,2,63,Mie,15,1.2703,10835.6523
activepower,B17_POLI,2,64,Mie,16,1.7618,12221.8972
activepower,B17_POLI,2,65,Mie,17,2.4226,14085.4636
activepower,B17_POLI,2,66,Mie,18,2.7731,15074.0053
activepower,B17_POLI,2,67,Mie,19,2.3964,14011.708
activepower,B17_POLI,2,68,Mie,20,1.4027,11208.9042
activepower,B17_POLI,2,69,Mie,21,1.2343,10734.1068
activepower,B17_POLI,2,70,Mie,22,0.6702,9143.0038
activepower,B17_POLI,2,71,Mie,23,-0.6699,5363.4303
activepower,B17_POLI,2,72,Jue,0,-0.9723,4510.6027
activepower,B17_POLI,2,73,Jue,1,-0.9893,4462.6241
activepower,B17_POLI,2,74,Jue,2,-0.9921,4454.8409
activepower,B17_POLI,2,75,Jue,3,-0.9876,4467.4375
activepower,B17_POLI,2,76,Jue,4,-0.8493,4857.5373
activepower,B17_POLI,2,77,Jue,5,-0.2974,6414.2025
activepower,B17_POLI,2,78,Jue,6,0.0905,7508.2484
activepower,B17_POLI,2,79,Jue,7,0.0383,7361.0436
activepower,B17_POLI,2,80,Jue,8,0.0111,7284.1615
activepower,B17_POLI,2,81,Jue,9,0.3067,8117.8888
activepower,B17_POLI,2,82,Jue,10,0.3233,8164.6119
activepower,B17_POLI,2,83,Jue,11,0.4145,8421.8604
activepower,B17_POLI,2,84,Jue,12,0.5239,8730.4041
activepower,B17_POLI,2,85,Jue,13,0.565,8846.5073
activepower,B17_POLI,2,86,Jue,14,0.3642,8280.1958
activepower,B17_POLI,2,87,Jue,15,0.492,8640.4471
activepower,B17_POLI,2,88,Jue,16,1.0455,10201.4427
activepower,B17_POLI,2,89,Jue,17,1.9102,12640.2271
activepower,B17_POLI,2,90,Jue,18,2.3381,13847.0658
activepower,B17_POLI,2,91,Jue,19,1.9744,12821.4446
activepower,B17_POLI,2,92,Jue,20,1.0872,10319.3125
activepower,B17_POLI,2,93,Jue,21,1.1222,10417.8784
activepower,B17_POLI,2,94,Jue,22,0.4228,8445.2686
activepower,B17_POLI,2,95,Jue,23,-0.6917,5302.178
activepower,B17_POLI,2,96,Vie,0,-0.8639,4816.5318
activepower,B17_POLI,2,97,Vie,1,-0.9579,4551.178
activepower,B17_POLI,2,98,Vie,2,-0.9692,4519.3769
activepower,B17_POLI,2,99,Vie,3,-1.0226,4368.7682
activepower,B17_POLI,2,100,Vie,4,-0.8937,4732.308
activepower,B17_POLI,2,101,Vie,5,-0.2581,6524.8561
activepower,B17_POLI,2,102,Vie,6,-0.0074,7231.9011
activepower,B17_POLI,2,103,Vie,7,-0.0202,7195.8288
activepower,B17_POLI,2,104,Vie,8,0.0644,7434.4886
activepower,B17_POLI,2,105,Vie,9,0.2714,8018.425
activepower,B17_POLI,2,106,Vie,10,0.4606,8552.0532
activepower,B17_POLI,2,107,Vie,11,0.6009,8947.6929
activepower,B17_POLI,2,108,Vie,12,0.6072,8965.3558
activepower,B17_POLI,2,109,Vie,13,0.6444,9070.3962
activepower,B17_POLI,2,110,Vie,14,0.5781,8883.3852
activepower,B17_POLI,2,111,Vie,15,0.7866,9471.2622
activepower,B17_POLI,2,112,Vie,16,1.4626,11377.8085
activepower,B17_POLI,2,113,Vie,17,1.9188,12664.5858
activepower,B17_POLI,2,114,Vie,18,2.1658,13361.3156
activepower,B17_POLI,2,115,Vie,19,1.9399,12724.1473
activepower,B17_POLI,2,116,Vie,20,1.2082,10660.4754
activepower,B17_POLI,2,117,Vie,21,1.1453,10483.0269
activepower,B17_POLI,2,118,Vie,22,0.3136,8137.2917
activepower,B17_POLI,2,119,Vie,23,-0.6506,5417.9072
activepower,B17_POLI,2,120,Sab,0,-0.9352,4615.1889
activepower,B17_POLI,2,121,Sab,1,-1.0122,4398.0937
activepower,B17_POLI,2,122,Sab,2,-1.0277,4354.5552
activepower,B17_POLI,2,123,Sab,3,-1.1335,4056.0952
activepower,B17_POLI,2,124,Sab,4,-1.082,4201.146
activepower,B17_POLI,2,125,Sab,5,-1.0329,4339.8429
activepower,B17_POLI,2,126,Sab,6,-0.806,4979.7762
activepower,B17_POLI,2,127,Sab,7,-0.266,6502.6536
activepower,B17_POLI,2,128,Sab,8,0.2012,7820.4171
activepower,B17_POLI,2,129,Sab,9,0.2959,8087.4849
activepower,B17_POLI,2,130,Sab,10,0.3022,8105.1849
activepower,B17_POLI,2,131,Sab,11,0.2511,7961.0131
activepower,B17_POLI,2,132,Sab,12,0.2278,7895.2929
activepower,B17_POLI,2,133,Sab,13,0.1202,7591.7976
activepower,B17_POLI,2,134,Sab,14,-0.186,6728.2361
activepower,B17_POLI,2,135,Sab,15,-0.1321,6880.3925
activepower,B17_POLI,2,136,Sab,16,-0.0298,7168.975
activepower,B17_POLI,2,137,Sab,17,-0.0884,7003.5917
activepower,B17_POLI,2,138,Sab,18,-0.1385,6862.3996
activepower,B17_POLI,2,139,Sab,19,-0.2199,6632.5948
activepower,B17_POLI,2,140,Sab,20,-0.366,6220.554
activepower,B17_POLI,2,141,Sab,21,-0.5706,5643.5917
activepower,B17_POLI,2,142,Sab,22,-0.7747,5067.9075
activepower,B17_POLI,2,143,Sab,23,-0.9123,4680.0254
activepower,B17_POLI,2,144,Dom,0,-1.0309,4345.3393
activepower,B17_POLI,2,145,Dom,1,-1.1145,4109.6032
activepower,B17_POLI,2,146,Dom,2,-1.1289,4069.0738
activepower,B17_POLI,2,147,Dom,3,-1.2053,3853.5913
activepower,B17_POLI,2,148,Dom,4,-1.325,3515.8044
activepower,B17_POLI,2,149,Dom,5,-1.382,3355.2048
activepower,B17_POLI,2,150,Dom,6,-1.2877,3621.2663
activepower,B17_POLI,2,151,Dom,7,-0.9987,4436.1143
activepower,B17_POLI,2,152,Dom,8,-0.7275,5201.0103
activepower,B17_POLI,2,153,Dom,9,-0.6422,5441.7429
activepower,B17_POLI,2,154,Dom,10,-0.6837,5324.6817
activepower,B17_POLI,2,155,Dom,11,-0.7075,5257.6385
activepower,B17_POLI,2,156,Dom,12,-0.6897,5307.8102
activepower,B17_POLI,2,157,Dom,13,-0.6835,5325.332
activepower,B17_POLI,2,158,Dom,14,-0.6768,5343.9641
activepower,B17_POLI,2,159,Dom,15,-0.656,5402.793
activepower,B17_POLI,2,160,Dom,16,-0.63,5476.1509
activepower,B17_POLI,2,161,Dom,17,-0.6029,5552.4457
activepower,B17_POLI,2,162,Dom,18,-0.5292,5760.31
activepower,B17_POLI,2,163,Dom,19,-0.5802,5616.6322
activepower,B17_POLI,2,164,Dom,20,-0.6715,5359.1377
activepower,B17_POLI,2,165,Dom,21,-0.7403,5165.038
activepower,B17_POLI,2,166,Dom,22,-0.8799,4771.3959
activepower,B17_POLI,2,167,Dom,23,-1.0027,4424.9141
activepower,B18_PARQ,2,0,Lun,0,-1.2361,17784.4495
activepower,B18_PARQ,2,1,Lun,1,-1.2608,17475.5588
activepower,B18_PARQ,2,2,Lun,2,-1.2963,17033.9433
activepower,B18_PARQ,2,3,Lun,3,-1.3096,16867.8854
activepower,B18_PARQ,2,4,Lun,4,-1.2337,17813.8367
activepower,B18_PARQ,2,5,Lun,5,-0.9219,21702.3325
activepower,B18_PARQ,2,6,Lun,6,-0.1969,30742.515
activepower,B18_PARQ,2,7,Lun,7,0.1114,34586.5979
activepower,B18_PARQ,2,8,Lun,8,0.2886,36795.6946
activepower,B18_PARQ,2,9,Lun,9,0.4264,38513.9296
activepower,B18_PARQ,2,10,Lun,10,0.4034,38227.0825
activepower,B18_PARQ,2,11,Lun,11,0.3453,37502.4596
activepower,B18_PARQ,2,12,Lun,12,0.1956,35636.3316
activepower,B18_PARQ,2,13,Lun,13,0.1131,34607.4569
activepower,B18_PARQ,2,14,Lun,14,0.157,35154.8351
activepower,B18_PARQ,2,15,Lun,15,0.1266,34775.6127
activepower,B18_PARQ,2,16,Lun,16,0.0928,34353.7786
activepower,B18_PARQ,2,17,Lun,17,0.0573,33911.168
activepower,B18_PARQ,2,18,Lun,18,1.2598,48905.1577
activepower,B18_PARQ,2,19,Lun,19,1.3968,50614.3671
activepower,B18_PARQ,2,20,Lun,20,1.4492,51267.6846
activepower,B18_PARQ,2,21,Lun,21,1.29,49282.12
activepower,B18_PARQ,2,22,Lun,22,-0.0966,31992.6804
activepower,B18_PARQ,2,23,Lun,23,-1.08,19729.9554
activepower,B18_PARQ,2,24,Mar,0,-1.1933,18317.4266
activepower,B18_PARQ,2,25,Mar,1,-1.2229,17948.5429
activepower,B18_PARQ,2,26,Mar,2,-1.2573,17519.8417
activepower,B18_PARQ,2,27,Mar,3,-1.2412,17719.9948
activepower,B18_PARQ,2,28,Mar,4,-1.1525,18826.1369
activepower,B18_PARQ,2,29,Mar,5,-0.5119,26814.2841
activepower,B18_PARQ,2,30,Mar,6,0.5375,39899.1843
activepower,B18_PARQ,2,31,Mar,7,0.6958,41873.5328
activepower,B18_PARQ,2,32,Mar,8,0.6093,40795.0881
activepower,B18_PARQ,2,33,Mar,9,0.7862,43000.6145
activepower,B18_PARQ,2,34,Mar,10,0.7886,43029.7008
activepower,B18_PARQ,2,35,Mar,11,0.7008,41936.0827
activepower,B18_PARQ,2,36,Mar,12,0.786,42998.1292
activepower,B18_PARQ,2,37,Mar,13,0.7657,42744.2889
activepower,B18_PARQ,2,38,Mar,14,0.8906,44302.7618
activepower,B18_PARQ,2,39,Mar,15,0.6807,41684.6585
activepower,B18_PARQ,2,40,Mar,16,0.7701,42799.0471
activepower,B18_PARQ,2,41,Mar,17,0.5256,39751.1703
activepower,B18_PARQ,2,42,Mar,18,2.148,59980.6256
activepower,B18_PARQ,2,43,Mar,19,2.1077,59477.8819
activepower,B18_PARQ,2,44,Mar,20,1.9033,56929.2984
activepower,B18_PARQ,2,45,Mar,21,1.7402,54895.4535
activepower,B18_PARQ,2,46,Mar,22,0.26,36438.9438
activepower,B18_PARQ,2,47,Mar,23,-0.9576,21257.3224
activepower,B18_PARQ,2,48,Mie,0,-1.1153,19290.8843
activepower,B18_PARQ,2,49,Mie,1,-1.1814,18466.767
activepower,B18_PARQ,2,50,Mie,2,-1.1753,18542.6021
activepower,B18_PARQ,2,51,Mie,3,-1.1639,18684.961
activepower,B18_PARQ,2,52,Mie,4,-1.1315,19088.8456
activepower,B18_PARQ,2,53,Mie,5,-0.5944,25785.2115
activepower,B18_PARQ,2,54,Mie,6,0.3116,37083.0817
activepower,B18_PARQ,2,55,Mie,7,0.5557,40126.1024
activepower,B18_PARQ,2,56,Mie,8,0.6459,41250.8722
activepower,B18_PARQ,2,57,Mie,9,0.8822,44198.0121
activepower,B18_PARQ,2,58,Mie,10,1.0314,46058.0777
activepower,B18_PARQ,2,59,Mie,11,0.9491,45031.9481
activepower,B18_PARQ,2,60,Mie,12,0.7451,42488.1439
activepower,B18_PARQ,2,61,Mie,13,0.6418,41199.4911
activepower,B18_PARQ,2,62,Mie,14,0.8539,43844.0182
activepower,B18_PARQ,2,63,Mie,15,0.8615,43939.7405
activepower,B18_PARQ,2,64,Mie,16,0.7149,42110.9955
activepower,B18_PARQ,2,65,Mie,17,0.8367,43629.7489
activepower,B18_PARQ,2,66,Mie,18,2.2242,60931.0841
activepower,B18_PARQ,2,67,Mie,19,2.1433,59922.7648
activepower,B18_PARQ,2,68,Mie,20,1.8965,56844.5023
activepower,B18_PARQ,2,69,Mie,21,1.4226,50936.2883
activepower,B18_PARQ,2,70,Mie,22,0.0328,33606.325
activepower,B18_PARQ,2,71,Mie,23,-1.0664,19900.0807
activepower,B18_PARQ,2,72,Jue,0,-1.2099,18111.0242
activepower,B18_PARQ,2,73,Jue,1,-1.2139,18061.3261
activepower,B18_PARQ,2,74,Jue,2,-1.2233,17943.8543
activepower,B18_PARQ,2,75,Jue,3,-1.2178,18012.2162
activepower,B18_PARQ,2,76,Jue,4,-1.098,19505.9978
activepower,B18_PARQ,2,77,Jue,5,-0.5332,26549.0768
activepower,B18_PARQ,2,78,Jue,6,0.3476,37531.4955
activepower,B18_PARQ,2,79,Jue,7,0.525,39742.8544
activepower,B18_PARQ,2,80,Jue,8,0.6491,41290.986
activepower,B18_PARQ,2,81,Jue,9,0.7012,41940.4204
activepower,B18_PARQ,2,82,Jue,10,0.6605,41433.5523
activepower,B18_PARQ,2,83,Jue,11,0.6333,41093.3219
activepower,B18_PARQ,2,84,Jue,12,0.5847,40487.2669
activepower,B18_PARQ,2,85,Jue,13,0.7319,42323.5165
activepower,B18_PARQ,2,86,Jue,14,0.8356,43616.6208
activepower,B18_PARQ,2,87,Jue,15,0.7538,42596.4171
activepower,B18_PARQ,2,88,Jue,16,0.7773,42889.945
activepower,B18_PARQ,2,89,Jue,17,0.5043,39485.3433
activepower,B18_PARQ,2,90,Jue,18,2.0115,58279.3021
activepower,B18_PARQ,2,91,Jue,19,2.2623,61406.615
activepower,B18_PARQ,2,92,Jue,20,1.9296,57257.5888
activepower,B18_PARQ,2,93,Jue,21,1.7043,54448.097
activepower,B18_PARQ,2,94,Jue,22,0.104,34494.0303
activepower,B18_PARQ,2,95,Jue,23,-1.0277,20382.8871
activepower,B18_PARQ,2,96,Vie,0,-1.2094,18117.4542
activepower,B18_PARQ,2,97,Vie,1,-1.2069,18147.8527
activepower,B18_PARQ,2,98,Vie,2,-1.2156,18039.5053
activepower,B18_PARQ,2,99,Vie,3,-1.2355,17791.486
activepower,B18_PARQ,2,100,Vie,4,-1.1668,18648.7686
activepower,B18_PARQ,2,101,Vie,5,-0.5904,25835.0917
activepower,B18_PARQ,2,102,Vie,6,0.0967,34403.2239
activepower,B18_PARQ,2,103,Vie,7,0.4593,38924.1265
activepower,B18_PARQ,2,104,Vie,8,0.6186,40911.022
activepower,B18_PARQ,2,105,Vie,9,0.5741,40355.6982
activepower,B18_PARQ,2,106,Vie,10,0.6481,41278.981
activepower,B18_PARQ,2,107,Vie,11,0.5489,40041.7712
activepower,B18_PARQ,2,108,Vie,12,0.576,40379.2947
activepower,B18_PARQ,2,109,Vie,13,0.4598,38930.4481
activepower,B18_PARQ,2,110,Vie,14,0.4723,39085.9189
activepower,B18_PARQ,2,111,Vie,15,0.4677,39028.9635
activepower,B18_PARQ,2,112,Vie,16,0.5678,40276.9352
activepower,B18_PARQ,2,113,Vie,17,0.427,38521.5163
activepower,B18_PARQ,2,114,Vie,18,1.9055,56957.0384
activepower,B18_PARQ,2,115,Vie,19,2.139,59868.8515
activepower,B18_PARQ,2,116,Vie,20,1.9916,58031.1218
activepower,B18_PARQ,2,117,Vie,21,1.5972,53112.742
activepower,B18_PARQ,2,118,Vie,22,0.2044,35745.4621
activepower,B18_PARQ,2,119,Vie,23,-0.7527,23811.0606
activepower,B18_PARQ,2,120,Sab,0,-1.044,20179.7016
activepower,B18_PARQ,2,121,Sab,1,-1.1538,18810.2563
activepower,B18_PARQ,2,122,Sab,2,-1.1886,18376.4067
activepower,B18_PARQ,2,123,Sab,3,-1.2332,17819.7583
activepower,B18_PARQ,2,124,Sab,4,-1.1812,18468.0504
activepower,B18_PARQ,2,125,Sab,5,-0.8539,22549.2532
activepower,B18_PARQ,2,126,Sab,6,-0.6464,25136.929
activepower,B18_PARQ,2,127,Sab,7,-0.2139,30530.1706
activepower,B18_PARQ,2,128,Sab,8,0.2672,36528.529
activepower,B18_PARQ,2,129,Sab,9,0.3068,37023.1216
activepower,B18_PARQ,2,130,Sab,10,0.2542,36366.4758
activepower,B18_PARQ,2,131,Sab,11,0.0717,34091.298
activepower,B18_PARQ,2,132,Sab,12,-0.1488,31341.3087
activepower,B18_PARQ,2,133,Sab,13,-0.1916,30808.3254
activepower,B18_PARQ,2,134,Sab,14,-0.2229,30417.3679
activepower,B18_PARQ,2,135,Sab,15,-0.1234,31658.8464
activepower,B18_PARQ,2,136,Sab,16,-0.1754,31010.2206
activepower,B18_PARQ,2,137,Sab,17,-0.2761,29754.6448
activepower,B18_PARQ,2,138,Sab,18,-0.2167,30494.6718
activepower,B18_PARQ,2,139,Sab,19,-0.3224,29177.2159
activepower,B18_PARQ,2,140,Sab,20,-0.4041,28158.7623
activepower,B18_PARQ,2,141,Sab,21,-0.6034,25672.7583
activepower,B18_PARQ,2,142,Sab,22,-0.9005,21969.1968
activepower,B18_PARQ,2,143,Sab,23,-1.2225,17953.7575
activepower,B18_PARQ,2,144,Dom,0,-1.2531,17572.377
activepower,B18_PARQ,2,145,Dom,1,-1.2722,17333.9302
activepower,B18_PARQ,2,146,Dom,2,-1.3803,15985.5123
activepower,B18_PARQ,2,147,Dom,3,-1.4102,15613.4179
activepower,B18_PARQ,2,148,Dom,4,-1.4161,15540.0738
activepower,B18_PARQ,2,149,Dom,5,-1.3384,16507.9647
activepower,B18_PARQ,2,150,Dom,6,-1.0986,19498.6103
activepower,B18_PARQ,2,151,Dom,7,-0.8619,22449.9417
activepower,B18_PARQ,2,152,Dom,8,-0.5936,25795.7337
activepower,B18_PARQ,2,153,Dom,9,-0.5617,26193.6341
activepower,B18_PARQ,2,154,Dom,10,-0.5676,26120.0175
activepower,B18_PARQ,2,155,Dom,11,-0.5456,26394.0028
activepower,B18_PARQ,2,156,Dom,12,-0.605,25653.2649
activepower,B18_PARQ,2,157,Dom,13,-0.678,24743.5832
activepower,B18_PARQ,2,158,Dom,14,-0.7151,24280.8326
activepower,B18_PARQ,2,159,Dom,15,-0.6868,24633.6368
activepower,B18_PARQ,2,160,Dom,16,-0.7218,24196.8068
activepower,B18_PARQ,2,161,Dom,17,-0.823,22935.1347
activepower,B18_PARQ,2,162,Dom,18,-0.1493,31335.546
activepower,B18_PARQ,2,163,Dom,19,-0.2862,29628.4367
activepower,B18_PARQ,2,164,Dom,20,-0.5683,26110.7245
activepower,B18_PARQ,2,165,Dom,21,-0.8821,22197.8823
activepower,B18_PARQ,2,166,Dom,22,-1.0878,19632.9523
activepower,B18_PARQ,2,167,Dom,23,-1.2054,18167.3755
activepower,B3_RECT,1,0,Lun,0,-0.9311,1451.7917
activepower,B3_RECT,1,1,Lun,1,-0.9384,1424.3846
activepower,B3_RECT,1,2,Lun,2,-0.9375,1427.5183
activepower,B3_RECT,1,3,Lun,3,-0.9043,1552.2137
activepower,B3_RECT,1,4,Lun,4,-0.8016,1937.6171
activepower,B3_RECT,1,5,Lun,5,-0.6442,2527.8808
activepower,B3_RECT,1,6,Lun,6,0.0225,5028.7967
activepower,B3_RECT,1,7,Lun,7,0.9278,8425.0467
activepower,B3_RECT,1,8,Lun,8,1.1479,9250.6658
activepower,B3_RECT,1,9,Lun,9,1.025,8789.695
activepower,B3_RECT,1,10,Lun,10,1.1594,9293.96
activepower,B3_RECT,1,11,Lun,11,1.2706,9711.0786
activepower,B3_RECT,1,12,Lun,12,1.2149,9501.8879
activepower,B3_RECT,1,13,Lun,13,1.0114,8738.6284
activepower,B3_RECT,1,14,Lun,14,1.3309,9937.3236
activepower,B3_RECT,1,15,Lun,15,1.2884,9777.6842
activepower,B3_RECT,1,16,Lun,16,0.9551,8527.4029
activepower,B3_RECT,1,17,Lun,17,0.2412,5849.3452
activepower,B3_RECT,1,18,Lun,18,-0.1972,4204.8287
activepower,B3_RECT,1,19,Lun,19,-0.4211,3365.0375
activepower,B3_RECT,1,20,Lun,20,-0.6982,2325.3933
activepower,B3_RECT,1,21,Lun,21,-0.824,1853.3333
activepower,B3_RECT,1,22,Lun,22,-0.8683,1687.4604
activepower,B3_RECT,1,23,Lun,23,-0.9007,1565.7817
activepower,B3_RECT,1,24,Mar,0,-0.9097,1532.0889
activepower,B3_RECT,1,25,Mar,1,-0.9101,1530.4484
activepower,B3_RECT,1,26,Mar,2,-0.9111,1526.8214
activepower,B3_RECT,1,27,Mar,3,-0.8711,1676.8722
activepower,B3_RECT,1,28,Mar,4,-0.7412,2163.9075
activepower,B3_RECT,1,29,Mar,5,-0.5338,2942.2762
activepower,B3_RECT,1,30,Mar,6,0.2182,5763.1456
activepower,B3_RECT,1,31,Mar,7,1.2301,9558.9718
activepower,B3_RECT,1,32,Mar,8,1.5122,10617.3114
activepower,B3_RECT,1,33,Mar,9,1.5159,10631.33
activepower,B3_RECT,1,34,Mar,10,1.5706,10836.3291
activepower,B3_RECT,1,35,Mar,11,1.6749,11227.7402
activepower,B3_RECT,1,36,Mar,12,1.6496,11132.8833
activepower,B3_RECT,1,37,Mar,13,1.5495,10757.1041
activepower,B3_RECT,1,38,Mar,14,1.9055,12092.54
activepower,B3_RECT,1,39,Mar,15,1.7338,11448.5098
activepower,B3_RECT,1,40,Mar,16,1.4073,10223.852
activepower,B3_RECT,1,41,Mar,17,0.7103,7609.1001
activepower,B3_RECT,1,42,Mar,18,0.1135,5370.269
activepower,B3_RECT,1,43,Mar,19,-0.1746,4289.5577
activepower,B3_RECT,1,44,Mar,20,-0.4875,3115.9176
activepower,B3_RECT,1,45,Mar,21,-0.6764,2407.0783
activepower,B3_RECT,1,46,Mar,22,-0.739,2172.4435
activepower,B3_RECT,1,47,Mar,23,-0.7803,2017.5266
activepower,B3_RECT,1,48,Mie,0,-0.7844,2001.9293
activepower,B3_RECT,1,49,Mie,1,-0.788,1988.6665
activepower,B3_RECT,1,50,Mie,2,-0.7892,1983.8518
activepower,B3_RECT,1,51,Mie,3,-0.7553,2111.274
activepower,B3_RECT,1,52,Mie,4,-0.7284,2212.0456
activepower,B3_RECT,1,53,Mie,5,-0.5212,2989.4159
activepower,B3_RECT,1,54,Mie,6,0.2727,5967.644
activepower,B3_RECT,1,55,Mie,7,1.2937,9797.7726
activepower,B3_RECT,1,56,Mie,8,1.4968,10559.6282
activepower,B3_RECT,1,57,Mie,9,1.5026,10581.2197
activepower,B3_RECT,1,58,Mie,10,1.6995,11319.9962
activepower,B3_RECT,1,59,Mie,11,1.8243,11787.9015
activepower,B3_RECT,1,60,Mie,12,1.8064,11720.792
activepower,B3_RECT,1,61,Mie,13,1.5931,10920.69
activepower,B3_RECT,1,62,Mie,14,1.9946,12427.0758
activepower,B3_RECT,1,63,Mie,15,1.8552,11903.8114
activepower,B3_RECT,1,64,Mie,16,1.5824,10880.6117
activepower,B3_RECT,1,65,Mie,17,0.7071,7597.161
activepower,B3_RECT,1,66,Mie,18,0.1179,5386.6807
activepower,B3_RECT,1,67,Mie,19,-0.1937,4218.0155
activepower,B3_RECT,1,68,Mie,20,-0.552,2873.7235
activepower,B3_RECT,1,69,Mie,21,-0.7586,2098.6981
activepower,B3_RECT,1,70,Mie,22,-0.8265,1843.9848
activepower,B3_RECT,1,71,Mie,23,-0.8708,1677.9049
activepower,B3_RECT,1,72,Jue,0,-0.8802,1642.8258
activepower,B3_RECT,1,73,Jue,1,-0.8694,1683.0023
activepower,B3_RECT,1,74,Jue,2,-0.8448,1775.4375
activepower,B3_RECT,1,75,Jue,3,-0.7968,1955.4205
activepower,B3_RECT,1,76,Jue,4,-0.6599,2468.9228
activepower,B3_RECT,1,77,Jue,5,-0.4622,3210.7702
activepower,B3_RECT,1,78,Jue,6,0.1524,5516.3274
activepower,B3_RECT,1,79,Jue,7,0.9679,8575.4752
activepower,B3_RECT,1,80,Jue,8,1.2261,9543.8843
activepower,B3_RECT,1,81,Jue,9,1.1732,9345.4779
activepower,B3_RECT,1,82,Jue,10,1.337,9960.0397
activepower,B3_RECT,1,83,Jue,11,1.3983,10189.9134
activepower,B3_RECT,1,84,Jue,12,1.3502,10009.4643
activepower,B3_RECT,1,85,Jue,13,1.2168,9509.0995
activepower,B3_RECT,1,86,Jue,14,1.8676,11950.6988
activepower,B3_RECT,1,87,Jue,15,1.739,11468.1946
activepower,B3_RECT,1,88,Jue,16,1.4266,10296.0342
activepower,B3_RECT,1,89,Jue,17,0.7346,7700.3837
activepower,B3_RECT,1,90,Jue,18,0.1427,5479.9967
activepower,B3_RECT,1,91,Jue,19,-0.2207,4116.6071
activepower,B3_RECT,1,92,Jue,20,-0.565,2825.0217
activepower,B3_RECT,1,93,Jue,21,-0.7659,2071.3811
activepower,B3_RECT,1,94,Jue,22,-0.824,1853.5625
activepower,B3_RECT,1,95,Jue,23,-0.8613,1713.5871
activepower,B3_RECT,1,96,Vie,0,-0.8679,1688.736
activepower,B3_RECT,1,97,Vie,1,-0.8723,1672.217
activepower,B3_RECT,1,98,Vie,2,-0.8735,1667.8023
activepower,B3_RECT,1,99,Vie,3,-0.8494,1758.0678
activepower,B3_RECT,1,100,Vie,4,-0.7166,2256.3742
activepower,B3_RECT,1,101,Vie,5,-0.5254,2973.528
activepower,B3_RECT,1,102,Vie,6,0.1871,5646.3606
activepower,B3_RECT,1,103,Vie,7,1.1089,9104.3727
activepower,B3_RECT,1,104,Vie,8,1.3223,9904.9227
activepower,B3_RECT,1,105,Vie,9,1.3209,9899.8436
activepower,B3_RECT,1,106,Vie,10,1.3896,10157.4234
activepower,B3_RECT,1,107,Vie,11,1.4933,10546.2479
activepower,B3_RECT,1,108,Vie,12,1.4576,10412.4219
activepower,B3_RECT,1,109,Vie,13,1.3002,9822.0383
activepower,B3_RECT,1,110,Vie,14,1.6285,11053.5614
activepower,B3_RECT,1,111,Vie,15,1.5743,10850.0997
activepower,B3_RECT,1,112,Vie,16,1.0971,9060.1689
activepower,B3_RECT,1,113,Vie,17,0.2898,6031.8564
activepower,B3_RECT,1,114,Vie,18,-0.1402,4418.5927
activepower,B3_RECT,1,115,Vie,19,-0.3776,3527.9288
activepower,B3_RECT,1,116,Vie,20,-0.638,2551.0631
activepower,B3_RECT,1,117,Vie,21,-0.7773,2028.7023
activepower,B3_RECT,1,118,Vie,22,-0.8401,1793.1686
activepower,B3_RECT,1,119,Vie,23,-0.8934,1593.1424
activepower,B3_RECT,1,120,Sab,0,-0.8993,1571.0099
activepower,B3_RECT,1,121,Sab,1,-0.9101,1530.5639
activepower,B3_RECT,1,122,Sab,2,-0.9127,1520.5937
activepower,B3_RECT,1,123,Sab,3,-0.8816,1637.2468
activepower,B3_RECT,1,124,Sab,4,-0.793,1969.844
activepower,B3_RECT,1,125,Sab,5,-0.7327,2195.8238
activepower,B3_RECT,1,126,Sab,6,-0.4484,3262.398
activepower,B3_RECT,1,127,Sab,7,-0.2259,4097.0206
activepower,B3_RECT,1,128,Sab,8,-0.0953,4586.9198
activepower,B3_RECT,1,129,Sab,9,0.0107,4984.6183
activepower,B3_RECT,1,130,Sab,10,0.0476,5122.9726
activepower,B3_RECT,1,131,Sab,11,0.0709,5210.3802
activepower,B3_RECT,1,132,Sab,12,-0.0596,4720.8198
activepower,B3_RECT,1,133,Sab,13,-0.4704,3180.0675
activepower,B3_RECT,1,134,Sab,14,-0.6252,2599.0754
activepower,B3_RECT,1,135,Sab,15,-0.6866,2369.0393
activepower,B3_RECT,1,136,Sab,16,-0.5714,2801.2135
activepower,B3_RECT,1,137,Sab,17,-0.5365,2931.9198
activepower,B3_RECT,1,138,Sab,18,-0.8219,1861.4548
activepower,B3_RECT,1,139,Sab,19,-0.9224,1484.3075
activepower,B3_RECT,1,140,Sab,20,-0.9266,1468.529
activepower,B3_RECT,1,141,Sab,21,-0.9282,1462.5813
activepower,B3_RECT,1,142,Sab,22,-0.9303,1454.8663
activepower,B3_RECT,1,143,Sab,23,-0.9316,1449.9778
activepower,B3_RECT,1,144,Dom,0,-0.9328,1445.2913
activepower,B3_RECT,1,145,Dom,1,-0.9251,1474.2563
activepower,B3_RECT,1,146,Dom,2,-0.9308,1452.9798
activepower,B3_RECT,1,147,Dom,3,-0.9322,1447.4067
activepower,B3_RECT,1,148,Dom,4,-0.9311,1451.6385
activepower,B3_RECT,1,149,Dom,5,-0.9036,1554.9877
activepower,B3_RECT,1,150,Dom,6,-0.7693,2058.4913
activepower,B3_RECT,1,151,Dom,7,-0.7694,2058.3968
activepower,B3_RECT,1,152,Dom,8,-0.745,2149.75
activepower,B3_RECT,1,153,Dom,9,-0.5532,2869.4218
activepower,B3_RECT,1,154,Dom,10,-0.4991,3072.1476
activepower,B3_RECT,1,155,Dom,11,-0.594,2716.4623
activepower,B3_RECT,1,156,Dom,12,-0.8482,1762.5631
activepower,B3_RECT,1,157,Dom,13,-0.8932,1594.0443
activepower,B3_RECT,1,158,Dom,14,-0.9004,1566.8252
activepower,B3_RECT,1,159,Dom,15,-0.9057,1546.8909
activepower,B3_RECT,1,160,Dom,16,-0.9198,1493.9594
activepower,B3_RECT,1,161,Dom,17,-0.9252,1473.9089
activepower,B3_RECT,1,162,Dom,18,-0.9155,1510.2695
activepower,B3_RECT,1,163,Dom,19,-0.8826,1633.7829
activepower,B3_RECT,1,164,Dom,20,-0.8929,1595.0236
activepower,B3_RECT,1,165,Dom,21,-0.9282,1462.5783
activepower,B3_RECT,1,166,Dom,22,-0.9327,1445.6674
activepower,B3_RECT,1,167,Dom,23,-0.9325,1446.3201
activepower,B4_PRIM,4,0,Lun,0,-0.7627,12224.8531
activepower,B4_PRIM,4,1,Lun,1,-0.7355,12574.9454
activepower,B4_PRIM,4,2,Lun,2,-0.7589,12273.8533
activepower,B4_PRIM,4,3,Lun,3,-0.7551,12323.1533
activepower,B4_PRIM,4,4,Lun,4,-0.7562,12309.2562
activepower,B4_PRIM,4,5,Lun,5,-0.5086,15495.5792
activepower,B4_PRIM,4,6,Lun,6,0.3971,27151.7338
activepower,B4_PRIM,4,7,Lun,7,1.3188,39014.1017
activepower,B4_PRIM,4,8,Lun,8,1.5162,41553.4938
activepower,B4_PRIM,4,9,Lun,9,1.42,40315.4325
activepower,B4_PRIM,4,10,Lun,10,1.3484,39395.0586
activepower,B4_PRIM,4,11,Lun,11,1.4534,40745.6688
activepower,B4_PRIM,4,12,Lun,12,1.386,39877.9122
activepower,B4_PRIM,4,13,Lun,13,1.0497,35550.1153
activepower,B4_PRIM,4,14,Lun,14,0.8297,32719.0681
activepower,B4_PRIM,4,15,Lun,15,0.3241,26212.5858
activepower,B4_PRIM,4,16,Lun,16,-0.0688,21155.8848
activepower,B4_PRIM,4,17,Lun,17,-0.4076,16795.0368
activepower,B4_PRIM,4,18,Lun,18,-0.3673,17313.7439
activepower,B4_PRIM,4,19,Lun,19,-0.4176,16666.5775
activepower,B4_PRIM,4,20,Lun,20,-0.5132,15436.0592
activepower,B4_PRIM,4,21,Lun,21,-0.5748,14643.7054
activepower,B4_PRIM,4,22,Lun,22,-0.6456,13731.6958
activepower,B4_PRIM,4,23,Lun,23,-0.6696,13422.9938
activepower,B4_PRIM,4,24,Mar,0,-0.7141,12850.229
activepower,B4_PRIM,4,25,Mar,1,-0.7055,12960.9198
activepower,B4_PRIM,4,26,Mar,2,-0.7223,12745.7381
activepower,B4_PRIM,4,27,Mar,3,-0.7094,12911.6948
activepower,B4_PRIM,4,28,Mar,4,-0.7291,12658.0317
activepower,B4_PRIM,4,29,Mar,5,-0.4084,16785.4929
activepower,B4_PRIM,4,30,Mar,6,0.8061,32415.4671
activepower,B4_PRIM,4,31,Mar,7,1.9332,46920.8134
activepower,B4_PRIM,4,32,Mar,8,2.136,49530.5041
activepower,B4_PRIM,4,33,Mar,9,1.9821,47550.3299
activepower,B4_PRIM,4,34,Mar,10,2.0276,48135.1156
activepower,B4_PRIM,4,35,Mar,11,2.2744,51312.5346
activepower,B4_PRIM,4,36,Mar,12,2.17,49968.8282
activepower,B4_PRIM,4,37,Mar,13,1.7957,45150.7906
activepower,B4_PRIM,4,38,Mar,14,1.5276,41700.5379
activepower,B4_PRIM,4,39,Mar,15,0.6922,30948.9571
activepower,B4_PRIM,4,40,Mar,16,0.2913,25789.587
activepower,B4_PRIM,4,41,Mar,17,-0.1949,19533.0204
activepower,B4_PRIM,4,42,Mar,18,-0.2131,19298.5094
activepower,B4_PRIM,4,43,Mar,19,-0.2521,18796.4115
activepower,B4_PRIM,4,44,Mar,20,-0.3833,17107.4342
activepower,B4_PRIM,4,45,Mar,21,-0.4512,16234.2055
activepower,B4_PRIM,4,46,Mar,22,-0.5172,15384.3567
activepower,B4_PRIM,4,47,Mar,23,-0.52,15348.7461
activepower,B4_PRIM,4,48,Mie,0,-0.5507,14953.467
activepower,B4_PRIM,4,49,Mie,1,-0.5454,15022.1906
activepower,B4_PRIM,4,50,Mie,2,-0.5497,14966.2133
activepower,B4_PRIM,4,51,Mie,3,-0.5347,15159.2525
activepower,B4_PRIM,4,52,Mie,4,-0.6959,13085.3698
activepower,B4_PRIM,4,53,Mie,5,-0.4007,16883.5127
activepower,B4_PRIM,4,54,Mie,6,0.7595,31815.0881
activepower,B4_PRIM,4,55,Mie,7,1.9137,46669.2468
activepower,B4_PRIM,4,56,Mie,8,2.0191,48026.8028
activepower,B4_PRIM,4,57,Mie,9,1.9852,47590.1682
activepower,B4_PRIM,4,58,Mie,10,2.0829,48847.8083
activepower,B4_PRIM,4,59,Mie,11,2.1075,49164.5402
activepower,B4_PRIM,4,60,Mie,12,1.9497,47133.1542
activepower,B4_PRIM,4,61,Mie,13,1.1478,36813.5216
activepower,B4_PRIM,4,62,Mie,14,1.1341,36636.9864
activepower,B4_PRIM,4,63,Mie,15,0.5885,29615.411
activepower,B4_PRIM,4,64,Mie,16,0.1734,24272.2345
activepower,B4_PRIM,4,65,Mie,17,-0.2785,18456.2466
activepower,B4_PRIM,4,66,Mie,18,-0.3202,17920.0985
activepower,B4_PRIM,4,67,Mie,19,-0.3373,17700.3939
activepower,B4_PRIM,4,68,Mie,20,-0.398,16918.4428
activepower,B4_PRIM,4,69,Mie,21,-0.5142,15423.6242
activepower,B4_PRIM,4,70,Mie,22,-0.609,14202.9932
activepower,B4_PRIM,4,71,Mie,23,-0.6061,14240.8924
activepower,B4_PRIM,4,72,Jue,0,-0.6467,13718.1261
activepower,B4_PRIM,4,73,Jue,1,-0.633,13894.5467
activepower,B4_PRIM,4,74,Jue,2,-0.6163,14108.9399
activepower,B4_PRIM,4,75,Jue,3,-0.5719,14681.1476
activepower,B4_PRIM,4,76,Jue,4,-0.5905,14441.5234
activepower,B4_PRIM,4,77,Jue,5,-0.2736,18519.7894
activepower,B4_PRIM,4,78,Jue,6,0.6613,30551.2115
activepower,B4_PRIM,4,79,Jue,7,1.6182,42866.532
activepower,B4_PRIM,4,80,Jue,8,1.8817,46257.7874
activepower,B4_PRIM,4,81,Jue,9,1.718,44151.2312
activepower,B4_PRIM,4,82,Jue,10,1.6828,43698.7747
activepower,B4_PRIM,4,83,Jue,11,1.895,46429.3198
activepower,B4_PRIM,4,84,Jue,12,1.8072,45299.0349
activepower,B4_PRIM,4,85,Jue,13,1.5237,41650.3788
activepower,B4_PRIM,4,86,Jue,14,1.3772,39765.4225
activepower,B4_PRIM,4,87,Jue,15,0.6645,30592.8225
activepower,B4_PRIM,4,88,Jue,16,0.2545,25316.7992
activepower,B4_PRIM,4,89,Jue,17,-0.2134,19295.0292
activepower,B4_PRIM,4,90,Jue,18,-0.2992,18189.7979
activepower,B4_PRIM,4,91,Jue,19,-0.3497,17540.0571
activepower,B4_PRIM,4,92,Jue,20,-0.4453,16310.3717
activepower,B4_PRIM,4,93,Jue,21,-0.5569,14873.8655
activepower,B4_PRIM,4,94,Jue,22,-0.648,13700.7955
activepower,B4_PRIM,4,95,Jue,23,-0.6674,13451.6595
activepower,B4_PRIM,4,96,Vie,0,-0.6979,13058.5917
activepower,B4_PRIM,4,97,Vie,1,-0.6995,13038.6841
activepower,B4_PRIM,4,98,Vie,2,-0.7011,13017.8148
activepower,B4_PRIM,4,99,Vie,3,-0.695,13096.0754
activepower,B4_PRIM,4,100,Vie,4,-0.7299,12647.4818
activepower,B4_PRIM,4,101,Vie,5,-0.4324,16476.5223
activepower,B4_PRIM,4,102,Vie,6,0.6216,30041.2705
activepower,B4_PRIM,4,103,Vie,7,1.4499,40700.9057
activepower,B4_PRIM,4,104,Vie,8,1.6842,43715.747
activepower,B4_PRIM,4,105,Vie,9,1.5139,41524.3004
activepower,B4_PRIM,4,106,Vie,10,1.4579,40803.7058
activepower,B4_PRIM,4,107,Vie,11,1.7346,44365.0927
activepower,B4_PRIM,4,108,Vie,12,1.6888,43775.0688
activepower,B4_PRIM,4,109,Vie,13,1.2406,38006.7473
activepower,B4_PRIM,4,110,Vie,14,0.9543,34323.1962
activepower,B4_PRIM,4,111,Vie,15,0.2639,25437.1346
activepower,B4_PRIM,4,112,Vie,16,-0.1353,20299.7809
activepower,B4_PRIM,4,113,Vie,17,-0.4906,15726.4767
activepower,B4_PRIM,4,114,Vie,18,-0.4707,15982.5841
activepower,B4_PRIM,4,115,Vie,19,-0.5407,15082.1534
activepower,B4_PRIM,4,116,Vie,20,-0.6217,14039.2608
activepower,B4_PRIM,4,117,Vie,21,-0.6617,13525.2462
activepower,B4_PRIM,4,118,Vie,22,-0.7173,12809.1223
activepower,B4_PRIM,4,119,Vie,23,-0.739,12530.3159
activepower,B4_PRIM,4,120,Sab,0,-0.7651,12194.9107
activepower,B4_PRIM,4,121,Sab,1,-0.7582,12283.448
activepower,B4_PRIM,4,122,Sab,2,-0.7604,12255.156
activepower,B4_PRIM,4,123,Sab,3,-0.7479,12415.9849
activepower,B4_PRIM,4,124,Sab,4,-0.7729,12094.3357
activepower,B4_PRIM,4,125,Sab,5,-0.6785,13308.6143
activepower,B4_PRIM,4,126,Sab,6,-0.6301,13932.2552
activepower,B4_PRIM,4,127,Sab,7,-0.4349,16444.344
activepower,B4_PRIM,4,128,Sab,8,-0.3575,17439.5313
activepower,B4_PRIM,4,129,Sab,9,-0.4295,16512.831
activepower,B4_PRIM,4,130,Sab,10,-0.5149,15414.8298
activepower,B4_PRIM,4,131,Sab,11,-0.5906,14440.5508
activepower,B4_PRIM,4,132,Sab,12,-0.6829,13252.5143
activepower,B4_PRIM,4,133,Sab,13,-0.7139,12852.8698
activepower,B4_PRIM,4,134,Sab,14,-0.7526,12355.4984
activepower,B4_PRIM,4,135,Sab,15,-0.7482,12412.3306
activepower,B4_PRIM,4,136,Sab,16,-0.7493,12398.2357
activepower,B4_PRIM,4,137,Sab,17,-0.7018,13008.6365
activepower,B4_PRIM,4,138,Sab,18,-0.6246,14002.6925
activepower,B4_PRIM,4,139,Sab,19,-0.5922,14419.5766
activepower,B4_PRIM,4,140,Sab,20,-0.6015,14299.6238
activepower,B4_PRIM,4,141,Sab,21,-0.6368,13845.1909
activepower,B4_PRIM,4,142,Sab,22,-0.7174,12807.6274
activepower,B4_PRIM,4,143,Sab,23,-0.7238,12725.2615
activepower,B4_PRIM,4,144,Dom,0,-0.7289,12659.6294
activepower,B4_PRIM,4,145,Dom,1,-0.7234,12731.4222
activepower,B4_PRIM,4,146,Dom,2,-0.7557,12314.7452
activepower,B4_PRIM,4,147,Dom,3,-0.7459,12441.2198
activepower,B4_PRIM,4,148,Dom,4,-0.7572,12296.3948
activepower,B4_PRIM,4,149,Dom,5,-0.7463,12436.5631
activepower,B4_PRIM,4,150,Dom,6,-0.8878,10614.7976
activepower,B4_PRIM,4,151,Dom,7,-0.9309,10060.8722
activepower,B4_PRIM,4,152,Dom,8,-0.9871,9337.2734
activepower,B4_PRIM,4,153,Dom,9,-1.026,8836.2317
activepower,B4_PRIM,4,154,Dom,10,-1.0581,8423.679
activepower,B4_PRIM,4,155,Dom,11,-1.0359,8709.6294
activepower,B4_PRIM,4,156,Dom,12,-1.054,8476.4901
activepower,B4_PRIM,4,157,Dom,13,-1.0312,8769.5066
activepower,B4_PRIM,4,158,Dom,14,-1.0136,8996.2457
activepower,B4_PRIM,4,159,Dom,15,-0.9629,9649.0369
activepower,B4_PRIM,4,160,Dom,16,-0.9526,9781.6157
activepower,B4_PRIM,4,161,Dom,17,-0.9115,10309.5532
activepower,B4_PRIM,4,162,Dom,18,-0.7975,11777.0452
activepower,B4_PRIM,4,163,Dom,19,-0.7711,12117.5252
activepower,B4_PRIM,4,164,Dom,20,-0.758,12285.2643
activepower,B4_PRIM,4,165,Dom,21,-0.7388,12532.2975
activepower,B4_PRIM,4,166,Dom,22,-0.7688,12146.9747
activepower,B4_PRIM,4,167,Dom,23,-0.7587,12276.575
activepower,B5_BACH,4,0,Lun,0,-0.8756,11563.1412
activepower,B5_BACH,4,1,Lun,1,-0.8728,11615.28
activepower,B5_BACH,4,2,Lun,2,-0.8745,11582.8283
activepower,B5_BACH,4,3,Lun,3,-0.8765,11544.4821
activepower,B5_BACH,4,4,Lun,4,-0.7748,13475.4838
activepower,B5_BACH,4,5,Lun,5,-0.5009,18669.9504
activepower,B5_BACH,4,6,Lun,6,0.0299,28739.2158
activepower,B5_BACH,4,7,Lun,7,1.0332,47772.1083
activepower,B5_BACH,4,8,Lun,8,1.5349,57289.6383
activepower,B5_BACH,4,9,Lun,9,1.4378,55447.6433
activepower,B5_BACH,4,10,Lun,10,1.5816,58175.2058
activepower,B5_BACH,4,11,Lun,11,1.6173,58851.8985
activepower,B5_BACH,4,12,Lun,12,1.5831,58203.4309
activepower,B5_BACH,4,13,Lun,13,0.9921,46991.3632
activepower,B5_BACH,4,14,Lun,14,1.1258,49527.6707
activepower,B5_BACH,4,15,Lun,15,0.5719,39021.6816
activepower,B5_BACH,4,16,Lun,16,0.2447,32814.6031
activepower,B5_BACH,4,17,Lun,17,-0.1784,24788.125
activepower,B5_BACH,4,18,Lun,18,-0.1962,24451.2498
activepower,B5_BACH,4,19,Lun,19,-0.3137,22222.4754
activepower,B5_BACH,4,20,Lun,20,-0.4393,19839.745
activepower,B5_BACH,4,21,Lun,21,-0.5056,18581.7612
activepower,B5_BACH,4,22,Lun,22,-0.8027,12945.2383
activepower,B5_BACH,4,23,Lun,23,-0.8508,12032.1888
activepower,B5_BACH,4,24,Mar,0,-0.8477,12090.877
activepower,B5_BACH,4,25,Mar,1,-0.8665,11735.1968
activepower,B5_BACH,4,26,Mar,2,-0.8588,11881.5238
activepower,B5_BACH,4,27,Mar,3,-0.8605,11848.6754
activepower,B5_BACH,4,28,Mar,4,-0.7333,14261.7067
activepower,B5_BACH,4,29,Mar,5,-0.4215,20176.5075
activepower,B5_BACH,4,30,Mar,6,0.2278,32493.0155
activepower,B5_BACH,4,31,Mar,7,1.3926,54589.8421
activepower,B5_BACH,4,32,Mar,8,1.9355,64889.1813
activepower,B5_BACH,4,33,Mar,9,2.0042,66191.4328
activepower,B5_BACH,4,34,Mar,10,2.1432,68829.0386
activepower,B5_BACH,4,35,Mar,11,2.2524,70900.2458
activepower,B5_BACH,4,36,Mar,12,2.2271,70419.1196
activepower,B5_BACH,4,37,Mar,13,1.5024,56671.7063
activepower,B5_BACH,4,38,Mar,14,1.8194,62685.6434
activepower,B5_BACH,4,39,Mar,15,0.9867,46889.4067
activepower,B5_BACH,4,40,Mar,16,0.5799,39172.8223
activepower,B5_BACH,4,41,Mar,17,0.1165,30382.4232
activepower,B5_BACH,4,42,Mar,18,0.0448,29021.669
activepower,B5_BACH,4,43,Mar,19,-0.1369,25575.6179
activepower,B5_BACH,4,44,Mar,20,-0.271,23031.6738
activepower,B5_BACH,4,45,Mar,21,-0.3654,21240.5036
activepower,B5_BACH,4,46,Mar,22,-0.689,15102.0826
activepower,B5_BACH,4,47,Mar,23,-0.7214,14487.4396
activepower,B5_BACH,4,48,Mie,0,-0.7234,14449.9663
activepower,B5_BACH,4,49,Mie,1,-0.7394,14146.3548
activepower,B5_BACH,4,50,Mie,2,-0.7354,14221.4853
activepower,B5_BACH,4,51,Mie,3,-0.722,14475.2795
activepower,B5_BACH,4,52,Mie,4,-0.759,13774.9603
activepower,B5_BACH,4,53,Mie,5,-0.4566,19510.9246
activepower,B5_BACH,4,54,Mie,6,0.2331,32593.6016
activepower,B5_BACH,4,55,Mie,7,1.4466,55614.6468
activepower,B5_BACH,4,56,Mie,8,1.8858,63945.454
activepower,B5_BACH,4,57,Mie,9,1.7829,61992.8095
activepower,B5_BACH,4,58,Mie,10,2.3172,72129.422
activepower,B5_BACH,4,59,Mie,11,2.3127,72043.7663
activepower,B5_BACH,4,60,Mie,12,1.9905,65931.986
activepower,B5_BACH,4,61,Mie,13,1.2594,52063.6294
activepower,B5_BACH,4,62,Mie,14,1.2878,52602.2674
activepower,B5_BACH,4,63,Mie,15,0.8765,44800.0038
activepower,B5_BACH,4,64,Mie,16,0.5804,39182.3311
activepower,B5_BACH,4,65,Mie,17,0.0705,29509.3583
activepower,B5_BACH,4,66,Mie,18,0.0128,28415.7742
activepower,B5_BACH,4,67,Mie,19,-0.132,25669.275
activepower,B5_BACH,4,68,Mie,20,-0.2566,23304.5053
activepower,B5_BACH,4,69,Mie,21,-0.4421,19785.6235
activepower,B5_BACH,4,70,Mie,22,-0.7522,13903.5098
activepower,B5_BACH,4,71,Mie,23,-0.8023,12953.1235
activepower,B5_BACH,4,72,Jue,0,-0.826,12502.4784
activepower,B5_BACH,4,73,Jue,1,-0.8312,12403.79
activepower,B5_BACH,4,74,Jue,2,-0.7982,13030.9885
activepower,B5_BACH,4,75,Jue,3,-0.7716,13534.5702
activepower,B5_BACH,4,76,Jue,4,-0.6684,15493.0452
activepower,B5_BACH,4,77,Jue,5,-0.3675,21200.1739
activepower,B5_BACH,4,78,Jue,6,0.2192,32330.8296
activepower,B5_BACH,4,79,Jue,7,1.1865,50680.2594
activepower,B5_BACH,4,80,Jue,8,1.6641,59740.1558
activepower,B5_BACH,4,81,Jue,9,1.6073,58663.3258
activepower,B5_BACH,4,82,Jue,10,1.7595,61548.8937
activepower,B5_BACH,4,83,Jue,11,1.8773,63784.4432
activepower,B5_BACH,4,84,Jue,12,1.7283,60958.0715
activepower,B5_BACH,4,85,Jue,13,1.1114,49256.0629
activepower,B5_BACH,4,86,Jue,14,1.7217,60831.6972
activepower,B5_BACH,4,87,Jue,15,0.9497,46187.5037
activepower,B5_BACH,4,88,Jue,16,0.5188,38014.514
activepower,B5_BACH,4,89,Jue,17,0.0049,28266.0618
activepower,B5_BACH,4,90,Jue,18,-0.0223,27749.9975
activepower,B5_BACH,4,91,Jue,19,-0.1653,25037.5398
activepower,B5_BACH,4,92,Jue,20,-0.3636,21275.1518
activepower,B5_BACH,4,93,Jue,21,-0.5219,18272.6909
activepower,B5_BACH,4,94,Jue,22,-0.7402,14130.0794
activepower,B5_BACH,4,95,Jue,23,-0.8255,12513.0962
activepower,B5_BACH,4,96,Vie,0,-0.8303,12421.436
activepower,B5_BACH,4,97,Vie,1,-0.8436,12168.7
activepower,B5_BACH,4,98,Vie,2,-0.8381,12272.9496
activepower,B5_BACH,4,99,Vie,3,-0.8381,12274.6598
activepower,B5_BACH,4,100,Vie,4,-0.7606,13743.8697
activepower,B5_BACH,4,101,Vie,5,-0.5182,18342.8701
activepower,B5_BACH,4,102,Vie,6,0.0313,28766.2617
activepower,B5_BACH,4,103,Vie,7,1.0704,48477.303
activepower,B5_BACH,4,104,Vie,8,1.6021,58563.1019
activepower,B5_BACH,4,105,Vie,9,1.5071,56762.4515
activepower,B5_BACH,4,106,Vie,10,1.5622,57807.2249
activepower,B5_BACH,4,107,Vie,11,1.7188,60777.1196
activepower,B5_BACH,4,108,Vie,12,1.5818,58178.7161
activepower,B5_BACH,4,109,Vie,13,1.0101,47334.4655
activepower,B5_BACH,4,110,Vie,14,1.2624,52118.9936
activepower,B5_BACH,4,111,Vie,15,0.6279,40084.2597
activepower,B5_BACH,4,112,Vie,16,0.1778,31545.4973
activepower,B5_BACH,4,113,Vie,17,-0.2242,23919.6492
activepower,B5_BACH,4,114,Vie,18,-0.2347,23719.6221
activepower,B5_BACH,4,115,Vie,19,-0.3421,21682.9606
activepower,B5_BACH,4,116,Vie,20,-0.4109,20378.1051
activepower,B5_BACH,4,117,Vie,21,-0.4989,18708.0027
activepower,B5_BACH,4,118,Vie,22,-0.7033,14831.7996
activepower,B5_BACH,4,119,Vie,23,-0.8298,12431.1064
activepower,B5_BACH,4,120,Sab,0,-0.8466,12112.7687
activepower,B5_BACH,4,121,Sab,1,-0.8584,11889.5877
activepower,B5_BACH,4,122,Sab,2,-0.8763,11549.2583
activepower,B5_BACH,4,123,Sab,3,-0.8487,12072.9341
activepower,B5_BACH,4,124,Sab,4,-0.8623,11814.2968
activepower,B5_BACH,4,125,Sab,5,-0.8252,12518.4496
activepower,B5_BACH,4,126,Sab,6,-0.7248,14423.2444
activepower,B5_BACH,4,127,Sab,7,-0.504,18612.3151
activepower,B5_BACH,4,128,Sab,8,-0.2724,23005.8659
activepower,B5_BACH,4,129,Sab,9,-0.2559,23317.1218
activepower,B5_BACH,4,130,Sab,10,-0.1844,24674.2472
activepower,B5_BACH,4,131,Sab,11,-0.1653,25036.556
activepower,B5_BACH,4,132,Sab,12,-0.4183,20237.0381
activepower,B5_BACH,4,133,Sab,13,-0.5603,17543.8107
activepower,B5_BACH,4,134,Sab,14,-0.6143,16519.6417
activepower,B5_BACH,4,135,Sab,15,-0.6567,15714.0433
activepower,B5_BACH,4,136,Sab,16,-0.707,14761.3516
activepower,B5_BACH,4,137,Sab,17,-0.7086,14729.5694
activepower,B5_BACH,4,138,Sab,18,-0.6433,15970.0698
activepower,B5_BACH,4,139,Sab,19,-0.6744,15379.1024
activepower,B5_BACH,4,140,Sab,20,-0.724,14438.6115
activepower,B5_BACH,4,141,Sab,21,-0.7894,13198.0317
activepower,B5_BACH,4,142,Sab,22,-0.8493,12060.9433
activepower,B5_BACH,4,143,Sab,23,-0.8509,12031.5345
activepower,B5_BACH,4,144,Dom,0,-0.8576,11904.1794
activepower,B5_BACH,4,145,Dom,1,-0.8612,11835.9242
activepower,B5_BACH,4,146,Dom,2,-0.8586,11884.379
activepower,B5_BACH,4,147,Dom,3,-0.8605,11849.1036
activepower,B5_BACH,4,148,Dom,4,-0.8441,12160.0722
activepower,B5_BACH,4,149,Dom,5,-0.8353,12326.0952
activepower,B5_BACH,4,150,Dom,6,-0.8622,11816.3825
activepower,B5_BACH,4,151,Dom,7,-0.8705,11659.8972
activepower,B5_BACH,4,152,Dom,8,-0.8686,11695.7817
activepower,B5_BACH,4,153,Dom,9,-0.8694,11679.6591
activepower,B5_BACH,4,154,Dom,10,-0.8592,11874.3738
activepower,B5_BACH,4,155,Dom,11,-0.8606,11847.1107
activepower,B5_BACH,4,156,Dom,12,-0.8462,12120.3561
activepower,B5_BACH,4,157,Dom,13,-0.8539,11973.2274
activepower,B5_BACH,4,158,Dom,14,-0.8347,12339.2205
activepower,B5_BACH,4,159,Dom,15,-0.8464,12116.4413
activepower,B5_BACH,4,160,Dom,16,-0.8585,11887.1042
activepower,B5_BACH,4,161,Dom,17,-0.8193,12630.0207
activepower,B5_BACH,4,162,Dom,18,-0.6761,15345.9911
activepower,B5_BACH,4,163,Dom,19,-0.6756,15356.1167
activepower,B5_BACH,4,164,Dom,20,-0.73,14323.5443
activepower,B5_BACH,4,165,Dom,21,-0.8046,12910.1664
activepower,B5_BACH,4,166,Dom,22,-0.8693,11682.9082
activepower,B5_BACH,4,167,Dom,23,-0.8696,11675.7918
activepower,B7_CTIC,1,0,Lun,0,-0.9412,33021.7737
activepower,B7_CTIC,1,1,Lun,1,-1.1299,32321.0179
activepower,B7_CTIC,1,2,Lun,2,-1.097,32443.1167
activepower,B7_CTIC,1,3,Lun,3,-1.1732,32160.4433
activepower,B7_CTIC,1,4,Lun,4,-1.057,32591.8692
activepower,B7_CTIC,1,5,Lun,5,-0.8031,33534.6017
activepower,B7_CTIC,1,6,Lun,6,-0.0246,36425.0004
activepower,B7_CTIC,1,7,Lun,7,0.3821,37935.0104
activepower,B7_CTIC,1,8,Lun,8,0.6372,38882.0754
activepower,B7_CTIC,1,9,Lun,9,0.7504,39302.4075
activepower,B7_CTIC,1,10,Lun,10,0.9083,39888.6472
activepower,B7_CTIC,1,11,Lun,11,1.1792,40894.3522
activepower,B7_CTIC,1,12,Lun,12,0.9523,40051.7375
activepower,B7_CTIC,1,13,Lun,13,1.0246,40320.4524
activepower,B7_CTIC,1,14,Lun,14,1.0123,40274.6184
activepower,B7_CTIC,1,15,Lun,15,0.9516,40049.4124
activepower,B7_CTIC,1,16,Lun,16,0.7619,39344.8631
activepower,B7_CTIC,1,17,Lun,17,0.2754,37538.643
activepower,B7_CTIC,1,18,Lun,18,-0.1726,35875.4421
activepower,B7_CTIC,1,19,Lun,19,-0.4182,34963.4308
activepower,B7_CTIC,1,20,Lun,20,-0.6159,34229.5521
activepower,B7_CTIC,1,21,Lun,21,-0.9455,33005.5525
activepower,B7_CTIC,1,22,Lun,22,-1.059,32584.2642
activepower,B7_CTIC,1,23,Lun,23,-0.9189,33104.3912
activepower,B7_CTIC,1,24,Mar,0,-1.0828,32495.8095
activepower,B7_CTIC,1,25,Mar,1,-1.1222,32349.6917
activepower,B7_CTIC,1,26,Mar,2,-1.1547,32228.8833
activepower,B7_CTIC,1,27,Mar,3,-1.1643,32193.3532
activepower,B7_CTIC,1,28,Mar,4,-0.9934,32827.9008
activepower,B7_CTIC,1,29,Mar,5,-0.7705,33655.4813
activepower,B7_CTIC,1,30,Mar,6,0.1429,37046.5938
activepower,B7_CTIC,1,31,Mar,7,0.3956,37984.7945
activepower,B7_CTIC,1,32,Mar,8,0.8716,39752.2288
activepower,B7_CTIC,1,33,Mar,9,1.0485,40408.8926
activepower,B7_CTIC,1,34,Mar,10,1.4304,41826.9912
activepower,B7_CTIC,1,35,Mar,11,1.59,42419.6686
activepower,B7_CTIC,1,36,Mar,12,1.5819,42389.3031
activepower,B7_CTIC,1,37,Mar,13,1.6851,42772.4538
activepower,B7_CTIC,1,38,Mar,14,1.8239,43288.0357
activepower,B7_CTIC,1,39,Mar,15,1.8412,43352.1001
activepower,B7_CTIC,1,40,Mar,16,1.5509,42274.3283
activepower,B7_CTIC,1,41,Mar,17,1.0046,40245.9827
activepower,B7_CTIC,1,42,Mar,18,0.3794,37924.6346
activepower,B7_CTIC,1,43,Mar,19,0.2625,37490.7569
activepower,B7_CTIC,1,44,Mar,20,-0.2344,35646.0526
activepower,B7_CTIC,1,45,Mar,21,-0.555,34455.4764
activepower,B7_CTIC,1,46,Mar,22,-0.7131,33868.7024
activepower,B7_CTIC,1,47,Mar,23,-0.8143,33492.7552
activepower,B7_CTIC,1,48,Mie,0,-0.8025,33536.6256
activepower,B7_CTIC,1,49,Mie,1,-0.9295,33065.0053
activepower,B7_CTIC,1,50,Mie,2,-0.9778,32885.77
activepower,B7_CTIC,1,51,Mie,3,-1.0092,32769.3401
activepower,B7_CTIC,1,52,Mie,4,-1.009,32769.8794
activepower,B7_CTIC,1,53,Mie,5,-0.839,33401.1429
activepower,B7_CTIC,1,54,Mie,6,-0.096,36159.8313
activepower,B7_CTIC,1,55,Mie,7,0.3998,38000.5202
activepower,B7_CTIC,1,56,Mie,8,0.9529,40054.2393
activepower,B7_CTIC,1,57,Mie,9,1.1377,40740.364
activepower,B7_CTIC,1,58,Mie,10,1.5554,42290.9049
activepower,B7_CTIC,1,59,Mie,11,1.8648,43439.7411
activepower,B7_CTIC,1,60,Mie,12,1.6336,42581.4898
activepower,B7_CTIC,1,61,Mie,13,1.7206,42904.3572
activepower,B7_CTIC,1,62,Mie,14,2.147,44487.439
activepower,B7_CTIC,1,63,Mie,15,1.9899,43904.1447
activepower,B7_CTIC,1,64,Mie,16,1.6125,42503.1288
activepower,B7_CTIC,1,65,Mie,17,1.0897,40562.0523
activepower,B7_CTIC,1,66,Mie,18,0.4979,38364.6292
activepower,B7_CTIC,1,67,Mie,19,0.2616,37487.308
activepower,B7_CTIC,1,68,Mie,20,-0.3185,35333.8042
activepower,B7_CTIC,1,69,Mie,21,-0.7202,33842.3091
activepower,B7_CTIC,1,70,Mie,22,-0.8112,33504.1924
activepower,B7_CTIC,1,71,Mie,23,-0.859,33326.7996
activepower,B7_CTIC,1,72,Jue,0,-0.8752,33266.9189
activepower,B7_CTIC,1,73,Jue,1,-0.8655,33302.8801
activepower,B7_CTIC,1,74,Jue,2,-0.8723,33277.4236
activepower,B7_CTIC,1,75,Jue,3,-0.8435,33384.2592
activepower,B7_CTIC,1,76,Jue,4,-0.7843,33604.0864
activepower,B7_CTIC,1,77,Jue,5,-0.5175,34594.9614
activepower,B7_CTIC,1,78,Jue,6,0.1296,36997.2875
activepower,B7_CTIC,1,79,Jue,7,0.6838,39055.0842
activepower,B7_CTIC,1,80,Jue,8,0.9572,40069.9026
activepower,B7_CTIC,1,81,Jue,9,1.1272,40701.3308
activepower,B7_CTIC,1,82,Jue,10,1.3845,41656.414
activepower,B7_CTIC,1,83,Jue,11,1.5519,42278.0072
activepower,B7_CTIC,1,84,Jue,12,1.4466,41887.0277
activepower,B7_CTIC,1,85,Jue,13,1.5626,42317.9713
activepower,B7_CTIC,1,86,Jue,14,1.9886,43899.3596
activepower,B7_CTIC,1,87,Jue,15,1.9135,43620.7746
activepower,B7_CTIC,1,88,Jue,16,1.6388,42600.6442
activepower,B7_CTIC,1,89,Jue,17,0.8996,39856.0217
activepower,B7_CTIC,1,90,Jue,18,0.2013,37263.535
activepower,B7_CTIC,1,91,Jue,19,-0.1073,36117.9271
activepower,B7_CTIC,1,92,Jue,20,-0.6555,34082.5462
activepower,B7_CTIC,1,93,Jue,21,-0.803,33534.7992
activepower,B7_CTIC,1,94,Jue,22,-0.964,32936.9701
activepower,B7_CTIC,1,95,Jue,23,-1.0493,32620.3955
activepower,B7_CTIC,1,96,Vie,0,-1.0244,32712.7572
activepower,B7_CTIC,1,97,Vie,1,-1.1002,32431.4773
activepower,B7_CTIC,1,98,Vie,2,-1.1288,32324.9913
activepower,B7_CTIC,1,99,Vie,3,-1.0973,32442.3008
activepower,B7_CTIC,1,100,Vie,4,-1.0575,32589.95
activepower,B7_CTIC,1,101,Vie,5,-0.6769,34002.9837
activepower,B7_CTIC,1,102,Vie,6,0.2307,37372.5508
activepower,B7_CTIC,1,103,Vie,7,0.6125,38790.311
activepower,B7_CTIC,1,104,Vie,8,0.8806,39785.7826
activepower,B7_CTIC,1,105,Vie,9,1.1866,40921.7205
activepower,B7_CTIC,1,106,Vie,10,1.5326,42206.5314
activepower,B7_CTIC,1,107,Vie,11,1.594,42434.3409
activepower,B7_CTIC,1,108,Vie,12,1.4881,42041.1792
activepower,B7_CTIC,1,109,Vie,13,1.6613,42684.2587
activepower,B7_CTIC,1,110,Vie,14,1.7284,42933.4523
activepower,B7_CTIC,1,111,Vie,15,1.6095,42492.0961
activepower,B7_CTIC,1,112,Vie,16,1.0803,40527.1074
activepower,B7_CTIC,1,113,Vie,17,0.6145,38797.6104
activepower,B7_CTIC,1,114,Vie,18,0.1745,37164.1203
activepower,B7_CTIC,1,115,Vie,19,-0.414,34978.9652
activepower,B7_CTIC,1,116,Vie,20,-0.7141,33865.0286
activepower,B7_CTIC,1,117,Vie,21,-0.9723,32906.2652
activepower,B7_CTIC,1,118,Vie,22,-0.8976,33183.6686
activepower,B7_CTIC,1,119,Vie,23,-1.0068,32778.2277
activepower,B7_CTIC,1,120,Sab,0,-1.0533,32605.3278
activepower,B7_CTIC,1,121,Sab,1,-1.103,32421.1373
activepower,B7_CTIC,1,122,Sab,2,-1.1122,32386.9663
activepower,B7_CTIC,1,123,Sab,3,-1.2024,32051.7369
activepower,B7_CTIC,1,124,Sab,4,-0.99,32840.5313
activepower,B7_CTIC,1,125,Sab,5,-0.9212,33095.8567
activepower,B7_CTIC,1,126,Sab,6,-0.7018,33910.6393
activepower,B7_CTIC,1,127,Sab,7,-0.4804,34732.3718
activepower,B7_CTIC,1,128,Sab,8,-0.5285,34553.8242
activepower,B7_CTIC,1,129,Sab,9,-0.0565,36306.4341
activepower,B7_CTIC,1,130,Sab,10,0.1679,37139.6218
activepower,B7_CTIC,1,131,Sab,11,0.3031,37641.5667
activepower,B7_CTIC,1,132,Sab,12,0.4263,38099.0655
activepower,B7_CTIC,1,133,Sab,13,0.3677,37881.5306
activepower,B7_CTIC,1,134,Sab,14,0.3404,37780.0849
activepower,B7_CTIC,1,135,Sab,15,0.1544,37089.2508
activepower,B7_CTIC,1,136,Sab,16,-0.0329,36394.0044
activepower,B7_CTIC,1,137,Sab,17,-0.1569,35933.5897
activepower,B7_CTIC,1,138,Sab,18,-0.4568,34820.1492
activepower,B7_CTIC,1,139,Sab,19,-0.6799,33992.023
activepower,B7_CTIC,1,140,Sab,20,-0.8469,33371.7583
activepower,B7_CTIC,1,141,Sab,21,-0.9016,33168.8175
activepower,B7_CTIC,1,142,Sab,22,-0.9887,32845.3218
activepower,B7_CTIC,1,143,Sab,23,-1.0704,32542.0456
activepower,B7_CTIC,1,144,Dom,0,-1.1183,32364.0218
activepower,B7_CTIC,1,145,Dom,1,-1.0613,32575.6433
activepower,B7_CTIC,1,146,Dom,2,-1.0938,32454.948
activepower,B7_CTIC,1,147,Dom,3,-1.1529,32235.8774
activepower,B7_CTIC,1,148,Dom,4,-1.1009,32428.8762
activepower,B7_CTIC,1,149,Dom,5,-0.9973,32813.5433
activepower,B7_CTIC,1,150,Dom,6,-0.8607,33320.4675
activepower,B7_CTIC,1,151,Dom,7,-0.8058,33524.3337
activepower,B7_CTIC,1,152,Dom,8,-0.6582,34072.5679
activepower,B7_CTIC,1,153,Dom,9,-0.2829,35465.7194
activepower,B7_CTIC,1,154,Dom,10,-0.2208,35696.5694
activepower,B7_CTIC,1,155,Dom,11,-0.4296,34921.1103
activepower,B7_CTIC,1,156,Dom,12,-0.4976,34668.6577
activepower,B7_CTIC,1,157,Dom,13,0.0076,36544.2776
activepower,B7_CTIC,1,158,Dom,14,0.2262,37355.98
activepower,B7_CTIC,1,159,Dom,15,0.2888,37588.4601
activepower,B7_CTIC,1,160,Dom,16,0.0629,36749.8422
activepower,B7_CTIC,1,161,Dom,17,-0.0029,36505.4584
activepower,B7_CTIC,1,162,Dom,18,-0.3222,35320.0759
activepower,B7_CTIC,1,163,Dom,19,-0.4686,34776.2421
activepower,B7_CTIC,1,164,Dom,20,-0.5819,34355.6353
activepower,B7_CTIC,1,165,Dom,21,-0.7643,33678.6222
activepower,B7_CTIC,1,166,Dom,22,-0.967,32925.7809
activepower,B7_CTIC,1,167,Dom,23,-1.101,32428.5333
activepower,B7_TAC,1,0,Lun,0,-0.9125,6802.2634
activepower,B7_TAC,1,1,Lun,1,-0.9256,6686.1692
activepower,B7_TAC,1,2,Lun,2,-0.9574,6405.4825
activepower,B7_TAC,1,3,Lun,3,-0.9775,6227.9742
activepower,B7_TAC,1,4,Lun,4,-0.938,6576.5071
activepower,B7_TAC,1,5,Lun,5,-0.3696,11596.1192
activepower,B7_TAC,1,6,Lun,6,0.0751,15522.4988
activepower,B7_TAC,1,7,Lun,7,0.2109,16721.8283
activepower,B7_TAC,1,8,Lun,8,0.591,20077.8712
activepower,B7_TAC,1,9,Lun,9,0.9427,23183.3762
activepower,B7_TAC,1,10,Lun,10,1.0418,24057.8204
activepower,B7_TAC,1,11,Lun,11,1.2645,26024.8173
activepower,B7_TAC,1,12,Lun,12,1.4916,28029.6741
activepower,B7_TAC,1,13,Lun,13,1.5232,28309.2387
activepower,B7_TAC,1,14,Lun,14,1.3197,26511.898
activepower,B7_TAC,1,15,Lun,15,1.0668,24278.5667
activepower,B7_TAC,1,16,Lun,16,0.6662,20742.1301
activepower,B7_TAC,1,17,Lun,17,0.1238,15952.6342
activepower,B7_TAC,1,18,Lun,18,-0.2454,12692.2592
activepower,B7_TAC,1,19,Lun,19,-0.4866,10562.4717
activepower,B7_TAC,1,20,Lun,20,-0.8275,7552.3733
activepower,B7_TAC,1,21,Lun,21,-0.8975,6934.8025
activepower,B7_TAC,1,22,Lun,22,-0.8985,6925.6808
activepower,B7_TAC,1,23,Lun,23,-0.928,6664.9729
activepower,B7_TAC,1,24,Mar,0,-0.924,6700.2484
activepower,B7_TAC,1,25,Mar,1,-0.9454,6511.7714
activepower,B7_TAC,1,26,Mar,2,-0.9618,6366.323
activepower,B7_TAC,1,27,Mar,3,-0.9346,6606.6615
activepower,B7_TAC,1,28,Mar,4,-0.948,6488.6472
activepower,B7_TAC,1,29,Mar,5,-0.416,11186.196
activepower,B7_TAC,1,30,Mar,6,-0.0744,14202.6534
activepower,B7_TAC,1,31,Mar,7,0.3673,18102.1375
activepower,B7_TAC,1,32,Mar,8,1.1415,24938.5837
activepower,B7_TAC,1,33,Mar,9,1.5859,28862.8327
activepower,B7_TAC,1,34,Mar,10,1.6789,29684.1091
activepower,B7_TAC,1,35,Mar,11,2.0099,32606.5699
activepower,B7_TAC,1,36,Mar,12,2.2053,34332.0203
activepower,B7_TAC,1,37,Mar,13,2.2229,34486.9851
activepower,B7_TAC,1,38,Mar,14,1.8765,31428.3821
activepower,B7_TAC,1,39,Mar,15,1.6231,29190.8553
activepower,B7_TAC,1,40,Mar,16,1.181,25287.5746
activepower,B7_TAC,1,41,Mar,17,0.4784,19083.5316
activepower,B7_TAC,1,42,Mar,18,0.0242,15072.6623
activepower,B7_TAC,1,43,Mar,19,-0.2036,13061.8538
activepower,B7_TAC,1,44,Mar,20,-0.6599,9032.8047
activepower,B7_TAC,1,45,Mar,21,-0.755,8192.6283
activepower,B7_TAC,1,46,Mar,22,-0.7665,8090.8644
activepower,B7_TAC,1,47,Mar,23,-0.7444,8285.8357
activepower,B7_TAC,1,48,Mie,0,-0.7678,8079.7491
activepower,B7_TAC,1,49,Mie,1,-0.7861,7918.0056
activepower,B7_TAC,1,50,Mie,2,-0.7883,7898.8395
activepower,B7_TAC,1,51,Mie,3,-0.7752,8014.6129
activepower,B7_TAC,1,52,Mie,4,-0.9328,6622.4083
activepower,B7_TAC,1,53,Mie,5,-0.2097,13007.921
activepower,B7_TAC,1,54,Mie,6,0.1843,16487.0433
activepower,B7_TAC,1,55,Mie,7,0.5391,19619.6643
activepower,B7_TAC,1,56,Mie,8,0.9636,23367.6794
activepower,B7_TAC,1,57,Mie,9,1.4694,27833.9617
activepower,B7_TAC,1,58,Mie,10,1.4677,27818.6216
activepower,B7_TAC,1,59,Mie,11,1.7996,30749.7652
activepower,B7_TAC,1,60,Mie,12,2.1132,33518.3973
activepower,B7_TAC,1,61,Mie,13,2.2037,34318.0051
activepower,B7_TAC,1,62,Mie,14,1.9363,31956.3799
activepower,B7_TAC,1,63,Mie,15,1.5284,28354.8966
activepower,B7_TAC,1,64,Mie,16,1.2886,26237.508
activepower,B7_TAC,1,65,Mie,17,0.3606,18043.7307
activepower,B7_TAC,1,66,Mie,18,-0.1007,13969.6955
activepower,B7_TAC,1,67,Mie,19,-0.2918,12282.5042
activepower,B7_TAC,1,68,Mie,20,-0.7453,8278.1523
activepower,B7_TAC,1,69,Mie,21,-0.8713,7165.5311
activepower,B7_TAC,1,70,Mie,22,-0.8896,7004.4318
activepower,B7_TAC,1,71,Mie,23,-0.8876,7021.5284
activepower,B7_TAC,1,72,Jue,0,-0.9163,6768.7227
activepower,B7_TAC,1,73,Jue,1,-0.8877,7020.7012
activepower,B7_TAC,1,74,Jue,2,-0.8681,7193.5946
activepower,B7_TAC,1,75,Jue,3,-0.8301,7529.6966
activepower,B7_TAC,1,76,Jue,4,-0.8172,7643.6275
activepower,B7_TAC,1,77,Jue,5,-0.2219,12899.9769
activepower,B7_TAC,1,78,Jue,6,0.2212,16812.4157
activepower,B7_TAC,1,79,Jue,7,0.3787,18203.0732
activepower,B7_TAC,1,80,Jue,8,0.8197,22097.4751
activepower,B7_TAC,1,81,Jue,9,1.0678,24287.6579
activepower,B7_TAC,1,82,Jue,10,1.0827,24419.0202
activepower,B7_TAC,1,83,Jue,11,1.4498,27660.7814
activepower,B7_TAC,1,84,Jue,12,1.6828,29718.0559
activepower,B7_TAC,1,85,Jue,13,1.734,30170.4497
activepower,B7_TAC,1,86,Jue,14,1.6307,29258.5842
activepower,B7_TAC,1,87,Jue,15,1.4128,27333.7871
activepower,B7_TAC,1,88,Jue,16,1.0764,24363.3438
activepower,B7_TAC,1,89,Jue,17,0.4814,19109.6321
activepower,B7_TAC,1,90,Jue,18,0.0981,15725.6608
activepower,B7_TAC,1,91,Jue,19,-0.2136,12973.5933
activepower,B7_TAC,1,92,Jue,20,-0.7604,8144.5821
activepower,B7_TAC,1,93,Jue,21,-0.8407,7435.9848
activepower,B7_TAC,1,94,Jue,22,-0.8457,7391.5742
activepower,B7_TAC,1,95,Jue,23,-0.873,7150.9996
activepower,B7_TAC,1,96,Vie,0,-0.8985,6925.3269
activepower,B7_TAC,1,97,Vie,1,-0.8886,7012.9712
activepower,B7_TAC,1,98,Vie,2,-0.8963,6944.9644
activepower,B7_TAC,1,99,Vie,3,-0.917,6762.4799
activepower,B7_TAC,1,100,Vie,4,-0.8888,7011.2053
activepower,B7_TAC,1,101,Vie,5,-0.3421,11838.7602
activepower,B7_TAC,1,102,Vie,6,-0.0611,14320.0523
activepower,B7_TAC,1,103,Vie,7,0.1446,16135.6307
activepower,B7_TAC,1,104,Vie,8,0.8778,22609.7633
activepower,B7_TAC,1,105,Vie,9,1.1903,25369.4402
activepower,B7_TAC,1,106,Vie,10,1.3111,26436.0337
activepower,B7_TAC,1,107,Vie,11,1.4595,27746.9328
activepower,B7_TAC,1,108,Vie,12,1.7651,30445.0316
activepower,B7_TAC,1,109,Vie,13,1.7819,30592.8992
activepower,B7_TAC,1,110,Vie,14,1.4973,28080.5886
activepower,B7_TAC,1,111,Vie,15,1.3306,26608.1664
activepower,B7_TAC,1,112,Vie,16,1.0074,23754.3905
activepower,B7_TAC,1,113,Vie,17,0.5873,20044.8951
activepower,B7_TAC,1,114,Vie,18,0.104,15777.3681
activepower,B7_TAC,1,115,Vie,19,-0.2651,12518.0193
activepower,B7_TAC,1,116,Vie,20,-0.7661,8094.6184
activepower,B7_TAC,1,117,Vie,21,-0.8419,7424.972
activepower,B7_TAC,1,118,Vie,22,-0.872,7159.9352
activepower,B7_TAC,1,119,Vie,23,-0.8663,7209.4928
activepower,B7_TAC,1,120,Sab,0,-0.8896,7004.0341
activepower,B7_TAC,1,121,Sab,1,-0.8989,6921.8159
activepower,B7_TAC,1,122,Sab,2,-0.8951,6956.0389
activepower,B7_TAC,1,123,Sab,3,-0.914,6788.9266
activepower,B7_TAC,1,124,Sab,4,-0.8913,6988.8698
activepower,B7_TAC,1,125,Sab,5,-0.7813,7960.8067
activepower,B7_TAC,1,126,Sab,6,-0.4319,11045.6155
activepower,B7_TAC,1,127,Sab,7,-0.0011,14849.6948
activepower,B7_TAC,1,128,Sab,8,0.7083,21113.7258
activepower,B7_TAC,1,129,Sab,9,0.916,22947.2921
activepower,B7_TAC,1,130,Sab,10,0.9605,23340.7821
activepower,B7_TAC,1,131,Sab,11,0.8087,21999.9806
activepower,B7_TAC,1,132,Sab,12,0.939,23150.9306
activepower,B7_TAC,1,133,Sab,13,0.7151,21173.0885
activepower,B7_TAC,1,134,Sab,14,0.2738,17277.002
activepower,B7_TAC,1,135,Sab,15,0.0569,15361.6218
activepower,B7_TAC,1,136,Sab,16,-0.3325,11923.1103
activepower,B7_TAC,1,137,Sab,17,-0.5874,9672.871
activepower,B7_TAC,1,138,Sab,18,-0.7644,8109.65
activepower,B7_TAC,1,139,Sab,19,-0.8192,7625.3786
activepower,B7_TAC,1,140,Sab,20,-0.8604,7262.3
activepower,B7_TAC,1,141,Sab,21,-0.8794,7094.4671
activepower,B7_TAC,1,142,Sab,22,-0.8756,7127.9492
activepower,B7_TAC,1,143,Sab,23,-0.8941,6964.2429
activepower,B7_TAC,1,144,Dom,0,-0.9092,6831.5063
activepower,B7_TAC,1,145,Dom,1,-0.9005,6907.7595
activepower,B7_TAC,1,146,Dom,2,-0.93,6647.1675
activepower,B7_TAC,1,147,Dom,3,-0.9229,6710.4099
activepower,B7_TAC,1,148,Dom,4,-0.9088,6834.8163
activepower,B7_TAC,1,149,Dom,5,-0.9245,6695.7087
activepower,B7_TAC,1,150,Dom,6,-0.9075,6845.7861
activepower,B7_TAC,1,151,Dom,7,-0.8586,7277.5337
activepower,B7_TAC,1,152,Dom,8,-0.8299,7531.2175
activepower,B7_TAC,1,153,Dom,9,-0.8167,7647.5651
activepower,B7_TAC,1,154,Dom,10,-0.7935,7852.4492
activepower,B7_TAC,1,155,Dom,11,-0.67,8943.0087
activepower,B7_TAC,1,156,Dom,12,-0.6642,8994.7741
activepower,B7_TAC,1,157,Dom,13,-0.6869,8793.6023
activepower,B7_TAC,1,158,Dom,14,-0.6722,8923.4233
activepower,B7_TAC,1,159,Dom,15,-0.7113,8578.2808
activepower,B7_TAC,1,160,Dom,16,-0.7806,7966.8105
activepower,B7_TAC,1,161,Dom,17,-0.8365,7473.3275
activepower,B7_TAC,1,162,Dom,18,-0.84,7441.9937
activepower,B7_TAC,1,163,Dom,19,-0.8643,7227.8187
activepower,B7_TAC,1,164,Dom,20,-0.9138,6790.2889
activepower,B7_TAC,1,165,Dom,21,-0.915,6779.7305
activepower,B7_TAC,1,166,Dom,22,-0.9051,6867.6364
activepower,B7_TAC,1,167,Dom,23,-0.9371,6584.5094
activepower,B8_AA,1,0,Lun,0,-0.6901,1250.8606
activepower,B8_AA,1,1,Lun,1,-0.6801,1288.8458
activepower,B8_AA,1,2,Lun,2,-0.724,1122.5971
activepower,B8_AA,1,3,Lun,3,-0.7267,1112.3379
activepower,B8_AA,1,4,Lun,4,-0.7196,1139.1829
activepower,B8_AA,1,5,Lun,5,-0.7349,1081.3579
activepower,B8_AA,1,6,Lun,6,-0.7411,1057.7558
activepower,B8_AA,1,7,Lun,7,-0.4517,2153.2033
activepower,B8_AA,1,8,Lun,8,0.4227,5463.1358
activepower,B8_AA,1,9,Lun,9,0.7125,6560.1967
activepower,B8_AA,1,10,Lun,10,0.907,7296.5196
activepower,B8_AA,1,11,Lun,11,0.8105,6931.3996
activepower,B8_AA,1,12,Lun,12,1.9647,11300.1508
activepower,B8_AA,1,13,Lun,13,1.9844,11374.9659
activepower,B8_AA,1,14,Lun,14,2.158,12032.1593
activepower,B8_AA,1,15,Lun,15,1.5163,9603.1434
activepower,B8_AA,1,16,Lun,16,0.5595,5981.2922
activepower,B8_AA,1,17,Lun,17,-0.4517,2153.2149
activepower,B8_AA,1,18,Lun,18,-0.5967,1604.6395
activepower,B8_AA,1,19,Lun,19,-0.5383,1825.5221
activepower,B8_AA,1,20,Lun,20,-0.6105,1552.4208
activepower,B8_AA,1,21,Lun,21,-0.6247,1498.4829
activepower,B8_AA,1,22,Lun,22,-0.6511,1398.4854
activepower,B8_AA,1,23,Lun,23,-0.6641,1349.1654
activepower,B8_AA,1,24,Mar,0,-0.6198,1517.2179
activepower,B8_AA,1,25,Mar,1,-0.7025,1203.804
activepower,B8_AA,1,26,Mar,2,-0.6506,1400.3563
activepower,B8_AA,1,27,Mar,3,-0.6996,1215.0071
activepower,B8_AA,1,28,Mar,4,-0.6812,1284.6242
activepower,B8_AA,1,29,Mar,5,-0.7309,1096.5246
activepower,B8_AA,1,30,Mar,6,-0.7293,1102.6067
activepower,B8_AA,1,31,Mar,7,-0.324,2636.7171
activepower,B8_AA,1,32,Mar,8,1.2401,8557.3409
activepower,B8_AA,1,33,Mar,9,2.3513,12763.8841
activepower,B8_AA,1,34,Mar,10,1.7485,10481.959
activepower,B8_AA,1,35,Mar,11,0.9408,7424.4119
activepower,B8_AA,1,36,Mar,12,1.5043,9557.6124
activepower,B8_AA,1,37,Mar,13,1.9307,11171.7079
activepower,B8_AA,1,38,Mar,14,2.8563,14675.5098
activepower,B8_AA,1,39,Mar,15,2.7865,14411.0008
activepower,B8_AA,1,40,Mar,16,1.67,10184.8165
activepower,B8_AA,1,41,Mar,17,-0.0359,3727.1769
activepower,B8_AA,1,42,Mar,18,-0.2859,2781.0437
activepower,B8_AA,1,43,Mar,19,-0.2703,2839.8831
activepower,B8_AA,1,44,Mar,20,-0.3423,2567.4499
activepower,B8_AA,1,45,Mar,21,-0.4068,2323.2208
activepower,B8_AA,1,46,Mar,22,-0.4229,2262.516
activepower,B8_AA,1,47,Mar,23,-0.4402,2196.7517
activepower,B8_AA,1,48,Mie,0,-0.4666,2097.1454
activepower,B8_AA,1,49,Mie,1,-0.4524,2150.8603
activepower,B8_AA,1,50,Mie,2,-0.4932,1996.2528
activepower,B8_AA,1,51,Mie,3,-0.4958,1986.3786
activepower,B8_AA,1,52,Mie,4,-0.6142,1538.3992
activepower,B8_AA,1,53,Mie,5,-0.6581,1371.9345
activepower,B8_AA,1,54,Mie,6,-0.6292,1481.6294
activepower,B8_AA,1,55,Mie,7,-0.2152,3048.7536
activepower,B8_AA,1,56,Mie,8,1.104,8042.2246
activepower,B8_AA,1,57,Mie,9,1.5024,9550.2129
activepower,B8_AA,1,58,Mie,10,1.4407,9316.6739
activepower,B8_AA,1,59,Mie,11,1.4148,9218.5837
activepower,B8_AA,1,60,Mie,12,1.0806,7953.8375
activepower,B8_AA,1,61,Mie,13,1.223,8492.8729
activepower,B8_AA,1,62,Mie,14,2.747,14261.5746
activepower,B8_AA,1,63,Mie,15,2.5969,13693.2758
activepower,B8_AA,1,64,Mie,16,1.855,10885.2364
activepower,B8_AA,1,65,Mie,17,-0.1574,3267.5659
activepower,B8_AA,1,66,Mie,18,-0.4836,2032.7144
activepower,B8_AA,1,67,Mie,19,-0.4976,1979.5905
activepower,B8_AA,1,68,Mie,20,-0.5734,1692.4939
activepower,B8_AA,1,69,Mie,21,-0.5811,1663.528
activepower,B8_AA,1,70,Mie,22,-0.6526,1392.9087
activepower,B8_AA,1,71,Mie,23,-0.6307,1475.6758
activepower,B8_AA,1,72,Jue,0,-0.6749,1308.4489
activepower,B8_AA,1,73,Jue,1,-0.6775,1298.5734
activepower,B8_AA,1,74,Jue,2,-0.6174,1525.9761
activepower,B8_AA,1,75,Jue,3,-0.5496,1782.6985
activepower,B8_AA,1,76,Jue,4,-0.5506,1779.0903
activepower,B8_AA,1,77,Jue,5,-0.485,2027.2964
activepower,B8_AA,1,78,Jue,6,-0.4571,2133.0083
activepower,B8_AA,1,79,Jue,7,-0.0255,3766.711
activepower,B8_AA,1,80,Jue,8,0.5717,6027.1774
activepower,B8_AA,1,81,Jue,9,1.5755,9827.1169
activepower,B8_AA,1,82,Jue,10,1.8215,10758.0898
activepower,B8_AA,1,83,Jue,11,1.4139,9215.4956
activepower,B8_AA,1,84,Jue,12,1.2949,8765.0681
activepower,B8_AA,1,85,Jue,13,1.4888,9498.6957
activepower,B8_AA,1,86,Jue,14,2.5798,13628.8654
activepower,B8_AA,1,87,Jue,15,2.2442,12358.3867
activepower,B8_AA,1,88,Jue,16,1.6458,10093.1908
activepower,B8_AA,1,89,Jue,17,0.0111,3905.2996
activepower,B8_AA,1,90,Jue,18,-0.3491,2541.7467
activepower,B8_AA,1,91,Jue,19,-0.4738,2069.5562
activepower,B8_AA,1,92,Jue,20,-0.5199,1895.3362
activepower,B8_AA,1,93,Jue,21,-0.5386,1824.4837
activepower,B8_AA,1,94,Jue,22,-0.6013,1587.0818
activepower,B8_AA,1,95,Jue,23,-0.6386,1445.9769
activepower,B8_AA,1,96,Vie,0,-0.5995,1593.8784
activepower,B8_AA,1,97,Vie,1,-0.6624,1355.9292
activepower,B8_AA,1,98,Vie,2,-0.6328,1467.9076
activepower,B8_AA,1,99,Vie,3,-0.7067,1188.1841
activepower,B8_AA,1,100,Vie,4,-0.6754,1306.639
activepower,B8_AA,1,101,Vie,5,-0.7147,1157.7833
activepower,B8_AA,1,102,Vie,6,-0.7542,1008.3428
activepower,B8_AA,1,103,Vie,7,-0.246,2932.0917
activepower,B8_AA,1,104,Vie,8,1.0918,7996.2538
activepower,B8_AA,1,105,Vie,9,1.4744,9444.4038
activepower,B8_AA,1,106,Vie,10,1.5688,9801.7965
activepower,B8_AA,1,107,Vie,11,1.4059,9185.2456
activepower,B8_AA,1,108,Vie,12,1.0581,7868.5689
activepower,B8_AA,1,109,Vie,13,1.2531,8606.717
activepower,B8_AA,1,110,Vie,14,1.7788,10596.736
activepower,B8_AA,1,111,Vie,15,1.473,9439.0019
activepower,B8_AA,1,112,Vie,16,0.5303,5870.6038
activepower,B8_AA,1,113,Vie,17,-0.4383,2204.1678
activepower,B8_AA,1,114,Vie,18,-0.5927,1619.6322
activepower,B8_AA,1,115,Vie,19,-0.6667,1339.4167
activepower,B8_AA,1,116,Vie,20,-0.6069,1565.8875
activepower,B8_AA,1,117,Vie,21,-0.6121,1546.0023
activepower,B8_AA,1,118,Vie,22,-0.6001,1591.6462
activepower,B8_AA,1,119,Vie,23,-0.6191,1519.7905
activepower,B8_AA,1,120,Sab,0,-0.6796,1290.8282
activepower,B8_AA,1,121,Sab,1,-0.6194,1518.6222
activepower,B8_AA,1,122,Sab,2,-0.6794,1291.3044
activepower,B8_AA,1,123,Sab,3,-0.7223,1129.0071
activepower,B8_AA,1,124,Sab,4,-0.7123,1166.9929
activepower,B8_AA,1,125,Sab,5,-0.7155,1154.8353
activepower,B8_AA,1,126,Sab,6,-0.7071,1186.6286
activepower,B8_AA,1,127,Sab,7,-0.6006,1589.7901
activepower,B8_AA,1,128,Sab,8,-0.0834,3547.4143
activepower,B8_AA,1,129,Sab,9,0.1912,4587.0871
activepower,B8_AA,1,130,Sab,10,0.2058,4642.3718
activepower,B8_AA,1,131,Sab,11,-0.0059,3840.9583
activepower,B8_AA,1,132,Sab,12,-0.3432,2564.1865
activepower,B8_AA,1,133,Sab,13,-0.5814,1662.4036
activepower,B8_AA,1,134,Sab,14,-0.5958,1607.9794
activepower,B8_AA,1,135,Sab,15,-0.5927,1619.8048
activepower,B8_AA,1,136,Sab,16,-0.6801,1288.9694
activepower,B8_AA,1,137,Sab,17,-0.5731,1693.954
activepower,B8_AA,1,138,Sab,18,-0.6725,1317.4048
activepower,B8_AA,1,139,Sab,19,-0.612,1546.6655
activepower,B8_AA,1,140,Sab,20,-0.6676,1336.1337
activepower,B8_AA,1,141,Sab,21,-0.657,1376.2984
activepower,B8_AA,1,142,Sab,22,-0.6268,1490.3877
activepower,B8_AA,1,143,Sab,23,-0.6433,1427.9639
activepower,B8_AA,1,144,Dom,0,-0.6878,1259.6675
activepower,B8_AA,1,145,Dom,1,-0.6839,1274.4417
activepower,B8_AA,1,146,Dom,2,-0.7006,1211.196
activepower,B8_AA,1,147,Dom,3,-0.6817,1282.6302
activepower,B8_AA,1,148,Dom,4,-0.7081,1182.85
activepower,B8_AA,1,149,Dom,5,-0.7332,1087.8377
activepower,B8_AA,1,150,Dom,6,-0.7121,1167.5714
activepower,B8_AA,1,151,Dom,7,-0.7267,1112.4183
activepower,B8_AA,1,152,Dom,8,-0.774,933.1615
activepower,B8_AA,1,153,Dom,9,-0.6716,1321.1036
activepower,B8_AA,1,154,Dom,10,-0.6775,1298.677
activepower,B8_AA,1,155,Dom,11,-0.6938,1237.0758
activepower,B8_AA,1,156,Dom,12,-0.6011,1587.7172
activepower,B8_AA,1,157,Dom,13,-0.5931,1618.0624
activepower,B8_AA,1,158,Dom,14,-0.5583,1749.977
activepower,B8_AA,1,159,Dom,15,-0.6633,1352.305
activepower,B8_AA,1,160,Dom,16,-0.6628,1354.3013
activepower,B8_AA,1,161,Dom,17,-0.6394,1442.6714
activepower,B8_AA,1,162,Dom,18,-0.6465,1415.9252
activepower,B8_AA,1,163,Dom,19,-0.6422,1432.3807
activepower,B8_AA,1,164,Dom,20,-0.6738,1312.7178
activepower,B8_AA,1,165,Dom,21,-0.6738,1312.4796
activepower,B8_AA,1,166,Dom,22,-0.6276,1487.516
activepower,B8_AA,1,167,Dom,23,-0.6686,1332.4599
activepower,B8_CPA,1,0,Lun,0,-0.8297,95.7895
activepower,B8_CPA,1,1,Lun,1,-0.718,112.3675
activepower,B8_CPA,1,2,Lun,2,-0.7807,103.0692
activepower,B8_CPA,1,3,Lun,3,-0.7707,104.5554
activepower,B8_CPA,1,4,Lun,4,-0.7436,108.5808
activepower,B8_CPA,1,5,Lun,5,-0.7187,112.2729
activepower,B8_CPA,1,6,Lun,6,-0.5553,136.5288
activepower,B8_CPA,1,7,Lun,7,-0.2524,181.495
activepower,B8_CPA,1,8,Lun,8,-0.106,203.2258
activepower,B8_CPA,1,9,Lun,9,-0.1298,199.6925
activepower,B8_CPA,1,10,Lun,10,1.0792,379.1764
activepower,B8_CPA,1,11,Lun,11,1.0134,369.4153
activepower,B8_CPA,1,12,Lun,12,0.5709,303.7149
activepower,B8_CPA,1,13,Lun,13,0.9738,363.5352
activepower,B8_CPA,1,14,Lun,14,0.9439,359.0956
activepower,B8_CPA,1,15,Lun,15,0.9873,365.5309
activepower,B8_CPA,1,16,Lun,16,0.6799,319.8946
activepower,B8_CPA,1,17,Lun,17,0.1401,239.7649
activepower,B8_CPA,1,18,Lun,18,0.3943,277.5061
activepower,B8_CPA,1,19,Lun,19,-0.5059,143.8579
activepower,B8_CPA,1,20,Lun,20,-0.8257,96.3925
activepower,B8_CPA,1,21,Lun,21,-0.8613,91.1071
activepower,B8_CPA,1,22,Lun,22,-0.837,94.7083
activepower,B8_CPA,1,23,Lun,23,-0.7861,102.2579
activepower,B8_CPA,1,24,Mar,0,-0.7626,105.7599
activepower,B8_CPA,1,25,Mar,1,-0.7451,108.3571
activepower,B8_CPA,1,26,Mar,2,-0.7637,105.5944
activepower,B8_CPA,1,27,Mar,3,-0.7351,109.8353
activepower,B8_CPA,1,28,Mar,4,-0.7452,108.3377
activepower,B8_CPA,1,29,Mar,5,-0.7789,103.3321
activepower,B8_CPA,1,30,Mar,6,-0.7167,112.5627
activepower,B8_CPA,1,31,Mar,7,-0.2323,184.4731
activepower,B8_CPA,1,32,Mar,8,0.4134,280.3413
activepower,B8_CPA,1,33,Mar,9,0.6887,321.2087
activepower,B8_CPA,1,34,Mar,10,1.5943,455.6569
activepower,B8_CPA,1,35,Mar,11,2.0534,523.8132
activepower,B8_CPA,1,36,Mar,12,1.9434,507.4761
activepower,B8_CPA,1,37,Mar,13,1.6469,463.4617
activepower,B8_CPA,1,38,Mar,14,2.07,526.264
activepower,B8_CPA,1,39,Mar,15,1.6603,465.4449
activepower,B8_CPA,1,40,Mar,16,1.8645,495.7644
activepower,B8_CPA,1,41,Mar,17,1.2601,406.0296
activepower,B8_CPA,1,42,Mar,18,1.1244,385.8928
activepower,B8_CPA,1,43,Mar,19,-0.1428,197.7715
activepower,B8_CPA,1,44,Mar,20,-0.5125,142.8757
activepower,B8_CPA,1,45,Mar,21,-0.6863,117.0829
activepower,B8_CPA,1,46,Mar,22,-0.7225,111.6993
activepower,B8_CPA,1,47,Mar,23,-0.752,107.3326
activepower,B8_CPA,1,48,Mie,0,-0.6023,129.5456
activepower,B8_CPA,1,49,Mie,1,-0.672,119.2047
activepower,B8_CPA,1,50,Mie,2,-0.6547,121.7756
activepower,B8_CPA,1,51,Mie,3,-0.6179,127.237
activepower,B8_CPA,1,52,Mie,4,-0.6789,118.1806
activepower,B8_CPA,1,53,Mie,5,-0.6425,123.5806
activepower,B8_CPA,1,54,Mie,6,-0.2852,176.6238
activepower,B8_CPA,1,55,Mie,7,-0.1476,197.0556
activepower,B8_CPA,1,56,Mie,8,0.5523,300.9544
activepower,B8_CPA,1,57,Mie,9,0.8961,351.9985
activepower,B8_CPA,1,58,Mie,10,2.0458,522.6833
activepower,B8_CPA,1,59,Mie,11,2.0848,528.468
activepower,B8_CPA,1,60,Mie,12,1.8547,494.3121
activepower,B8_CPA,1,61,Mie,13,1.6456,463.2652
activepower,B8_CPA,1,62,Mie,14,2.7333,624.7485
activepower,B8_CPA,1,63,Mie,15,2.3144,562.547
activepower,B8_CPA,1,64,Mie,16,1.6056,457.3258
activepower,B8_CPA,1,65,Mie,17,0.8907,351.1917
activepower,B8_CPA,1,66,Mie,18,0.8297,342.142
activepower,B8_CPA,1,67,Mie,19,-0.4564,151.2083
activepower,B8_CPA,1,68,Mie,20,-0.6665,120.0239
activepower,B8_CPA,1,69,Mie,21,-0.6537,121.9178
activepower,B8_CPA,1,70,Mie,22,-0.6935,116.0106
activepower,B8_CPA,1,71,Mie,23,-0.7326,110.214
activepower,B8_CPA,1,72,Jue,0,-0.7448,108.4011
activepower,B8_CPA,1,73,Jue,1,-0.7482,107.8859
activepower,B8_CPA,1,74,Jue,2,-0.7138,112.9915
activepower,B8_CPA,1,75,Jue,3,-0.6731,119.0441
activepower,B8_CPA,1,76,Jue,4,-0.7099,113.5803
activepower,B8_CPA,1,77,Jue,5,-0.6874,116.9151
activepower,B8_CPA,1,78,Jue,6,-0.4962,145.2957
activepower,B8_CPA,1,79,Jue,7,-0.1347,198.9648
activepower,B8_CPA,1,80,Jue,8,0.6963,322.3373
activepower,B8_CPA,1,81,Jue,9,1.1635,391.6898
activepower,B8_CPA,1,82,Jue,10,2.3406,566.4461
activepower,B8_CPA,1,83,Jue,11,1.8647,495.7893
activepower,B8_CPA,1,84,Jue,12,2.0224,519.2035
activepower,B8_CPA,1,85,Jue,13,1.5392,447.4703
activepower,B8_CPA,1,86,Jue,14,2.3036,560.9538
activepower,B8_CPA,1,87,Jue,15,2.191,544.2317
activepower,B8_CPA,1,88,Jue,16,2.189,543.9433
activepower,B8_CPA,1,89,Jue,17,1.0876,380.4304
activepower,B8_CPA,1,90,Jue,18,1.0937,381.3279
activepower,B8_CPA,1,91,Jue,19,0.027,222.9771
activepower,B8_CPA,1,92,Jue,20,-0.6038,129.3358
activepower,B8_CPA,1,93,Jue,21,-0.6778,118.3383
activepower,B8_CPA,1,94,Jue,22,-0.7636,105.5981
activepower,B8_CPA,1,95,Jue,23,-0.8165,97.7451
activepower,B8_CPA,1,96,Vie,0,-0.8289,95.9102
activepower,B8_CPA,1,97,Vie,1,-0.7451,108.3458
activepower,B8_CPA,1,98,Vie,2,-0.7886,101.8902
activepower,B8_CPA,1,99,Vie,3,-0.829,95.897
activepower,B8_CPA,1,100,Vie,4,-0.8423,93.9197
activepower,B8_CPA,1,101,Vie,5,-0.7729,104.2239
activepower,B8_CPA,1,102,Vie,6,-0.3417,168.2337
activepower,B8_CPA,1,103,Vie,7,-0.2278,185.1432
activepower,B8_CPA,1,104,Vie,8,0.2832,261.0125
activepower,B8_CPA,1,105,Vie,9,0.2503,256.128
activepower,B8_CPA,1,106,Vie,10,1.5711,452.2018
activepower,B8_CPA,1,107,Vie,11,2.0958,530.1066
activepower,B8_CPA,1,108,Vie,12,1.511,443.2878
activepower,B8_CPA,1,109,Vie,13,1.3407,418.0064
activepower,B8_CPA,1,110,Vie,14,1.6339,461.5269
activepower,B8_CPA,1,111,Vie,15,1.1296,386.6625
activepower,B8_CPA,1,112,Vie,16,0.5787,304.8807
activepower,B8_CPA,1,113,Vie,17,0.3073,264.5799
activepower,B8_CPA,1,114,Vie,18,0.5384,298.9004
activepower,B8_CPA,1,115,Vie,19,-0.4681,149.4678
activepower,B8_CPA,1,116,Vie,20,-0.6523,122.1356
activepower,B8_CPA,1,117,Vie,21,-0.7625,105.7617
activepower,B8_CPA,1,118,Vie,22,-0.7586,106.3409
activepower,B8_CPA,1,119,Vie,23,-0.7735,104.1318
activepower,B8_CPA,1,120,Sab,0,-0.7432,108.6345
activepower,B8_CPA,1,121,Sab,1,-0.7522,107.2905
activepower,B8_CPA,1,122,Sab,2,-0.7785,103.3861
activepower,B8_CPA,1,123,Sab,3,-0.7794,103.2639
activepower,B8_CPA,1,124,Sab,4,-0.7495,107.6992
activepower,B8_CPA,1,125,Sab,5,-0.8168,97.7091
activepower,B8_CPA,1,126,Sab,6,-0.7566,106.6373
activepower,B8_CPA,1,127,Sab,7,-0.773,104.2032
activepower,B8_CPA,1,128,Sab,8,-0.5356,139.4583
activepower,B8_CPA,1,129,Sab,9,-0.3419,168.2042
activepower,B8_CPA,1,130,Sab,10,0.3618,272.6754
activepower,B8_CPA,1,131,Sab,11,0.4742,289.3599
activepower,B8_CPA,1,132,Sab,12,0.47,288.7393
activepower,B8_CPA,1,133,Sab,13,0.245,255.331
activepower,B8_CPA,1,134,Sab,14,-0.4294,155.2194
activepower,B8_CPA,1,135,Sab,15,-0.635,124.6929
activepower,B8_CPA,1,136,Sab,16,-0.7125,113.1881
activepower,B8_CPA,1,137,Sab,17,-0.6964,115.5849
activepower,B8_CPA,1,138,Sab,18,-0.7393,109.2151
activepower,B8_CPA,1,139,Sab,19,-0.59,131.379
activepower,B8_CPA,1,140,Sab,20,-0.6682,119.771
activepower,B8_CPA,1,141,Sab,21,-0.6744,118.8544
activepower,B8_CPA,1,142,Sab,22,-0.7517,107.3782
activepower,B8_CPA,1,143,Sab,23,-0.7645,105.469
activepower,B8_CPA,1,144,Dom,0,-0.7276,110.9516
activepower,B8_CPA,1,145,Dom,1,-0.7248,111.3667
activepower,B8_CPA,1,146,Dom,2,-0.7462,108.1869
activepower,B8_CPA,1,147,Dom,3,-0.7156,112.7337
activepower,B8_CPA,1,148,Dom,4,-0.7273,110.9948
activepower,B8_CPA,1,149,Dom,5,-0.7348,109.8825
activepower,B8_CPA,1,150,Dom,6,-0.7259,111.1964
activepower,B8_CPA,1,151,Dom,7,-0.7321,110.275
activepower,B8_CPA,1,152,Dom,8,-0.6871,116.9552
activepower,B8_CPA,1,153,Dom,9,-0.6424,123.5952
activepower,B8_CPA,1,154,Dom,10,-0.6239,126.3385
activepower,B8_CPA,1,155,Dom,11,-0.5487,137.5111
activepower,B8_CPA,1,156,Dom,12,-0.5983,130.1402
activepower,B8_CPA,1,157,Dom,13,-0.6327,125.0429
activepower,B8_CPA,1,158,Dom,14,-0.6101,128.4003
activepower,B8_CPA,1,159,Dom,15,-0.6657,120.1398
activepower,B8_CPA,1,160,Dom,16,-0.6733,119.0062
activepower,B8_CPA,1,161,Dom,17,-0.5891,131.506
activepower,B8_CPA,1,162,Dom,18,-0.6612,120.8011
activepower,B8_CPA,1,163,Dom,19,-0.6275,125.8124
activepower,B8_CPA,1,164,Dom,20,-0.688,116.8352
activepower,B8_CPA,1,165,Dom,21,-0.7642,105.5088
activepower,B8_CPA,1,166,Dom,22,-0.758,106.4407
activepower,B8_CPA,1,167,Dom,23,-0.79,101.687
activepower,B8_LABS,1,0,Lun,0,-1.0965,10174.2631
activepower,B8_LABS,1,1,Lun,1,-1.1349,9897.0288
activepower,B8_LABS,1,2,Lun,2,-1.1403,9857.8846
activepower,B8_LABS,1,3,Lun,3,-1.0057,10830.0917
activepower,B8_LABS,1,4,Lun,4,-0.9088,11529.3858
activepower,B8_LABS,1,5,Lun,5,-0.7532,12653.37
activepower,B8_LABS,1,6,Lun,6,-0.144,17051.7858
activepower,B8_LABS,1,7,Lun,7,0.1321,19045.3904
activepower,B8_LABS,1,8,Lun,8,0.8014,23877.9342
activepower,B8_LABS,1,9,Lun,9,0.99,25239.8396
activepower,B8_LABS,1,10,Lun,10,1.0686,25807.3079
activepower,B8_LABS,1,11,Lun,11,1.1114,26116.5914
activepower,B8_LABS,1,12,Lun,12,1.0588,25737.0639
activepower,B8_LABS,1,13,Lun,13,1.1524,26412.9315
activepower,B8_LABS,1,14,Lun,14,1.1873,26664.429
activepower,B8_LABS,1,15,Lun,15,0.7886,23785.8943
activepower,B8_LABS,1,16,Lun,16,0.4144,21084.0698
activepower,B8_LABS,1,17,Lun,17,-0.0546,17697.6154
activepower,B8_LABS,1,18,Lun,18,-0.1632,16913.1746
activepower,B8_LABS,1,19,Lun,19,-0.1699,16864.5338
activepower,B8_LABS,1,20,Lun,20,-0.3379,15651.78
activepower,B8_LABS,1,21,Lun,21,-0.3993,15208.3438
activepower,B8_LABS,1,22,Lun,22,-0.5245,14304.7025
activepower,B8_LABS,1,23,Lun,23,-0.7616,12592.1217
activepower,B8_LABS,1,24,Mar,0,-0.9028,11572.6456
activepower,B8_LABS,1,25,Mar,1,-0.9758,11045.5837
activepower,B8_LABS,1,26,Mar,2,-0.9537,11205.6171
activepower,B8_LABS,1,27,Mar,3,-0.8607,11876.8298
activepower,B8_LABS,1,28,Mar,4,-0.676,13210.2746
activepower,B8_LABS,1,29,Mar,5,-0.4555,14802.825
activepower,B8_LABS,1,30,Mar,6,0.2957,20226.7742
activepower,B8_LABS,1,31,Mar,7,0.8583,24289.3855
activepower,B8_LABS,1,32,Mar,8,1.6532,30028.8126
activepower,B8_LABS,1,33,Mar,9,1.7132,30462.3592
activepower,B8_LABS,1,34,Mar,10,1.6953,30332.5196
activepower,B8_LABS,1,35,Mar,11,1.6525,30024.0169
activepower,B8_LABS,1,36,Mar,12,1.5895,29569.0627
activepower,B8_LABS,1,37,Mar,13,1.5842,29530.9558
activepower,B8_LABS,1,38,Mar,14,1.5565,29330.5204
activepower,B8_LABS,1,39,Mar,15,1.2096,26826.0465
activepower,B8_LABS,1,40,Mar,16,0.7759,23694.1871
activepower,B8_LABS,1,41,Mar,17,0.4189,21116.0756
activepower,B8_LABS,1,42,Mar,18,0.2668,20017.862
activepower,B8_LABS,1,43,Mar,19,0.1436,19128.7687
activepower,B8_LABS,1,44,Mar,20,-0.061,17650.8649
activepower,B8_LABS,1,45,Mar,21,-0.0991,17376.143
activepower,B8_LABS,1,46,Mar,22,-0.324,15752.0107
activepower,B8_LABS,1,47,Mar,23,-0.6671,13274.9195
activepower,B8_LABS,1,48,Mie,0,-0.7809,12453.1994
activepower,B8_LABS,1,49,Mie,1,-0.8777,11754.1827
activepower,B8_LABS,1,50,Mie,2,-0.9112,11512.2039
activepower,B8_LABS,1,51,Mie,3,-0.7901,12386.3288
activepower,B8_LABS,1,52,Mie,4,-0.7242,12862.1968
activepower,B8_LABS,1,53,Mie,5,-0.4729,14677.304
activepower,B8_LABS,1,54,Mie,6,0.3402,20547.7829
activepower,B8_LABS,1,55,Mie,7,0.8481,24215.4202
activepower,B8_LABS,1,56,Mie,8,1.6439,29961.7452
activepower,B8_LABS,1,57,Mie,9,1.8484,31438.067
activepower,B8_LABS,1,58,Mie,10,1.9249,31990.7723
activepower,B8_LABS,1,59,Mie,11,2.0816,33121.9413
activepower,B8_LABS,1,60,Mie,12,1.9197,31952.9784
activepower,B8_LABS,1,61,Mie,13,1.8846,31699.5
activepower,B8_LABS,1,62,Mie,14,1.8652,31559.6886
activepower,B8_LABS,1,63,Mie,15,1.5127,29014.2201
activepower,B8_LABS,1,64,Mie,16,1.0277,25512.375
activepower,B8_LABS,1,65,Mie,17,0.5279,21903.3595
activepower,B8_LABS,1,66,Mie,18,0.3136,20355.7428
activepower,B8_LABS,1,67,Mie,19,0.1553,19213.1492
activepower,B8_LABS,1,68,Mie,20,-0.0693,17590.8864
activepower,B8_LABS,1,69,Mie,21,-0.1531,16986.4277
activepower,B8_LABS,1,70,Mie,22,-0.425,15023.0004
activepower,B8_LABS,1,71,Mie,23,-0.8333,12074.5375
activepower,B8_LABS,1,72,Jue,0,-0.9824,10998.3591
activepower,B8_LABS,1,73,Jue,1,-1.0276,10671.8659
activepower,B8_LABS,1,74,Jue,2,-0.9737,11061.1578
activepower,B8_LABS,1,75,Jue,3,-0.8065,12268.3485
activepower,B8_LABS,1,76,Jue,4,-0.6933,13085.4226
activepower,B8_LABS,1,77,Jue,5,-0.487,14575.3111
activepower,B8_LABS,1,78,Jue,6,0.2336,19778.711
activepower,B8_LABS,1,79,Jue,7,0.6362,22685.651
activepower,B8_LABS,1,80,Jue,8,1.3249,27658.4296
activepower,B8_LABS,1,81,Jue,9,1.5242,29097.0247
activepower,B8_LABS,1,82,Jue,10,1.6438,29961.0519
activepower,B8_LABS,1,83,Jue,11,1.4919,28864.1148
activepower,B8_LABS,1,84,Jue,12,1.5905,29575.8596
activepower,B8_LABS,1,85,Jue,13,1.511,29002.1702
activepower,B8_LABS,1,86,Jue,14,1.6734,30174.7238
activepower,B8_LABS,1,87,Jue,15,1.3547,27873.5696
activepower,B8_LABS,1,88,Jue,16,0.8863,24491.1271
activepower,B8_LABS,1,89,Jue,17,0.2884,20174.1975
activepower,B8_LABS,1,90,Jue,18,0.2412,19833.6058
activepower,B8_LABS,1,91,Jue,19,0.1584,19235.2212
activepower,B8_LABS,1,92,Jue,20,-0.0334,17850.7979
activepower,B8_LABS,1,93,Jue,21,-0.1308,17147.0102
activepower,B8_LABS,1,94,Jue,22,-0.3986,15213.5186
activepower,B8_LABS,1,95,Jue,23,-0.7186,12902.7231
activepower,B8_LABS,1,96,Vie,0,-0.8519,11940.4879
activepower,B8_LABS,1,97,Vie,1,-0.948,11246.2311
activepower,B8_LABS,1,98,Vie,2,-0.9931,10921.0697
activepower,B8_LABS,1,99,Vie,3,-0.8744,11777.6125
activepower,B8_LABS,1,100,Vie,4,-0.7811,12451.614
activepower,B8_LABS,1,101,Vie,5,-0.5435,14167.2917
activepower,B8_LABS,1,102,Vie,6,0.2969,20235.3996
activepower,B8_LABS,1,103,Vie,7,0.6484,22773.6201
activepower,B8_LABS,1,104,Vie,8,1.5408,29217.2841
activepower,B8_LABS,1,105,Vie,9,1.6425,29951.8636
activepower,B8_LABS,1,106,Vie,10,1.6352,29898.7871
activepower,B8_LABS,1,107,Vie,11,1.6155,29756.5477
activepower,B8_LABS,1,108,Vie,12,1.5343,29170.0326
activepower,B8_LABS,1,109,Vie,13,1.4803,28780.2473
activepower,B8_LABS,1,110,Vie,14,1.3026,27497.3765
activepower,B8_LABS,1,111,Vie,15,0.9015,24601.0434
activepower,B8_LABS,1,112,Vie,16,0.3469,20596.3216
activepower,B8_LABS,1,113,Vie,17,0.135,19066.5701
activepower,B8_LABS,1,114,Vie,18,0.2496,19893.5838
activepower,B8_LABS,1,115,Vie,19,0.0852,18706.8307
activepower,B8_LABS,1,116,Vie,20,-0.1046,17336.3951
activepower,B8_LABS,1,117,Vie,21,-0.2026,16628.9318
activepower,B8_LABS,1,118,Vie,22,-0.3811,15339.9822
activepower,B8_LABS,1,119,Vie,23,-0.7878,12402.8576
activepower,B8_LABS,1,120,Sab,0,-0.9869,10965.8409
activepower,B8_LABS,1,121,Sab,1,-1.0054,10832.1139
activepower,B8_LABS,1,122,Sab,2,-1.0089,10806.721
activepower,B8_LABS,1,123,Sab,3,-0.9042,11562.9635
activepower,B8_LABS,1,124,Sab,4,-0.8089,12250.5794
activepower,B8_LABS,1,125,Sab,5,-0.7535,12650.9492
activepower,B8_LABS,1,126,Sab,6,-0.7521,12661.1944
activepower,B8_LABS,1,127,Sab,7,0.0688,18588.221
activepower,B8_LABS,1,128,Sab,8,0.2997,20255.7643
activepower,B8_LABS,1,129,Sab,9,0.5821,22294.6343
activepower,B8_LABS,1,130,Sab,10,0.7023,23162.9468
activepower,B8_LABS,1,131,Sab,11,0.5389,21983.0964
activepower,B8_LABS,1,132,Sab,12,0.5095,21770.421
activepower,B8_LABS,1,133,Sab,13,0.3213,20411.7579
activepower,B8_LABS,1,134,Sab,14,-0.0775,17532.2056
activepower,B8_LABS,1,135,Sab,15,-0.3726,15401.2806
activepower,B8_LABS,1,136,Sab,16,-0.5861,13859.5302
activepower,B8_LABS,1,137,Sab,17,-0.641,13463.3083
activepower,B8_LABS,1,138,Sab,18,-0.6396,13472.9817
activepower,B8_LABS,1,139,Sab,19,-0.7348,12786.125
activepower,B8_LABS,1,140,Sab,20,-0.844,11997.6556
activepower,B8_LABS,1,141,Sab,21,-0.8633,11858.304
activepower,B8_LABS,1,142,Sab,22,-0.938,11318.5278
activepower,B8_LABS,1,143,Sab,23,-0.9918,10930.3536
activepower,B8_LABS,1,144,Dom,0,-1.0052,10833.181
activepower,B8_LABS,1,145,Dom,1,-1.0731,10342.8341
activepower,B8_LABS,1,146,Dom,2,-1.0617,10425.1484
activepower,B8_LABS,1,147,Dom,3,-1.1015,10138.2556
activepower,B8_LABS,1,148,Dom,4,-1.1324,9914.8905
activepower,B8_LABS,1,149,Dom,5,-1.1765,9596.3218
activepower,B8_LABS,1,150,Dom,6,-1.3065,8658.1226
activepower,B8_LABS,1,151,Dom,7,-1.2373,9157.3345
activepower,B8_LABS,1,152,Dom,8,-1.1892,9504.9742
activepower,B8_LABS,1,153,Dom,9,-1.1216,9993.0762
activepower,B8_LABS,1,154,Dom,10,-1.1583,9728.0004
activepower,B8_LABS,1,155,Dom,11,-1.1129,10055.429
activepower,B8_LABS,1,156,Dom,12,-1.0827,10273.5584
activepower,B8_LABS,1,157,Dom,13,-1.0628,10417.8466
activepower,B8_LABS,1,158,Dom,14,-1.0673,10384.9042
activepower,B8_LABS,1,159,Dom,15,-1.0933,10197.5579
activepower,B8_LABS,1,160,Dom,16,-1.1761,9599.2855
activepower,B8_LABS,1,161,Dom,17,-1.1934,9474.3277
activepower,B8_LABS,1,162,Dom,18,-1.1087,10085.7322
activepower,B8_LABS,1,163,Dom,19,-1.0389,10590.2986
activepower,B8_LABS,1,164,Dom,20,-1.0505,10506.5725
activepower,B8_LABS,1,165,Dom,21,-1.0756,10325.0321
activepower,B8_LABS,1,166,Dom,22,-1.069,10372.9775
activepower,B8_LABS,1,167,Dom,23,-1.0773,10312.6431
activepower,B9_SFA1,3,0,Lun,0,-1.125,17908.0281
activepower,B9_SFA1,3,1,Lun,1,-1.1456,17538.3471
activepower,B9_SFA1,3,2,Lun,2,-1.1479,17496.4204
activepower,B9_SFA1,3,3,Lun,3,-1.146,17531.5454
activepower,B9_SFA1,3,4,Lun,4,-1.0614,19050.6642
activepower,B9_SFA1,3,5,Lun,5,-0.8698,22494.4233
activepower,B9_SFA1,3,6,Lun,6,-0.3734,31413.29
activepower,B9_SFA1,3,7,Lun,7,-0.1472,35476.8096
activepower,B9_SFA1,3,8,Lun,8,0.447,46154.3871
activepower,B9_SFA1,3,9,Lun,9,0.5662,48295.9029
activepower,B9_SFA1,3,10,Lun,10,0.7569,51722.49
activepower,B9_SFA1,3,11,Lun,11,0.6324,49485.0903
activepower,B9_SFA1,3,12,Lun,12,0.7481,51563.8532
activepower,B9_SFA1,3,13,Lun,13,0.6183,49231.3622
activepower,B9_SFA1,3,14,Lun,14,1.0757,57450.5591
activepower,B9_SFA1,3,15,Lun,15,0.9827,55779.9355
activepower,B9_SFA1,3,16,Lun,16,1.088,57672.3552
activepower,B9_SFA1,3,17,Lun,17,0.5249,47553.4912
activepower,B9_SFA1,3,18,Lun,18,0.4703,46572.6721
activepower,B9_SFA1,3,19,Lun,19,0.2142,41970.9862
activepower,B9_SFA1,3,20,Lun,20,-0.1663,35134.2525
activepower,B9_SFA1,3,21,Lun,21,-0.5002,29135.1933
activepower,B9_SFA1,3,22,Lun,22,-0.7623,24425.2288
activepower,B9_SFA1,3,23,Lun,23,-0.8477,22890.8396
activepower,B9_SFA1,3,24,Mar,0,-0.9948,20247.0841
activepower,B9_SFA1,3,25,Mar,1,-1.0567,19136.2484
activepower,B9_SFA1,3,26,Mar,2,-1.0857,18613.7734
activepower,B9_SFA1,3,27,Mar,3,-1.086,18609.3095
activepower,B9_SFA1,3,28,Mar,4,-0.9991,20169.7778
activepower,B9_SFA1,3,29,Mar,5,-0.775,24198.0409
activepower,B9_SFA1,3,30,Mar,6,-0.112,36110.1565
activepower,B9_SFA1,3,31,Mar,7,0.2878,43294.4226
activepower,B9_SFA1,3,32,Mar,8,1.3292,62005.0336
activepower,B9_SFA1,3,33,Mar,9,1.3301,62020.7586
activepower,B9_SFA1,3,34,Mar,10,1.7176,68984.4166
activepower,B9_SFA1,3,35,Mar,11,1.3761,62848.8378
activepower,B9_SFA1,3,36,Mar,12,1.4682,64503.0676
activepower,B9_SFA1,3,37,Mar,13,1.2321,60260.2489
activepower,B9_SFA1,3,38,Mar,14,1.769,69908.1339
activepower,B9_SFA1,3,39,Mar,15,1.6768,68251.9393
activepower,B9_SFA1,3,40,Mar,16,1.8106,70656.004
activepower,B9_SFA1,3,41,Mar,17,1.1546,58868.6487
activepower,B9_SFA1,3,42,Mar,18,1.1794,59314.5648
activepower,B9_SFA1,3,43,Mar,19,0.8172,52806.5501
activepower,B9_SFA1,3,44,Mar,20,0.3266,43991.5916
activepower,B9_SFA1,3,45,Mar,21,-0.2283,34020.8452
activepower,B9_SFA1,3,46,Mar,22,-0.5573,28108.4503
activepower,B9_SFA1,3,47,Mar,23,-0.6506,26432.9956
activepower,B9_SFA1,3,48,Mie,0,-0.7881,23962.2666
activepower,B9_SFA1,3,49,Mie,1,-0.8345,23127.5558
activepower,B9_SFA1,3,50,Mie,2,-0.884,22238.931
activepower,B9_SFA1,3,51,Mie,3,-0.9017,21919.9995
activepower,B9_SFA1,3,52,Mie,4,-0.9295,21421.2393
activepower,B9_SFA1,3,53,Mie,5,-0.6818,25871.5623
activepower,B9_SFA1,3,54,Mie,6,0.0767,39500.5552
activepower,B9_SFA1,3,55,Mie,7,0.432,45884.2988
activepower,B9_SFA1,3,56,Mie,8,1.4631,64411.9456
activepower,B9_SFA1,3,57,Mie,9,1.4727,64584.5466
activepower,B9_SFA1,3,58,Mie,10,1.77,69926.3663
activepower,B9_SFA1,3,59,Mie,11,1.3717,62769.2426
activepower,B9_SFA1,3,60,Mie,12,1.4933,64953.3186
activepower,B9_SFA1,3,61,Mie,13,1.3254,61937.3593
activepower,B9_SFA1,3,62,Mie,14,1.9122,72480.9951
activepower,B9_SFA1,3,63,Mie,15,1.7352,69300.4727
activepower,B9_SFA1,3,64,Mie,16,1.6285,67383.7523
activepower,B9_SFA1,3,65,Mie,17,1.0739,57417.7841
activepower,B9_SFA1,3,66,Mie,18,1.1473,58737.0583
activepower,B9_SFA1,3,67,Mie,19,0.7298,51234.9235
activepower,B9_SFA1,3,68,Mie,20,0.2679,42936.4386
activepower,B9_SFA1,3,69,Mie,21,-0.2434,33748.7311
activepower,B9_SFA1,3,70,Mie,22,-0.5992,27355.9727
activepower,B9_SFA1,3,71,Mie,23,-0.7314,24980.7924
activepower,B9_SFA1,3,72,Jue,0,-0.8329,23157.0295
activepower,B9_SFA1,3,73,Jue,1,-0.8976,21994.094
activepower,B9_SFA1,3,74,Jue,2,-0.8932,22072.6624
activepower,B9_SFA1,3,75,Jue,3,-0.8745,22408.5641
activepower,B9_SFA1,3,76,Jue,4,-0.7797,24113.0318
activepower,B9_SFA1,3,77,Jue,5,-0.5343,28521.949
activepower,B9_SFA1,3,78,Jue,6,-0.0164,37828.4811
activepower,B9_SFA1,3,79,Jue,7,0.3633,44650.9858
activepower,B9_SFA1,3,80,Jue,8,1.1689,59125.5429
activepower,B9_SFA1,3,81,Jue,9,1.2853,61215.8726
activepower,B9_SFA1,3,82,Jue,10,1.5976,66828.173
activepower,B9_SFA1,3,83,Jue,11,1.2279,60184.767
activepower,B9_SFA1,3,84,Jue,12,1.2516,60611.7696
activepower,B9_SFA1,3,85,Jue,13,1.186,59433.3261
activepower,B9_SFA1,3,86,Jue,14,1.9929,73930.2788
activepower,B9_SFA1,3,87,Jue,15,1.8501,71364.1617
activepower,B9_SFA1,3,88,Jue,16,2.0448,74862.7096
activepower,B9_SFA1,3,89,Jue,17,1.192,59540.9388
activepower,B9_SFA1,3,90,Jue,18,1.1074,58021.0421
activepower,B9_SFA1,3,91,Jue,19,0.7483,51568.3617
activepower,B9_SFA1,3,92,Jue,20,0.2597,42789.5092
activepower,B9_SFA1,3,93,Jue,21,-0.2808,33077.8773
activepower,B9_SFA1,3,94,Jue,22,-0.5908,27507.3254
activepower,B9_SFA1,3,95,Jue,23,-0.6959,25618.5337
activepower,B9_SFA1,3,96,Vie,0,-0.8579,22707.3311
activepower,B9_SFA1,3,97,Vie,1,-0.932,21376.1042
activepower,B9_SFA1,3,98,Vie,2,-0.9664,20758.8299
activepower,B9_SFA1,3,99,Vie,3,-0.9977,20196.5394
activepower,B9_SFA1,3,100,Vie,4,-0.9275,21457.0292
activepower,B9_SFA1,3,101,Vie,5,-0.7081,25398.6216
activepower,B9_SFA1,3,102,Vie,6,-0.0562,37112.4701
activepower,B9_SFA1,3,103,Vie,7,0.4969,47050.5902
activepower,B9_SFA1,3,104,Vie,8,1.3209,61857.1462
activepower,B9_SFA1,3,105,Vie,9,1.272,60977.0326
activepower,B9_SFA1,3,106,Vie,10,1.3033,61539.268
activepower,B9_SFA1,3,107,Vie,11,1.0123,56311.7643
activepower,B9_SFA1,3,108,Vie,12,0.9702,55555.1594
activepower,B9_SFA1,3,109,Vie,13,0.8027,52545.3008
activepower,B9_SFA1,3,110,Vie,14,1.0847,57611.5682
activepower,B9_SFA1,3,111,Vie,15,0.8695,53745.1789
activepower,B9_SFA1,3,112,Vie,16,0.5869,48668.6991
activepower,B9_SFA1,3,113,Vie,17,0.2446,42516.79
activepower,B9_SFA1,3,114,Vie,18,0.2309,42270.7027
activepower,B9_SFA1,3,115,Vie,19,0.0719,39414.189
activepower,B9_SFA1,3,116,Vie,20,-0.1183,35997.6706
activepower,B9_SFA1,3,117,Vie,21,-0.4285,30423.5295
activepower,B9_SFA1,3,118,Vie,22,-0.709,25383.2617
activepower,B9_SFA1,3,119,Vie,23,-0.7992,23763.3091
activepower,B9_SFA1,3,120,Sab,0,-0.9229,21540.6313
activepower,B9_SFA1,3,121,Sab,1,-0.9748,20606.4234
activepower,B9_SFA1,3,122,Sab,2,-1.0083,20005.6008
activepower,B9_SFA1,3,123,Sab,3,-1.017,19849.6746
activepower,B9_SFA1,3,124,Sab,4,-0.9515,21025.0508
activepower,B9_SFA1,3,125,Sab,5,-0.7986,23772.9675
activepower,B9_SFA1,3,126,Sab,6,-0.6562,26331.256
activepower,B9_SFA1,3,127,Sab,7,-0.1871,34760.0754
activepower,B9_SFA1,3,128,Sab,8,0.8521,53433.0389
activepower,B9_SFA1,3,129,Sab,9,0.9571,55319.5468
activepower,B9_SFA1,3,130,Sab,10,1.0842,57602.6151
activepower,B9_SFA1,3,131,Sab,11,0.9572,55320.7282
activepower,B9_SFA1,3,132,Sab,12,0.4007,45321.3988
activepower,B9_SFA1,3,133,Sab,13,0.3937,45196.3214
activepower,B9_SFA1,3,134,Sab,14,0.2353,42351.1849
activepower,B9_SFA1,3,135,Sab,15,-0.1599,35249.356
activepower,B9_SFA1,3,136,Sab,16,-0.35,31833.7095
activepower,B9_SFA1,3,137,Sab,17,-0.5921,27483.6448
activepower,B9_SFA1,3,138,Sab,18,-0.7798,24110.2865
activepower,B9_SFA1,3,139,Sab,19,-0.932,21375.9167
activepower,B9_SFA1,3,140,Sab,20,-1.0142,19899.1337
activepower,B9_SFA1,3,141,Sab,21,-1.054,19184.0536
activepower,B9_SFA1,3,142,Sab,22,-1.0707,18883.6286
activepower,B9_SFA1,3,143,Sab,23,-1.0838,18649.2282
activepower,B9_SFA1,3,144,Dom,0,-1.0925,18492.1869
activepower,B9_SFA1,3,145,Dom,1,-1.1095,18187.252
activepower,B9_SFA1,3,146,Dom,2,-1.1149,18089.1702
activepower,B9_SFA1,3,147,Dom,3,-1.1241,17925.0508
activepower,B9_SFA1,3,148,Dom,4,-1.1309,17802.5496
activepower,B9_SFA1,3,149,Dom,5,-1.1375,17683.0849
activepower,B9_SFA1,3,150,Dom,6,-1.1281,17853.2496
activepower,B9_SFA1,3,151,Dom,7,-1.027,19670.0496
activepower,B9_SFA1,3,152,Dom,8,-0.9543,20974.7552
activepower,B9_SFA1,3,153,Dom,9,-0.9552,20958.6698
activepower,B9_SFA1,3,154,Dom,10,-0.9587,20896.2635
activepower,B9_SFA1,3,155,Dom,11,-0.9711,20673.398
activepower,B9_SFA1,3,156,Dom,12,-0.9933,20275.2755
activepower,B9_SFA1,3,157,Dom,13,-1.0039,20084.1161
activepower,B9_SFA1,3,158,Dom,14,-1.0061,20045.5463
activepower,B9_SFA1,3,159,Dom,15,-1.0028,20103.8633
activepower,B9_SFA1,3,160,Dom,16,-0.9954,20236.6701
activepower,B9_SFA1,3,161,Dom,17,-0.9965,20217.5078
activepower,B9_SFA1,3,162,Dom,18,-0.9922,20295.411
activepower,B9_SFA1,3,163,Dom,19,-1.0142,19898.5094
activepower,B9_SFA1,3,164,Dom,20,-1.0403,19430.3772
activepower,B9_SFA1,3,165,Dom,21,-1.0817,18687.2094
activepower,B9_SFA1,3,166,Dom,22,-1.0971,18410.2078
activepower,B9_SFA1,3,167,Dom,23,-1.1136,18112.6765
activepower,B9_SFA2,3,0,Lun,0,-1.0529,11090.3417
activepower,B9_SFA2,3,1,Lun,1,-1.0691,10772.4962
activepower,B9_SFA2,3,2,Lun,2,-1.0879,10404.2254
activepower,B9_SFA2,3,3,Lun,3,-1.0977,10212.5458
activepower,B9_SFA2,3,4,Lun,4,-1.1171,9832.6142
activepower,B9_SFA2,3,5,Lun,5,-0.8435,15190.9333
activepower,B9_SFA2,3,6,Lun,6,-0.1802,28178.4046
activepower,B9_SFA2,3,7,Lun,7,-0.0922,29902.1654
activepower,B9_SFA2,3,8,Lun,8,0.0722,33121.1442
activepower,B9_SFA2,3,9,Lun,9,0.0899,33466.7842
activepower,B9_SFA2,3,10,Lun,10,0.4423,40367.4932
activepower,B9_SFA2,3,11,Lun,11,0.6248,43941.2227
activepower,B9_SFA2,3,12,Lun,12,0.7993,47357.9403
activepower,B9_SFA2,3,13,Lun,13,1.0027,51340.7602
activepower,B9_SFA2,3,14,Lun,14,1.5093,61260.1206
activepower,B9_SFA2,3,15,Lun,15,1.1705,54626.2529
activepower,B9_SFA2,3,16,Lun,16,1.0933,53114.1377
activepower,B9_SFA2,3,17,Lun,17,0.8397,48148.2211
activepower,B9_SFA2,3,18,Lun,18,0.618,43807.9425
activepower,B9_SFA2,3,19,Lun,19,0.3329,38224.0404
activepower,B9_SFA2,3,20,Lun,20,0.0899,33466.4712
activepower,B9_SFA2,3,21,Lun,21,-0.434,23208.2204
activepower,B9_SFA2,3,22,Lun,22,-1.0346,11447.8875
activepower,B9_SFA2,3,23,Lun,23,-1.0556,11037.1092
activepower,B9_SFA2,3,24,Mar,0,-1.0949,10267.379
activepower,B9_SFA2,3,25,Mar,1,-1.0972,10222.573
activepower,B9_SFA2,3,26,Mar,2,-1.1021,10127.5385
activepower,B9_SFA2,3,27,Mar,3,-1.1251,9676.7159
activepower,B9_SFA2,3,28,Mar,4,-1.1428,9331.0651
activepower,B9_SFA2,3,29,Mar,5,-0.9056,13975.1988
activepower,B9_SFA2,3,30,Mar,6,-0.2998,25836.3101
activepower,B9_SFA2,3,31,Mar,7,-0.1379,29005.8164
activepower,B9_SFA2,3,32,Mar,8,0.2397,36400.4447
activepower,B9_SFA2,3,33,Mar,9,0.4612,40737.766
activepower,B9_SFA2,3,34,Mar,10,0.9633,50569.2322
activepower,B9_SFA2,3,35,Mar,11,1.0993,53231.6769
activepower,B9_SFA2,3,36,Mar,12,1.4002,59123.7266
activepower,B9_SFA2,3,37,Mar,13,1.393,58981.6672
activepower,B9_SFA2,3,38,Mar,14,1.6155,63339.2029
activepower,B9_SFA2,3,39,Mar,15,1.599,63016.4627
activepower,B9_SFA2,3,40,Mar,16,1.7856,66669.3701
activepower,B9_SFA2,3,41,Mar,17,1.5826,62694.7497
activepower,B9_SFA2,3,42,Mar,18,1.3303,57755.3524
activepower,B9_SFA2,3,43,Mar,19,1.0808,52868.5311
activepower,B9_SFA2,3,44,Mar,20,0.7005,45422.6103
activepower,B9_SFA2,3,45,Mar,21,0.1055,33772.2804
activepower,B9_SFA2,3,46,Mar,22,-0.6656,18674.7134
activepower,B9_SFA2,3,47,Mar,23,-0.7138,17729.1858
activepower,B9_SFA2,3,48,Mie,0,-0.7658,16712.6256
activepower,B9_SFA2,3,49,Mie,1,-0.7765,16502.4363
activepower,B9_SFA2,3,50,Mie,2,-0.8013,16017.6223
activepower,B9_SFA2,3,51,Mie,3,-0.8413,15234.209
activepower,B9_SFA2,3,52,Mie,4,-0.9854,12412.8952
activepower,B9_SFA2,3,53,Mie,5,-0.8014,16015.4643
activepower,B9_SFA2,3,54,Mie,6,-0.1991,27808.4274
activepower,B9_SFA2,3,55,Mie,7,-0.0338,31044.6468
activepower,B9_SFA2,3,56,Mie,8,0.3673,38899.0143
activepower,B9_SFA2,3,57,Mie,9,0.5295,42074.592
activepower,B9_SFA2,3,58,Mie,10,0.8862,49057.9981
activepower,B9_SFA2,3,59,Mie,11,1.0437,52143.3165
activepower,B9_SFA2,3,60,Mie,12,1.2137,55470.4008
activepower,B9_SFA2,3,61,Mie,13,1.2988,57136.6502
activepower,B9_SFA2,3,62,Mie,14,2.0001,70868.3617
activepower,B9_SFA2,3,63,Mie,15,2.0225,71308.8553
activepower,B9_SFA2,3,64,Mie,16,1.916,69222.5473
activepower,B9_SFA2,3,65,Mie,17,1.632,63661.1458
activepower,B9_SFA2,3,66,Mie,18,1.4417,59936.2708
activepower,B9_SFA2,3,67,Mie,19,1.1984,55170.8439
activepower,B9_SFA2,3,68,Mie,20,0.6795,45012.0742
activepower,B9_SFA2,3,69,Mie,21,-0.007,31568.9371
activepower,B9_SFA2,3,70,Mie,22,-0.8252,15549.0352
activepower,B9_SFA2,3,71,Mie,23,-0.8747,14579.1364
activepower,B9_SFA2,3,72,Jue,0,-0.9,14084.5473
activepower,B9_SFA2,3,73,Jue,1,-0.891,14260.1075
activepower,B9_SFA2,3,74,Jue,2,-0.8539,14986.2905
activepower,B9_SFA2,3,75,Jue,3,-0.8412,15235.058
activepower,B9_SFA2,3,76,Jue,4,-0.8009,16025.5621
activepower,B9_SFA2,3,77,Jue,5,-0.6128,19707.5246
activepower,B9_SFA2,3,78,Jue,6,-0.186,28064.086
activepower,B9_SFA2,3,79,Jue,7,-0.0506,30716.4614
activepower,B9_SFA2,3,80,Jue,8,0.3901,39344.4929
activepower,B9_SFA2,3,81,Jue,9,0.5247,41979.5133
activepower,B9_SFA2,3,82,Jue,10,0.8727,48794.7484
activepower,B9_SFA2,3,83,Jue,11,0.974,50777.6356
activepower,B9_SFA2,3,84,Jue,12,1.2582,56342.0358
activepower,B9_SFA2,3,85,Jue,13,1.3605,58346.0622
activepower,B9_SFA2,3,86,Jue,14,1.8388,67710.8517
activepower,B9_SFA2,3,87,Jue,15,1.6977,64947.9767
activepower,B9_SFA2,3,88,Jue,16,1.7303,65586.7208
activepower,B9_SFA2,3,89,Jue,17,1.1317,53864.9062
activepower,B9_SFA2,3,90,Jue,18,1.1142,53523.2992
activepower,B9_SFA2,3,91,Jue,19,0.7387,46170.4754
activepower,B9_SFA2,3,92,Jue,20,0.5076,41645.5575
activepower,B9_SFA2,3,93,Jue,21,0.0485,32656.9193
activepower,B9_SFA2,3,94,Jue,22,-0.9203,13685.8189
activepower,B9_SFA2,3,95,Jue,23,-0.9304,13489.5356
activepower,B9_SFA2,3,96,Vie,0,-0.9483,13137.5564
activepower,B9_SFA2,3,97,Vie,1,-0.9759,12597.8708
activepower,B9_SFA2,3,98,Vie,2,-0.9974,12178.0856
activepower,B9_SFA2,3,99,Vie,3,-1.0072,11984.2553
activepower,B9_SFA2,3,100,Vie,4,-1.023,11676.6348
activepower,B9_SFA2,3,101,Vie,5,-0.8192,15667.0322
activepower,B9_SFA2,3,102,Vie,6,-0.3454,24943.7144
activepower,B9_SFA2,3,103,Vie,7,-0.2433,26943.1186
activepower,B9_SFA2,3,104,Vie,8,0.3547,38651.7186
activepower,B9_SFA2,3,105,Vie,9,0.5829,43120.8735
activepower,B9_SFA2,3,106,Vie,10,0.9162,49645.8995
activepower,B9_SFA2,3,107,Vie,11,0.9492,50291.6907
activepower,B9_SFA2,3,108,Vie,12,1.0662,52583.8401
activepower,B9_SFA2,3,109,Vie,13,1.1523,54269.3042
activepower,B9_SFA2,3,110,Vie,14,1.5994,63023.0288
activepower,B9_SFA2,3,111,Vie,15,1.6603,64216.2952
activepower,B9_SFA2,3,112,Vie,16,1.5421,61902.385
activepower,B9_SFA2,3,113,Vie,17,1.2943,57049.2203
activepower,B9_SFA2,3,114,Vie,18,1.0363,51997.7918
activepower,B9_SFA2,3,115,Vie,19,0.7789,46958.3712
activepower,B9_SFA2,3,116,Vie,20,0.4973,41444.225
activepower,B9_SFA2,3,117,Vie,21,-0.1155,29444.3193
activepower,B9_SFA2,3,118,Vie,22,-0.9963,12198.8436
activepower,B9_SFA2,3,119,Vie,23,-1.0233,11669.8258
activepower,B9_SFA2,3,120,Sab,0,-1.0615,10921.4821
activepower,B9_SFA2,3,121,Sab,1,-1.0672,10810.1944
activepower,B9_SFA2,3,122,Sab,2,-1.0951,10263.2246
activepower,B9_SFA2,3,123,Sab,3,-1.1069,10032.6726
activepower,B9_SFA2,3,124,Sab,4,-1.1002,10164.1333
activepower,B9_SFA2,3,125,Sab,5,-0.9082,13923.598
activepower,B9_SFA2,3,126,Sab,6,-0.613,19702.85
activepower,B9_SFA2,3,127,Sab,7,-0.5033,21852.4004
activepower,B9_SFA2,3,128,Sab,8,0.4346,40216.9198
activepower,B9_SFA2,3,129,Sab,9,0.632,44081.4742
activepower,B9_SFA2,3,130,Sab,10,0.8821,48978.173
activepower,B9_SFA2,3,131,Sab,11,1.0478,52222.2429
activepower,B9_SFA2,3,132,Sab,12,0.9509,50324.8413
activepower,B9_SFA2,3,133,Sab,13,1.3369,57883.798
activepower,B9_SFA2,3,134,Sab,14,1.3447,58035.5377
activepower,B9_SFA2,3,135,Sab,15,0.908,49486.1492
activepower,B9_SFA2,3,136,Sab,16,0.6708,44840.5246
activepower,B9_SFA2,3,137,Sab,17,0.0065,31833.9528
activepower,B9_SFA2,3,138,Sab,18,-0.8218,15614.9127
activepower,B9_SFA2,3,139,Sab,19,-0.8922,14236.9623
activepower,B9_SFA2,3,140,Sab,20,-0.9315,13467.4929
activepower,B9_SFA2,3,141,Sab,21,-0.9874,12373.0683
activepower,B9_SFA2,3,142,Sab,22,-1.0297,11543.773
activepower,B9_SFA2,3,143,Sab,23,-1.0413,11318.448
activepower,B9_SFA2,3,144,Dom,0,-1.0622,10908.7825
activepower,B9_SFA2,3,145,Dom,1,-1.0698,10759.425
activepower,B9_SFA2,3,146,Dom,2,-1.0668,10817.6976
activepower,B9_SFA2,3,147,Dom,3,-1.0819,10522.1476
activepower,B9_SFA2,3,148,Dom,4,-1.1089,9993.4405
activepower,B9_SFA2,3,149,Dom,5,-1.0925,10314.6536
activepower,B9_SFA2,3,150,Dom,6,-1.1014,10141.1448
activepower,B9_SFA2,3,151,Dom,7,-1.0797,10565.1806
activepower,B9_SFA2,3,152,Dom,8,-1.0247,11642.6694
activepower,B9_SFA2,3,153,Dom,9,-0.9574,12960.5976
activepower,B9_SFA2,3,154,Dom,10,-0.8853,14372.496
activepower,B9_SFA2,3,155,Dom,11,-0.8245,15563.0722
activepower,B9_SFA2,3,156,Dom,12,-0.7917,16203.9591
activepower,B9_SFA2,3,157,Dom,13,-0.7726,16577.844
activepower,B9_SFA2,3,158,Dom,14,-0.7884,16269.9334
activepower,B9_SFA2,3,159,Dom,15,-0.8098,15851.055
activepower,B9_SFA2,3,160,Dom,16,-0.8427,15206.7071
activepower,B9_SFA2,3,161,Dom,17,-0.8651,14768.4072
activepower,B9_SFA2,3,162,Dom,18,-0.9233,13628.3522
activepower,B9_SFA2,3,163,Dom,19,-0.9909,12303.4678
activepower,B9_SFA2,3,164,Dom,20,-1.0023,12081.0438
activepower,B9_SFA2,3,165,Dom,21,-0.9961,12202.857
activepower,B9_SFA2,3,166,Dom,22,-1.0296,11545.9214
activepower,B9_SFA2,3,167,Dom,23,-1.033,11479.295
activepower,ECOVILLA,1,0,Lun,0,-0.8064,327.6814
activepower,ECOVILLA,1,1,Lun,1,-0.8045,329.0262
activepower,ECOVILLA,1,2,Lun,2,-0.8052,328.4963
activepower,ECOVILLA,1,3,Lun,3,-0.8245,314.5446
activepower,ECOVILLA,1,4,Lun,4,-0.8311,309.7838
activepower,ECOVILLA,1,5,Lun,5,-0.8283,311.8358
activepower,ECOVILLA,1,6,Lun,6,-0.7248,386.7025
activepower,ECOVILLA,1,7,Lun,7,0.2347,1081.0625
activepower,ECOVILLA,1,8,Lun,8,1.423,1941.0604
activepower,ECOVILLA,1,9,Lun,9,1.6815,2128.1633
activepower,ECOVILLA,1,10,Lun,10,1.8388,2241.9996
activepower,ECOVILLA,1,11,Lun,11,1.7837,2202.0797
activepower,ECOVILLA,1,12,Lun,12,1.3466,1885.7903
activepower,ECOVILLA,1,13,Lun,13,1.1781,1763.8175
activepower,ECOVILLA,1,14,Lun,14,1.0136,1644.755
activepower,ECOVILLA,1,15,Lun,15,0.9837,1623.1126
activepower,ECOVILLA,1,16,Lun,16,0.9201,1577.1401
activepower,ECOVILLA,1,17,Lun,17,0.5804,1331.2897
activepower,ECOVILLA,1,18,Lun,18,-0.006,906.8792
activepower,ECOVILLA,1,19,Lun,19,-0.4267,602.4172
activepower,ECOVILLA,1,20,Lun,20,-0.4306,599.6565
activepower,ECOVILLA,1,21,Lun,21,-0.4302,599.93
activepower,ECOVILLA,1,22,Lun,22,-0.5927,482.3248
activepower,ECOVILLA,1,23,Lun,23,-0.732,381.4832
activepower,ECOVILLA,1,24,Mar,0,-0.7557,364.3604
activepower,ECOVILLA,1,25,Mar,1,-0.7655,357.2935
activepower,ECOVILLA,1,26,Mar,2,-0.7882,340.8413
activepower,ECOVILLA,1,27,Mar,3,-0.7938,336.7513
activepower,ECOVILLA,1,28,Mar,4,-0.8017,331.0555
activepower,ECOVILLA,1,29,Mar,5,-0.797,334.4963
activepower,ECOVILLA,1,30,Mar,6,-0.6157,465.6831
activepower,ECOVILLA,1,31,Mar,7,0.4366,1227.1818
activepower,ECOVILLA,1,32,Mar,8,1.3885,1916.0868
activepower,ECOVILLA,1,33,Mar,9,1.4547,1964.0058
activepower,ECOVILLA,1,34,Mar,10,1.8919,2280.3817
activepower,ECOVILLA,1,35,Mar,11,2.0917,2424.9791
activepower,ECOVILLA,1,36,Mar,12,1.6355,2094.857
activepower,ECOVILLA,1,37,Mar,13,1.4306,1946.5573
activepower,ECOVILLA,1,38,Mar,14,1.5441,2028.6777
activepower,ECOVILLA,1,39,Mar,15,1.3261,1870.9245
activepower,ECOVILLA,1,40,Mar,16,0.8905,1555.6808
activepower,ECOVILLA,1,41,Mar,17,0.5137,1283.0036
activepower,ECOVILLA,1,42,Mar,18,0.0346,936.26
activepower,ECOVILLA,1,43,Mar,19,-0.4361,595.631
activepower,ECOVILLA,1,44,Mar,20,-0.5747,495.347
activepower,ECOVILLA,1,45,Mar,21,-0.5772,493.5237
activepower,ECOVILLA,1,46,Mar,22,-0.5879,485.7621
activepower,ECOVILLA,1,47,Mar,23,-0.6077,471.4593
activepower,ECOVILLA,1,48,Mie,0,-0.6175,464.4022
activepower,ECOVILLA,1,49,Mie,1,-0.6178,464.1486
activepower,ECOVILLA,1,50,Mie,2,-0.6171,464.6847
activepower,ECOVILLA,1,51,Mie,3,-0.6193,463.0507
activepower,ECOVILLA,1,52,Mie,4,-0.7875,341.344
activepower,ECOVILLA,1,53,Mie,5,-0.7322,381.3901
activepower,ECOVILLA,1,54,Mie,6,-0.4195,607.6885
activepower,ECOVILLA,1,55,Mie,7,0.8568,1531.3111
activepower,ECOVILLA,1,56,Mie,8,1.7893,2206.156
activepower,ECOVILLA,1,57,Mie,9,2.0029,2360.689
activepower,ECOVILLA,1,58,Mie,10,2.2786,2560.2117
activepower,ECOVILLA,1,59,Mie,11,2.2276,2523.3515
activepower,ECOVILLA,1,60,Mie,12,1.936,2312.2761
activepower,ECOVILLA,1,61,Mie,13,1.6553,2109.1765
activepower,ECOVILLA,1,62,Mie,14,1.7549,2181.228
activepower,ECOVILLA,1,63,Mie,15,1.6028,2071.1848
activepower,ECOVILLA,1,64,Mie,16,1.2869,1842.5477
activepower,ECOVILLA,1,65,Mie,17,0.4931,1268.0777
activepower,ECOVILLA,1,66,Mie,18,-0.1062,834.3867
activepower,ECOVILLA,1,67,Mie,19,-0.4076,616.2932
activepower,ECOVILLA,1,68,Mie,20,-0.3626,648.8064
activepower,ECOVILLA,1,69,Mie,21,-0.4307,599.5792
activepower,ECOVILLA,1,70,Mie,22,-0.5456,516.3936
activepower,ECOVILLA,1,71,Mie,23,-0.6425,446.2458
activepower,ECOVILLA,1,72,Jue,0,-0.7054,400.736
activepower,ECOVILLA,1,73,Jue,1,-0.7236,387.6208
activepower,ECOVILLA,1,74,Jue,2,-0.7356,378.8681
activepower,ECOVILLA,1,75,Jue,3,-0.7319,381.5715
activepower,ECOVILLA,1,76,Jue,4,-0.7332,380.662
activepower,ECOVILLA,1,77,Jue,5,-0.7245,386.9077
activepower,ECOVILLA,1,78,Jue,6,-0.4757,566.9959
activepower,ECOVILLA,1,79,Jue,7,0.2977,1126.6737
activepower,ECOVILLA,1,80,Jue,8,0.91,1569.8171
activepower,ECOVILLA,1,81,Jue,9,1.0916,1701.2497
activepower,ECOVILLA,1,82,Jue,10,0.7222,1433.8775
activepower,ECOVILLA,1,83,Jue,11,0.7176,1430.583
activepower,ECOVILLA,1,84,Jue,12,0.6959,1414.8855
activepower,ECOVILLA,1,85,Jue,13,0.8801,1548.1944
activepower,ECOVILLA,1,86,Jue,14,1.3757,1906.8346
activepower,ECOVILLA,1,87,Jue,15,1.269,1829.615
activepower,ECOVILLA,1,88,Jue,16,0.8291,1511.2438
activepower,ECOVILLA,1,89,Jue,17,0.2531,1094.4008
activepower,ECOVILLA,1,90,Jue,18,-0.288,702.8217
activepower,ECOVILLA,1,91,Jue,19,-0.5653,502.1175
activepower,ECOVILLA,1,92,Jue,20,-0.6256,458.5042
activepower,ECOVILLA,1,93,Jue,21,-0.694,408.9955
activepower,ECOVILLA,1,94,Jue,22,-0.7244,386.9754
activepower,ECOVILLA,1,95,Jue,23,-0.7329,380.8712
activepower,ECOVILLA,1,96,Vie,0,-0.7327,381.0178
activepower,ECOVILLA,1,97,Vie,1,-0.7418,374.4277
activepower,ECOVILLA,1,98,Vie,2,-0.7505,368.1117
activepower,ECOVILLA,1,99,Vie,3,-0.7552,364.7182
activepower,ECOVILLA,1,100,Vie,4,-0.7454,371.7803
activepower,ECOVILLA,1,101,Vie,5,-0.7168,392.5231
activepower,ECOVILLA,1,102,Vie,6,-0.2701,715.8057
activepower,ECOVILLA,1,103,Vie,7,1.1328,1731.0523
activepower,ECOVILLA,1,104,Vie,8,2.5496,2756.3731
activepower,ECOVILLA,1,105,Vie,9,2.7504,2901.6489
activepower,ECOVILLA,1,106,Vie,10,2.5788,2777.5099
activepower,ECOVILLA,1,107,Vie,11,1.8403,2243.0634
activepower,ECOVILLA,1,108,Vie,12,1.6285,2089.7752
activepower,ECOVILLA,1,109,Vie,13,1.1785,1764.1436
activepower,ECOVILLA,1,110,Vie,14,1.4397,1953.1405
activepower,ECOVILLA,1,111,Vie,15,1.2941,1847.7595
activepower,ECOVILLA,1,112,Vie,16,0.7989,1489.3966
activepower,ECOVILLA,1,113,Vie,17,0.0622,956.2807
activepower,ECOVILLA,1,114,Vie,18,-0.4503,585.3632
activepower,ECOVILLA,1,115,Vie,19,-0.5088,543.0398
activepower,ECOVILLA,1,116,Vie,20,-0.4972,551.4093
activepower,ECOVILLA,1,117,Vie,21,-0.5391,521.136
activepower,ECOVILLA,1,118,Vie,22,-0.5903,484.0443
activepower,ECOVILLA,1,119,Vie,23,-0.6809,418.4811
activepower,ECOVILLA,1,120,Sab,0,-0.7591,361.8825
activepower,ECOVILLA,1,121,Sab,1,-0.7926,337.6421
activepower,ECOVILLA,1,122,Sab,2,-0.792,338.0718
activepower,ECOVILLA,1,123,Sab,3,-0.774,351.1063
activepower,ECOVILLA,1,124,Sab,4,-0.7868,341.8222
activepower,ECOVILLA,1,125,Sab,5,-0.7866,341.9591
activepower,ECOVILLA,1,126,Sab,6,-0.7834,344.3091
activepower,ECOVILLA,1,127,Sab,7,-0.7729,351.9036
activepower,ECOVILLA,1,128,Sab,8,-0.6824,417.4262
activepower,ECOVILLA,1,129,Sab,9,-0.5304,527.3776
activepower,ECOVILLA,1,130,Sab,10,0.1261,1002.5028
activepower,ECOVILLA,1,131,Sab,11,0.3458,1161.4913
activepower,ECOVILLA,1,132,Sab,12,0.5075,1278.5115
activepower,ECOVILLA,1,133,Sab,13,0.0764,966.5615
activepower,ECOVILLA,1,134,Sab,14,-0.3488,658.8202
activepower,ECOVILLA,1,135,Sab,15,-0.5463,515.8671
activepower,ECOVILLA,1,136,Sab,16,-0.5664,501.3163
activepower,ECOVILLA,1,137,Sab,17,-0.5429,518.3853
activepower,ECOVILLA,1,138,Sab,18,-0.5821,489.998
activepower,ECOVILLA,1,139,Sab,19,-0.6923,410.2218
activepower,ECOVILLA,1,140,Sab,20,-0.7668,356.2921
activepower,ECOVILLA,1,141,Sab,21,-0.7784,347.9393
activepower,ECOVILLA,1,142,Sab,22,-0.8143,321.9345
activepower,ECOVILLA,1,143,Sab,23,-0.8116,323.873
activepower,ECOVILLA,1,144,Dom,0,-0.8126,323.1675
activepower,ECOVILLA,1,145,Dom,1,-0.8314,309.5837
activepower,ECOVILLA,1,146,Dom,2,-0.8374,305.2377
activepower,ECOVILLA,1,147,Dom,3,-0.8347,307.1853
activepower,ECOVILLA,1,148,Dom,4,-0.8337,307.9155
activepower,ECOVILLA,1,149,Dom,5,-0.8328,308.5683
activepower,ECOVILLA,1,150,Dom,6,-0.8355,306.6187
activepower,ECOVILLA,1,151,Dom,7,-0.8343,307.479
activepower,ECOVILLA,1,152,Dom,8,-0.794,336.6528
activepower,ECOVILLA,1,153,Dom,9,-0.794,336.6175
activepower,ECOVILLA,1,154,Dom,10,-0.7867,341.8992
activepower,ECOVILLA,1,155,Dom,11,-0.7843,343.6246
activepower,ECOVILLA,1,156,Dom,12,-0.7822,345.1889
activepower,ECOVILLA,1,157,Dom,13,-0.7656,357.1547
activepower,ECOVILLA,1,158,Dom,14,-0.7704,353.7189
activepower,ECOVILLA,1,159,Dom,15,-0.7716,352.8243
activepower,ECOVILLA,1,160,Dom,16,-0.7745,350.7635
activepower,ECOVILLA,1,161,Dom,17,-0.7799,346.8754
activepower,ECOVILLA,1,162,Dom,18,-0.7871,341.6634
activepower,ECOVILLA,1,163,Dom,19,-0.8015,331.2236
activepower,ECOVILLA,1,164,Dom,20,-0.8022,330.6767
activepower,ECOVILLA,1,165,Dom,21,-0.8039,329.5075
activepower,ECOVILLA,1,166,Dom,22,-0.8037,329.6197
activepower,ECOVILLA,1,167,Dom,23,-0.8046,328.9641
totalpowerfactor,B10_ARQ,2,0,Lun,0,-1.0269,0.8935
totalpowerfactor,B10_ARQ,2,1,Lun,1,-0.8634,0.8997
totalpowerfactor,B10_ARQ,2,2,Lun,2,-0.8637,0.8997
totalpowerfactor,B10_ARQ,2,3,Lun,3,-0.7004,0.9059
totalpowerfactor,B10_ARQ,2,4,Lun,4,-0.4867,0.9139
totalpowerfactor,B10_ARQ,2,5,Lun,5,0.0979,0.9361
totalpowerfactor,B10_ARQ,2,6,Lun,6,0.5175,0.9519
totalpowerfactor,B10_ARQ,2,7,Lun,7,0.5694,0.9539
totalpowerfactor,B10_ARQ,2,8,Lun,8,0.7442,0.9605
totalpowerfactor,B10_ARQ,2,9,Lun,9,0.709,0.9592
totalpowerfactor,B10_ARQ,2,10,Lun,10,0.4586,0.9497
totalpowerfactor,B10_ARQ,2,11,Lun,11,0.4687,0.9501
totalpowerfactor,B10_ARQ,2,12,Lun,12,0.605,0.9552
totalpowerfactor,B10_ARQ,2,13,Lun,13,0.6824,0.9582
totalpowerfactor,B10_ARQ,2,14,Lun,14,0.6067,0.9553
totalpowerfactor,B10_ARQ,2,15,Lun,15,0.6743,0.9579
totalpowerfactor,B10_ARQ,2,16,Lun,16,0.8375,0.964
totalpowerfactor,B10_ARQ,2,17,Lun,17,0.7831,0.962
totalpowerfactor,B10_ARQ,2,18,Lun,18,0.9265,0.9674
totalpowerfactor,B10_ARQ,2,19,Lun,19,0.8852,0.9658
totalpowerfactor,B10_ARQ,2,20,Lun,20,0.5648,0.9537
totalpowerfactor,B10_ARQ,2,21,Lun,21,0.3093,0.9441
totalpowerfactor,B10_ARQ,2,22,Lun,22,0.2689,0.9425
totalpowerfactor,B10_ARQ,2,23,Lun,23,-0.1131,0.9281
totalpowerfactor,B10_ARQ,2,24,Mar,0,-0.3148,0.9204
totalpowerfactor,B10_ARQ,2,25,Mar,1,-0.5448,0.9117
totalpowerfactor,B10_ARQ,2,26,Mar,2,-0.5632,0.9111
totalpowerfactor,B10_ARQ,2,27,Mar,3,-0.4172,0.9166
totalpowerfactor,B10_ARQ,2,28,Mar,4,-0.0925,0.9289
totalpowerfactor,B10_ARQ,2,29,Mar,5,0.2696,0.9426
totalpowerfactor,B10_ARQ,2,30,Mar,6,0.7999,0.9626
totalpowerfactor,B10_ARQ,2,31,Mar,7,1.1114,0.9744
totalpowerfactor,B10_ARQ,2,32,Mar,8,1.237,0.9791
totalpowerfactor,B10_ARQ,2,33,Mar,9,1.3088,0.9819
totalpowerfactor,B10_ARQ,2,34,Mar,10,1.247,0.9795
totalpowerfactor,B10_ARQ,2,35,Mar,11,1.0924,0.9737
totalpowerfactor,B10_ARQ,2,36,Mar,12,1.0347,0.9715
totalpowerfactor,B10_ARQ,2,37,Mar,13,1.0004,0.9702
totalpowerfactor,B10_ARQ,2,38,Mar,14,1.06,0.9725
totalpowerfactor,B10_ARQ,2,39,Mar,15,1.1037,0.9741
totalpowerfactor,B10_ARQ,2,40,Mar,16,1.0735,0.973
totalpowerfactor,B10_ARQ,2,41,Mar,17,1.0244,0.9711
totalpowerfactor,B10_ARQ,2,42,Mar,18,0.8128,0.9631
totalpowerfactor,B10_ARQ,2,43,Mar,19,0.644,0.9567
totalpowerfactor,B10_ARQ,2,44,Mar,20,0.4678,0.95
totalpowerfactor,B10_ARQ,2,45,Mar,21,0.2136,0.9404
totalpowerfactor,B10_ARQ,2,46,Mar,22,0.2444,0.9416
totalpowerfactor,B10_ARQ,2,47,Mar,23,0.0638,0.9348
totalpowerfactor,B10_ARQ,2,48,Mie,0,-0.3798,0.918
totalpowerfactor,B10_ARQ,2,49,Mie,1,-0.4985,0.9135
totalpowerfactor,B10_ARQ,2,50,Mie,2,-0.5586,0.9112
totalpowerfactor,B10_ARQ,2,51,Mie,3,-0.4301,0.9161
totalpowerfactor,B10_ARQ,2,52,Mie,4,-0.3289,0.9199
totalpowerfactor,B10_ARQ,2,53,Mie,5,0.1354,0.9375
totalpowerfactor,B10_ARQ,2,54,Mie,6,0.6701,0.9577
totalpowerfactor,B10_ARQ,2,55,Mie,7,0.7321,0.96
totalpowerfactor,B10_ARQ,2,56,Mie,8,0.9581,0.9686
totalpowerfactor,B10_ARQ,2,57,Mie,9,0.9853,0.9696
totalpowerfactor,B10_ARQ,2,58,Mie,10,1.1002,0.974
totalpowerfactor,B10_ARQ,2,59,Mie,11,1.1526,0.976
totalpowerfactor,B10_ARQ,2,60,Mie,12,1.045,0.9719
totalpowerfactor,B10_ARQ,2,61,Mie,13,0.8788,0.9656
totalpowerfactor,B10_ARQ,2,62,Mie,14,0.8234,0.9635
totalpowerfactor,B10_ARQ,2,63,Mie,15,0.8539,0.9647
totalpowerfactor,B10_ARQ,2,64,Mie,16,0.937,0.9678
totalpowerfactor,B10_ARQ,2,65,Mie,17,0.8937,0.9662
totalpowerfactor,B10_ARQ,2,66,Mie,18,0.7873,0.9621
totalpowerfactor,B10_ARQ,2,67,Mie,19,0.6994,0.9588
totalpowerfactor,B10_ARQ,2,68,Mie,20,0.6256,0.956
totalpowerfactor,B10_ARQ,2,69,Mie,21,0.2615,0.9422
totalpowerfactor,B10_ARQ,2,70,Mie,22,0.105,0.9363
totalpowerfactor,B10_ARQ,2,71,Mie,23,-0.0219,0.9315
totalpowerfactor,B10_ARQ,2,72,Jue,0,-0.1548,0.9265
totalpowerfactor,B10_ARQ,2,73,Jue,1,-0.6239,0.9088
totalpowerfactor,B10_ARQ,2,74,Jue,2,-0.6134,0.9092
totalpowerfactor,B10_ARQ,2,75,Jue,3,-0.463,0.9148
totalpowerfactor,B10_ARQ,2,76,Jue,4,-0.3296,0.9199
totalpowerfactor,B10_ARQ,2,77,Jue,5,0.2326,0.9412
totalpowerfactor,B10_ARQ,2,78,Jue,6,0.5068,0.9515
totalpowerfactor,B10_ARQ,2,79,Jue,7,0.4902,0.9509
totalpowerfactor,B10_ARQ,2,80,Jue,8,0.7288,0.9599
totalpowerfactor,B10_ARQ,2,81,Jue,9,0.8768,0.9655
totalpowerfactor,B10_ARQ,2,82,Jue,10,1.0821,0.9733
totalpowerfactor,B10_ARQ,2,83,Jue,11,1.0366,0.9716
totalpowerfactor,B10_ARQ,2,84,Jue,12,0.8473,0.9644
totalpowerfactor,B10_ARQ,2,85,Jue,13,0.9856,0.9696
totalpowerfactor,B10_ARQ,2,86,Jue,14,1.1559,0.9761
totalpowerfactor,B10_ARQ,2,87,Jue,15,1.0239,0.9711
totalpowerfactor,B10_ARQ,2,88,Jue,16,0.9578,0.9686
totalpowerfactor,B10_ARQ,2,89,Jue,17,1.1078,0.9743
totalpowerfactor,B10_ARQ,2,90,Jue,18,1.0043,0.9703
totalpowerfactor,B10_ARQ,2,91,Jue,19,0.9946,0.97
totalpowerfactor,B10_ARQ,2,92,Jue,20,0.7885,0.9622
totalpowerfactor,B10_ARQ,2,93,Jue,21,0.4157,0.9481
totalpowerfactor,B10_ARQ,2,94,Jue,22,0.3168,0.9443
totalpowerfactor,B10_ARQ,2,95,Jue,23,0.0526,0.9343
totalpowerfactor,B10_ARQ,2,96,Vie,0,-0.2589,0.9226
totalpowerfactor,B10_ARQ,2,97,Vie,1,-0.485,0.914
totalpowerfactor,B10_ARQ,2,98,Vie,2,-0.568,0.9109
totalpowerfactor,B10_ARQ,2,99,Vie,3,-0.5206,0.9127
totalpowerfactor,B10_ARQ,2,100,Vie,4,-0.0778,0.9294
totalpowerfactor,B10_ARQ,2,101,Vie,5,0.2059,0.9401
totalpowerfactor,B10_ARQ,2,102,Vie,6,0.673,0.9578
totalpowerfactor,B10_ARQ,2,103,Vie,7,0.8488,0.9645
totalpowerfactor,B10_ARQ,2,104,Vie,8,0.938,0.9678
totalpowerfactor,B10_ARQ,2,105,Vie,9,0.8672,0.9652
totalpowerfactor,B10_ARQ,2,106,Vie,10,0.7727,0.9616
totalpowerfactor,B10_ARQ,2,107,Vie,11,0.6475,0.9568
totalpowerfactor,B10_ARQ,2,108,Vie,12,0.5344,0.9526
totalpowerfactor,B10_ARQ,2,109,Vie,13,0.1948,0.9397
totalpowerfactor,B10_ARQ,2,110,Vie,14,0.0326,0.9336
totalpowerfactor,B10_ARQ,2,111,Vie,15,0.0245,0.9333
totalpowerfactor,B10_ARQ,2,112,Vie,16,0.0628,0.9347
totalpowerfactor,B10_ARQ,2,113,Vie,17,0.4568,0.9496
totalpowerfactor,B10_ARQ,2,114,Vie,18,0.6828,0.9582
totalpowerfactor,B10_ARQ,2,115,Vie,19,0.6382,0.9565
totalpowerfactor,B10_ARQ,2,116,Vie,20,0.4334,0.9487
totalpowerfactor,B10_ARQ,2,117,Vie,21,-0.2027,0.9247
totalpowerfactor,B10_ARQ,2,118,Vie,22,-0.3508,0.9191
totalpowerfactor,B10_ARQ,2,119,Vie,23,-0.432,0.916
totalpowerfactor,B10_ARQ,2,120,Sab,0,-0.7138,0.9054
totalpowerfactor,B10_ARQ,2,121,Sab,1,-0.8125,0.9016
totalpowerfactor,B10_ARQ,2,122,Sab,2,-0.814,0.9016
totalpowerfactor,B10_ARQ,2,123,Sab,3,-0.8696,0.8995
totalpowerfactor,B10_ARQ,2,124,Sab,4,-0.8727,0.8993
totalpowerfactor,B10_ARQ,2,125,Sab,5,-0.5428,0.9118
totalpowerfactor,B10_ARQ,2,126,Sab,6,0.2113,0.9403
totalpowerfactor,B10_ARQ,2,127,Sab,7,0.1729,0.9389
totalpowerfactor,B10_ARQ,2,128,Sab,8,-0.0445,0.9307
totalpowerfactor,B10_ARQ,2,129,Sab,9,-0.2703,0.9221
totalpowerfactor,B10_ARQ,2,130,Sab,10,-0.1974,0.9249
totalpowerfactor,B10_ARQ,2,131,Sab,11,-0.1427,0.927
totalpowerfactor,B10_ARQ,2,132,Sab,12,-0.2717,0.9221
totalpowerfactor,B10_ARQ,2,133,Sab,13,-0.4701,0.9146
totalpowerfactor,B10_ARQ,2,134,Sab,14,-0.5024,0.9133
totalpowerfactor,B10_ARQ,2,135,Sab,15,-0.469,0.9146
totalpowerfactor,B10_ARQ,2,136,Sab,16,-0.3617,0.9187
totalpowerfactor,B10_ARQ,2,137,Sab,17,-0.2188,0.9241
totalpowerfactor,B10_ARQ,2,138,Sab,18,-0.2919,0.9213
totalpowerfactor,B10_ARQ,2,139,Sab,19,-0.4823,0.9141
totalpowerfactor,B10_ARQ,2,140,Sab,20,-0.3558,0.9189
totalpowerfactor,B10_ARQ,2,141,Sab,21,-0.5929,0.9099
totalpowerfactor,B10_ARQ,2,142,Sab,22,-0.6853,0.9064
totalpowerfactor,B10_ARQ,2,143,Sab,23,-0.7243,0.905
totalpowerfactor,B10_ARQ,2,144,Dom,0,-0.7447,0.9042
totalpowerfactor,B10_ARQ,2,145,Dom,1,-0.8208,0.9013
totalpowerfactor,B10_ARQ,2,146,Dom,2,-0.7335,0.9046
totalpowerfactor,B10_ARQ,2,147,Dom,3,-0.7712,0.9032
totalpowerfactor,B10_ARQ,2,148,Dom,4,-0.821,0.9013
totalpowerfactor,B10_ARQ,2,149,Dom,5,-0.7548,0.9038
totalpowerfactor,B10_ARQ,2,150,Dom,6,-0.809,0.9018
totalpowerfactor,B10_ARQ,2,151,Dom,7,-1.1073,0.8905
totalpowerfactor,B10_ARQ,2,152,Dom,8,-1.6805,0.8688
totalpowerfactor,B10_ARQ,2,153,Dom,9,-3.0927,0.8154
totalpowerfactor,B10_ARQ,2,154,Dom,10,-3.7084,0.7921
totalpowerfactor,B10_ARQ,2,155,Dom,11,-4.5371,0.7607
totalpowerfactor,B10_ARQ,2,156,Dom,12,-4.066,0.7785
totalpowerfactor,B10_ARQ,2,157,Dom,13,-3.5698,0.7973
totalpowerfactor,B10_ARQ,2,158,Dom,14,-2.7256,0.8293
totalpowerfactor,B10_ARQ,2,159,Dom,15,-1.7961,0.8644
totalpowerfactor,B10_ARQ,2,160,Dom,16,-1.0268,0.8935
totalpowerfactor,B10_ARQ,2,161,Dom,17,-0.9229,0.8974
totalpowerfactor,B10_ARQ,2,162,Dom,18,-0.9122,0.8978
totalpowerfactor,B10_ARQ,2,163,Dom,19,-0.8998,0.8983
totalpowerfactor,B10_ARQ,2,164,Dom,20,-0.8171,0.9014
totalpowerfactor,B10_ARQ,2,165,Dom,21,-0.8723,0.8994
totalpowerfactor,B10_ARQ,2,166,Dom,22,-0.9946,0.8947
totalpowerfactor,B10_ARQ,2,167,Dom,23,-0.9898,0.8949
totalpowerfactor,B12_DERE,3,0,Lun,0,-1.288,0.4503
totalpowerfactor,B12_DERE,3,1,Lun,1,-1.2799,0.4519
totalpowerfactor,B12_DERE,3,2,Lun,2,-1.2905,0.4498
totalpowerfactor,B12_DERE,3,3,Lun,3,-1.2911,0.4496
totalpowerfactor,B12_DERE,3,4,Lun,4,-1.273,0.4533
totalpowerfactor,B12_DERE,3,5,Lun,5,-0.5116,0.6079
totalpowerfactor,B12_DERE,3,6,Lun,6,0.7292,0.8599
totalpowerfactor,B12_DERE,3,7,Lun,7,0.8422,0.8828
totalpowerfactor,B12_DERE,3,8,Lun,8,0.9581,0.9064
totalpowerfactor,B12_DERE,3,9,Lun,9,0.9459,0.9039
totalpowerfactor,B12_DERE,3,10,Lun,10,0.9496,0.9046
totalpowerfactor,B12_DERE,3,11,Lun,11,0.9255,0.8997
totalpowerfactor,B12_DERE,3,12,Lun,12,0.9746,0.9097
totalpowerfactor,B12_DERE,3,13,Lun,13,0.9446,0.9036
totalpowerfactor,B12_DERE,3,14,Lun,14,0.9593,0.9066
totalpowerfactor,B12_DERE,3,15,Lun,15,0.8867,0.8919
totalpowerfactor,B12_DERE,3,16,Lun,16,0.9369,0.9021
totalpowerfactor,B12_DERE,3,17,Lun,17,0.853,0.885
totalpowerfactor,B12_DERE,3,18,Lun,18,0.6743,0.8487
totalpowerfactor,B12_DERE,3,19,Lun,19,0.5315,0.8197
totalpowerfactor,B12_DERE,3,20,Lun,20,0.338,0.7805
totalpowerfactor,B12_DERE,3,21,Lun,21,-0.0106,0.7097
totalpowerfactor,B12_DERE,3,22,Lun,22,-1.0933,0.4898
totalpowerfactor,B12_DERE,3,23,Lun,23,-1.1973,0.4687
totalpowerfactor,B12_DERE,3,24,Mar,0,-1.1756,0.4731
totalpowerfactor,B12_DERE,3,25,Mar,1,-1.1651,0.4752
totalpowerfactor,B12_DERE,3,26,Mar,2,-1.2049,0.4671
totalpowerfactor,B12_DERE,3,27,Mar,3,-1.1792,0.4724
totalpowerfactor,B12_DERE,3,28,Mar,4,-1.1607,0.4761
totalpowerfactor,B12_DERE,3,29,Mar,5,-0.4048,0.6296
totalpowerfactor,B12_DERE,3,30,Mar,6,0.9949,0.9138
totalpowerfactor,B12_DERE,3,31,Mar,7,1.0806,0.9312
totalpowerfactor,B12_DERE,3,32,Mar,8,1.18,0.9514
totalpowerfactor,B12_DERE,3,33,Mar,9,1.187,0.9529
totalpowerfactor,B12_DERE,3,34,Mar,10,1.1842,0.9523
totalpowerfactor,B12_DERE,3,35,Mar,11,1.1529,0.9459
totalpowerfactor,B12_DERE,3,36,Mar,12,1.1453,0.9444
totalpowerfactor,B12_DERE,3,37,Mar,13,1.1217,0.9396
totalpowerfactor,B12_DERE,3,38,Mar,14,1.1872,0.9529
totalpowerfactor,B12_DERE,3,39,Mar,15,1.1424,0.9438
totalpowerfactor,B12_DERE,3,40,Mar,16,1.1366,0.9426
totalpowerfactor,B12_DERE,3,41,Mar,17,1.0208,0.9191
totalpowerfactor,B12_DERE,3,42,Mar,18,0.7714,0.8685
totalpowerfactor,B12_DERE,3,43,Mar,19,0.5357,0.8206
totalpowerfactor,B12_DERE,3,44,Mar,20,0.3214,0.7771
totalpowerfactor,B12_DERE,3,45,Mar,21,-0.0153,0.7087
totalpowerfactor,B12_DERE,3,46,Mar,22,-0.9024,0.5286
totalpowerfactor,B12_DERE,3,47,Mar,23,-0.9977,0.5092
totalpowerfactor,B12_DERE,3,48,Mie,0,-0.9932,0.5101
totalpowerfactor,B12_DERE,3,49,Mie,1,-1.0185,0.505
totalpowerfactor,B12_DERE,3,50,Mie,2,-1.0304,0.5026
totalpowerfactor,B12_DERE,3,51,Mie,3,-1.0301,0.5026
totalpowerfactor,B12_DERE,3,52,Mie,4,-1.1342,0.4815
totalpowerfactor,B12_DERE,3,53,Mie,5,-0.3912,0.6324
totalpowerfactor,B12_DERE,3,54,Mie,6,0.8544,0.8853
totalpowerfactor,B12_DERE,3,55,Mie,7,0.9697,0.9087
totalpowerfactor,B12_DERE,3,56,Mie,8,1.1647,0.9483
totalpowerfactor,B12_DERE,3,57,Mie,9,1.134,0.9421
totalpowerfactor,B12_DERE,3,58,Mie,10,1.1622,0.9478
totalpowerfactor,B12_DERE,3,59,Mie,11,1.1405,0.9434
totalpowerfactor,B12_DERE,3,60,Mie,12,1.1423,0.9438
totalpowerfactor,B12_DERE,3,61,Mie,13,1.1019,0.9356
totalpowerfactor,B12_DERE,3,62,Mie,14,1.1605,0.9475
totalpowerfactor,B12_DERE,3,63,Mie,15,1.1379,0.9429
totalpowerfactor,B12_DERE,3,64,Mie,16,1.1751,0.9504
totalpowerfactor,B12_DERE,3,65,Mie,17,1.0653,0.9281
totalpowerfactor,B12_DERE,3,66,Mie,18,0.7086,0.8557
totalpowerfactor,B12_DERE,3,67,Mie,19,0.4708,0.8074
totalpowerfactor,B12_DERE,3,68,Mie,20,0.1208,0.7363
totalpowerfactor,B12_DERE,3,69,Mie,21,-0.193,0.6726
totalpowerfactor,B12_DERE,3,70,Mie,22,-1.0193,0.5048
totalpowerfactor,B12_DERE,3,71,Mie,23,-1.1472,0.4789
totalpowerfactor,B12_DERE,3,72,Jue,0,-1.1445,0.4794
totalpowerfactor,B12_DERE,3,73,Jue,1,-1.1054,0.4873
totalpowerfactor,B12_DERE,3,74,Jue,2,-1.0714,0.4943
totalpowerfactor,B12_DERE,3,75,Jue,3,-1.1113,0.4862
totalpowerfactor,B12_DERE,3,76,Jue,4,-1.1089,0.4866
totalpowerfactor,B12_DERE,3,77,Jue,5,-0.4295,0.6246
totalpowerfactor,B12_DERE,3,78,Jue,6,0.7774,0.8697
totalpowerfactor,B12_DERE,3,79,Jue,7,0.854,0.8852
totalpowerfactor,B12_DERE,3,80,Jue,8,1.0033,0.9155
totalpowerfactor,B12_DERE,3,81,Jue,9,1.0427,0.9236
totalpowerfactor,B12_DERE,3,82,Jue,10,1.068,0.9287
totalpowerfactor,B12_DERE,3,83,Jue,11,1.044,0.9238
totalpowerfactor,B12_DERE,3,84,Jue,12,1.0272,0.9204
totalpowerfactor,B12_DERE,3,85,Jue,13,1.0192,0.9188
totalpowerfactor,B12_DERE,3,86,Jue,14,1.1699,0.9494
totalpowerfactor,B12_DERE,3,87,Jue,15,1.1198,0.9392
totalpowerfactor,B12_DERE,3,88,Jue,16,1.1359,0.9425
totalpowerfactor,B12_DERE,3,89,Jue,17,1.0501,0.925
totalpowerfactor,B12_DERE,3,90,Jue,18,0.8235,0.879
totalpowerfactor,B12_DERE,3,91,Jue,19,0.6013,0.8339
totalpowerfactor,B12_DERE,3,92,Jue,20,0.2942,0.7716
totalpowerfactor,B12_DERE,3,93,Jue,21,-0.1286,0.6857
totalpowerfactor,B12_DERE,3,94,Jue,22,-1.036,0.5014
totalpowerfactor,B12_DERE,3,95,Jue,23,-1.1544,0.4774
totalpowerfactor,B12_DERE,3,96,Vie,0,-1.1641,0.4754
totalpowerfactor,B12_DERE,3,97,Vie,1,-1.1765,0.4729
totalpowerfactor,B12_DERE,3,98,Vie,2,-1.1881,0.4706
totalpowerfactor,B12_DERE,3,99,Vie,3,-1.1883,0.4705
totalpowerfactor,B12_DERE,3,100,Vie,4,-1.1978,0.4686
totalpowerfactor,B12_DERE,3,101,Vie,5,-0.3963,0.6313
totalpowerfactor,B12_DERE,3,102,Vie,6,0.8362,0.8816
totalpowerfactor,B12_DERE,3,103,Vie,7,0.9317,0.901
totalpowerfactor,B12_DERE,3,104,Vie,8,1.0767,0.9304
totalpowerfactor,B12_DERE,3,105,Vie,9,1.0872,0.9326
totalpowerfactor,B12_DERE,3,106,Vie,10,1.0873,0.9326
totalpowerfactor,B12_DERE,3,107,Vie,11,1.0398,0.923
totalpowerfactor,B12_DERE,3,108,Vie,12,0.9725,0.9093
totalpowerfactor,B12_DERE,3,109,Vie,13,0.9331,0.9013
totalpowerfactor,B12_DERE,3,110,Vie,14,0.9636,0.9075
totalpowerfactor,B12_DERE,3,111,Vie,15,0.9612,0.907
totalpowerfactor,B12_DERE,3,112,Vie,16,1.079,0.9309
totalpowerfactor,B12_DERE,3,113,Vie,17,1.0732,0.9297
totalpowerfactor,B12_DERE,3,114,Vie,18,1.0343,0.9218
totalpowerfactor,B12_DERE,3,115,Vie,19,0.9822,0.9113
totalpowerfactor,B12_DERE,3,116,Vie,20,0.6718,0.8482
totalpowerfactor,B12_DERE,3,117,Vie,21,0.0948,0.7311
totalpowerfactor,B12_DERE,3,118,Vie,22,-0.9172,0.5256
totalpowerfactor,B12_DERE,3,119,Vie,23,-1.0447,0.4997
totalpowerfactor,B12_DERE,3,120,Sab,0,-1.0442,0.4998
totalpowerfactor,B12_DERE,3,121,Sab,1,-1.1048,0.4875
totalpowerfactor,B12_DERE,3,122,Sab,2,-1.125,0.4834
totalpowerfactor,B12_DERE,3,123,Sab,3,-1.1283,0.4827
totalpowerfactor,B12_DERE,3,124,Sab,4,-1.1165,0.4851
totalpowerfactor,B12_DERE,3,125,Sab,5,-0.445,0.6214
totalpowerfactor,B12_DERE,3,126,Sab,6,0.7171,0.8574
totalpowerfactor,B12_DERE,3,127,Sab,7,0.8154,0.8774
totalpowerfactor,B12_DERE,3,128,Sab,8,1.0989,0.935
totalpowerfactor,B12_DERE,3,129,Sab,9,1.1185,0.9389
totalpowerfactor,B12_DERE,3,130,Sab,10,1.1138,0.938
totalpowerfactor,B12_DERE,3,131,Sab,11,1.099,0.935
totalpowerfactor,B12_DERE,3,132,Sab,12,0.9493,0.9046
totalpowerfactor,B12_DERE,3,133,Sab,13,0.6444,0.8427
totalpowerfactor,B12_DERE,3,134,Sab,14,0.5172,0.8168
totalpowerfactor,B12_DERE,3,135,Sab,15,0.4076,0.7946
totalpowerfactor,B12_DERE,3,136,Sab,16,0.3222,0.7772
totalpowerfactor,B12_DERE,3,137,Sab,17,-0.1322,0.685
totalpowerfactor,B12_DERE,3,138,Sab,18,-0.3921,0.6322
totalpowerfactor,B12_DERE,3,139,Sab,19,-0.5108,0.6081
totalpowerfactor,B12_DERE,3,140,Sab,20,-0.6161,0.5867
totalpowerfactor,B12_DERE,3,141,Sab,21,-0.7036,0.5689
totalpowerfactor,B12_DERE,3,142,Sab,22,-1.2092,0.4663
totalpowerfactor,B12_DERE,3,143,Sab,23,-1.2851,0.4509
totalpowerfactor,B12_DERE,3,144,Dom,0,-1.2882,0.4502
totalpowerfactor,B12_DERE,3,145,Dom,1,-1.2864,0.4506
totalpowerfactor,B12_DERE,3,146,Dom,2,-1.2913,0.4496
totalpowerfactor,B12_DERE,3,147,Dom,3,-1.2785,0.4522
totalpowerfactor,B12_DERE,3,148,Dom,4,-1.2916,0.4495
totalpowerfactor,B12_DERE,3,149,Dom,5,-1.2975,0.4483
totalpowerfactor,B12_DERE,3,150,Dom,6,-1.2179,0.4645
totalpowerfactor,B12_DERE,3,151,Dom,7,-1.2011,0.4679
totalpowerfactor,B12_DERE,3,152,Dom,8,-1.1609,0.4761
totalpowerfactor,B12_DERE,3,153,Dom,9,-1.1797,0.4723
totalpowerfactor,B12_DERE,3,154,Dom,10,-1.1458,0.4791
totalpowerfactor,B12_DERE,3,155,Dom,11,-1.2251,0.463
totalpowerfactor,B12_DERE,3,156,Dom,12,-1.2048,0.4672
totalpowerfactor,B12_DERE,3,157,Dom,13,-1.136,0.4811
totalpowerfactor,B12_DERE,3,158,Dom,14,-1.1652,0.4752
totalpowerfactor,B12_DERE,3,159,Dom,15,-1.1968,0.4688
totalpowerfactor,B12_DERE,3,160,Dom,16,-1.1678,0.4747
totalpowerfactor,B12_DERE,3,161,Dom,17,-1.1526,0.4778
totalpowerfactor,B12_DERE,3,162,Dom,18,-0.7554,0.5584
totalpowerfactor,B12_DERE,3,163,Dom,19,-0.6087,0.5882
totalpowerfactor,B12_DERE,3,164,Dom,20,-0.6313,0.5836
totalpowerfactor,B12_DERE,3,165,Dom,21,-0.6929,0.5711
totalpowerfactor,B12_DERE,3,166,Dom,22,-1.1524,0.4778
totalpowerfactor,B12_DERE,3,167,Dom,23,-1.2766,0.4526
totalpowerfactor,B15_BIBL,3,0,Lun,0,-1.497,0.9823
totalpowerfactor,B15_BIBL,3,1,Lun,1,-1.0368,0.9837
totalpowerfactor,B15_BIBL,3,2,Lun,2,-1.3005,0.9829
totalpowerfactor,B15_BIBL,3,3,Lun,3,-0.9768,0.9838
totalpowerfactor,B15_BIBL,3,4,Lun,4,0.0377,0.9869
totalpowerfactor,B15_BIBL,3,5,Lun,5,0.0129,0.9868
totalpowerfactor,B15_BIBL,3,6,Lun,6,-0.717,0.9846
totalpowerfactor,B15_BIBL,3,7,Lun,7,0.2444,0.9875
totalpowerfactor,B15_BIBL,3,8,Lun,8,-0.0966,0.9865
totalpowerfactor,B15_BIBL,3,9,Lun,9,-0.0847,0.9865
totalpowerfactor,B15_BIBL,3,10,Lun,10,0.0821,0.987
totalpowerfactor,B15_BIBL,3,11,Lun,11,0.1991,0.9874
totalpowerfactor,B15_BIBL,3,12,Lun,12,-0.025,0.9867
totalpowerfactor,B15_BIBL,3,13,Lun,13,0.3447,0.9878
totalpowerfactor,B15_BIBL,3,14,Lun,14,0.2593,0.9876
totalpowerfactor,B15_BIBL,3,15,Lun,15,0.456,0.9882
totalpowerfactor,B15_BIBL,3,16,Lun,16,0.1842,0.9873
totalpowerfactor,B15_BIBL,3,17,Lun,17,0.4224,0.9881
totalpowerfactor,B15_BIBL,3,18,Lun,18,0.6383,0.9887
totalpowerfactor,B15_BIBL,3,19,Lun,19,0.3694,0.9879
totalpowerfactor,B15_BIBL,3,20,Lun,20,0.3109,0.9877
totalpowerfactor,B15_BIBL,3,21,Lun,21,0.2792,0.9876
totalpowerfactor,B15_BIBL,3,22,Lun,22,-0.413,0.9855
totalpowerfactor,B15_BIBL,3,23,Lun,23,-0.9354,0.984
totalpowerfactor,B15_BIBL,3,24,Mar,0,-1.5187,0.9822
totalpowerfactor,B15_BIBL,3,25,Mar,1,-2.082,0.9805
totalpowerfactor,B15_BIBL,3,26,Mar,2,-2.0513,0.9806
totalpowerfactor,B15_BIBL,3,27,Mar,3,-0.9154,0.984
totalpowerfactor,B15_BIBL,3,28,Mar,4,0.5109,0.9883
totalpowerfactor,B15_BIBL,3,29,Mar,5,-0.341,0.9858
totalpowerfactor,B15_BIBL,3,30,Mar,6,-0.7576,0.9845
totalpowerfactor,B15_BIBL,3,31,Mar,7,1.0134,0.9898
totalpowerfactor,B15_BIBL,3,32,Mar,8,1.063,0.99
totalpowerfactor,B15_BIBL,3,33,Mar,9,1.0644,0.99
totalpowerfactor,B15_BIBL,3,34,Mar,10,1.0659,0.99
totalpowerfactor,B15_BIBL,3,35,Mar,11,1.0644,0.99
totalpowerfactor,B15_BIBL,3,36,Mar,12,1.072,0.99
totalpowerfactor,B15_BIBL,3,37,Mar,13,1.0677,0.99
totalpowerfactor,B15_BIBL,3,38,Mar,14,1.0675,0.99
totalpowerfactor,B15_BIBL,3,39,Mar,15,1.0659,0.99
totalpowerfactor,B15_BIBL,3,40,Mar,16,1.0644,0.99
totalpowerfactor,B15_BIBL,3,41,Mar,17,1.0659,0.99
totalpowerfactor,B15_BIBL,3,42,Mar,18,1.0644,0.99
totalpowerfactor,B15_BIBL,3,43,Mar,19,0.7072,0.9889
totalpowerfactor,B15_BIBL,3,44,Mar,20,0.5499,0.9884
totalpowerfactor,B15_BIBL,3,45,Mar,21,0.6149,0.9886
totalpowerfactor,B15_BIBL,3,46,Mar,22,0.0871,0.9871
totalpowerfactor,B15_BIBL,3,47,Mar,23,-0.4001,0.9856
totalpowerfactor,B15_BIBL,3,48,Mie,0,-1.2431,0.983
totalpowerfactor,B15_BIBL,3,49,Mie,1,-1.2586,0.983
totalpowerfactor,B15_BIBL,3,50,Mie,2,-1.1032,0.9835
totalpowerfactor,B15_BIBL,3,51,Mie,3,-0.6733,0.9848
totalpowerfactor,B15_BIBL,3,52,Mie,4,0.5838,0.9886
totalpowerfactor,B15_BIBL,3,53,Mie,5,-0.4159,0.9855
totalpowerfactor,B15_BIBL,3,54,Mie,6,-0.5952,0.985
totalpowerfactor,B15_BIBL,3,55,Mie,7,1.0474,0.9899
totalpowerfactor,B15_BIBL,3,56,Mie,8,1.0644,0.99
totalpowerfactor,B15_BIBL,3,57,Mie,9,1.0644,0.99
totalpowerfactor,B15_BIBL,3,58,Mie,10,1.0688,0.99
totalpowerfactor,B15_BIBL,3,59,Mie,11,1.0717,0.99
totalpowerfactor,B15_BIBL,3,60,Mie,12,1.0688,0.99
totalpowerfactor,B15_BIBL,3,61,Mie,13,1.0762,0.99
totalpowerfactor,B15_BIBL,3,62,Mie,14,1.0689,0.99
totalpowerfactor,B15_BIBL,3,63,Mie,15,1.0702,0.99
totalpowerfactor,B15_BIBL,3,64,Mie,16,1.0673,0.99
totalpowerfactor,B15_BIBL,3,65,Mie,17,1.0644,0.99
totalpowerfactor,B15_BIBL,3,66,Mie,18,1.0688,0.99
totalpowerfactor,B15_BIBL,3,67,Mie,19,0.7101,0.9889
totalpowerfactor,B15_BIBL,3,68,Mie,20,0.4825,0.9882
totalpowerfactor,B15_BIBL,3,69,Mie,21,0.3901,0.988
totalpowerfactor,B15_BIBL,3,70,Mie,22,-0.1169,0.9864
totalpowerfactor,B15_BIBL,3,71,Mie,23,-0.8233,0.9843
totalpowerfactor,B15_BIBL,3,72,Jue,0,-1.0247,0.9837
totalpowerfactor,B15_BIBL,3,73,Jue,1,-0.8226,0.9843
totalpowerfactor,B15_BIBL,3,74,Jue,2,-0.8979,0.9841
totalpowerfactor,B15_BIBL,3,75,Jue,3,-0.2876,0.9859
totalpowerfactor,B15_BIBL,3,76,Jue,4,0.5451,0.9884
totalpowerfactor,B15_BIBL,3,77,Jue,5,0.1354,0.9872
totalpowerfactor,B15_BIBL,3,78,Jue,6,-0.3916,0.9856
totalpowerfactor,B15_BIBL,3,79,Jue,7,1.0046,0.9898
totalpowerfactor,B15_BIBL,3,80,Jue,8,1.0578,0.99
totalpowerfactor,B15_BIBL,3,81,Jue,9,1.0627,0.99
totalpowerfactor,B15_BIBL,3,82,Jue,10,1.0688,0.99
totalpowerfactor,B15_BIBL,3,83,Jue,11,1.0659,0.99
totalpowerfactor,B15_BIBL,3,84,Jue,12,1.0644,0.99
totalpowerfactor,B15_BIBL,3,85,Jue,13,1.0659,0.99
totalpowerfactor,B15_BIBL,3,86,Jue,14,1.0726,0.99
totalpowerfactor,B15_BIBL,3,87,Jue,15,1.0677,0.99
totalpowerfactor,B15_BIBL,3,88,Jue,16,1.0677,0.99
totalpowerfactor,B15_BIBL,3,89,Jue,17,1.0711,0.99
totalpowerfactor,B15_BIBL,3,90,Jue,18,1.0563,0.99
totalpowerfactor,B15_BIBL,3,91,Jue,19,0.6458,0.9887
totalpowerfactor,B15_BIBL,3,92,Jue,20,0.4825,0.9882
totalpowerfactor,B15_BIBL,3,93,Jue,21,0.5652,0.9885
totalpowerfactor,B15_BIBL,3,94,Jue,22,0.4483,0.9881
totalpowerfactor,B15_BIBL,3,95,Jue,23,0.0364,0.9869
totalpowerfactor,B15_BIBL,3,96,Vie,0,-0.6566,0.9848
totalpowerfactor,B15_BIBL,3,97,Vie,1,-0.6358,0.9849
totalpowerfactor,B15_BIBL,3,98,Vie,2,-0.5025,0.9853
totalpowerfactor,B15_BIBL,3,99,Vie,3,-0.2238,0.9861
totalpowerfactor,B15_BIBL,3,100,Vie,4,0.5409,0.9884
totalpowerfactor,B15_BIBL,3,101,Vie,5,0.0864,0.987
totalpowerfactor,B15_BIBL,3,102,Vie,6,0.7827,0.9892
totalpowerfactor,B15_BIBL,3,103,Vie,7,0.8286,0.9893
totalpowerfactor,B15_BIBL,3,104,Vie,8,0.9291,0.9896
totalpowerfactor,B15_BIBL,3,105,Vie,9,0.8662,0.9894
totalpowerfactor,B15_BIBL,3,106,Vie,10,0.9353,0.9896
totalpowerfactor,B15_BIBL,3,107,Vie,11,0.9289,0.9896
totalpowerfactor,B15_BIBL,3,108,Vie,12,0.9228,0.9896
totalpowerfactor,B15_BIBL,3,109,Vie,13,0.8878,0.9895
totalpowerfactor,B15_BIBL,3,110,Vie,14,1.0063,0.9898
totalpowerfactor,B15_BIBL,3,111,Vie,15,0.9684,0.9897
totalpowerfactor,B15_BIBL,3,112,Vie,16,0.9835,0.9898
totalpowerfactor,B15_BIBL,3,113,Vie,17,1.0527,0.99
totalpowerfactor,B15_BIBL,3,114,Vie,18,0.9499,0.9897
totalpowerfactor,B15_BIBL,3,115,Vie,19,0.9268,0.9896
totalpowerfactor,B15_BIBL,3,116,Vie,20,0.781,0.9891
totalpowerfactor,B15_BIBL,3,117,Vie,21,0.594,0.9886
totalpowerfactor,B15_BIBL,3,118,Vie,22,0.3874,0.988
totalpowerfactor,B15_BIBL,3,119,Vie,23,0.2525,0.9876
totalpowerfactor,B15_BIBL,3,120,Sab,0,-0.1595,0.9863
totalpowerfactor,B15_BIBL,3,121,Sab,1,-0.7597,0.9845
totalpowerfactor,B15_BIBL,3,122,Sab,2,-1.1532,0.9833
totalpowerfactor,B15_BIBL,3,123,Sab,3,-0.6133,0.9849
totalpowerfactor,B15_BIBL,3,124,Sab,4,0.6993,0.9889
totalpowerfactor,B15_BIBL,3,125,Sab,5,0.64,0.9887
totalpowerfactor,B15_BIBL,3,126,Sab,6,0.4461,0.9881
totalpowerfactor,B15_BIBL,3,127,Sab,7,0.5073,0.9883
totalpowerfactor,B15_BIBL,3,128,Sab,8,1.0191,0.9899
totalpowerfactor,B15_BIBL,3,129,Sab,9,1.066,0.99
totalpowerfactor,B15_BIBL,3,130,Sab,10,1.0721,0.99
totalpowerfactor,B15_BIBL,3,131,Sab,11,1.0643,0.99
totalpowerfactor,B15_BIBL,3,132,Sab,12,0.9952,0.9898
totalpowerfactor,B15_BIBL,3,133,Sab,13,1.0193,0.9899
totalpowerfactor,B15_BIBL,3,134,Sab,14,0.8203,0.9893
totalpowerfactor,B15_BIBL,3,135,Sab,15,-0.7442,0.9845
totalpowerfactor,B15_BIBL,3,136,Sab,16,-1.4204,0.9825
totalpowerfactor,B15_BIBL,3,137,Sab,17,-0.633,0.9849
totalpowerfactor,B15_BIBL,3,138,Sab,18,-0.7852,0.9844
totalpowerfactor,B15_BIBL,3,139,Sab,19,-1.0269,0.9837
totalpowerfactor,B15_BIBL,3,140,Sab,20,-1.4115,0.9825
totalpowerfactor,B15_BIBL,3,141,Sab,21,-1.6915,0.9817
totalpowerfactor,B15_BIBL,3,142,Sab,22,-0.8532,0.9842
totalpowerfactor,B15_BIBL,3,143,Sab,23,-1.3185,0.9828
totalpowerfactor,B15_BIBL,3,144,Dom,0,-1.6458,0.9818
totalpowerfactor,B15_BIBL,3,145,Dom,1,-1.5854,0.982
totalpowerfactor,B15_BIBL,3,146,Dom,2,-1.1554,0.9833
totalpowerfactor,B15_BIBL,3,147,Dom,3,-0.7923,0.9844
totalpowerfactor,B15_BIBL,3,148,Dom,4,-1.3347,0.9828
totalpowerfactor,B15_BIBL,3,149,Dom,5,-1.893,0.9811
totalpowerfactor,B15_BIBL,3,150,Dom,6,-1.6978,0.9817
totalpowerfactor,B15_BIBL,3,151,Dom,7,-1.2147,0.9831
totalpowerfactor,B15_BIBL,3,152,Dom,8,-1.5283,0.9822
totalpowerfactor,B15_BIBL,3,153,Dom,9,-1.9752,0.9808
totalpowerfactor,B15_BIBL,3,154,Dom,10,-1.8894,0.9811
totalpowerfactor,B15_BIBL,3,155,Dom,11,-1.1436,0.9833
totalpowerfactor,B15_BIBL,3,156,Dom,12,-0.9711,0.9839
totalpowerfactor,B15_BIBL,3,157,Dom,13,-1.4788,0.9823
totalpowerfactor,B15_BIBL,3,158,Dom,14,-1.7865,0.9814
totalpowerfactor,B15_BIBL,3,159,Dom,15,-1.259,0.983
totalpowerfactor,B15_BIBL,3,160,Dom,16,-1.1043,0.9835
totalpowerfactor,B15_BIBL,3,161,Dom,17,-1.3894,0.9826
totalpowerfactor,B15_BIBL,3,162,Dom,18,-2.0258,0.9807
totalpowerfactor,B15_BIBL,3,163,Dom,19,-1.6145,0.9819
totalpowerfactor,B15_BIBL,3,164,Dom,20,-1.0353,0.9837
totalpowerfactor,B15_BIBL,3,165,Dom,21,-1.2012,0.9832
totalpowerfactor,B15_BIBL,3,166,Dom,22,-1.4723,0.9823
totalpowerfactor,B15_BIBL,3,167,Dom,23,-1.9766,0.9808
totalpowerfactor,B17_POLI,3,0,Lun,0,-1.1912,0.8423
totalpowerfactor,B17_POLI,3,1,Lun,1,-1.4285,0.8292
totalpowerfactor,B17_POLI,3,2,Lun,2,-1.4407,0.8285
totalpowerfactor,B17_POLI,3,3,Lun,3,-1.4674,0.827
totalpowerfactor,B17_POLI,3,4,Lun,4,-1.517,0.8243
totalpowerfactor,B17_POLI,3,5,Lun,5,-0.2567,0.894
totalpowerfactor,B17_POLI,3,6,Lun,6,0.6803,0.9458
totalpowerfactor,B17_POLI,3,7,Lun,7,0.8979,0.9579
totalpowerfactor,B17_POLI,3,8,Lun,8,0.8834,0.9571
totalpowerfactor,B17_POLI,3,9,Lun,9,0.8562,0.9556
totalpowerfactor,B17_POLI,3,10,Lun,10,0.8383,0.9546
totalpowerfactor,B17_POLI,3,11,Lun,11,0.791,0.952
totalpowerfactor,B17_POLI,3,12,Lun,12,0.7747,0.9511
totalpowerfactor,B17_POLI,3,13,Lun,13,0.7774,0.9512
totalpowerfactor,B17_POLI,3,14,Lun,14,0.7844,0.9516
totalpowerfactor,B17_POLI,3,15,Lun,15,0.7949,0.9522
totalpowerfactor,B17_POLI,3,16,Lun,16,0.7499,0.9497
totalpowerfactor,B17_POLI,3,17,Lun,17,0.6438,0.9438
totalpowerfactor,B17_POLI,3,18,Lun,18,0.6461,0.9439
totalpowerfactor,B17_POLI,3,19,Lun,19,0.5387,0.938
totalpowerfactor,B17_POLI,3,20,Lun,20,-0.0578,0.905
totalpowerfactor,B17_POLI,3,21,Lun,21,-0.1421,0.9003
totalpowerfactor,B17_POLI,3,22,Lun,22,-0.5171,0.8796
totalpowerfactor,B17_POLI,3,23,Lun,23,-1.0009,0.8528
totalpowerfactor,B17_POLI,3,24,Mar,0,-1.2941,0.8366
totalpowerfactor,B17_POLI,3,25,Mar,1,-1.3955,0.831
totalpowerfactor,B17_POLI,3,26,Mar,2,-1.3591,0.833
totalpowerfactor,B17_POLI,3,27,Mar,3,-1.3491,0.8336
totalpowerfactor,B17_POLI,3,28,Mar,4,-1.1811,0.8429
totalpowerfactor,B17_POLI,3,29,Mar,5,0.2461,0.9218
totalpowerfactor,B17_POLI,3,30,Mar,6,1.1631,0.9725
totalpowerfactor,B17_POLI,3,31,Mar,7,1.1713,0.973
totalpowerfactor,B17_POLI,3,32,Mar,8,1.1771,0.9733
totalpowerfactor,B17_POLI,3,33,Mar,9,1.1864,0.9738
totalpowerfactor,B17_POLI,3,34,Mar,10,1.1668,0.9727
totalpowerfactor,B17_POLI,3,35,Mar,11,1.1506,0.9718
totalpowerfactor,B17_POLI,3,36,Mar,12,1.1445,0.9715
totalpowerfactor,B17_POLI,3,37,Mar,13,1.1396,0.9712
totalpowerfactor,B17_POLI,3,38,Mar,14,1.1235,0.9704
totalpowerfactor,B17_POLI,3,39,Mar,15,1.1123,0.9697
totalpowerfactor,B17_POLI,3,40,Mar,16,1.1061,0.9694
totalpowerfactor,B17_POLI,3,41,Mar,17,0.9381,0.9601
totalpowerfactor,B17_POLI,3,42,Mar,18,0.8266,0.9539
totalpowerfactor,B17_POLI,3,43,Mar,19,0.7099,0.9475
totalpowerfactor,B17_POLI,3,44,Mar,20,0.0291,0.9098
totalpowerfactor,B17_POLI,3,45,Mar,21,-0.0275,0.9067
totalpowerfactor,B17_POLI,3,46,Mar,22,-0.5246,0.8792
totalpowerfactor,B17_POLI,3,47,Mar,23,-1.228,0.8403
totalpowerfactor,B17_POLI,3,48,Mie,0,-1.5466,0.8226
totalpowerfactor,B17_POLI,3,49,Mie,1,-1.5617,0.8218
totalpowerfactor,B17_POLI,3,50,Mie,2,-1.5655,0.8216
totalpowerfactor,B17_POLI,3,51,Mie,3,-1.5748,0.8211
totalpowerfactor,B17_POLI,3,52,Mie,4,-1.5314,0.8235
totalpowerfactor,B17_POLI,3,53,Mie,5,0.0575,0.9114
totalpowerfactor,B17_POLI,3,54,Mie,6,1.1093,0.9696
totalpowerfactor,B17_POLI,3,55,Mie,7,1.2277,0.9761
totalpowerfactor,B17_POLI,3,56,Mie,8,1.1591,0.9723
totalpowerfactor,B17_POLI,3,57,Mie,9,1.1253,0.9705
totalpowerfactor,B17_POLI,3,58,Mie,10,1.1222,0.9703
totalpowerfactor,B17_POLI,3,59,Mie,11,1.1406,0.9713
totalpowerfactor,B17_POLI,3,60,Mie,12,1.1022,0.9692
totalpowerfactor,B17_POLI,3,61,Mie,13,1.0943,0.9687
totalpowerfactor,B17_POLI,3,62,Mie,14,1.1097,0.9696
totalpowerfactor,B17_POLI,3,63,Mie,15,1.063,0.967
totalpowerfactor,B17_POLI,3,64,Mie,16,1.0861,0.9683
totalpowerfactor,B17_POLI,3,65,Mie,17,0.972,0.962
totalpowerfactor,B17_POLI,3,66,Mie,18,0.9459,0.9605
totalpowerfactor,B17_POLI,3,67,Mie,19,0.8662,0.9561
totalpowerfactor,B17_POLI,3,68,Mie,20,0.1998,0.9193
totalpowerfactor,B17_POLI,3,69,Mie,21,0.0242,0.9095
totalpowerfactor,B17_POLI,3,70,Mie,22,-0.2871,0.8923
totalpowerfactor,B17_POLI,3,71,Mie,23,-1.1026,0.8472
totalpowerfactor,B17_POLI,3,72,Jue,0,-1.2937,0.8366
totalpowerfactor,B17_POLI,3,73,Jue,1,-1.3681,0.8325
totalpowerfactor,B17_POLI,3,74,Jue,2,-1.3109,0.8357
totalpowerfactor,B17_POLI,3,75,Jue,3,-1.2892,0.8369
totalpowerfactor,B17_POLI,3,76,Jue,4,-1.1859,0.8426
totalpowerfactor,B17_POLI,3,77,Jue,5,0.0782,0.9125
totalpowerfactor,B17_POLI,3,78,Jue,6,0.9462,0.9605
totalpowerfactor,B17_POLI,3,79,Jue,7,1.0299,0.9652
totalpowerfactor,B17_POLI,3,80,Jue,8,1.015,0.9643
totalpowerfactor,B17_POLI,3,81,Jue,9,1.0696,0.9674
totalpowerfactor,B17_POLI,3,82,Jue,10,1.0747,0.9677
totalpowerfactor,B17_POLI,3,83,Jue,11,1.0652,0.9671
totalpowerfactor,B17_POLI,3,84,Jue,12,1.0749,0.9677
totalpowerfactor,B17_POLI,3,85,Jue,13,1.0876,0.9684
totalpowerfactor,B17_POLI,3,86,Jue,14,1.1328,0.9709
totalpowerfactor,B17_POLI,3,87,Jue,15,1.1292,0.9707
totalpowerfactor,B17_POLI,3,88,Jue,16,1.125,0.9704
totalpowerfactor,B17_POLI,3,89,Jue,17,0.9209,0.9591
totalpowerfactor,B17_POLI,3,90,Jue,18,0.757,0.9501
totalpowerfactor,B17_POLI,3,91,Jue,19,0.6436,0.9438
totalpowerfactor,B17_POLI,3,92,Jue,20,-0.0331,0.9064
totalpowerfactor,B17_POLI,3,93,Jue,21,-0.1265,0.9012
totalpowerfactor,B17_POLI,3,94,Jue,22,-0.5784,0.8762
totalpowerfactor,B17_POLI,3,95,Jue,23,-1.3678,0.8325
totalpowerfactor,B17_POLI,3,96,Vie,0,-1.4572,0.8276
totalpowerfactor,B17_POLI,3,97,Vie,1,-1.4513,0.8279
totalpowerfactor,B17_POLI,3,98,Vie,2,-1.4421,0.8284
totalpowerfactor,B17_POLI,3,99,Vie,3,-1.411,0.8301
totalpowerfactor,B17_POLI,3,100,Vie,4,-1.2422,0.8395
totalpowerfactor,B17_POLI,3,101,Vie,5,0.1902,0.9187
totalpowerfactor,B17_POLI,3,102,Vie,6,0.9677,0.9617
totalpowerfactor,B17_POLI,3,103,Vie,7,1.0002,0.9635
totalpowerfactor,B17_POLI,3,104,Vie,8,1.0246,0.9649
totalpowerfactor,B17_POLI,3,105,Vie,9,1.0358,0.9655
totalpowerfactor,B17_POLI,3,106,Vie,10,1.0479,0.9662
totalpowerfactor,B17_POLI,3,107,Vie,11,1.0189,0.9646
totalpowerfactor,B17_POLI,3,108,Vie,12,1.0183,0.9645
totalpowerfactor,B17_POLI,3,109,Vie,13,1.0066,0.9639
totalpowerfactor,B17_POLI,3,110,Vie,14,1.0165,0.9644
totalpowerfactor,B17_POLI,3,111,Vie,15,0.9903,0.963
totalpowerfactor,B17_POLI,3,112,Vie,16,0.9449,0.9605
totalpowerfactor,B17_POLI,3,113,Vie,17,0.8235,0.9538
totalpowerfactor,B17_POLI,3,114,Vie,18,0.6863,0.9462
totalpowerfactor,B17_POLI,3,115,Vie,19,0.5325,0.9377
totalpowerfactor,B17_POLI,3,116,Vie,20,-0.0626,0.9047
totalpowerfactor,B17_POLI,3,117,Vie,21,-0.1196,0.9016
totalpowerfactor,B17_POLI,3,118,Vie,22,-0.7804,0.865
totalpowerfactor,B17_POLI,3,119,Vie,23,-1.4721,0.8268
totalpowerfactor,B17_POLI,3,120,Sab,0,-1.6599,0.8164
totalpowerfactor,B17_POLI,3,121,Sab,1,-1.6747,0.8156
totalpowerfactor,B17_POLI,3,122,Sab,2,-1.6464,0.8171
totalpowerfactor,B17_POLI,3,123,Sab,3,-1.5618,0.8218
totalpowerfactor,B17_POLI,3,124,Sab,4,-1.466,0.8271
totalpowerfactor,B17_POLI,3,125,Sab,5,-1.3459,0.8337
totalpowerfactor,B17_POLI,3,126,Sab,6,-0.3315,0.8899
totalpowerfactor,B17_POLI,3,127,Sab,7,0.6713,0.9453
totalpowerfactor,B17_POLI,3,128,Sab,8,0.9133,0.9587
totalpowerfactor,B17_POLI,3,129,Sab,9,0.9656,0.9616
totalpowerfactor,B17_POLI,3,130,Sab,10,0.9392,0.9602
totalpowerfactor,B17_POLI,3,131,Sab,11,0.9268,0.9595
totalpowerfactor,B17_POLI,3,132,Sab,12,0.8863,0.9572
totalpowerfactor,B17_POLI,3,133,Sab,13,0.7364,0.9489
totalpowerfactor,B17_POLI,3,134,Sab,14,0.2561,0.9224
totalpowerfactor,B17_POLI,3,135,Sab,15,0.2748,0.9234
totalpowerfactor,B17_POLI,3,136,Sab,16,0.342,0.9271
totalpowerfactor,B17_POLI,3,137,Sab,17,0.2391,0.9214
totalpowerfactor,B17_POLI,3,138,Sab,18,-0.0363,0.9062
totalpowerfactor,B17_POLI,3,139,Sab,19,-0.2987,0.8917
totalpowerfactor,B17_POLI,3,140,Sab,20,-0.6151,0.8742
totalpowerfactor,B17_POLI,3,141,Sab,21,-0.799,0.864
totalpowerfactor,B17_POLI,3,142,Sab,22,-0.9331,0.8566
totalpowerfactor,B17_POLI,3,143,Sab,23,-1.0883,0.848
totalpowerfactor,B17_POLI,3,144,Dom,0,-1.3812,0.8318
totalpowerfactor,B17_POLI,3,145,Dom,1,-1.4178,0.8298
totalpowerfactor,B17_POLI,3,146,Dom,2,-1.4199,0.8297
totalpowerfactor,B17_POLI,3,147,Dom,3,-1.268,0.8381
totalpowerfactor,B17_POLI,3,148,Dom,4,-1.0184,0.8519
totalpowerfactor,B17_POLI,3,149,Dom,5,-0.9727,0.8544
totalpowerfactor,B17_POLI,3,150,Dom,6,-0.7701,0.8656
totalpowerfactor,B17_POLI,3,151,Dom,7,-0.5344,0.8786
totalpowerfactor,B17_POLI,3,152,Dom,8,-0.4661,0.8824
totalpowerfactor,B17_POLI,3,153,Dom,9,-0.4606,0.8827
totalpowerfactor,B17_POLI,3,154,Dom,10,-0.4748,0.8819
totalpowerfactor,B17_POLI,3,155,Dom,11,-0.4777,0.8818
totalpowerfactor,B17_POLI,3,156,Dom,12,-0.4208,0.8849
totalpowerfactor,B17_POLI,3,157,Dom,13,-0.4272,0.8846
totalpowerfactor,B17_POLI,3,158,Dom,14,-0.515,0.8797
totalpowerfactor,B17_POLI,3,159,Dom,15,-0.3734,0.8875
totalpowerfactor,B17_POLI,3,160,Dom,16,-0.4205,0.8849
totalpowerfactor,B17_POLI,3,161,Dom,17,-0.4068,0.8857
totalpowerfactor,B17_POLI,3,162,Dom,18,-0.439,0.8839
totalpowerfactor,B17_POLI,3,163,Dom,19,-0.6406,0.8728
totalpowerfactor,B17_POLI,3,164,Dom,20,-0.7519,0.8666
totalpowerfactor,B17_POLI,3,165,Dom,21,-0.8885,0.8591
totalpowerfactor,B17_POLI,3,166,Dom,22,-1.017,0.8519
totalpowerfactor,B17_POLI,3,167,Dom,23,-1.0989,0.8474
totalpowerfactor,B18_PARQ,3,0,Lun,0,-1.769,0.9558
totalpowerfactor,B18_PARQ,3,1,Lun,1,-1.8489,0.9549
totalpowerfactor,B18_PARQ,3,2,Lun,2,-1.7418,0.9562
totalpowerfactor,B18_PARQ,3,3,Lun,3,-1.3633,0.9604
totalpowerfactor,B18_PARQ,3,4,Lun,4,-0.4099,0.9712
totalpowerfactor,B18_PARQ,3,5,Lun,5,0.4261,0.9806
totalpowerfactor,B18_PARQ,3,6,Lun,6,0.4162,0.9805
totalpowerfactor,B18_PARQ,3,7,Lun,7,0.4015,0.9803
totalpowerfactor,B18_PARQ,3,8,Lun,8,0.5533,0.982
totalpowerfactor,B18_PARQ,3,9,Lun,9,0.7941,0.9847
totalpowerfactor,B18_PARQ,3,10,Lun,10,0.74,0.9841
totalpowerfactor,B18_PARQ,3,11,Lun,11,0.633,0.9829
totalpowerfactor,B18_PARQ,3,12,Lun,12,0.6516,0.9831
totalpowerfactor,B18_PARQ,3,13,Lun,13,0.6211,0.9828
totalpowerfactor,B18_PARQ,3,14,Lun,14,0.6674,0.9833
totalpowerfactor,B18_PARQ,3,15,Lun,15,0.6294,0.9829
totalpowerfactor,B18_PARQ,3,16,Lun,16,0.5814,0.9823
totalpowerfactor,B18_PARQ,3,17,Lun,17,0.4331,0.9807
totalpowerfactor,B18_PARQ,3,18,Lun,18,-0.0516,0.9752
totalpowerfactor,B18_PARQ,3,19,Lun,19,0.0013,0.9758
totalpowerfactor,B18_PARQ,3,20,Lun,20,-0.0236,0.9755
totalpowerfactor,B18_PARQ,3,21,Lun,21,0.0043,0.9758
totalpowerfactor,B18_PARQ,3,22,Lun,22,-0.066,0.975
totalpowerfactor,B18_PARQ,3,23,Lun,23,-1.0913,0.9635
totalpowerfactor,B18_PARQ,3,24,Mar,0,-1.9194,0.9542
totalpowerfactor,B18_PARQ,3,25,Mar,1,-2.0501,0.9527
totalpowerfactor,B18_PARQ,3,26,Mar,2,-1.9274,0.9541
totalpowerfactor,B18_PARQ,3,27,Mar,3,-1.3952,0.9601
totalpowerfactor,B18_PARQ,3,28,Mar,4,-0.3993,0.9713
totalpowerfactor,B18_PARQ,3,29,Mar,5,0.56,0.9821
totalpowerfactor,B18_PARQ,3,30,Mar,6,1.0868,0.988
totalpowerfactor,B18_PARQ,3,31,Mar,7,1.1257,0.9885
totalpowerfactor,B18_PARQ,3,32,Mar,8,1.0989,0.9882
totalpowerfactor,B18_PARQ,3,33,Mar,9,1.1394,0.9886
totalpowerfactor,B18_PARQ,3,34,Mar,10,1.08,0.9879
totalpowerfactor,B18_PARQ,3,35,Mar,11,1.0635,0.9878
totalpowerfactor,B18_PARQ,3,36,Mar,12,1.091,0.9881
totalpowerfactor,B18_PARQ,3,37,Mar,13,1.0811,0.988
totalpowerfactor,B18_PARQ,3,38,Mar,14,1.0732,0.9879
totalpowerfactor,B18_PARQ,3,39,Mar,15,1.0203,0.9873
totalpowerfactor,B18_PARQ,3,40,Mar,16,1.004,0.9871
totalpowerfactor,B18_PARQ,3,41,Mar,17,0.9276,0.9862
totalpowerfactor,B18_PARQ,3,42,Mar,18,0.6961,0.9836
totalpowerfactor,B18_PARQ,3,43,Mar,19,0.508,0.9815
totalpowerfactor,B18_PARQ,3,44,Mar,20,0.1859,0.9779
totalpowerfactor,B18_PARQ,3,45,Mar,21,0.0579,0.9764
totalpowerfactor,B18_PARQ,3,46,Mar,22,-0.0802,0.9749
totalpowerfactor,B18_PARQ,3,47,Mar,23,-0.6336,0.9686
totalpowerfactor,B18_PARQ,3,48,Mie,0,-1.5375,0.9585
totalpowerfactor,B18_PARQ,3,49,Mie,1,-1.5502,0.9583
totalpowerfactor,B18_PARQ,3,50,Mie,2,-1.2352,0.9619
totalpowerfactor,B18_PARQ,3,51,Mie,3,-1.0452,0.964
totalpowerfactor,B18_PARQ,3,52,Mie,4,-0.5147,0.97
totalpowerfactor,B18_PARQ,3,53,Mie,5,0.4181,0.9805
totalpowerfactor,B18_PARQ,3,54,Mie,6,0.9563,0.9866
totalpowerfactor,B18_PARQ,3,55,Mie,7,0.8824,0.9857
totalpowerfactor,B18_PARQ,3,56,Mie,8,0.7734,0.9845
totalpowerfactor,B18_PARQ,3,57,Mie,9,0.9814,0.9868
totalpowerfactor,B18_PARQ,3,58,Mie,10,1.0904,0.9881
totalpowerfactor,B18_PARQ,3,59,Mie,11,1.0235,0.9873
totalpowerfactor,B18_PARQ,3,60,Mie,12,0.9444,0.9864
totalpowerfactor,B18_PARQ,3,61,Mie,13,0.9819,0.9868
totalpowerfactor,B18_PARQ,3,62,Mie,14,1.0443,0.9875
totalpowerfactor,B18_PARQ,3,63,Mie,15,0.9881,0.9869
totalpowerfactor,B18_PARQ,3,64,Mie,16,0.9605,0.9866
totalpowerfactor,B18_PARQ,3,65,Mie,17,0.77,0.9845
totalpowerfactor,B18_PARQ,3,66,Mie,18,0.4629,0.981
totalpowerfactor,B18_PARQ,3,67,Mie,19,0.4281,0.9806
totalpowerfactor,B18_PARQ,3,68,Mie,20,0.0648,0.9765
totalpowerfactor,B18_PARQ,3,69,Mie,21,-0.3356,0.972
totalpowerfactor,B18_PARQ,3,70,Mie,22,-0.4066,0.9712
totalpowerfactor,B18_PARQ,3,71,Mie,23,-0.338,0.972
totalpowerfactor,B18_PARQ,3,72,Jue,0,-1.3411,0.9607
totalpowerfactor,B18_PARQ,3,73,Jue,1,-1.4192,0.9598
totalpowerfactor,B18_PARQ,3,74,Jue,2,-1.1225,0.9631
totalpowerfactor,B18_PARQ,3,75,Jue,3,-0.8082,0.9667
totalpowerfactor,B18_PARQ,3,76,Jue,4,-0.1776,0.9738
totalpowerfactor,B18_PARQ,3,77,Jue,5,0.5563,0.982
totalpowerfactor,B18_PARQ,3,78,Jue,6,0.8738,0.9856
totalpowerfactor,B18_PARQ,3,79,Jue,7,1.003,0.9871
totalpowerfactor,B18_PARQ,3,80,Jue,8,1.0054,0.9871
totalpowerfactor,B18_PARQ,3,81,Jue,9,1.0489,0.9876
totalpowerfactor,B18_PARQ,3,82,Jue,10,0.9389,0.9864
totalpowerfactor,B18_PARQ,3,83,Jue,11,0.844,0.9853
totalpowerfactor,B18_PARQ,3,84,Jue,12,0.9464,0.9864
totalpowerfactor,B18_PARQ,3,85,Jue,13,0.8777,0.9857
totalpowerfactor,B18_PARQ,3,86,Jue,14,1.0438,0.9875
totalpowerfactor,B18_PARQ,3,87,Jue,15,0.9418,0.9864
totalpowerfactor,B18_PARQ,3,88,Jue,16,1.0355,0.9874
totalpowerfactor,B18_PARQ,3,89,Jue,17,0.8577,0.9854
totalpowerfactor,B18_PARQ,3,90,Jue,18,0.4923,0.9813
totalpowerfactor,B18_PARQ,3,91,Jue,19,0.265,0.9788
totalpowerfactor,B18_PARQ,3,92,Jue,20,0.0569,0.9764
totalpowerfactor,B18_PARQ,3,93,Jue,21,-0.1815,0.9737
totalpowerfactor,B18_PARQ,3,94,Jue,22,-0.2049,0.9735
totalpowerfactor,B18_PARQ,3,95,Jue,23,-0.5856,0.9692
totalpowerfactor,B18_PARQ,3,96,Vie,0,-1.2464,0.9617
totalpowerfactor,B18_PARQ,3,97,Vie,1,-1.2924,0.9612
totalpowerfactor,B18_PARQ,3,98,Vie,2,-1.0083,0.9644
totalpowerfactor,B18_PARQ,3,99,Vie,3,-0.8325,0.9664
totalpowerfactor,B18_PARQ,3,100,Vie,4,-0.3706,0.9716
totalpowerfactor,B18_PARQ,3,101,Vie,5,0.5605,0.9821
totalpowerfactor,B18_PARQ,3,102,Vie,6,0.7981,0.9848
totalpowerfactor,B18_PARQ,3,103,Vie,7,0.8271,0.9851
totalpowerfactor,B18_PARQ,3,104,Vie,8,0.9521,0.9865
totalpowerfactor,B18_PARQ,3,105,Vie,9,0.9037,0.986
totalpowerfactor,B18_PARQ,3,106,Vie,10,0.9934,0.987
totalpowerfactor,B18_PARQ,3,107,Vie,11,1.0323,0.9874
totalpowerfactor,B18_PARQ,3,108,Vie,12,0.9956,0.987
totalpowerfactor,B18_PARQ,3,109,Vie,13,0.9365,0.9863
totalpowerfactor,B18_PARQ,3,110,Vie,14,0.9914,0.9869
totalpowerfactor,B18_PARQ,3,111,Vie,15,1.0701,0.9878
totalpowerfactor,B18_PARQ,3,112,Vie,16,1.0284,0.9874
totalpowerfactor,B18_PARQ,3,113,Vie,17,0.7502,0.9842
totalpowerfactor,B18_PARQ,3,114,Vie,18,0.5957,0.9825
totalpowerfactor,B18_PARQ,3,115,Vie,19,0.654,0.9831
totalpowerfactor,B18_PARQ,3,116,Vie,20,0.4584,0.9809
totalpowerfactor,B18_PARQ,3,117,Vie,21,0.2244,0.9783
totalpowerfactor,B18_PARQ,3,118,Vie,22,0.0431,0.9763
totalpowerfactor,B18_PARQ,3,119,Vie,23,-0.168,0.9739
totalpowerfactor,B18_PARQ,3,120,Sab,0,-1.2132,0.9621
totalpowerfactor,B18_PARQ,3,121,Sab,1,-1.8036,0.9555
totalpowerfactor,B18_PARQ,3,122,Sab,2,-1.5907,0.9579
totalpowerfactor,B18_PARQ,3,123,Sab,3,-1.4995,0.9589
totalpowerfactor,B18_PARQ,3,124,Sab,4,-0.8906,0.9657
totalpowerfactor,B18_PARQ,3,125,Sab,5,0.0991,0.9769
totalpowerfactor,B18_PARQ,3,126,Sab,6,0.333,0.9795
totalpowerfactor,B18_PARQ,3,127,Sab,7,0.388,0.9802
totalpowerfactor,B18_PARQ,3,128,Sab,8,0.9554,0.9865
totalpowerfactor,B18_PARQ,3,129,Sab,9,0.8095,0.9849
totalpowerfactor,B18_PARQ,3,130,Sab,10,0.6993,0.9837
totalpowerfactor,B18_PARQ,3,131,Sab,11,0.5466,0.9819
totalpowerfactor,B18_PARQ,3,132,Sab,12,0.4159,0.9805
totalpowerfactor,B18_PARQ,3,133,Sab,13,0.4339,0.9807
totalpowerfactor,B18_PARQ,3,134,Sab,14,0.5316,0.9818
totalpowerfactor,B18_PARQ,3,135,Sab,15,0.5309,0.9818
totalpowerfactor,B18_PARQ,3,136,Sab,16,0.5625,0.9821
totalpowerfactor,B18_PARQ,3,137,Sab,17,0.4909,0.9813
totalpowerfactor,B18_PARQ,3,138,Sab,18,0.4164,0.9805
totalpowerfactor,B18_PARQ,3,139,Sab,19,0.4409,0.9807
totalpowerfactor,B18_PARQ,3,140,Sab,20,0.3078,0.9792
totalpowerfactor,B18_PARQ,3,141,Sab,21,0.3725,0.98
totalpowerfactor,B18_PARQ,3,142,Sab,22,-0.2791,0.9726
totalpowerfactor,B18_PARQ,3,143,Sab,23,-1.9106,0.9543
totalpowerfactor,B18_PARQ,3,144,Dom,0,-2.2858,0.95
totalpowerfactor,B18_PARQ,3,145,Dom,1,-2.6308,0.9461
totalpowerfactor,B18_PARQ,3,146,Dom,2,-2.8556,0.9436
totalpowerfactor,B18_PARQ,3,147,Dom,3,-2.8678,0.9435
totalpowerfactor,B18_PARQ,3,148,Dom,4,-2.459,0.9481
totalpowerfactor,B18_PARQ,3,149,Dom,5,-1.8849,0.9545
totalpowerfactor,B18_PARQ,3,150,Dom,6,-1.3852,0.9602
totalpowerfactor,B18_PARQ,3,151,Dom,7,-1.1111,0.9633
totalpowerfactor,B18_PARQ,3,152,Dom,8,-0.8149,0.9666
totalpowerfactor,B18_PARQ,3,153,Dom,9,-0.3959,0.9713
totalpowerfactor,B18_PARQ,3,154,Dom,10,-0.4039,0.9712
totalpowerfactor,B18_PARQ,3,155,Dom,11,-0.4519,0.9707
totalpowerfactor,B18_PARQ,3,156,Dom,12,-0.2109,0.9734
totalpowerfactor,B18_PARQ,3,157,Dom,13,-0.149,0.9741
totalpowerfactor,B18_PARQ,3,158,Dom,14,-0.3047,0.9723
totalpowerfactor,B18_PARQ,3,159,Dom,15,-0.3549,0.9718
totalpowerfactor,B18_PARQ,3,160,Dom,16,-0.4363,0.9709
totalpowerfactor,B18_PARQ,3,161,Dom,17,-0.618,0.9688
totalpowerfactor,B18_PARQ,3,162,Dom,18,-0.7634,0.9672
totalpowerfactor,B18_PARQ,3,163,Dom,19,-0.7362,0.9675
totalpowerfactor,B18_PARQ,3,164,Dom,20,-0.5929,0.9691
totalpowerfactor,B18_PARQ,3,165,Dom,21,-0.4364,0.9709
totalpowerfactor,B18_PARQ,3,166,Dom,22,-0.9257,0.9654
totalpowerfactor,B18_PARQ,3,167,Dom,23,-1.3058,0.9611
totalpowerfactor,B3_RECT,3,0,Lun,0,-1.3066,0.966
totalpowerfactor,B3_RECT,3,1,Lun,1,-1.4003,0.9652
totalpowerfactor,B3_RECT,3,2,Lun,2,-1.5375,0.9642
totalpowerfactor,B3_RECT,3,3,Lun,3,-1.6805,0.9631
totalpowerfactor,B3_RECT,3,4,Lun,4,-1.9677,0.9608
totalpowerfactor,B3_RECT,3,5,Lun,5,-0.7411,0.9704
totalpowerfactor,B3_RECT,3,6,Lun,6,-0.0219,0.976
totalpowerfactor,B3_RECT,3,7,Lun,7,-0.017,0.976
totalpowerfactor,B3_RECT,3,8,Lun,8,-0.0642,0.9757
totalpowerfactor,B3_RECT,3,9,Lun,9,0.3312,0.9788
totalpowerfactor,B3_RECT,3,10,Lun,10,0.1301,0.9772
totalpowerfactor,B3_RECT,3,11,Lun,11,-0.1176,0.9753
totalpowerfactor,B3_RECT,3,12,Lun,12,-0.1807,0.9748
totalpowerfactor,B3_RECT,3,13,Lun,13,-0.3152,0.9737
totalpowerfactor,B3_RECT,3,14,Lun,14,-0.1898,0.9747
totalpowerfactor,B3_RECT,3,15,Lun,15,-0.2601,0.9741
totalpowerfactor,B3_RECT,3,16,Lun,16,0.3402,0.9788
totalpowerfactor,B3_RECT,3,17,Lun,17,0.5669,0.9806
totalpowerfactor,B3_RECT,3,18,Lun,18,0.6179,0.981
totalpowerfactor,B3_RECT,3,19,Lun,19,0.6055,0.9809
totalpowerfactor,B3_RECT,3,20,Lun,20,0.2696,0.9783
totalpowerfactor,B3_RECT,3,21,Lun,21,-0.0154,0.976
totalpowerfactor,B3_RECT,3,22,Lun,22,-0.5189,0.9721
totalpowerfactor,B3_RECT,3,23,Lun,23,-0.878,0.9693
totalpowerfactor,B3_RECT,3,24,Mar,0,-0.792,0.97
totalpowerfactor,B3_RECT,3,25,Mar,1,-0.8476,0.9696
totalpowerfactor,B3_RECT,3,26,Mar,2,-0.9741,0.9686
totalpowerfactor,B3_RECT,3,27,Mar,3,-1.2134,0.9667
totalpowerfactor,B3_RECT,3,28,Mar,4,-1.5335,0.9642
totalpowerfactor,B3_RECT,3,29,Mar,5,-0.0995,0.9754
totalpowerfactor,B3_RECT,3,30,Mar,6,0.8051,0.9824
totalpowerfactor,B3_RECT,3,31,Mar,7,0.9962,0.9839
totalpowerfactor,B3_RECT,3,32,Mar,8,1.2476,0.9859
totalpowerfactor,B3_RECT,3,33,Mar,9,1.1097,0.9848
totalpowerfactor,B3_RECT,3,34,Mar,10,1.213,0.9856
totalpowerfactor,B3_RECT,3,35,Mar,11,1.2115,0.9856
totalpowerfactor,B3_RECT,3,36,Mar,12,1.2291,0.9858
totalpowerfactor,B3_RECT,3,37,Mar,13,0.7274,0.9818
totalpowerfactor,B3_RECT,3,38,Mar,14,0.5699,0.9806
totalpowerfactor,B3_RECT,3,39,Mar,15,0.7678,0.9822
totalpowerfactor,B3_RECT,3,40,Mar,16,1.1751,0.9853
totalpowerfactor,B3_RECT,3,41,Mar,17,1.1496,0.9851
totalpowerfactor,B3_RECT,3,42,Mar,18,0.9491,0.9836
totalpowerfactor,B3_RECT,3,43,Mar,19,0.7702,0.9822
totalpowerfactor,B3_RECT,3,44,Mar,20,0.3632,0.979
totalpowerfactor,B3_RECT,3,45,Mar,21,0.2568,0.9782
totalpowerfactor,B3_RECT,3,46,Mar,22,-0.1492,0.975
totalpowerfactor,B3_RECT,3,47,Mar,23,-0.7819,0.9701
totalpowerfactor,B3_RECT,3,48,Mie,0,-1.0459,0.968
totalpowerfactor,B3_RECT,3,49,Mie,1,-0.829,0.9697
totalpowerfactor,B3_RECT,3,50,Mie,2,-1.0993,0.9676
totalpowerfactor,B3_RECT,3,51,Mie,3,-1.1711,0.967
totalpowerfactor,B3_RECT,3,52,Mie,4,-1.729,0.9627
totalpowerfactor,B3_RECT,3,53,Mie,5,-0.2581,0.9742
totalpowerfactor,B3_RECT,3,54,Mie,6,1.1716,0.9853
totalpowerfactor,B3_RECT,3,55,Mie,7,1.2569,0.986
totalpowerfactor,B3_RECT,3,56,Mie,8,1.4637,0.9876
totalpowerfactor,B3_RECT,3,57,Mie,9,1.49,0.9878
totalpowerfactor,B3_RECT,3,58,Mie,10,1.368,0.9868
totalpowerfactor,B3_RECT,3,59,Mie,11,1.1001,0.9848
totalpowerfactor,B3_RECT,3,60,Mie,12,1.2737,0.9861
totalpowerfactor,B3_RECT,3,61,Mie,13,0.9345,0.9835
totalpowerfactor,B3_RECT,3,62,Mie,14,0.8169,0.9825
totalpowerfactor,B3_RECT,3,63,Mie,15,0.9871,0.9839
totalpowerfactor,B3_RECT,3,64,Mie,16,1.2077,0.9856
totalpowerfactor,B3_RECT,3,65,Mie,17,1.5103,0.9879
totalpowerfactor,B3_RECT,3,66,Mie,18,1.3575,0.9868
totalpowerfactor,B3_RECT,3,67,Mie,19,1.0792,0.9846
totalpowerfactor,B3_RECT,3,68,Mie,20,0.5991,0.9808
totalpowerfactor,B3_RECT,3,69,Mie,21,0.3691,0.979
totalpowerfactor,B3_RECT,3,70,Mie,22,-0.038,0.9759
totalpowerfactor,B3_RECT,3,71,Mie,23,-0.5354,0.972
totalpowerfactor,B3_RECT,3,72,Jue,0,-0.4881,0.9724
totalpowerfactor,B3_RECT,3,73,Jue,1,-0.6043,0.9715
totalpowerfactor,B3_RECT,3,74,Jue,2,-0.5382,0.972
totalpowerfactor,B3_RECT,3,75,Jue,3,-0.6774,0.9709
totalpowerfactor,B3_RECT,3,76,Jue,4,-1.2736,0.9662
totalpowerfactor,B3_RECT,3,77,Jue,5,-0.1421,0.9751
totalpowerfactor,B3_RECT,3,78,Jue,6,0.8496,0.9828
totalpowerfactor,B3_RECT,3,79,Jue,7,0.9554,0.9836
totalpowerfactor,B3_RECT,3,80,Jue,8,1.2324,0.9858
totalpowerfactor,B3_RECT,3,81,Jue,9,1.2957,0.9863
totalpowerfactor,B3_RECT,3,82,Jue,10,1.2534,0.9859
totalpowerfactor,B3_RECT,3,83,Jue,11,1.1563,0.9852
totalpowerfactor,B3_RECT,3,84,Jue,12,1.2481,0.9859
totalpowerfactor,B3_RECT,3,85,Jue,13,0.8987,0.9832
totalpowerfactor,B3_RECT,3,86,Jue,14,0.6287,0.9811
totalpowerfactor,B3_RECT,3,87,Jue,15,0.8104,0.9825
totalpowerfactor,B3_RECT,3,88,Jue,16,1.1062,0.9848
totalpowerfactor,B3_RECT,3,89,Jue,17,1.187,0.9854
totalpowerfactor,B3_RECT,3,90,Jue,18,1.1416,0.9851
totalpowerfactor,B3_RECT,3,91,Jue,19,0.8517,0.9828
totalpowerfactor,B3_RECT,3,92,Jue,20,0.2476,0.9781
totalpowerfactor,B3_RECT,3,93,Jue,21,0.2014,0.9777
totalpowerfactor,B3_RECT,3,94,Jue,22,-0.1834,0.9747
totalpowerfactor,B3_RECT,3,95,Jue,23,-0.752,0.9703
totalpowerfactor,B3_RECT,3,96,Vie,0,-0.8052,0.9699
totalpowerfactor,B3_RECT,3,97,Vie,1,-0.7047,0.9707
totalpowerfactor,B3_RECT,3,98,Vie,2,-0.8117,0.9698
totalpowerfactor,B3_RECT,3,99,Vie,3,-0.8878,0.9692
totalpowerfactor,B3_RECT,3,100,Vie,4,-1.3178,0.9659
totalpowerfactor,B3_RECT,3,101,Vie,5,-0.195,0.9746
totalpowerfactor,B3_RECT,3,102,Vie,6,1.0307,0.9842
totalpowerfactor,B3_RECT,3,103,Vie,7,1.1233,0.9849
totalpowerfactor,B3_RECT,3,104,Vie,8,1.3706,0.9869
totalpowerfactor,B3_RECT,3,105,Vie,9,1.2311,0.9858
totalpowerfactor,B3_RECT,3,106,Vie,10,1.0925,0.9847
totalpowerfactor,B3_RECT,3,107,Vie,11,0.8088,0.9825
totalpowerfactor,B3_RECT,3,108,Vie,12,0.8211,0.9826
totalpowerfactor,B3_RECT,3,109,Vie,13,0.672,0.9814
totalpowerfactor,B3_RECT,3,110,Vie,14,0.5193,0.9802
totalpowerfactor,B3_RECT,3,111,Vie,15,0.6532,0.9813
totalpowerfactor,B3_RECT,3,112,Vie,16,0.9893,0.9839
totalpowerfactor,B3_RECT,3,113,Vie,17,1.2417,0.9859
totalpowerfactor,B3_RECT,3,114,Vie,18,1.1944,0.9855
totalpowerfactor,B3_RECT,3,115,Vie,19,1.062,0.9845
totalpowerfactor,B3_RECT,3,116,Vie,20,0.411,0.9794
totalpowerfactor,B3_RECT,3,117,Vie,21,0.3876,0.9792
totalpowerfactor,B3_RECT,3,118,Vie,22,-0.065,0.9757
totalpowerfactor,B3_RECT,3,119,Vie,23,-0.6127,0.9714
totalpowerfactor,B3_RECT,3,120,Sab,0,-0.6999,0.9707
totalpowerfactor,B3_RECT,3,121,Sab,1,-0.5285,0.972
totalpowerfactor,B3_RECT,3,122,Sab,2,-0.3655,0.9733
totalpowerfactor,B3_RECT,3,123,Sab,3,-0.8733,0.9694
totalpowerfactor,B3_RECT,3,124,Sab,4,-1.2645,0.9663
totalpowerfactor,B3_RECT,3,125,Sab,5,-0.8378,0.9696
totalpowerfactor,B3_RECT,3,126,Sab,6,0.7076,0.9817
totalpowerfactor,B3_RECT,3,127,Sab,7,1.2556,0.986
totalpowerfactor,B3_RECT,3,128,Sab,8,1.0885,0.9847
totalpowerfactor,B3_RECT,3,129,Sab,9,1.0465,0.9843
totalpowerfactor,B3_RECT,3,130,Sab,10,1.1841,0.9854
totalpowerfactor,B3_RECT,3,131,Sab,11,1.1587,0.9852
totalpowerfactor,B3_RECT,3,132,Sab,12,1.2465,0.9859
totalpowerfactor,B3_RECT,3,133,Sab,13,1.2,0.9855
totalpowerfactor,B3_RECT,3,134,Sab,14,0.6275,0.9811
totalpowerfactor,B3_RECT,3,135,Sab,15,-0.1768,0.9748
totalpowerfactor,B3_RECT,3,136,Sab,16,-1.1125,0.9675
totalpowerfactor,B3_RECT,3,137,Sab,17,-1.5134,0.9644
totalpowerfactor,B3_RECT,3,138,Sab,18,-1.0435,0.968
totalpowerfactor,B3_RECT,3,139,Sab,19,-0.913,0.969
totalpowerfactor,B3_RECT,3,140,Sab,20,-0.9363,0.9689
totalpowerfactor,B3_RECT,3,141,Sab,21,-0.951,0.9688
totalpowerfactor,B3_RECT,3,142,Sab,22,-0.9523,0.9687
totalpowerfactor,B3_RECT,3,143,Sab,23,-0.957,0.9687
totalpowerfactor,B3_RECT,3,144,Dom,0,-0.8707,0.9694
totalpowerfactor,B3_RECT,3,145,Dom,1,-1.0071,0.9683
totalpowerfactor,B3_RECT,3,146,Dom,2,-0.9949,0.9684
totalpowerfactor,B3_RECT,3,147,Dom,3,-0.8705,0.9694
totalpowerfactor,B3_RECT,3,148,Dom,4,-0.9293,0.9689
totalpowerfactor,B3_RECT,3,149,Dom,5,-1.0892,0.9677
totalpowerfactor,B3_RECT,3,150,Dom,6,-2.0506,0.9602
totalpowerfactor,B3_RECT,3,151,Dom,7,-1.9358,0.9611
totalpowerfactor,B3_RECT,3,152,Dom,8,-2.0008,0.9606
totalpowerfactor,B3_RECT,3,153,Dom,9,-2.3613,0.9577
totalpowerfactor,B3_RECT,3,154,Dom,10,-1.9449,0.961
totalpowerfactor,B3_RECT,3,155,Dom,11,-1.4147,0.9651
totalpowerfactor,B3_RECT,3,156,Dom,12,-0.5943,0.9715
totalpowerfactor,B3_RECT,3,157,Dom,13,-0.6205,0.9713
totalpowerfactor,B3_RECT,3,158,Dom,14,-0.6682,0.971
totalpowerfactor,B3_RECT,3,159,Dom,15,-0.6488,0.9711
totalpowerfactor,B3_RECT,3,160,Dom,16,-0.9105,0.9691
totalpowerfactor,B3_RECT,3,161,Dom,17,-1.122,0.9674
totalpowerfactor,B3_RECT,3,162,Dom,18,-0.6708,0.9709
totalpowerfactor,B3_RECT,3,163,Dom,19,-0.4553,0.9726
totalpowerfactor,B3_RECT,3,164,Dom,20,-0.4278,0.9728
totalpowerfactor,B3_RECT,3,165,Dom,21,-1.0817,0.9677
totalpowerfactor,B3_RECT,3,166,Dom,22,-1.233,0.9666
totalpowerfactor,B3_RECT,3,167,Dom,23,-1.1793,0.967
totalpowerfactor,B4_PRIM,3,0,Lun,0,-1.1466,0.9276
totalpowerfactor,B4_PRIM,3,1,Lun,1,-1.1621,0.9273
totalpowerfactor,B4_PRIM,3,2,Lun,2,-1.1609,0.9273
totalpowerfactor,B4_PRIM,3,3,Lun,3,-1.1212,0.9282
totalpowerfactor,B4_PRIM,3,4,Lun,4,-1.1004,0.9287
totalpowerfactor,B4_PRIM,3,5,Lun,5,-0.0457,0.9534
totalpowerfactor,B4_PRIM,3,6,Lun,6,0.6813,0.9704
totalpowerfactor,B4_PRIM,3,7,Lun,7,0.7878,0.9729
totalpowerfactor,B4_PRIM,3,8,Lun,8,0.828,0.9739
totalpowerfactor,B4_PRIM,3,9,Lun,9,0.8574,0.9746
totalpowerfactor,B4_PRIM,3,10,Lun,10,0.8271,0.9738
totalpowerfactor,B4_PRIM,3,11,Lun,11,0.9025,0.9756
totalpowerfactor,B4_PRIM,3,12,Lun,12,0.9012,0.9756
totalpowerfactor,B4_PRIM,3,13,Lun,13,0.8877,0.9753
totalpowerfactor,B4_PRIM,3,14,Lun,14,0.8442,0.9742
totalpowerfactor,B4_PRIM,3,15,Lun,15,0.6904,0.9706
totalpowerfactor,B4_PRIM,3,16,Lun,16,0.6281,0.9692
totalpowerfactor,B4_PRIM,3,17,Lun,17,0.5137,0.9665
totalpowerfactor,B4_PRIM,3,18,Lun,18,0.3755,0.9633
totalpowerfactor,B4_PRIM,3,19,Lun,19,0.2576,0.9605
totalpowerfactor,B4_PRIM,3,20,Lun,20,0.1141,0.9572
totalpowerfactor,B4_PRIM,3,21,Lun,21,-0.2357,0.949
totalpowerfactor,B4_PRIM,3,22,Lun,22,-0.6427,0.9394
totalpowerfactor,B4_PRIM,3,23,Lun,23,-0.9715,0.9317
totalpowerfactor,B4_PRIM,3,24,Mar,0,-1.0368,0.9302
totalpowerfactor,B4_PRIM,3,25,Mar,1,-1.0344,0.9303
totalpowerfactor,B4_PRIM,3,26,Mar,2,-1.0166,0.9307
totalpowerfactor,B4_PRIM,3,27,Mar,3,-1.1113,0.9285
totalpowerfactor,B4_PRIM,3,28,Mar,4,-0.9677,0.9318
totalpowerfactor,B4_PRIM,3,29,Mar,5,0.2333,0.9599
totalpowerfactor,B4_PRIM,3,30,Mar,6,1.3755,0.9867
totalpowerfactor,B4_PRIM,3,31,Mar,7,1.4264,0.9879
totalpowerfactor,B4_PRIM,3,32,Mar,8,1.3568,0.9863
totalpowerfactor,B4_PRIM,3,33,Mar,9,1.4234,0.9878
totalpowerfactor,B4_PRIM,3,34,Mar,10,1.3113,0.9852
totalpowerfactor,B4_PRIM,3,35,Mar,11,1.2865,0.9846
totalpowerfactor,B4_PRIM,3,36,Mar,12,1.3644,0.9864
totalpowerfactor,B4_PRIM,3,37,Mar,13,1.3325,0.9857
totalpowerfactor,B4_PRIM,3,38,Mar,14,1.1933,0.9824
totalpowerfactor,B4_PRIM,3,39,Mar,15,1.1941,0.9824
totalpowerfactor,B4_PRIM,3,40,Mar,16,1.1249,0.9808
totalpowerfactor,B4_PRIM,3,41,Mar,17,1.1727,0.9819
totalpowerfactor,B4_PRIM,3,42,Mar,18,0.9093,0.9758
totalpowerfactor,B4_PRIM,3,43,Mar,19,0.4607,0.9653
totalpowerfactor,B4_PRIM,3,44,Mar,20,0.0429,0.9555
totalpowerfactor,B4_PRIM,3,45,Mar,21,-0.3301,0.9468
totalpowerfactor,B4_PRIM,3,46,Mar,22,-0.5867,0.9407
totalpowerfactor,B4_PRIM,3,47,Mar,23,-0.8511,0.9345
totalpowerfactor,B4_PRIM,3,48,Mie,0,-0.9,0.9334
totalpowerfactor,B4_PRIM,3,49,Mie,1,-0.9194,0.933
totalpowerfactor,B4_PRIM,3,50,Mie,2,-0.9215,0.9329
totalpowerfactor,B4_PRIM,3,51,Mie,3,-0.9474,0.9323
totalpowerfactor,B4_PRIM,3,52,Mie,4,-0.9598,0.932
totalpowerfactor,B4_PRIM,3,53,Mie,5,0.0969,0.9568
totalpowerfactor,B4_PRIM,3,54,Mie,6,1.318,0.9853
totalpowerfactor,B4_PRIM,3,55,Mie,7,1.4919,0.9894
totalpowerfactor,B4_PRIM,3,56,Mie,8,1.4625,0.9887
totalpowerfactor,B4_PRIM,3,57,Mie,9,1.4781,0.9891
totalpowerfactor,B4_PRIM,3,58,Mie,10,1.3656,0.9865
totalpowerfactor,B4_PRIM,3,59,Mie,11,1.3852,0.9869
totalpowerfactor,B4_PRIM,3,60,Mie,12,1.4243,0.9878
totalpowerfactor,B4_PRIM,3,61,Mie,13,1.3771,0.9867
totalpowerfactor,B4_PRIM,3,62,Mie,14,1.2078,0.9828
totalpowerfactor,B4_PRIM,3,63,Mie,15,1.171,0.9819
totalpowerfactor,B4_PRIM,3,64,Mie,16,1.1429,0.9812
totalpowerfactor,B4_PRIM,3,65,Mie,17,0.9527,0.9768
totalpowerfactor,B4_PRIM,3,66,Mie,18,0.801,0.9732
totalpowerfactor,B4_PRIM,3,67,Mie,19,0.4339,0.9646
totalpowerfactor,B4_PRIM,3,68,Mie,20,0.3527,0.9627
totalpowerfactor,B4_PRIM,3,69,Mie,21,-0.1438,0.9511
totalpowerfactor,B4_PRIM,3,70,Mie,22,-0.5714,0.9411
totalpowerfactor,B4_PRIM,3,71,Mie,23,-0.8411,0.9348
totalpowerfactor,B4_PRIM,3,72,Jue,0,-0.8296,0.9351
totalpowerfactor,B4_PRIM,3,73,Jue,1,-0.866,0.9342
totalpowerfactor,B4_PRIM,3,74,Jue,2,-0.8549,0.9345
totalpowerfactor,B4_PRIM,3,75,Jue,3,-0.9084,0.9332
totalpowerfactor,B4_PRIM,3,76,Jue,4,-0.7399,0.9372
totalpowerfactor,B4_PRIM,3,77,Jue,5,0.2253,0.9598
totalpowerfactor,B4_PRIM,3,78,Jue,6,1.1282,0.9809
totalpowerfactor,B4_PRIM,3,79,Jue,7,1.1838,0.9822
totalpowerfactor,B4_PRIM,3,80,Jue,8,1.159,0.9816
totalpowerfactor,B4_PRIM,3,81,Jue,9,1.2215,0.9831
totalpowerfactor,B4_PRIM,3,82,Jue,10,1.1417,0.9812
totalpowerfactor,B4_PRIM,3,83,Jue,11,1.1469,0.9813
totalpowerfactor,B4_PRIM,3,84,Jue,12,1.2026,0.9826
totalpowerfactor,B4_PRIM,3,85,Jue,13,1.1649,0.9818
totalpowerfactor,B4_PRIM,3,86,Jue,14,1.3244,0.9855
totalpowerfactor,B4_PRIM,3,87,Jue,15,1.2796,0.9844
totalpowerfactor,B4_PRIM,3,88,Jue,16,1.1562,0.9816
totalpowerfactor,B4_PRIM,3,89,Jue,17,1.1133,0.9806
totalpowerfactor,B4_PRIM,3,90,Jue,18,0.968,0.9771
totalpowerfactor,B4_PRIM,3,91,Jue,19,0.6616,0.97
totalpowerfactor,B4_PRIM,3,92,Jue,20,0.3868,0.9635
totalpowerfactor,B4_PRIM,3,93,Jue,21,-0.1756,0.9504
totalpowerfactor,B4_PRIM,3,94,Jue,22,-0.5675,0.9412
totalpowerfactor,B4_PRIM,3,95,Jue,23,-0.8216,0.9352
totalpowerfactor,B4_PRIM,3,96,Vie,0,-0.8411,0.9348
totalpowerfactor,B4_PRIM,3,97,Vie,1,-0.8931,0.9336
totalpowerfactor,B4_PRIM,3,98,Vie,2,-0.891,0.9336
totalpowerfactor,B4_PRIM,3,99,Vie,3,-0.919,0.933
totalpowerfactor,B4_PRIM,3,100,Vie,4,-0.8547,0.9345
totalpowerfactor,B4_PRIM,3,101,Vie,5,0.1019,0.9569
totalpowerfactor,B4_PRIM,3,102,Vie,6,1.1521,0.9815
totalpowerfactor,B4_PRIM,3,103,Vie,7,1.2204,0.9831
totalpowerfactor,B4_PRIM,3,104,Vie,8,1.1533,0.9815
totalpowerfactor,B4_PRIM,3,105,Vie,9,1.1376,0.9811
totalpowerfactor,B4_PRIM,3,106,Vie,10,0.9571,0.9769
totalpowerfactor,B4_PRIM,3,107,Vie,11,0.9157,0.9759
totalpowerfactor,B4_PRIM,3,108,Vie,12,1.0037,0.978
totalpowerfactor,B4_PRIM,3,109,Vie,13,0.968,0.9771
totalpowerfactor,B4_PRIM,3,110,Vie,14,0.9934,0.9777
totalpowerfactor,B4_PRIM,3,111,Vie,15,0.9267,0.9762
totalpowerfactor,B4_PRIM,3,112,Vie,16,0.8349,0.974
totalpowerfactor,B4_PRIM,3,113,Vie,17,0.6167,0.9689
totalpowerfactor,B4_PRIM,3,114,Vie,18,0.5021,0.9662
totalpowerfactor,B4_PRIM,3,115,Vie,19,0.0904,0.9566
totalpowerfactor,B4_PRIM,3,116,Vie,20,-0.1886,0.9501
totalpowerfactor,B4_PRIM,3,117,Vie,21,-0.5093,0.9426
totalpowerfactor,B4_PRIM,3,118,Vie,22,-0.8193,0.9353
totalpowerfactor,B4_PRIM,3,119,Vie,23,-1.1748,0.927
totalpowerfactor,B4_PRIM,3,120,Sab,0,-1.2796,0.9245
totalpowerfactor,B4_PRIM,3,121,Sab,1,-1.3425,0.923
totalpowerfactor,B4_PRIM,3,122,Sab,2,-1.3631,0.9226
totalpowerfactor,B4_PRIM,3,123,Sab,3,-1.3766,0.9222
totalpowerfactor,B4_PRIM,3,124,Sab,4,-1.3453,0.923
totalpowerfactor,B4_PRIM,3,125,Sab,5,-0.9523,0.9322
totalpowerfactor,B4_PRIM,3,126,Sab,6,-1.1823,0.9268
totalpowerfactor,B4_PRIM,3,127,Sab,7,-0.2161,0.9494
totalpowerfactor,B4_PRIM,3,128,Sab,8,0.0703,0.9561
totalpowerfactor,B4_PRIM,3,129,Sab,9,0.1366,0.9577
totalpowerfactor,B4_PRIM,3,130,Sab,10,-0.1744,0.9504
totalpowerfactor,B4_PRIM,3,131,Sab,11,-0.5912,0.9406
totalpowerfactor,B4_PRIM,3,132,Sab,12,-0.3696,0.9458
totalpowerfactor,B4_PRIM,3,133,Sab,13,-0.2054,0.9497
totalpowerfactor,B4_PRIM,3,134,Sab,14,-0.3614,0.946
totalpowerfactor,B4_PRIM,3,135,Sab,15,-0.2867,0.9478
totalpowerfactor,B4_PRIM,3,136,Sab,16,-0.0887,0.9524
totalpowerfactor,B4_PRIM,3,137,Sab,17,-0.0513,0.9533
totalpowerfactor,B4_PRIM,3,138,Sab,18,0.5677,0.9678
totalpowerfactor,B4_PRIM,3,139,Sab,19,0.4534,0.9651
totalpowerfactor,B4_PRIM,3,140,Sab,20,0.1653,0.9584
totalpowerfactor,B4_PRIM,3,141,Sab,21,0.0026,0.9545
totalpowerfactor,B4_PRIM,3,142,Sab,22,-0.2745,0.9481
totalpowerfactor,B4_PRIM,3,143,Sab,23,-0.5396,0.9418
totalpowerfactor,B4_PRIM,3,144,Dom,0,-0.6276,0.9398
totalpowerfactor,B4_PRIM,3,145,Dom,1,-0.6059,0.9403
totalpowerfactor,B4_PRIM,3,146,Dom,2,-0.5642,0.9413
totalpowerfactor,B4_PRIM,3,147,Dom,3,-0.6517,0.9392
totalpowerfactor,B4_PRIM,3,148,Dom,4,-0.7057,0.938
totalpowerfactor,B4_PRIM,3,149,Dom,5,-0.7024,0.938
totalpowerfactor,B4_PRIM,3,150,Dom,6,-1.9354,0.9092
totalpowerfactor,B4_PRIM,3,151,Dom,7,-1.9289,0.9093
totalpowerfactor,B4_PRIM,3,152,Dom,8,-1.701,0.9146
totalpowerfactor,B4_PRIM,3,153,Dom,9,-1.5907,0.9172
totalpowerfactor,B4_PRIM,3,154,Dom,10,-1.7806,0.9128
totalpowerfactor,B4_PRIM,3,155,Dom,11,-1.7135,0.9144
totalpowerfactor,B4_PRIM,3,156,Dom,12,-1.695,0.9148
totalpowerfactor,B4_PRIM,3,157,Dom,13,-1.5633,0.9179
totalpowerfactor,B4_PRIM,3,158,Dom,14,-1.6757,0.9152
totalpowerfactor,B4_PRIM,3,159,Dom,15,-1.3501,0.9229
totalpowerfactor,B4_PRIM,3,160,Dom,16,-1.3155,0.9237
totalpowerfactor,B4_PRIM,3,161,Dom,17,-1.3977,0.9218
totalpowerfactor,B4_PRIM,3,162,Dom,18,-0.8223,0.9352
totalpowerfactor,B4_PRIM,3,163,Dom,19,-0.8849,0.9338
totalpowerfactor,B4_PRIM,3,164,Dom,20,-0.9956,0.9312
totalpowerfactor,B4_PRIM,3,165,Dom,21,-1.1109,0.9285
totalpowerfactor,B4_PRIM,3,166,Dom,22,-1.1364,0.9279
totalpowerfactor,B4_PRIM,3,167,Dom,23,-1.1636,0.9272
totalpowerfactor,B5_BACH,2,0,Lun,0,-0.7084,0.9714
totalpowerfactor,B5_BACH,2,1,Lun,1,-1.0896,0.9682
totalpowerfactor,B5_BACH,2,2,Lun,2,-0.9026,0.9698
totalpowerfactor,B5_BACH,2,3,Lun,3,-0.72,0.9713
totalpowerfactor,B5_BACH,2,4,Lun,4,-0.3574,0.9744
totalpowerfactor,B5_BACH,2,5,Lun,5,0.609,0.9825
totalpowerfactor,B5_BACH,2,6,Lun,6,0.5107,0.9817
totalpowerfactor,B5_BACH,2,7,Lun,7,0.5423,0.982
totalpowerfactor,B5_BACH,2,8,Lun,8,0.5292,0.9819
totalpowerfactor,B5_BACH,2,9,Lun,9,0.301,0.9799
totalpowerfactor,B5_BACH,2,10,Lun,10,0.0539,0.9778
totalpowerfactor,B5_BACH,2,11,Lun,11,0.1244,0.9784
totalpowerfactor,B5_BACH,2,12,Lun,12,-0.1366,0.9762
totalpowerfactor,B5_BACH,2,13,Lun,13,-0.397,0.974
totalpowerfactor,B5_BACH,2,14,Lun,14,0.4823,0.9815
totalpowerfactor,B5_BACH,2,15,Lun,15,0.5858,0.9823
totalpowerfactor,B5_BACH,2,16,Lun,16,0.2548,0.9795
totalpowerfactor,B5_BACH,2,17,Lun,17,0.1415,0.9786
totalpowerfactor,B5_BACH,2,18,Lun,18,0.74,0.9836
totalpowerfactor,B5_BACH,2,19,Lun,19,0.7622,0.9838
totalpowerfactor,B5_BACH,2,20,Lun,20,0.7432,0.9837
totalpowerfactor,B5_BACH,2,21,Lun,21,0.5011,0.9816
totalpowerfactor,B5_BACH,2,22,Lun,22,-0.5149,0.973
totalpowerfactor,B5_BACH,2,23,Lun,23,-0.7811,0.9708
totalpowerfactor,B5_BACH,2,24,Mar,0,-1.1559,0.9676
totalpowerfactor,B5_BACH,2,25,Mar,1,-1.1607,0.9676
totalpowerfactor,B5_BACH,2,26,Mar,2,-1.2575,0.9668
totalpowerfactor,B5_BACH,2,27,Mar,3,-1.0569,0.9685
totalpowerfactor,B5_BACH,2,28,Mar,4,-0.1906,0.9758
totalpowerfactor,B5_BACH,2,29,Mar,5,1.0104,0.9859
totalpowerfactor,B5_BACH,2,30,Mar,6,1.1359,0.987
totalpowerfactor,B5_BACH,2,31,Mar,7,1.1397,0.987
totalpowerfactor,B5_BACH,2,32,Mar,8,1.077,0.9865
totalpowerfactor,B5_BACH,2,33,Mar,9,0.8276,0.9844
totalpowerfactor,B5_BACH,2,34,Mar,10,0.7135,0.9834
totalpowerfactor,B5_BACH,2,35,Mar,11,0.6737,0.9831
totalpowerfactor,B5_BACH,2,36,Mar,12,0.6629,0.983
totalpowerfactor,B5_BACH,2,37,Mar,13,0.2771,0.9797
totalpowerfactor,B5_BACH,2,38,Mar,14,1.2102,0.9876
totalpowerfactor,B5_BACH,2,39,Mar,15,1.2652,0.9881
totalpowerfactor,B5_BACH,2,40,Mar,16,1.2243,0.9877
totalpowerfactor,B5_BACH,2,41,Mar,17,1.0341,0.9861
totalpowerfactor,B5_BACH,2,42,Mar,18,1.3252,0.9886
totalpowerfactor,B5_BACH,2,43,Mar,19,1.3696,0.9889
totalpowerfactor,B5_BACH,2,44,Mar,20,1.2917,0.9883
totalpowerfactor,B5_BACH,2,45,Mar,21,1.0909,0.9866
totalpowerfactor,B5_BACH,2,46,Mar,22,-0.1939,0.9757
totalpowerfactor,B5_BACH,2,47,Mar,23,-0.7681,0.9709
totalpowerfactor,B5_BACH,2,48,Mie,0,-1.1924,0.9673
totalpowerfactor,B5_BACH,2,49,Mie,1,-0.9326,0.9695
totalpowerfactor,B5_BACH,2,50,Mie,2,-1.0159,0.9688
totalpowerfactor,B5_BACH,2,51,Mie,3,-0.9929,0.969
totalpowerfactor,B5_BACH,2,52,Mie,4,-0.5103,0.9731
totalpowerfactor,B5_BACH,2,53,Mie,5,0.957,0.9855
totalpowerfactor,B5_BACH,2,54,Mie,6,1.2669,0.9881
totalpowerfactor,B5_BACH,2,55,Mie,7,1.1556,0.9871
totalpowerfactor,B5_BACH,2,56,Mie,8,1.1239,0.9869
totalpowerfactor,B5_BACH,2,57,Mie,9,0.8189,0.9843
totalpowerfactor,B5_BACH,2,58,Mie,10,0.822,0.9843
totalpowerfactor,B5_BACH,2,59,Mie,11,0.7642,0.9838
totalpowerfactor,B5_BACH,2,60,Mie,12,0.9443,0.9854
totalpowerfactor,B5_BACH,2,61,Mie,13,0.8259,0.9844
totalpowerfactor,B5_BACH,2,62,Mie,14,1.069,0.9864
totalpowerfactor,B5_BACH,2,63,Mie,15,1.3288,0.9886
totalpowerfactor,B5_BACH,2,64,Mie,16,1.2689,0.9881
totalpowerfactor,B5_BACH,2,65,Mie,17,0.9763,0.9856
totalpowerfactor,B5_BACH,2,66,Mie,18,1.4403,0.9895
totalpowerfactor,B5_BACH,2,67,Mie,19,1.4626,0.9897
totalpowerfactor,B5_BACH,2,68,Mie,20,1.3949,0.9892
totalpowerfactor,B5_BACH,2,69,Mie,21,1.0751,0.9865
totalpowerfactor,B5_BACH,2,70,Mie,22,-0.2813,0.975
totalpowerfactor,B5_BACH,2,71,Mie,23,-0.9561,0.9693
totalpowerfactor,B5_BACH,2,72,Jue,0,-0.81,0.9705
totalpowerfactor,B5_BACH,2,73,Jue,1,-0.8435,0.9703
totalpowerfactor,B5_BACH,2,74,Jue,2,-1.2482,0.9668
totalpowerfactor,B5_BACH,2,75,Jue,3,-0.9707,0.9692
totalpowerfactor,B5_BACH,2,76,Jue,4,-0.2779,0.975
totalpowerfactor,B5_BACH,2,77,Jue,5,0.6349,0.9827
totalpowerfactor,B5_BACH,2,78,Jue,6,1.128,0.9869
totalpowerfactor,B5_BACH,2,79,Jue,7,1.106,0.9867
totalpowerfactor,B5_BACH,2,80,Jue,8,1.1732,0.9873
totalpowerfactor,B5_BACH,2,81,Jue,9,0.8698,0.9847
totalpowerfactor,B5_BACH,2,82,Jue,10,0.8817,0.9848
totalpowerfactor,B5_BACH,2,83,Jue,11,0.8889,0.9849
totalpowerfactor,B5_BACH,2,84,Jue,12,0.6892,0.9832
totalpowerfactor,B5_BACH,2,85,Jue,13,0.3731,0.9805
totalpowerfactor,B5_BACH,2,86,Jue,14,1.198,0.9875
totalpowerfactor,B5_BACH,2,87,Jue,15,1.188,0.9874
totalpowerfactor,B5_BACH,2,88,Jue,16,1.1382,0.987
totalpowerfactor,B5_BACH,2,89,Jue,17,0.9278,0.9852
totalpowerfactor,B5_BACH,2,90,Jue,18,1.2526,0.988
totalpowerfactor,B5_BACH,2,91,Jue,19,1.3027,0.9884
totalpowerfactor,B5_BACH,2,92,Jue,20,1.2833,0.9882
totalpowerfactor,B5_BACH,2,93,Jue,21,0.6922,0.9832
totalpowerfactor,B5_BACH,2,94,Jue,22,-0.1599,0.976
totalpowerfactor,B5_BACH,2,95,Jue,23,-0.564,0.9726
totalpowerfactor,B5_BACH,2,96,Vie,0,-0.8708,0.97
totalpowerfactor,B5_BACH,2,97,Vie,1,-0.7873,0.9707
totalpowerfactor,B5_BACH,2,98,Vie,2,-0.8725,0.97
totalpowerfactor,B5_BACH,2,99,Vie,3,-0.8717,0.97
totalpowerfactor,B5_BACH,2,100,Vie,4,-0.4304,0.9738
totalpowerfactor,B5_BACH,2,101,Vie,5,0.4829,0.9815
totalpowerfactor,B5_BACH,2,102,Vie,6,0.7311,0.9836
totalpowerfactor,B5_BACH,2,103,Vie,7,0.6948,0.9833
totalpowerfactor,B5_BACH,2,104,Vie,8,0.4877,0.9815
totalpowerfactor,B5_BACH,2,105,Vie,9,0.2215,0.9793
totalpowerfactor,B5_BACH,2,106,Vie,10,0.2575,0.9796
totalpowerfactor,B5_BACH,2,107,Vie,11,0.4095,0.9808
totalpowerfactor,B5_BACH,2,108,Vie,12,0.1378,0.9785
totalpowerfactor,B5_BACH,2,109,Vie,13,-0.0661,0.9768
totalpowerfactor,B5_BACH,2,110,Vie,14,0.7111,0.9834
totalpowerfactor,B5_BACH,2,111,Vie,15,0.7959,0.9841
totalpowerfactor,B5_BACH,2,112,Vie,16,0.6766,0.9831
totalpowerfactor,B5_BACH,2,113,Vie,17,0.2289,0.9793
totalpowerfactor,B5_BACH,2,114,Vie,18,1.0011,0.9858
totalpowerfactor,B5_BACH,2,115,Vie,19,1.0875,0.9866
totalpowerfactor,B5_BACH,2,116,Vie,20,1.1686,0.9873
totalpowerfactor,B5_BACH,2,117,Vie,21,0.8492,0.9846
totalpowerfactor,B5_BACH,2,118,Vie,22,0.1247,0.9784
totalpowerfactor,B5_BACH,2,119,Vie,23,-0.4813,0.9733
totalpowerfactor,B5_BACH,2,120,Sab,0,-0.9612,0.9693
totalpowerfactor,B5_BACH,2,121,Sab,1,-0.9429,0.9694
totalpowerfactor,B5_BACH,2,122,Sab,2,-0.8498,0.9702
totalpowerfactor,B5_BACH,2,123,Sab,3,-1.299,0.9664
totalpowerfactor,B5_BACH,2,124,Sab,4,-1.0286,0.9687
totalpowerfactor,B5_BACH,2,125,Sab,5,-0.5144,0.973
totalpowerfactor,B5_BACH,2,126,Sab,6,-0.2564,0.9752
totalpowerfactor,B5_BACH,2,127,Sab,7,0.0554,0.9779
totalpowerfactor,B5_BACH,2,128,Sab,8,0.7977,0.9841
totalpowerfactor,B5_BACH,2,129,Sab,9,0.5815,0.9823
totalpowerfactor,B5_BACH,2,130,Sab,10,0.4368,0.9811
totalpowerfactor,B5_BACH,2,131,Sab,11,0.2977,0.9799
totalpowerfactor,B5_BACH,2,132,Sab,12,-0.1651,0.976
totalpowerfactor,B5_BACH,2,133,Sab,13,-0.6287,0.9721
totalpowerfactor,B5_BACH,2,134,Sab,14,-0.8519,0.9702
totalpowerfactor,B5_BACH,2,135,Sab,15,-0.9037,0.9698
totalpowerfactor,B5_BACH,2,136,Sab,16,-0.9996,0.9689
totalpowerfactor,B5_BACH,2,137,Sab,17,-1.112,0.968
totalpowerfactor,B5_BACH,2,138,Sab,18,-0.5109,0.9731
totalpowerfactor,B5_BACH,2,139,Sab,19,-0.0492,0.977
totalpowerfactor,B5_BACH,2,140,Sab,20,0.0928,0.9782
totalpowerfactor,B5_BACH,2,141,Sab,21,-0.2173,0.9756
totalpowerfactor,B5_BACH,2,142,Sab,22,-0.427,0.9738
totalpowerfactor,B5_BACH,2,143,Sab,23,-0.3634,0.9743
totalpowerfactor,B5_BACH,2,144,Dom,0,-0.5077,0.9731
totalpowerfactor,B5_BACH,2,145,Dom,1,-0.6231,0.9721
totalpowerfactor,B5_BACH,2,146,Dom,2,-0.6277,0.9721
totalpowerfactor,B5_BACH,2,147,Dom,3,-0.4542,0.9736
totalpowerfactor,B5_BACH,2,148,Dom,4,-0.6281,0.9721
totalpowerfactor,B5_BACH,2,149,Dom,5,-0.6578,0.9718
totalpowerfactor,B5_BACH,2,150,Dom,6,-0.8708,0.97
totalpowerfactor,B5_BACH,2,151,Dom,7,-2.0384,0.9602
totalpowerfactor,B5_BACH,2,152,Dom,8,-2.0853,0.9598
totalpowerfactor,B5_BACH,2,153,Dom,9,-1.931,0.9611
totalpowerfactor,B5_BACH,2,154,Dom,10,-2.129,0.9594
totalpowerfactor,B5_BACH,2,155,Dom,11,-2.2605,0.9583
totalpowerfactor,B5_BACH,2,156,Dom,12,-2.2269,0.9586
totalpowerfactor,B5_BACH,2,157,Dom,13,-2.2403,0.9585
totalpowerfactor,B5_BACH,2,158,Dom,14,-2.6019,0.9554
totalpowerfactor,B5_BACH,2,159,Dom,15,-2.5797,0.9556
totalpowerfactor,B5_BACH,2,160,Dom,16,-2.2137,0.9587
totalpowerfactor,B5_BACH,2,161,Dom,17,-2.3775,0.9573
totalpowerfactor,B5_BACH,2,162,Dom,18,-1.122,0.9679
totalpowerfactor,B5_BACH,2,163,Dom,19,-0.6116,0.9722
totalpowerfactor,B5_BACH,2,164,Dom,20,-0.278,0.975
totalpowerfactor,B5_BACH,2,165,Dom,21,-0.5836,0.9725
totalpowerfactor,B5_BACH,2,166,Dom,22,-0.8935,0.9698
totalpowerfactor,B5_BACH,2,167,Dom,23,-0.8108,0.9705
totalpowerfactor,B7_CTIC,4,0,Lun,0,0.7594,0.9857
totalpowerfactor,B7_CTIC,4,1,Lun,1,1.3425,0.9867
totalpowerfactor,B7_CTIC,4,2,Lun,2,1.3989,0.9868
totalpowerfactor,B7_CTIC,4,3,Lun,3,1.6481,0.9872
totalpowerfactor,B7_CTIC,4,4,Lun,4,1.2716,0.9865
totalpowerfactor,B7_CTIC,4,5,Lun,5,1.1412,0.9863
totalpowerfactor,B7_CTIC,4,6,Lun,6,0.9829,0.986
totalpowerfactor,B7_CTIC,4,7,Lun,7,-0.0759,0.9842
totalpowerfactor,B7_CTIC,4,8,Lun,8,-0.482,0.9835
totalpowerfactor,B7_CTIC,4,9,Lun,9,-1.3161,0.9821
totalpowerfactor,B7_CTIC,4,10,Lun,10,-1.6167,0.9816
totalpowerfactor,B7_CTIC,4,11,Lun,11,-1.9267,0.9811
totalpowerfactor,B7_CTIC,4,12,Lun,12,-0.66,0.9832
totalpowerfactor,B7_CTIC,4,13,Lun,13,-1.3571,0.9821
totalpowerfactor,B7_CTIC,4,14,Lun,14,-1.8182,0.9813
totalpowerfactor,B7_CTIC,4,15,Lun,15,-1.3915,0.982
totalpowerfactor,B7_CTIC,4,16,Lun,16,-1.0806,0.9825
totalpowerfactor,B7_CTIC,4,17,Lun,17,0.0452,0.9844
totalpowerfactor,B7_CTIC,4,18,Lun,18,0.4945,0.9852
totalpowerfactor,B7_CTIC,4,19,Lun,19,0.322,0.9849
totalpowerfactor,B7_CTIC,4,20,Lun,20,0.2446,0.9848
totalpowerfactor,B7_CTIC,4,21,Lun,21,0.6426,0.9855
totalpowerfactor,B7_CTIC,4,22,Lun,22,1.2495,0.9865
totalpowerfactor,B7_CTIC,4,23,Lun,23,0.4987,0.9852
totalpowerfactor,B7_CTIC,4,24,Mar,0,1.3599,0.9867
totalpowerfactor,B7_CTIC,4,25,Mar,1,1.2938,0.9866
totalpowerfactor,B7_CTIC,4,26,Mar,2,1.3207,0.9866
totalpowerfactor,B7_CTIC,4,27,Mar,3,1.4453,0.9868
totalpowerfactor,B7_CTIC,4,28,Mar,4,0.8997,0.9859
totalpowerfactor,B7_CTIC,4,29,Mar,5,0.6201,0.9854
totalpowerfactor,B7_CTIC,4,30,Mar,6,1.3049,0.9866
totalpowerfactor,B7_CTIC,4,31,Mar,7,1.0713,0.9862
totalpowerfactor,B7_CTIC,4,32,Mar,8,0.2653,0.9848
totalpowerfactor,B7_CTIC,4,33,Mar,9,-0.662,0.9832
totalpowerfactor,B7_CTIC,4,34,Mar,10,-0.9298,0.9828
totalpowerfactor,B7_CTIC,4,35,Mar,11,-1.3049,0.9821
totalpowerfactor,B7_CTIC,4,36,Mar,12,-0.5798,0.9834
totalpowerfactor,B7_CTIC,4,37,Mar,13,-1.0841,0.9825
totalpowerfactor,B7_CTIC,4,38,Mar,14,-1.2644,0.9822
totalpowerfactor,B7_CTIC,4,39,Mar,15,-1.5696,0.9817
totalpowerfactor,B7_CTIC,4,40,Mar,16,-1.3442,0.9821
totalpowerfactor,B7_CTIC,4,41,Mar,17,-0.797,0.983
totalpowerfactor,B7_CTIC,4,42,Mar,18,-0.3603,0.9838
totalpowerfactor,B7_CTIC,4,43,Mar,19,-0.1927,0.984
totalpowerfactor,B7_CTIC,4,44,Mar,20,-0.0984,0.9842
totalpowerfactor,B7_CTIC,4,45,Mar,21,0.0727,0.9845
totalpowerfactor,B7_CTIC,4,46,Mar,22,0.1956,0.9847
totalpowerfactor,B7_CTIC,4,47,Mar,23,0.3791,0.985
totalpowerfactor,B7_CTIC,4,48,Mie,0,0.8217,0.9858
totalpowerfactor,B7_CTIC,4,49,Mie,1,1.0428,0.9861
totalpowerfactor,B7_CTIC,4,50,Mie,2,1.0671,0.9862
totalpowerfactor,B7_CTIC,4,51,Mie,3,1.2028,0.9864
totalpowerfactor,B7_CTIC,4,52,Mie,4,0.9597,0.986
totalpowerfactor,B7_CTIC,4,53,Mie,5,1.0557,0.9862
totalpowerfactor,B7_CTIC,4,54,Mie,6,1.7804,0.9874
totalpowerfactor,B7_CTIC,4,55,Mie,7,1.0372,0.9861
totalpowerfactor,B7_CTIC,4,56,Mie,8,0.2102,0.9847
totalpowerfactor,B7_CTIC,4,57,Mie,9,-0.1193,0.9842
totalpowerfactor,B7_CTIC,4,58,Mie,10,-0.7265,0.9831
totalpowerfactor,B7_CTIC,4,59,Mie,11,-1.38,0.982
totalpowerfactor,B7_CTIC,4,60,Mie,12,-0.5953,0.9834
totalpowerfactor,B7_CTIC,4,61,Mie,13,-1.4583,0.9819
totalpowerfactor,B7_CTIC,4,62,Mie,14,-1.9588,0.981
totalpowerfactor,B7_CTIC,4,63,Mie,15,-1.6693,0.9815
totalpowerfactor,B7_CTIC,4,64,Mie,16,-1.413,0.982
totalpowerfactor,B7_CTIC,4,65,Mie,17,-0.7869,0.983
totalpowerfactor,B7_CTIC,4,66,Mie,18,-0.5019,0.9835
totalpowerfactor,B7_CTIC,4,67,Mie,19,-0.5499,0.9834
totalpowerfactor,B7_CTIC,4,68,Mie,20,-0.5256,0.9835
totalpowerfactor,B7_CTIC,4,69,Mie,21,-0.3407,0.9838
totalpowerfactor,B7_CTIC,4,70,Mie,22,-0.0604,0.9843
totalpowerfactor,B7_CTIC,4,71,Mie,23,0.1441,0.9846
totalpowerfactor,B7_CTIC,4,72,Jue,0,0.2815,0.9848
totalpowerfactor,B7_CTIC,4,73,Jue,1,0.6816,0.9855
totalpowerfactor,B7_CTIC,4,74,Jue,2,0.5778,0.9854
totalpowerfactor,B7_CTIC,4,75,Jue,3,0.6724,0.9855
totalpowerfactor,B7_CTIC,4,76,Jue,4,0.4147,0.9851
totalpowerfactor,B7_CTIC,4,77,Jue,5,0.2896,0.9849
totalpowerfactor,B7_CTIC,4,78,Jue,6,0.5206,0.9853
totalpowerfactor,B7_CTIC,4,79,Jue,7,0.1629,0.9846
totalpowerfactor,B7_CTIC,4,80,Jue,8,-0.0486,0.9843
totalpowerfactor,B7_CTIC,4,81,Jue,9,-0.4772,0.9836
totalpowerfactor,B7_CTIC,4,82,Jue,10,-1.0257,0.9826
totalpowerfactor,B7_CTIC,4,83,Jue,11,-1.4933,0.9818
totalpowerfactor,B7_CTIC,4,84,Jue,12,-0.6225,0.9833
totalpowerfactor,B7_CTIC,4,85,Jue,13,-1.5447,0.9817
totalpowerfactor,B7_CTIC,4,86,Jue,14,-1.9171,0.9811
totalpowerfactor,B7_CTIC,4,87,Jue,15,-2.1588,0.9807
totalpowerfactor,B7_CTIC,4,88,Jue,16,-1.6751,0.9815
totalpowerfactor,B7_CTIC,4,89,Jue,17,-0.7575,0.9831
totalpowerfactor,B7_CTIC,4,90,Jue,18,0.0332,0.9844
totalpowerfactor,B7_CTIC,4,91,Jue,19,0.2521,0.9848
totalpowerfactor,B7_CTIC,4,92,Jue,20,0.0786,0.9845
totalpowerfactor,B7_CTIC,4,93,Jue,21,0.0669,0.9845
totalpowerfactor,B7_CTIC,4,94,Jue,22,0.4523,0.9851
totalpowerfactor,B7_CTIC,4,95,Jue,23,0.6756,0.9855
totalpowerfactor,B7_CTIC,4,96,Vie,0,1.1399,0.9863
totalpowerfactor,B7_CTIC,4,97,Vie,1,1.1829,0.9864
totalpowerfactor,B7_CTIC,4,98,Vie,2,1.2487,0.9865
totalpowerfactor,B7_CTIC,4,99,Vie,3,1.3311,0.9866
totalpowerfactor,B7_CTIC,4,100,Vie,4,1.0668,0.9862
totalpowerfactor,B7_CTIC,4,101,Vie,5,0.867,0.9858
totalpowerfactor,B7_CTIC,4,102,Vie,6,1.1906,0.9864
totalpowerfactor,B7_CTIC,4,103,Vie,7,0.3762,0.985
totalpowerfactor,B7_CTIC,4,104,Vie,8,-0.2026,0.984
totalpowerfactor,B7_CTIC,4,105,Vie,9,-1.0739,0.9825
totalpowerfactor,B7_CTIC,4,106,Vie,10,-1.4226,0.9819
totalpowerfactor,B7_CTIC,4,107,Vie,11,-1.37,0.982
totalpowerfactor,B7_CTIC,4,108,Vie,12,-0.7372,0.9831
totalpowerfactor,B7_CTIC,4,109,Vie,13,-1.7507,0.9814
totalpowerfactor,B7_CTIC,4,110,Vie,14,-2.0661,0.9809
totalpowerfactor,B7_CTIC,4,111,Vie,15,-2.205,0.9806
totalpowerfactor,B7_CTIC,4,112,Vie,16,-1.3969,0.982
totalpowerfactor,B7_CTIC,4,113,Vie,17,-0.9681,0.9827
totalpowerfactor,B7_CTIC,4,114,Vie,18,-0.3631,0.9838
totalpowerfactor,B7_CTIC,4,115,Vie,19,-0.0585,0.9843
totalpowerfactor,B7_CTIC,4,116,Vie,20,-0.2117,0.984
totalpowerfactor,B7_CTIC,4,117,Vie,21,0.1434,0.9846
totalpowerfactor,B7_CTIC,4,118,Vie,22,0.3903,0.985
totalpowerfactor,B7_CTIC,4,119,Vie,23,0.9658,0.986
totalpowerfactor,B7_CTIC,4,120,Sab,0,1.1086,0.9863
totalpowerfactor,B7_CTIC,4,121,Sab,1,1.2509,0.9865
totalpowerfactor,B7_CTIC,4,122,Sab,2,1.1257,0.9863
totalpowerfactor,B7_CTIC,4,123,Sab,3,1.2647,0.9865
totalpowerfactor,B7_CTIC,4,124,Sab,4,0.8837,0.9859
totalpowerfactor,B7_CTIC,4,125,Sab,5,1.0544,0.9862
totalpowerfactor,B7_CTIC,4,126,Sab,6,1.0294,0.9861
totalpowerfactor,B7_CTIC,4,127,Sab,7,0.8408,0.9858
totalpowerfactor,B7_CTIC,4,128,Sab,8,0.0599,0.9845
totalpowerfactor,B7_CTIC,4,129,Sab,9,0.0896,0.9845
totalpowerfactor,B7_CTIC,4,130,Sab,10,-0.2733,0.9839
totalpowerfactor,B7_CTIC,4,131,Sab,11,-0.4315,0.9836
totalpowerfactor,B7_CTIC,4,132,Sab,12,-0.7919,0.983
totalpowerfactor,B7_CTIC,4,133,Sab,13,-0.8568,0.9829
totalpowerfactor,B7_CTIC,4,134,Sab,14,-0.8731,0.9829
totalpowerfactor,B7_CTIC,4,135,Sab,15,-0.7034,0.9832
totalpowerfactor,B7_CTIC,4,136,Sab,16,-0.7027,0.9832
totalpowerfactor,B7_CTIC,4,137,Sab,17,-0.6417,0.9833
totalpowerfactor,B7_CTIC,4,138,Sab,18,0.0535,0.9845
totalpowerfactor,B7_CTIC,4,139,Sab,19,0.1952,0.9847
totalpowerfactor,B7_CTIC,4,140,Sab,20,0.4394,0.9851
totalpowerfactor,B7_CTIC,4,141,Sab,21,0.4879,0.9852
totalpowerfactor,B7_CTIC,4,142,Sab,22,0.6686,0.9855
totalpowerfactor,B7_CTIC,4,143,Sab,23,0.7469,0.9856
totalpowerfactor,B7_CTIC,4,144,Dom,0,0.9017,0.9859
totalpowerfactor,B7_CTIC,4,145,Dom,1,0.8272,0.9858
totalpowerfactor,B7_CTIC,4,146,Dom,2,0.8776,0.9859
totalpowerfactor,B7_CTIC,4,147,Dom,3,1.3544,0.9867
totalpowerfactor,B7_CTIC,4,148,Dom,4,1.1546,0.9863
totalpowerfactor,B7_CTIC,4,149,Dom,5,1.2765,0.9865
totalpowerfactor,B7_CTIC,4,150,Dom,6,1.728,0.9873
totalpowerfactor,B7_CTIC,4,151,Dom,7,1.5978,0.9871
totalpowerfactor,B7_CTIC,4,152,Dom,8,0.5037,0.9852
totalpowerfactor,B7_CTIC,4,153,Dom,9,0.079,0.9845
totalpowerfactor,B7_CTIC,4,154,Dom,10,-0.049,0.9843
totalpowerfactor,B7_CTIC,4,155,Dom,11,-0.3901,0.9837
totalpowerfactor,B7_CTIC,4,156,Dom,12,-0.9116,0.9828
totalpowerfactor,B7_CTIC,4,157,Dom,13,-1.277,0.9822
totalpowerfactor,B7_CTIC,4,158,Dom,14,-1.2458,0.9822
totalpowerfactor,B7_CTIC,4,159,Dom,15,-0.7848,0.983
totalpowerfactor,B7_CTIC,4,160,Dom,16,-0.8106,0.983
totalpowerfactor,B7_CTIC,4,161,Dom,17,-0.6384,0.9833
totalpowerfactor,B7_CTIC,4,162,Dom,18,0.0056,0.9844
totalpowerfactor,B7_CTIC,4,163,Dom,19,0.1419,0.9846
totalpowerfactor,B7_CTIC,4,164,Dom,20,0.048,0.9845
totalpowerfactor,B7_CTIC,4,165,Dom,21,0.3884,0.985
totalpowerfactor,B7_CTIC,4,166,Dom,22,0.9674,0.986
totalpowerfactor,B7_CTIC,4,167,Dom,23,1.1209,0.9863
totalpowerfactor,B7_TAC,3,0,Lun,0,-1.2664,0.7959
totalpowerfactor,B7_TAC,3,1,Lun,1,-1.3711,0.7894
totalpowerfactor,B7_TAC,3,2,Lun,2,-1.3874,0.7884
totalpowerfactor,B7_TAC,3,3,Lun,3,-1.2977,0.7939
totalpowerfactor,B7_TAC,3,4,Lun,4,-1.2641,0.796
totalpowerfactor,B7_TAC,3,5,Lun,5,-0.0873,0.8682
totalpowerfactor,B7_TAC,3,6,Lun,6,0.5702,0.9086
totalpowerfactor,B7_TAC,3,7,Lun,7,0.552,0.9075
totalpowerfactor,B7_TAC,3,8,Lun,8,0.8206,0.924
totalpowerfactor,B7_TAC,3,9,Lun,9,0.9291,0.9306
totalpowerfactor,B7_TAC,3,10,Lun,10,0.9429,0.9315
totalpowerfactor,B7_TAC,3,11,Lun,11,1.0381,0.9373
totalpowerfactor,B7_TAC,3,12,Lun,12,1.0646,0.9389
totalpowerfactor,B7_TAC,3,13,Lun,13,1.1062,0.9415
totalpowerfactor,B7_TAC,3,14,Lun,14,0.9638,0.9327
totalpowerfactor,B7_TAC,3,15,Lun,15,0.8522,0.9259
totalpowerfactor,B7_TAC,3,16,Lun,16,0.7161,0.9175
totalpowerfactor,B7_TAC,3,17,Lun,17,0.3538,0.8953
totalpowerfactor,B7_TAC,3,18,Lun,18,0.0529,0.8768
totalpowerfactor,B7_TAC,3,19,Lun,19,-0.2587,0.8577
totalpowerfactor,B7_TAC,3,20,Lun,20,-0.7006,0.8306
totalpowerfactor,B7_TAC,3,21,Lun,21,-0.9201,0.8171
totalpowerfactor,B7_TAC,3,22,Lun,22,-0.9267,0.8167
totalpowerfactor,B7_TAC,3,23,Lun,23,-1.0788,0.8074
totalpowerfactor,B7_TAC,3,24,Mar,0,-1.1955,0.8002
totalpowerfactor,B7_TAC,3,25,Mar,1,-1.1578,0.8025
totalpowerfactor,B7_TAC,3,26,Mar,2,-1.1592,0.8024
totalpowerfactor,B7_TAC,3,27,Mar,3,-1.207,0.7995
totalpowerfactor,B7_TAC,3,28,Mar,4,-1.0761,0.8075
totalpowerfactor,B7_TAC,3,29,Mar,5,0.0931,0.8793
totalpowerfactor,B7_TAC,3,30,Mar,6,0.6299,0.9122
totalpowerfactor,B7_TAC,3,31,Mar,7,0.8624,0.9265
totalpowerfactor,B7_TAC,3,32,Mar,8,1.2952,0.9531
totalpowerfactor,B7_TAC,3,33,Mar,9,1.4491,0.9625
totalpowerfactor,B7_TAC,3,34,Mar,10,1.4319,0.9615
totalpowerfactor,B7_TAC,3,35,Mar,11,1.4717,0.9639
totalpowerfactor,B7_TAC,3,36,Mar,12,1.5186,0.9668
totalpowerfactor,B7_TAC,3,37,Mar,13,1.4958,0.9654
totalpowerfactor,B7_TAC,3,38,Mar,14,1.3962,0.9593
totalpowerfactor,B7_TAC,3,39,Mar,15,1.3348,0.9555
totalpowerfactor,B7_TAC,3,40,Mar,16,1.1953,0.947
totalpowerfactor,B7_TAC,3,41,Mar,17,0.8348,0.9248
totalpowerfactor,B7_TAC,3,42,Mar,18,0.4409,0.9006
totalpowerfactor,B7_TAC,3,43,Mar,19,0.0393,0.876
totalpowerfactor,B7_TAC,3,44,Mar,20,-0.513,0.8421
totalpowerfactor,B7_TAC,3,45,Mar,21,-0.7579,0.8271
totalpowerfactor,B7_TAC,3,46,Mar,22,-0.7778,0.8258
totalpowerfactor,B7_TAC,3,47,Mar,23,-0.9975,0.8124
totalpowerfactor,B7_TAC,3,48,Mie,0,-0.9923,0.8127
totalpowerfactor,B7_TAC,3,49,Mie,1,-0.9604,0.8146
totalpowerfactor,B7_TAC,3,50,Mie,2,-0.9953,0.8125
totalpowerfactor,B7_TAC,3,51,Mie,3,-1.028,0.8105
totalpowerfactor,B7_TAC,3,52,Mie,4,-1.0278,0.8105
totalpowerfactor,B7_TAC,3,53,Mie,5,0.2828,0.8909
totalpowerfactor,B7_TAC,3,54,Mie,6,0.8793,0.9276
totalpowerfactor,B7_TAC,3,55,Mie,7,1.0656,0.939
totalpowerfactor,B7_TAC,3,56,Mie,8,1.3195,0.9546
totalpowerfactor,B7_TAC,3,57,Mie,9,1.4249,0.961
totalpowerfactor,B7_TAC,3,58,Mie,10,1.3824,0.9584
totalpowerfactor,B7_TAC,3,59,Mie,11,1.4413,0.9621
totalpowerfactor,B7_TAC,3,60,Mie,12,1.4984,0.9656
totalpowerfactor,B7_TAC,3,61,Mie,13,1.487,0.9649
totalpowerfactor,B7_TAC,3,62,Mie,14,1.4203,0.9608
totalpowerfactor,B7_TAC,3,63,Mie,15,1.31,0.954
totalpowerfactor,B7_TAC,3,64,Mie,16,1.1692,0.9453
totalpowerfactor,B7_TAC,3,65,Mie,17,0.6254,0.912
totalpowerfactor,B7_TAC,3,66,Mie,18,0.3497,0.8951
totalpowerfactor,B7_TAC,3,67,Mie,19,-0.1243,0.866
totalpowerfactor,B7_TAC,3,68,Mie,20,-0.6182,0.8356
totalpowerfactor,B7_TAC,3,69,Mie,21,-0.7589,0.827
totalpowerfactor,B7_TAC,3,70,Mie,22,-0.8762,0.8198
totalpowerfactor,B7_TAC,3,71,Mie,23,-1.0771,0.8075
totalpowerfactor,B7_TAC,3,72,Jue,0,-1.0966,0.8063
totalpowerfactor,B7_TAC,3,73,Jue,1,-1.1314,0.8041
totalpowerfactor,B7_TAC,3,74,Jue,2,-1.1254,0.8045
totalpowerfactor,B7_TAC,3,75,Jue,3,-1.1002,0.8061
totalpowerfactor,B7_TAC,3,76,Jue,4,-0.9652,0.8143
totalpowerfactor,B7_TAC,3,77,Jue,5,0.0669,0.8777
totalpowerfactor,B7_TAC,3,78,Jue,6,0.6727,0.9149
totalpowerfactor,B7_TAC,3,79,Jue,7,0.7545,0.9199
totalpowerfactor,B7_TAC,3,80,Jue,8,1.0138,0.9358
totalpowerfactor,B7_TAC,3,81,Jue,9,1.1265,0.9427
totalpowerfactor,B7_TAC,3,82,Jue,10,1.0987,0.941
totalpowerfactor,B7_TAC,3,83,Jue,11,1.2175,0.9483
totalpowerfactor,B7_TAC,3,84,Jue,12,1.2441,0.9499
totalpowerfactor,B7_TAC,3,85,Jue,13,1.2491,0.9503
totalpowerfactor,B7_TAC,3,86,Jue,14,1.3688,0.9576
totalpowerfactor,B7_TAC,3,87,Jue,15,1.292,0.9529
totalpowerfactor,B7_TAC,3,88,Jue,16,1.132,0.9431
totalpowerfactor,B7_TAC,3,89,Jue,17,0.8359,0.9249
totalpowerfactor,B7_TAC,3,90,Jue,18,0.4673,0.9023
totalpowerfactor,B7_TAC,3,91,Jue,19,0.1047,0.88
totalpowerfactor,B7_TAC,3,92,Jue,20,-0.5497,0.8398
totalpowerfactor,B7_TAC,3,93,Jue,21,-0.7922,0.825
totalpowerfactor,B7_TAC,3,94,Jue,22,-0.8869,0.8191
totalpowerfactor,B7_TAC,3,95,Jue,23,-1.0064,0.8118
totalpowerfactor,B7_TAC,3,96,Vie,0,-0.9927,0.8127
totalpowerfactor,B7_TAC,3,97,Vie,1,-1.0505,0.8091
totalpowerfactor,B7_TAC,3,98,Vie,2,-1.1432,0.8034
totalpowerfactor,B7_TAC,3,99,Vie,3,-1.0887,0.8068
totalpowerfactor,B7_TAC,3,100,Vie,4,-1.0021,0.8121
totalpowerfactor,B7_TAC,3,101,Vie,5,0.0802,0.8785
totalpowerfactor,B7_TAC,3,102,Vie,6,0.565,0.9083
totalpowerfactor,B7_TAC,3,103,Vie,7,0.6124,0.9112
totalpowerfactor,B7_TAC,3,104,Vie,8,1.1432,0.9438
totalpowerfactor,B7_TAC,3,105,Vie,9,1.2912,0.9528
totalpowerfactor,B7_TAC,3,106,Vie,10,1.2847,0.9524
totalpowerfactor,B7_TAC,3,107,Vie,11,1.3117,0.9541
totalpowerfactor,B7_TAC,3,108,Vie,12,1.3667,0.9575
totalpowerfactor,B7_TAC,3,109,Vie,13,1.3525,0.9566
totalpowerfactor,B7_TAC,3,110,Vie,14,1.2462,0.9501
totalpowerfactor,B7_TAC,3,111,Vie,15,1.2124,0.948
totalpowerfactor,B7_TAC,3,112,Vie,16,1.0374,0.9373
totalpowerfactor,B7_TAC,3,113,Vie,17,0.8433,0.9253
totalpowerfactor,B7_TAC,3,114,Vie,18,0.4367,0.9004
totalpowerfactor,B7_TAC,3,115,Vie,19,0.0031,0.8738
totalpowerfactor,B7_TAC,3,116,Vie,20,-0.4432,0.8464
totalpowerfactor,B7_TAC,3,117,Vie,21,-0.74,0.8282
totalpowerfactor,B7_TAC,3,118,Vie,22,-0.8233,0.8231
totalpowerfactor,B7_TAC,3,119,Vie,23,-0.9133,0.8175
totalpowerfactor,B7_TAC,3,120,Sab,0,-0.9527,0.8151
totalpowerfactor,B7_TAC,3,121,Sab,1,-0.9784,0.8135
totalpowerfactor,B7_TAC,3,122,Sab,2,-1.0085,0.8117
totalpowerfactor,B7_TAC,3,123,Sab,3,-1.0204,0.811
totalpowerfactor,B7_TAC,3,124,Sab,4,-0.9784,0.8135
totalpowerfactor,B7_TAC,3,125,Sab,5,-0.5073,0.8424
totalpowerfactor,B7_TAC,3,126,Sab,6,0.3532,0.8953
totalpowerfactor,B7_TAC,3,127,Sab,7,0.9099,0.9294
totalpowerfactor,B7_TAC,3,128,Sab,8,1.27,0.9515
totalpowerfactor,B7_TAC,3,129,Sab,9,1.2463,0.9501
totalpowerfactor,B7_TAC,3,130,Sab,10,1.1719,0.9455
totalpowerfactor,B7_TAC,3,131,Sab,11,1.1259,0.9427
totalpowerfactor,B7_TAC,3,132,Sab,12,1.0454,0.9377
totalpowerfactor,B7_TAC,3,133,Sab,13,0.8829,0.9278
totalpowerfactor,B7_TAC,3,134,Sab,14,0.7621,0.9204
totalpowerfactor,B7_TAC,3,135,Sab,15,0.5172,0.9053
totalpowerfactor,B7_TAC,3,136,Sab,16,0.0768,0.8783
totalpowerfactor,B7_TAC,3,137,Sab,17,-0.3886,0.8497
totalpowerfactor,B7_TAC,3,138,Sab,18,-0.6973,0.8308
totalpowerfactor,B7_TAC,3,139,Sab,19,-0.8624,0.8207
totalpowerfactor,B7_TAC,3,140,Sab,20,-1.0319,0.8102
totalpowerfactor,B7_TAC,3,141,Sab,21,-1.0294,0.8104
totalpowerfactor,B7_TAC,3,142,Sab,22,-1.1447,0.8033
totalpowerfactor,B7_TAC,3,143,Sab,23,-1.1728,0.8016
totalpowerfactor,B7_TAC,3,144,Dom,0,-1.1115,0.8054
totalpowerfactor,B7_TAC,3,145,Dom,1,-1.2053,0.7996
totalpowerfactor,B7_TAC,3,146,Dom,2,-1.2133,0.7991
totalpowerfactor,B7_TAC,3,147,Dom,3,-1.1959,0.8002
totalpowerfactor,B7_TAC,3,148,Dom,4,-1.0638,0.8083
totalpowerfactor,B7_TAC,3,149,Dom,5,-1.1245,0.8046
totalpowerfactor,B7_TAC,3,150,Dom,6,-1.1475,0.8032
totalpowerfactor,B7_TAC,3,151,Dom,7,-1.0571,0.8087
totalpowerfactor,B7_TAC,3,152,Dom,8,-0.954,0.815
totalpowerfactor,B7_TAC,3,153,Dom,9,-0.8887,0.819
totalpowerfactor,B7_TAC,3,154,Dom,10,-0.6868,0.8314
totalpowerfactor,B7_TAC,3,155,Dom,11,-0.5121,0.8422
totalpowerfactor,B7_TAC,3,156,Dom,12,-0.2839,0.8562
totalpowerfactor,B7_TAC,3,157,Dom,13,-0.2175,0.8602
totalpowerfactor,B7_TAC,3,158,Dom,14,-0.309,0.8546
totalpowerfactor,B7_TAC,3,159,Dom,15,-0.4521,0.8458
totalpowerfactor,B7_TAC,3,160,Dom,16,-0.6662,0.8327
totalpowerfactor,B7_TAC,3,161,Dom,17,-0.7603,0.8269
totalpowerfactor,B7_TAC,3,162,Dom,18,-0.9099,0.8177
totalpowerfactor,B7_TAC,3,163,Dom,19,-1.0452,0.8094
totalpowerfactor,B7_TAC,3,164,Dom,20,-1.048,0.8093
totalpowerfactor,B7_TAC,3,165,Dom,21,-1.1761,0.8014
totalpowerfactor,B7_TAC,3,166,Dom,22,-1.2133,0.7991
totalpowerfactor,B7_TAC,3,167,Dom,23,-1.1751,0.8015
totalpowerfactor,B8_AA,1,0,Lun,0,-0.6629,0.7667
totalpowerfactor,B8_AA,1,1,Lun,1,-0.0004,0.7865
totalpowerfactor,B8_AA,1,2,Lun,2,0.0518,0.7881
totalpowerfactor,B8_AA,1,3,Lun,3,0.0763,0.7888
totalpowerfactor,B8_AA,1,4,Lun,4,0.1298,0.7904
totalpowerfactor,B8_AA,1,5,Lun,5,0.2615,0.7944
totalpowerfactor,B8_AA,1,6,Lun,6,0.2904,0.7952
totalpowerfactor,B8_AA,1,7,Lun,7,1.1651,0.8215
totalpowerfactor,B8_AA,1,8,Lun,8,1.3039,0.8256
totalpowerfactor,B8_AA,1,9,Lun,9,0.8833,0.813
totalpowerfactor,B8_AA,1,10,Lun,10,0.9974,0.8164
totalpowerfactor,B8_AA,1,11,Lun,11,1.6194,0.8351
totalpowerfactor,B8_AA,1,12,Lun,12,1.1127,0.8199
totalpowerfactor,B8_AA,1,13,Lun,13,1.2783,0.8249
totalpowerfactor,B8_AA,1,14,Lun,14,1.4981,0.8314
totalpowerfactor,B8_AA,1,15,Lun,15,1.2327,0.8235
totalpowerfactor,B8_AA,1,16,Lun,16,0.7707,0.8096
totalpowerfactor,B8_AA,1,17,Lun,17,-0.4959,0.7717
totalpowerfactor,B8_AA,1,18,Lun,18,-0.2046,0.7804
totalpowerfactor,B8_AA,1,19,Lun,19,-0.9366,0.7585
totalpowerfactor,B8_AA,1,20,Lun,20,-1.1066,0.7534
totalpowerfactor,B8_AA,1,21,Lun,21,-1.0273,0.7558
totalpowerfactor,B8_AA,1,22,Lun,22,-0.9456,0.7582
totalpowerfactor,B8_AA,1,23,Lun,23,-1.0299,0.7557
totalpowerfactor,B8_AA,1,24,Mar,0,-0.9141,0.7591
totalpowerfactor,B8_AA,1,25,Mar,1,-0.997,0.7567
totalpowerfactor,B8_AA,1,26,Mar,2,-1.0048,0.7564
totalpowerfactor,B8_AA,1,27,Mar,3,-0.981,0.7571
totalpowerfactor,B8_AA,1,28,Mar,4,-0.8609,0.7607
totalpowerfactor,B8_AA,1,29,Mar,5,-0.829,0.7617
totalpowerfactor,B8_AA,1,30,Mar,6,-0.6097,0.7683
totalpowerfactor,B8_AA,1,31,Mar,7,0.5104,0.8018
totalpowerfactor,B8_AA,1,32,Mar,8,1.2932,0.8253
totalpowerfactor,B8_AA,1,33,Mar,9,1.0063,0.8167
totalpowerfactor,B8_AA,1,34,Mar,10,1.289,0.8252
totalpowerfactor,B8_AA,1,35,Mar,11,1.8302,0.8414
totalpowerfactor,B8_AA,1,36,Mar,12,1.1235,0.8202
totalpowerfactor,B8_AA,1,37,Mar,13,1.18,0.8219
totalpowerfactor,B8_AA,1,38,Mar,14,1.5941,0.8343
totalpowerfactor,B8_AA,1,39,Mar,15,1.2852,0.8251
totalpowerfactor,B8_AA,1,40,Mar,16,1.0239,0.8172
totalpowerfactor,B8_AA,1,41,Mar,17,-0.4662,0.7726
totalpowerfactor,B8_AA,1,42,Mar,18,-1.0283,0.7557
totalpowerfactor,B8_AA,1,43,Mar,19,-0.9842,0.757
totalpowerfactor,B8_AA,1,44,Mar,20,-0.9635,0.7577
totalpowerfactor,B8_AA,1,45,Mar,21,-0.9396,0.7584
totalpowerfactor,B8_AA,1,46,Mar,22,-0.5645,0.7696
totalpowerfactor,B8_AA,1,47,Mar,23,-0.5707,0.7694
totalpowerfactor,B8_AA,1,48,Mie,0,-0.5636,0.7697
totalpowerfactor,B8_AA,1,49,Mie,1,-0.5729,0.7694
totalpowerfactor,B8_AA,1,50,Mie,2,-0.5743,0.7693
totalpowerfactor,B8_AA,1,51,Mie,3,-0.4642,0.7726
totalpowerfactor,B8_AA,1,52,Mie,4,-0.4879,0.7719
totalpowerfactor,B8_AA,1,53,Mie,5,-0.3824,0.7751
totalpowerfactor,B8_AA,1,54,Mie,6,-0.2651,0.7786
totalpowerfactor,B8_AA,1,55,Mie,7,1.1556,0.8212
totalpowerfactor,B8_AA,1,56,Mie,8,2.0694,0.8486
totalpowerfactor,B8_AA,1,57,Mie,9,2.0841,0.849
totalpowerfactor,B8_AA,1,58,Mie,10,2.0698,0.8486
totalpowerfactor,B8_AA,1,59,Mie,11,2.6834,0.867
totalpowerfactor,B8_AA,1,60,Mie,12,2.1043,0.8496
totalpowerfactor,B8_AA,1,61,Mie,13,2.2095,0.8528
totalpowerfactor,B8_AA,1,62,Mie,14,2.0098,0.8468
totalpowerfactor,B8_AA,1,63,Mie,15,1.6214,0.8351
totalpowerfactor,B8_AA,1,64,Mie,16,0.7636,0.8094
totalpowerfactor,B8_AA,1,65,Mie,17,-0.8159,0.7621
totalpowerfactor,B8_AA,1,66,Mie,18,-1.4496,0.7431
totalpowerfactor,B8_AA,1,67,Mie,19,-1.4902,0.7419
totalpowerfactor,B8_AA,1,68,Mie,20,-1.1525,0.752
totalpowerfactor,B8_AA,1,69,Mie,21,-1.0712,0.7544
totalpowerfactor,B8_AA,1,70,Mie,22,-0.6474,0.7671
totalpowerfactor,B8_AA,1,71,Mie,23,-0.5599,0.7698
totalpowerfactor,B8_AA,1,72,Jue,0,-0.6034,0.7685
totalpowerfactor,B8_AA,1,73,Jue,1,-0.5477,0.7701
totalpowerfactor,B8_AA,1,74,Jue,2,-0.6043,0.7684
totalpowerfactor,B8_AA,1,75,Jue,3,-0.4924,0.7718
totalpowerfactor,B8_AA,1,76,Jue,4,-0.5206,0.7709
totalpowerfactor,B8_AA,1,77,Jue,5,-0.3816,0.7751
totalpowerfactor,B8_AA,1,78,Jue,6,-0.276,0.7783
totalpowerfactor,B8_AA,1,79,Jue,7,0.6588,0.8063
totalpowerfactor,B8_AA,1,80,Jue,8,1.26,0.8243
totalpowerfactor,B8_AA,1,81,Jue,9,0.7712,0.8097
totalpowerfactor,B8_AA,1,82,Jue,10,1.0292,0.8174
totalpowerfactor,B8_AA,1,83,Jue,11,1.4221,0.8292
totalpowerfactor,B8_AA,1,84,Jue,12,1.1191,0.8201
totalpowerfactor,B8_AA,1,85,Jue,13,1.6654,0.8365
totalpowerfactor,B8_AA,1,86,Jue,14,2.3604,0.8573
totalpowerfactor,B8_AA,1,87,Jue,15,2.0459,0.8479
totalpowerfactor,B8_AA,1,88,Jue,16,1.3404,0.8267
totalpowerfactor,B8_AA,1,89,Jue,17,-0.7417,0.7643
totalpowerfactor,B8_AA,1,90,Jue,18,-1.1615,0.7517
totalpowerfactor,B8_AA,1,91,Jue,19,-1.1858,0.751
totalpowerfactor,B8_AA,1,92,Jue,20,-0.9963,0.7567
totalpowerfactor,B8_AA,1,93,Jue,21,-0.7097,0.7653
totalpowerfactor,B8_AA,1,94,Jue,22,-0.3657,0.7756
totalpowerfactor,B8_AA,1,95,Jue,23,-0.4562,0.7729
totalpowerfactor,B8_AA,1,96,Vie,0,-0.4221,0.7739
totalpowerfactor,B8_AA,1,97,Vie,1,-0.4324,0.7736
totalpowerfactor,B8_AA,1,98,Vie,2,-0.4076,0.7743
totalpowerfactor,B8_AA,1,99,Vie,3,-0.3431,0.7763
totalpowerfactor,B8_AA,1,100,Vie,4,-0.4321,0.7736
totalpowerfactor,B8_AA,1,101,Vie,5,-0.2997,0.7776
totalpowerfactor,B8_AA,1,102,Vie,6,-0.1428,0.7823
totalpowerfactor,B8_AA,1,103,Vie,7,1.2177,0.823
totalpowerfactor,B8_AA,1,104,Vie,8,1.2917,0.8253
totalpowerfactor,B8_AA,1,105,Vie,9,1.2237,0.8232
totalpowerfactor,B8_AA,1,106,Vie,10,1.3346,0.8265
totalpowerfactor,B8_AA,1,107,Vie,11,1.5118,0.8319
totalpowerfactor,B8_AA,1,108,Vie,12,1.5969,0.8344
totalpowerfactor,B8_AA,1,109,Vie,13,1.8039,0.8406
totalpowerfactor,B8_AA,1,110,Vie,14,2.2219,0.8531
totalpowerfactor,B8_AA,1,111,Vie,15,1.6491,0.836
totalpowerfactor,B8_AA,1,112,Vie,16,0.4699,0.8006
totalpowerfactor,B8_AA,1,113,Vie,17,-0.324,0.7768
totalpowerfactor,B8_AA,1,114,Vie,18,-0.4666,0.7726
totalpowerfactor,B8_AA,1,115,Vie,19,-0.5075,0.7713
totalpowerfactor,B8_AA,1,116,Vie,20,-0.6906,0.7658
totalpowerfactor,B8_AA,1,117,Vie,21,-0.5915,0.7688
totalpowerfactor,B8_AA,1,118,Vie,22,-0.6437,0.7673
totalpowerfactor,B8_AA,1,119,Vie,23,-0.6499,0.7671
totalpowerfactor,B8_AA,1,120,Sab,0,-0.7367,0.7645
totalpowerfactor,B8_AA,1,121,Sab,1,-0.8128,0.7622
totalpowerfactor,B8_AA,1,122,Sab,2,-0.7422,0.7643
totalpowerfactor,B8_AA,1,123,Sab,3,-0.5933,0.7688
totalpowerfactor,B8_AA,1,124,Sab,4,-0.7283,0.7647
totalpowerfactor,B8_AA,1,125,Sab,5,-0.5422,0.7703
totalpowerfactor,B8_AA,1,126,Sab,6,-0.4832,0.7721
totalpowerfactor,B8_AA,1,127,Sab,7,-0.6226,0.7679
totalpowerfactor,B8_AA,1,128,Sab,8,-1.2136,0.7502
totalpowerfactor,B8_AA,1,129,Sab,9,-1.2328,0.7496
totalpowerfactor,B8_AA,1,130,Sab,10,-1.0434,0.7553
totalpowerfactor,B8_AA,1,131,Sab,11,-1.0258,0.7558
totalpowerfactor,B8_AA,1,132,Sab,12,-0.3112,0.7772
totalpowerfactor,B8_AA,1,133,Sab,13,-0.1425,0.7823
totalpowerfactor,B8_AA,1,134,Sab,14,-0.4177,0.774
totalpowerfactor,B8_AA,1,135,Sab,15,-0.4309,0.7736
totalpowerfactor,B8_AA,1,136,Sab,16,-0.4466,0.7732
totalpowerfactor,B8_AA,1,137,Sab,17,-0.5167,0.7711
totalpowerfactor,B8_AA,1,138,Sab,18,-0.5114,0.7712
totalpowerfactor,B8_AA,1,139,Sab,19,-0.618,0.768
totalpowerfactor,B8_AA,1,140,Sab,20,-0.6442,0.7672
totalpowerfactor,B8_AA,1,141,Sab,21,-0.7138,0.7651
totalpowerfactor,B8_AA,1,142,Sab,22,-0.6476,0.7671
totalpowerfactor,B8_AA,1,143,Sab,23,-0.7134,0.7652
totalpowerfactor,B8_AA,1,144,Dom,0,-0.6846,0.766
totalpowerfactor,B8_AA,1,145,Dom,1,-0.6504,0.7671
totalpowerfactor,B8_AA,1,146,Dom,2,-0.63,0.7677
totalpowerfactor,B8_AA,1,147,Dom,3,-0.7125,0.7652
totalpowerfactor,B8_AA,1,148,Dom,4,-0.6499,0.7671
totalpowerfactor,B8_AA,1,149,Dom,5,-0.6411,0.7673
totalpowerfactor,B8_AA,1,150,Dom,6,-0.6037,0.7685
totalpowerfactor,B8_AA,1,151,Dom,7,-0.4577,0.7728
totalpowerfactor,B8_AA,1,152,Dom,8,-0.3619,0.7757
totalpowerfactor,B8_AA,1,153,Dom,9,-0.32,0.777
totalpowerfactor,B8_AA,1,154,Dom,10,-0.2618,0.7787
totalpowerfactor,B8_AA,1,155,Dom,11,-0.2005,0.7805
totalpowerfactor,B8_AA,1,156,Dom,12,-0.1801,0.7811
totalpowerfactor,B8_AA,1,157,Dom,13,-0.2637,0.7786
totalpowerfactor,B8_AA,1,158,Dom,14,-0.3217,0.7769
totalpowerfactor,B8_AA,1,159,Dom,15,-0.3002,0.7775
totalpowerfactor,B8_AA,1,160,Dom,16,-0.3608,0.7757
totalpowerfactor,B8_AA,1,161,Dom,17,-0.4532,0.773
totalpowerfactor,B8_AA,1,162,Dom,18,-0.456,0.7729
totalpowerfactor,B8_AA,1,163,Dom,19,-0.5363,0.7705
totalpowerfactor,B8_AA,1,164,Dom,20,-0.5764,0.7693
totalpowerfactor,B8_AA,1,165,Dom,21,-0.6698,0.7665
totalpowerfactor,B8_AA,1,166,Dom,22,-0.6445,0.7672
totalpowerfactor,B8_AA,1,167,Dom,23,-0.7276,0.7647
totalpowerfactor,B8_CPA,1,0,Lun,0,-0.856,0.2147
totalpowerfactor,B8_CPA,1,1,Lun,1,-0.4774,0.2481
totalpowerfactor,B8_CPA,1,2,Lun,2,-0.5437,0.2422
totalpowerfactor,B8_CPA,1,3,Lun,3,-0.5397,0.2426
totalpowerfactor,B8_CPA,1,4,Lun,4,0.1323,0.3019
totalpowerfactor,B8_CPA,1,5,Lun,5,-0.1371,0.2781
totalpowerfactor,B8_CPA,1,6,Lun,6,-2.1093,0.1041
totalpowerfactor,B8_CPA,1,7,Lun,7,-2.5936,0.0614
totalpowerfactor,B8_CPA,1,8,Lun,8,-0.0745,0.2836
totalpowerfactor,B8_CPA,1,9,Lun,9,-0.1137,0.2802
totalpowerfactor,B8_CPA,1,10,Lun,10,0.8829,0.3681
totalpowerfactor,B8_CPA,1,11,Lun,11,0.9394,0.3731
totalpowerfactor,B8_CPA,1,12,Lun,12,0.0185,0.2918
totalpowerfactor,B8_CPA,1,13,Lun,13,0.0861,0.2978
totalpowerfactor,B8_CPA,1,14,Lun,14,0.5004,0.3343
totalpowerfactor,B8_CPA,1,15,Lun,15,0.8375,0.3641
totalpowerfactor,B8_CPA,1,16,Lun,16,0.3693,0.3228
totalpowerfactor,B8_CPA,1,17,Lun,17,-0.0184,0.2886
totalpowerfactor,B8_CPA,1,18,Lun,18,0.1828,0.3063
totalpowerfactor,B8_CPA,1,19,Lun,19,-0.6161,0.2358
totalpowerfactor,B8_CPA,1,20,Lun,20,-0.5435,0.2422
totalpowerfactor,B8_CPA,1,21,Lun,21,-0.1579,0.2763
totalpowerfactor,B8_CPA,1,22,Lun,22,-0.2268,0.2702
totalpowerfactor,B8_CPA,1,23,Lun,23,-0.6088,0.2365
totalpowerfactor,B8_CPA,1,24,Mar,0,-0.7715,0.2221
totalpowerfactor,B8_CPA,1,25,Mar,1,-0.7875,0.2207
totalpowerfactor,B8_CPA,1,26,Mar,2,-0.7885,0.2206
totalpowerfactor,B8_CPA,1,27,Mar,3,-0.6451,0.2333
totalpowerfactor,B8_CPA,1,28,Mar,4,-0.5668,0.2402
totalpowerfactor,B8_CPA,1,29,Mar,5,-0.8094,0.2188
totalpowerfactor,B8_CPA,1,30,Mar,6,-1.1646,0.1875
totalpowerfactor,B8_CPA,1,31,Mar,7,-2.0053,0.1133
totalpowerfactor,B8_CPA,1,32,Mar,8,0.0095,0.291
totalpowerfactor,B8_CPA,1,33,Mar,9,-0.3247,0.2615
totalpowerfactor,B8_CPA,1,34,Mar,10,0.4623,0.331
totalpowerfactor,B8_CPA,1,35,Mar,11,0.4174,0.327
totalpowerfactor,B8_CPA,1,36,Mar,12,0.9962,0.3781
totalpowerfactor,B8_CPA,1,37,Mar,13,1.2215,0.3979
totalpowerfactor,B8_CPA,1,38,Mar,14,0.9341,0.3726
totalpowerfactor,B8_CPA,1,39,Mar,15,1.5086,0.4233
totalpowerfactor,B8_CPA,1,40,Mar,16,1.4868,0.4213
totalpowerfactor,B8_CPA,1,41,Mar,17,0.4096,0.3263
totalpowerfactor,B8_CPA,1,42,Mar,18,0.0302,0.2929
totalpowerfactor,B8_CPA,1,43,Mar,19,-0.4532,0.2502
totalpowerfactor,B8_CPA,1,44,Mar,20,-0.6457,0.2332
totalpowerfactor,B8_CPA,1,45,Mar,21,-0.9753,0.2041
totalpowerfactor,B8_CPA,1,46,Mar,22,-0.9067,0.2102
totalpowerfactor,B8_CPA,1,47,Mar,23,-0.6934,0.229
totalpowerfactor,B8_CPA,1,48,Mie,0,-0.2447,0.2686
totalpowerfactor,B8_CPA,1,49,Mie,1,-0.1341,0.2784
totalpowerfactor,B8_CPA,1,50,Mie,2,-0.2306,0.2698
totalpowerfactor,B8_CPA,1,51,Mie,3,0.3297,0.3193
totalpowerfactor,B8_CPA,1,52,Mie,4,1.1691,0.3933
totalpowerfactor,B8_CPA,1,53,Mie,5,0.9895,0.3775
totalpowerfactor,B8_CPA,1,54,Mie,6,0.6724,0.3495
totalpowerfactor,B8_CPA,1,55,Mie,7,-0.8987,0.2109
totalpowerfactor,B8_CPA,1,56,Mie,8,1.4125,0.4148
totalpowerfactor,B8_CPA,1,57,Mie,9,0.4782,0.3324
totalpowerfactor,B8_CPA,1,58,Mie,10,1.4987,0.4224
totalpowerfactor,B8_CPA,1,59,Mie,11,0.9067,0.3702
totalpowerfactor,B8_CPA,1,60,Mie,12,1.4149,0.415
totalpowerfactor,B8_CPA,1,61,Mie,13,1.3335,0.4078
totalpowerfactor,B8_CPA,1,62,Mie,14,1.428,0.4162
totalpowerfactor,B8_CPA,1,63,Mie,15,1.1734,0.3937
totalpowerfactor,B8_CPA,1,64,Mie,16,0.7017,0.3521
totalpowerfactor,B8_CPA,1,65,Mie,17,-0.137,0.2781
totalpowerfactor,B8_CPA,1,66,Mie,18,0.7849,0.3594
totalpowerfactor,B8_CPA,1,67,Mie,19,-0.0426,0.2864
totalpowerfactor,B8_CPA,1,68,Mie,20,-0.6155,0.2359
totalpowerfactor,B8_CPA,1,69,Mie,21,-0.7023,0.2282
totalpowerfactor,B8_CPA,1,70,Mie,22,-1.5976,0.1492
totalpowerfactor,B8_CPA,1,71,Mie,23,-1.1673,0.1872
totalpowerfactor,B8_CPA,1,72,Jue,0,-0.7794,0.2214
totalpowerfactor,B8_CPA,1,73,Jue,1,0.2627,0.3134
totalpowerfactor,B8_CPA,1,74,Jue,2,-0.5509,0.2416
totalpowerfactor,B8_CPA,1,75,Jue,3,0.0364,0.2934
totalpowerfactor,B8_CPA,1,76,Jue,4,-0.177,0.2746
totalpowerfactor,B8_CPA,1,77,Jue,5,0.0481,0.2944
totalpowerfactor,B8_CPA,1,78,Jue,6,-2.8842,0.0357
totalpowerfactor,B8_CPA,1,79,Jue,7,-1.8536,0.1267
totalpowerfactor,B8_CPA,1,80,Jue,8,1.2608,0.4014
totalpowerfactor,B8_CPA,1,81,Jue,9,1.4248,0.4159
totalpowerfactor,B8_CPA,1,82,Jue,10,1.3779,0.4117
totalpowerfactor,B8_CPA,1,83,Jue,11,1.5653,0.4283
totalpowerfactor,B8_CPA,1,84,Jue,12,1.9555,0.4627
totalpowerfactor,B8_CPA,1,85,Jue,13,1.4524,0.4183
totalpowerfactor,B8_CPA,1,86,Jue,14,1.7246,0.4423
totalpowerfactor,B8_CPA,1,87,Jue,15,1.5791,0.4295
totalpowerfactor,B8_CPA,1,88,Jue,16,2.0205,0.4684
totalpowerfactor,B8_CPA,1,89,Jue,17,1.1485,0.3915
totalpowerfactor,B8_CPA,1,90,Jue,18,1.1073,0.3879
totalpowerfactor,B8_CPA,1,91,Jue,19,1.523,0.4245
totalpowerfactor,B8_CPA,1,92,Jue,20,1.3397,0.4084
totalpowerfactor,B8_CPA,1,93,Jue,21,0.8816,0.368
totalpowerfactor,B8_CPA,1,94,Jue,22,0.2332,0.3108
totalpowerfactor,B8_CPA,1,95,Jue,23,0.2395,0.3113
totalpowerfactor,B8_CPA,1,96,Vie,0,0.9137,0.3708
totalpowerfactor,B8_CPA,1,97,Vie,1,0.8099,0.3616
totalpowerfactor,B8_CPA,1,98,Vie,2,1.4519,0.4183
totalpowerfactor,B8_CPA,1,99,Vie,3,1.2587,0.4012
totalpowerfactor,B8_CPA,1,100,Vie,4,1.0018,0.3786
totalpowerfactor,B8_CPA,1,101,Vie,5,1.0697,0.3846
totalpowerfactor,B8_CPA,1,102,Vie,6,1.1022,0.3874
totalpowerfactor,B8_CPA,1,103,Vie,7,0.4742,0.332
totalpowerfactor,B8_CPA,1,104,Vie,8,1.7872,0.4478
totalpowerfactor,B8_CPA,1,105,Vie,9,0.5256,0.3366
totalpowerfactor,B8_CPA,1,106,Vie,10,1.4936,0.422
totalpowerfactor,B8_CPA,1,107,Vie,11,1.1951,0.3956
totalpowerfactor,B8_CPA,1,108,Vie,12,1.4909,0.4217
totalpowerfactor,B8_CPA,1,109,Vie,13,1.275,0.4027
totalpowerfactor,B8_CPA,1,110,Vie,14,1.1167,0.3887
totalpowerfactor,B8_CPA,1,111,Vie,15,0.1757,0.3057
totalpowerfactor,B8_CPA,1,112,Vie,16,-0.5259,0.2438
totalpowerfactor,B8_CPA,1,113,Vie,17,-1.4331,0.1638
totalpowerfactor,B8_CPA,1,114,Vie,18,0.8775,0.3676
totalpowerfactor,B8_CPA,1,115,Vie,19,0.2314,0.3106
totalpowerfactor,B8_CPA,1,116,Vie,20,0.0375,0.2935
totalpowerfactor,B8_CPA,1,117,Vie,21,-0.1224,0.2794
totalpowerfactor,B8_CPA,1,118,Vie,22,-0.3444,0.2598
totalpowerfactor,B8_CPA,1,119,Vie,23,-0.1147,0.2801
totalpowerfactor,B8_CPA,1,120,Sab,0,-0.1337,0.2784
totalpowerfactor,B8_CPA,1,121,Sab,1,-0.4114,0.2539
totalpowerfactor,B8_CPA,1,122,Sab,2,-0.5043,0.2457
totalpowerfactor,B8_CPA,1,123,Sab,3,-0.4719,0.2486
totalpowerfactor,B8_CPA,1,124,Sab,4,-0.3376,0.2604
totalpowerfactor,B8_CPA,1,125,Sab,5,-0.0846,0.2827
totalpowerfactor,B8_CPA,1,126,Sab,6,-0.3618,0.2583
totalpowerfactor,B8_CPA,1,127,Sab,7,-1.859,0.1262
totalpowerfactor,B8_CPA,1,128,Sab,8,-2.7629,0.0464
totalpowerfactor,B8_CPA,1,129,Sab,9,-1.9156,0.1212
totalpowerfactor,B8_CPA,1,130,Sab,10,-1.2219,0.1824
totalpowerfactor,B8_CPA,1,131,Sab,11,-0.4461,0.2508
totalpowerfactor,B8_CPA,1,132,Sab,12,-0.6979,0.2286
totalpowerfactor,B8_CPA,1,133,Sab,13,-2.1837,0.0975
totalpowerfactor,B8_CPA,1,134,Sab,14,-1.4736,0.1602
totalpowerfactor,B8_CPA,1,135,Sab,15,-1.6474,0.1449
totalpowerfactor,B8_CPA,1,136,Sab,16,-2.1845,0.0975
totalpowerfactor,B8_CPA,1,137,Sab,17,-1.2693,0.1782
totalpowerfactor,B8_CPA,1,138,Sab,18,0.611,0.3441
totalpowerfactor,B8_CPA,1,139,Sab,19,0.005,0.2906
totalpowerfactor,B8_CPA,1,140,Sab,20,-0.0915,0.2821
totalpowerfactor,B8_CPA,1,141,Sab,21,-0.3908,0.2557
totalpowerfactor,B8_CPA,1,142,Sab,22,-0.516,0.2447
totalpowerfactor,B8_CPA,1,143,Sab,23,-0.4904,0.2469
totalpowerfactor,B8_CPA,1,144,Dom,0,-0.3226,0.2617
totalpowerfactor,B8_CPA,1,145,Dom,1,-0.546,0.242
totalpowerfactor,B8_CPA,1,146,Dom,2,-0.364,0.2581
totalpowerfactor,B8_CPA,1,147,Dom,3,-0.2643,0.2669
totalpowerfactor,B8_CPA,1,148,Dom,4,0.0,0.2902
totalpowerfactor,B8_CPA,1,149,Dom,5,-0.5582,0.2409
totalpowerfactor,B8_CPA,1,150,Dom,6,-0.2229,0.2705
totalpowerfactor,B8_CPA,1,151,Dom,7,-0.1276,0.2789
totalpowerfactor,B8_CPA,1,152,Dom,8,0.0242,0.2923
totalpowerfactor,B8_CPA,1,153,Dom,9,0.2768,0.3146
totalpowerfactor,B8_CPA,1,154,Dom,10,0.0135,0.2914
totalpowerfactor,B8_CPA,1,155,Dom,11,-0.0149,0.2889
totalpowerfactor,B8_CPA,1,156,Dom,12,-0.4812,0.2477
totalpowerfactor,B8_CPA,1,157,Dom,13,-0.5978,0.2374
totalpowerfactor,B8_CPA,1,158,Dom,14,-0.4827,0.2476
totalpowerfactor,B8_CPA,1,159,Dom,15,-0.4943,0.2466
totalpowerfactor,B8_CPA,1,160,Dom,16,-0.6089,0.2365
totalpowerfactor,B8_CPA,1,161,Dom,17,-0.6965,0.2287
totalpowerfactor,B8_CPA,1,162,Dom,18,-0.8534,0.2149
totalpowerfactor,B8_CPA,1,163,Dom,19,-0.3677,0.2577
totalpowerfactor,B8_CPA,1,164,Dom,20,-0.3798,0.2567
totalpowerfactor,B8_CPA,1,165,Dom,21,-0.8907,0.2116
totalpowerfactor,B8_CPA,1,166,Dom,22,-0.2274,0.2701
totalpowerfactor,B8_CPA,1,167,Dom,23,-0.4513,0.2504
totalpowerfactor,B8_LABS,2,0,Lun,0,-0.5959,0.9191
totalpowerfactor,B8_LABS,2,1,Lun,1,-0.6754,0.9169
totalpowerfactor,B8_LABS,2,2,Lun,2,-0.6833,0.9167
totalpowerfactor,B8_LABS,2,3,Lun,3,-0.1117,0.9325
totalpowerfactor,B8_LABS,2,4,Lun,4,0.3238,0.9446
totalpowerfactor,B8_LABS,2,5,Lun,5,0.757,0.9566
totalpowerfactor,B8_LABS,2,6,Lun,6,0.1292,0.9392
totalpowerfactor,B8_LABS,2,7,Lun,7,-0.0275,0.9349
totalpowerfactor,B8_LABS,2,8,Lun,8,-0.092,0.9331
totalpowerfactor,B8_LABS,2,9,Lun,9,-0.0575,0.934
totalpowerfactor,B8_LABS,2,10,Lun,10,-0.1063,0.9327
totalpowerfactor,B8_LABS,2,11,Lun,11,-0.0519,0.9342
totalpowerfactor,B8_LABS,2,12,Lun,12,-0.1577,0.9313
totalpowerfactor,B8_LABS,2,13,Lun,13,-0.2312,0.9292
totalpowerfactor,B8_LABS,2,14,Lun,14,-0.0841,0.9333
totalpowerfactor,B8_LABS,2,15,Lun,15,0.2987,0.9439
totalpowerfactor,B8_LABS,2,16,Lun,16,0.3369,0.945
totalpowerfactor,B8_LABS,2,17,Lun,17,0.2147,0.9416
totalpowerfactor,B8_LABS,2,18,Lun,18,0.6518,0.9537
totalpowerfactor,B8_LABS,2,19,Lun,19,0.8963,0.9605
totalpowerfactor,B8_LABS,2,20,Lun,20,0.6969,0.9549
totalpowerfactor,B8_LABS,2,21,Lun,21,0.8029,0.9579
totalpowerfactor,B8_LABS,2,22,Lun,22,0.4709,0.9487
totalpowerfactor,B8_LABS,2,23,Lun,23,0.0195,0.9362
totalpowerfactor,B8_LABS,2,24,Mar,0,-0.4609,0.9229
totalpowerfactor,B8_LABS,2,25,Mar,1,-0.6511,0.9176
totalpowerfactor,B8_LABS,2,26,Mar,2,-0.3451,0.9261
totalpowerfactor,B8_LABS,2,27,Mar,3,-0.06,0.934
totalpowerfactor,B8_LABS,2,28,Mar,4,0.619,0.9528
totalpowerfactor,B8_LABS,2,29,Mar,5,1.178,0.9683
totalpowerfactor,B8_LABS,2,30,Mar,6,0.874,0.9598
totalpowerfactor,B8_LABS,2,31,Mar,7,0.552,0.9509
totalpowerfactor,B8_LABS,2,32,Mar,8,0.6086,0.9525
totalpowerfactor,B8_LABS,2,33,Mar,9,0.6652,0.9541
totalpowerfactor,B8_LABS,2,34,Mar,10,0.643,0.9534
totalpowerfactor,B8_LABS,2,35,Mar,11,0.5017,0.9495
totalpowerfactor,B8_LABS,2,36,Mar,12,0.3154,0.9444
totalpowerfactor,B8_LABS,2,37,Mar,13,0.2117,0.9415
totalpowerfactor,B8_LABS,2,38,Mar,14,0.4812,0.949
totalpowerfactor,B8_LABS,2,39,Mar,15,0.9798,0.9628
totalpowerfactor,B8_LABS,2,40,Mar,16,1.2032,0.969
totalpowerfactor,B8_LABS,2,41,Mar,17,1.0014,0.9634
totalpowerfactor,B8_LABS,2,42,Mar,18,1.2388,0.97
totalpowerfactor,B8_LABS,2,43,Mar,19,1.3131,0.972
totalpowerfactor,B8_LABS,2,44,Mar,20,1.2034,0.969
totalpowerfactor,B8_LABS,2,45,Mar,21,1.1897,0.9686
totalpowerfactor,B8_LABS,2,46,Mar,22,0.6537,0.9537
totalpowerfactor,B8_LABS,2,47,Mar,23,-0.1615,0.9312
totalpowerfactor,B8_LABS,2,48,Mie,0,-0.4745,0.9225
totalpowerfactor,B8_LABS,2,49,Mie,1,-0.6086,0.9188
totalpowerfactor,B8_LABS,2,50,Mie,2,-0.7122,0.9159
totalpowerfactor,B8_LABS,2,51,Mie,3,-0.2885,0.9276
totalpowerfactor,B8_LABS,2,52,Mie,4,0.3764,0.9461
totalpowerfactor,B8_LABS,2,53,Mie,5,1.2022,0.9689
totalpowerfactor,B8_LABS,2,54,Mie,6,0.8532,0.9593
totalpowerfactor,B8_LABS,2,55,Mie,7,0.6251,0.953
totalpowerfactor,B8_LABS,2,56,Mie,8,0.7754,0.9571
totalpowerfactor,B8_LABS,2,57,Mie,9,0.7487,0.9564
totalpowerfactor,B8_LABS,2,58,Mie,10,0.7618,0.9567
totalpowerfactor,B8_LABS,2,59,Mie,11,0.7,0.955
totalpowerfactor,B8_LABS,2,60,Mie,12,0.4866,0.9491
totalpowerfactor,B8_LABS,2,61,Mie,13,0.4984,0.9494
totalpowerfactor,B8_LABS,2,62,Mie,14,0.7462,0.9563
totalpowerfactor,B8_LABS,2,63,Mie,15,1.112,0.9664
totalpowerfactor,B8_LABS,2,64,Mie,16,1.2702,0.9708
totalpowerfactor,B8_LABS,2,65,Mie,17,1.0269,0.9641
totalpowerfactor,B8_LABS,2,66,Mie,18,1.2677,0.9708
totalpowerfactor,B8_LABS,2,67,Mie,19,1.3441,0.9729
totalpowerfactor,B8_LABS,2,68,Mie,20,1.196,0.9688
totalpowerfactor,B8_LABS,2,69,Mie,21,1.101,0.9661
totalpowerfactor,B8_LABS,2,70,Mie,22,0.5693,0.9514
totalpowerfactor,B8_LABS,2,71,Mie,23,-0.4223,0.9239
totalpowerfactor,B8_LABS,2,72,Jue,0,-1.02,0.9074
totalpowerfactor,B8_LABS,2,73,Jue,1,-0.9629,0.9089
totalpowerfactor,B8_LABS,2,74,Jue,2,-0.7182,0.9157
totalpowerfactor,B8_LABS,2,75,Jue,3,-0.3606,0.9256
totalpowerfactor,B8_LABS,2,76,Jue,4,0.039,0.9367
totalpowerfactor,B8_LABS,2,77,Jue,5,0.6094,0.9525
totalpowerfactor,B8_LABS,2,78,Jue,6,0.5358,0.9505
totalpowerfactor,B8_LABS,2,79,Jue,7,0.3647,0.9457
totalpowerfactor,B8_LABS,2,80,Jue,8,0.4462,0.948
totalpowerfactor,B8_LABS,2,81,Jue,9,0.4413,0.9479
totalpowerfactor,B8_LABS,2,82,Jue,10,0.6068,0.9524
totalpowerfactor,B8_LABS,2,83,Jue,11,0.4449,0.948
totalpowerfactor,B8_LABS,2,84,Jue,12,0.2969,0.9439
totalpowerfactor,B8_LABS,2,85,Jue,13,0.2502,0.9426
totalpowerfactor,B8_LABS,2,86,Jue,14,0.4318,0.9476
totalpowerfactor,B8_LABS,2,87,Jue,15,0.7814,0.9573
totalpowerfactor,B8_LABS,2,88,Jue,16,0.9546,0.9621
totalpowerfactor,B8_LABS,2,89,Jue,17,0.838,0.9589
totalpowerfactor,B8_LABS,2,90,Jue,18,1.2294,0.9697
totalpowerfactor,B8_LABS,2,91,Jue,19,1.3544,0.9732
totalpowerfactor,B8_LABS,2,92,Jue,20,1.2405,0.97
totalpowerfactor,B8_LABS,2,93,Jue,21,1.1359,0.9671
totalpowerfactor,B8_LABS,2,94,Jue,22,0.6389,0.9533
totalpowerfactor,B8_LABS,2,95,Jue,23,-0.1001,0.9329
totalpowerfactor,B8_LABS,2,96,Vie,0,-0.4107,0.9242
totalpowerfactor,B8_LABS,2,97,Vie,1,-0.5271,0.921
totalpowerfactor,B8_LABS,2,98,Vie,2,-0.589,0.9193
totalpowerfactor,B8_LABS,2,99,Vie,3,-0.2572,0.9285
totalpowerfactor,B8_LABS,2,100,Vie,4,0.22,0.9417
totalpowerfactor,B8_LABS,2,101,Vie,5,0.8216,0.9584
totalpowerfactor,B8_LABS,2,102,Vie,6,0.6121,0.9526
totalpowerfactor,B8_LABS,2,103,Vie,7,0.561,0.9512
totalpowerfactor,B8_LABS,2,104,Vie,8,0.4812,0.949
totalpowerfactor,B8_LABS,2,105,Vie,9,0.5787,0.9517
totalpowerfactor,B8_LABS,2,106,Vie,10,0.6138,0.9526
totalpowerfactor,B8_LABS,2,107,Vie,11,0.5271,0.9502
totalpowerfactor,B8_LABS,2,108,Vie,12,0.2197,0.9417
totalpowerfactor,B8_LABS,2,109,Vie,13,0.1387,0.9395
totalpowerfactor,B8_LABS,2,110,Vie,14,0.54,0.9506
totalpowerfactor,B8_LABS,2,111,Vie,15,0.802,0.9579
totalpowerfactor,B8_LABS,2,112,Vie,16,0.8462,0.9591
totalpowerfactor,B8_LABS,2,113,Vie,17,0.7189,0.9555
totalpowerfactor,B8_LABS,2,114,Vie,18,1.1028,0.9662
totalpowerfactor,B8_LABS,2,115,Vie,19,1.3162,0.9721
totalpowerfactor,B8_LABS,2,116,Vie,20,1.1751,0.9682
totalpowerfactor,B8_LABS,2,117,Vie,21,1.0083,0.9636
totalpowerfactor,B8_LABS,2,118,Vie,22,0.6618,0.954
totalpowerfactor,B8_LABS,2,119,Vie,23,-0.3569,0.9257
totalpowerfactor,B8_LABS,2,120,Sab,0,-0.9996,0.9079
totalpowerfactor,B8_LABS,2,121,Sab,1,-0.9639,0.9089
totalpowerfactor,B8_LABS,2,122,Sab,2,-0.803,0.9134
totalpowerfactor,B8_LABS,2,123,Sab,3,-0.459,0.9229
totalpowerfactor,B8_LABS,2,124,Sab,4,0.0532,0.9371
totalpowerfactor,B8_LABS,2,125,Sab,5,0.4494,0.9481
totalpowerfactor,B8_LABS,2,126,Sab,6,0.0742,0.9377
totalpowerfactor,B8_LABS,2,127,Sab,7,0.3712,0.9459
totalpowerfactor,B8_LABS,2,128,Sab,8,0.0792,0.9378
totalpowerfactor,B8_LABS,2,129,Sab,9,-0.4301,0.9237
totalpowerfactor,B8_LABS,2,130,Sab,10,-0.4471,0.9232
totalpowerfactor,B8_LABS,2,131,Sab,11,-0.5243,0.9211
totalpowerfactor,B8_LABS,2,132,Sab,12,-0.7737,0.9142
totalpowerfactor,B8_LABS,2,133,Sab,13,-0.7112,0.9159
totalpowerfactor,B8_LABS,2,134,Sab,14,-0.6985,0.9163
totalpowerfactor,B8_LABS,2,135,Sab,15,-0.675,0.9169
totalpowerfactor,B8_LABS,2,136,Sab,16,-0.6366,0.918
totalpowerfactor,B8_LABS,2,137,Sab,17,-0.6528,0.9175
totalpowerfactor,B8_LABS,2,138,Sab,18,-0.0325,0.9347
totalpowerfactor,B8_LABS,2,139,Sab,19,0.2397,0.9423
totalpowerfactor,B8_LABS,2,140,Sab,20,-0.2206,0.9295
totalpowerfactor,B8_LABS,2,141,Sab,21,-0.2706,0.9281
totalpowerfactor,B8_LABS,2,142,Sab,22,-0.3568,0.9257
totalpowerfactor,B8_LABS,2,143,Sab,23,-0.555,0.9202
totalpowerfactor,B8_LABS,2,144,Dom,0,-0.7186,0.9157
totalpowerfactor,B8_LABS,2,145,Dom,1,-0.6659,0.9172
totalpowerfactor,B8_LABS,2,146,Dom,2,-0.5888,0.9193
totalpowerfactor,B8_LABS,2,147,Dom,3,-0.6042,0.9189
totalpowerfactor,B8_LABS,2,148,Dom,4,-0.7024,0.9162
totalpowerfactor,B8_LABS,2,149,Dom,5,-1.0616,0.9062
totalpowerfactor,B8_LABS,2,150,Dom,6,-2.252,0.8732
totalpowerfactor,B8_LABS,2,151,Dom,7,-2.4393,0.868
totalpowerfactor,B8_LABS,2,152,Dom,8,-2.5413,0.8652
totalpowerfactor,B8_LABS,2,153,Dom,9,-2.8647,0.8562
totalpowerfactor,B8_LABS,2,154,Dom,10,-2.7867,0.8584
totalpowerfactor,B8_LABS,2,155,Dom,11,-2.7653,0.859
totalpowerfactor,B8_LABS,2,156,Dom,12,-2.809,0.8578
totalpowerfactor,B8_LABS,2,157,Dom,13,-2.8338,0.8571
totalpowerfactor,B8_LABS,2,158,Dom,14,-2.99,0.8528
totalpowerfactor,B8_LABS,2,159,Dom,15,-2.8703,0.8561
totalpowerfactor,B8_LABS,2,160,Dom,16,-2.6781,0.8614
totalpowerfactor,B8_LABS,2,161,Dom,17,-2.62,0.863
totalpowerfactor,B8_LABS,2,162,Dom,18,-1.4742,0.8948
totalpowerfactor,B8_LABS,2,163,Dom,19,-0.9648,0.9089
totalpowerfactor,B8_LABS,2,164,Dom,20,-0.849,0.9121
totalpowerfactor,B8_LABS,2,165,Dom,21,-0.6515,0.9176
totalpowerfactor,B8_LABS,2,166,Dom,22,-0.6704,0.917
totalpowerfactor,B8_LABS,2,167,Dom,23,-0.5709,0.9198
totalpowerfactor,B9_SFA1,3,0,Lun,0,-1.65,0.9655
totalpowerfactor,B9_SFA1,3,1,Lun,1,-1.8559,0.9637
totalpowerfactor,B9_SFA1,3,2,Lun,2,-1.9013,0.9633
totalpowerfactor,B9_SFA1,3,3,Lun,3,-1.9044,0.9632
totalpowerfactor,B9_SFA1,3,4,Lun,4,-1.6093,0.9658
totalpowerfactor,B9_SFA1,3,5,Lun,5,-0.8328,0.9727
totalpowerfactor,B9_SFA1,3,6,Lun,6,0.1746,0.9816
totalpowerfactor,B9_SFA1,3,7,Lun,7,0.2211,0.982
totalpowerfactor,B9_SFA1,3,8,Lun,8,0.6259,0.9856
totalpowerfactor,B9_SFA1,3,9,Lun,9,0.6136,0.9855
totalpowerfactor,B9_SFA1,3,10,Lun,10,0.6636,0.9859
totalpowerfactor,B9_SFA1,3,11,Lun,11,0.6823,0.9861
totalpowerfactor,B9_SFA1,3,12,Lun,12,0.6974,0.9862
totalpowerfactor,B9_SFA1,3,13,Lun,13,0.6906,0.9862
totalpowerfactor,B9_SFA1,3,14,Lun,14,0.8147,0.9873
totalpowerfactor,B9_SFA1,3,15,Lun,15,0.8075,0.9872
totalpowerfactor,B9_SFA1,3,16,Lun,16,0.7684,0.9869
totalpowerfactor,B9_SFA1,3,17,Lun,17,0.6926,0.9862
totalpowerfactor,B9_SFA1,3,18,Lun,18,0.6773,0.9861
totalpowerfactor,B9_SFA1,3,19,Lun,19,0.6421,0.9858
totalpowerfactor,B9_SFA1,3,20,Lun,20,0.6094,0.9855
totalpowerfactor,B9_SFA1,3,21,Lun,21,0.2566,0.9823
totalpowerfactor,B9_SFA1,3,22,Lun,22,-0.6537,0.9743
totalpowerfactor,B9_SFA1,3,23,Lun,23,-0.8541,0.9725
totalpowerfactor,B9_SFA1,3,24,Mar,0,-1.213,0.9693
totalpowerfactor,B9_SFA1,3,25,Mar,1,-1.2411,0.9691
totalpowerfactor,B9_SFA1,3,26,Mar,2,-1.3688,0.968
totalpowerfactor,B9_SFA1,3,27,Mar,3,-1.3474,0.9682
totalpowerfactor,B9_SFA1,3,28,Mar,4,-1.0538,0.9708
totalpowerfactor,B9_SFA1,3,29,Mar,5,-0.3823,0.9767
totalpowerfactor,B9_SFA1,3,30,Mar,6,0.461,0.9842
totalpowerfactor,B9_SFA1,3,31,Mar,7,0.6749,0.986
totalpowerfactor,B9_SFA1,3,32,Mar,8,0.9989,0.9889
totalpowerfactor,B9_SFA1,3,33,Mar,9,1.0024,0.9889
totalpowerfactor,B9_SFA1,3,34,Mar,10,1.0502,0.9894
totalpowerfactor,B9_SFA1,3,35,Mar,11,1.0446,0.9893
totalpowerfactor,B9_SFA1,3,36,Mar,12,1.0638,0.9895
totalpowerfactor,B9_SFA1,3,37,Mar,13,1.0399,0.9893
totalpowerfactor,B9_SFA1,3,38,Mar,14,1.088,0.9897
totalpowerfactor,B9_SFA1,3,39,Mar,15,1.0898,0.9897
totalpowerfactor,B9_SFA1,3,40,Mar,16,1.0697,0.9895
totalpowerfactor,B9_SFA1,3,41,Mar,17,1.0323,0.9892
totalpowerfactor,B9_SFA1,3,42,Mar,18,0.9504,0.9885
totalpowerfactor,B9_SFA1,3,43,Mar,19,0.8666,0.9877
totalpowerfactor,B9_SFA1,3,44,Mar,20,0.7913,0.9871
totalpowerfactor,B9_SFA1,3,45,Mar,21,0.4083,0.9837
totalpowerfactor,B9_SFA1,3,46,Mar,22,-0.1885,0.9784
totalpowerfactor,B9_SFA1,3,47,Mar,23,-0.2999,0.9774
totalpowerfactor,B9_SFA1,3,48,Mie,0,-0.5296,0.9754
totalpowerfactor,B9_SFA1,3,49,Mie,1,-0.6307,0.9745
totalpowerfactor,B9_SFA1,3,50,Mie,2,-0.7349,0.9736
totalpowerfactor,B9_SFA1,3,51,Mie,3,-0.7863,0.9731
totalpowerfactor,B9_SFA1,3,52,Mie,4,-0.6182,0.9746
totalpowerfactor,B9_SFA1,3,53,Mie,5,-0.0418,0.9797
totalpowerfactor,B9_SFA1,3,54,Mie,6,0.5412,0.9849
totalpowerfactor,B9_SFA1,3,55,Mie,7,0.7688,0.9869
totalpowerfactor,B9_SFA1,3,56,Mie,8,1.0176,0.9891
totalpowerfactor,B9_SFA1,3,57,Mie,9,1.0493,0.9894
totalpowerfactor,B9_SFA1,3,58,Mie,10,1.077,0.9896
totalpowerfactor,B9_SFA1,3,59,Mie,11,1.0494,0.9894
totalpowerfactor,B9_SFA1,3,60,Mie,12,1.0661,0.9895
totalpowerfactor,B9_SFA1,3,61,Mie,13,1.0715,0.9896
totalpowerfactor,B9_SFA1,3,62,Mie,14,1.1161,0.9899
totalpowerfactor,B9_SFA1,3,63,Mie,15,1.1043,0.9898
totalpowerfactor,B9_SFA1,3,64,Mie,16,1.0984,0.9898
totalpowerfactor,B9_SFA1,3,65,Mie,17,1.0542,0.9894
totalpowerfactor,B9_SFA1,3,66,Mie,18,0.9866,0.9888
totalpowerfactor,B9_SFA1,3,67,Mie,19,0.9454,0.9884
totalpowerfactor,B9_SFA1,3,68,Mie,20,0.8682,0.9878
totalpowerfactor,B9_SFA1,3,69,Mie,21,0.5441,0.9849
totalpowerfactor,B9_SFA1,3,70,Mie,22,-0.0387,0.9797
totalpowerfactor,B9_SFA1,3,71,Mie,23,-0.1827,0.9785
totalpowerfactor,B9_SFA1,3,72,Jue,0,-0.2836,0.9776
totalpowerfactor,B9_SFA1,3,73,Jue,1,-0.4767,0.9759
totalpowerfactor,B9_SFA1,3,74,Jue,2,-0.5431,0.9753
totalpowerfactor,B9_SFA1,3,75,Jue,3,-0.4762,0.9759
totalpowerfactor,B9_SFA1,3,76,Jue,4,-0.3349,0.9771
totalpowerfactor,B9_SFA1,3,77,Jue,5,0.1458,0.9814
totalpowerfactor,B9_SFA1,3,78,Jue,6,0.6481,0.9858
totalpowerfactor,B9_SFA1,3,79,Jue,7,0.7808,0.987
totalpowerfactor,B9_SFA1,3,80,Jue,8,0.9595,0.9886
totalpowerfactor,B9_SFA1,3,81,Jue,9,0.9749,0.9887
totalpowerfactor,B9_SFA1,3,82,Jue,10,0.9993,0.9889
totalpowerfactor,B9_SFA1,3,83,Jue,11,1.0086,0.989
totalpowerfactor,B9_SFA1,3,84,Jue,12,0.9911,0.9888
totalpowerfactor,B9_SFA1,3,85,Jue,13,1.0125,0.989
totalpowerfactor,B9_SFA1,3,86,Jue,14,1.1131,0.9899
totalpowerfactor,B9_SFA1,3,87,Jue,15,1.115,0.9899
totalpowerfactor,B9_SFA1,3,88,Jue,16,1.1141,0.9899
totalpowerfactor,B9_SFA1,3,89,Jue,17,1.0624,0.9895
totalpowerfactor,B9_SFA1,3,90,Jue,18,1.0242,0.9891
totalpowerfactor,B9_SFA1,3,91,Jue,19,0.9368,0.9884
totalpowerfactor,B9_SFA1,3,92,Jue,20,0.857,0.9877
totalpowerfactor,B9_SFA1,3,93,Jue,21,0.4934,0.9844
totalpowerfactor,B9_SFA1,3,94,Jue,22,-0.1386,0.9788
totalpowerfactor,B9_SFA1,3,95,Jue,23,-0.2192,0.9781
totalpowerfactor,B9_SFA1,3,96,Vie,0,-0.5158,0.9755
totalpowerfactor,B9_SFA1,3,97,Vie,1,-0.6613,0.9742
totalpowerfactor,B9_SFA1,3,98,Vie,2,-0.7252,0.9737
totalpowerfactor,B9_SFA1,3,99,Vie,3,-0.8763,0.9723
totalpowerfactor,B9_SFA1,3,100,Vie,4,-0.7111,0.9738
totalpowerfactor,B9_SFA1,3,101,Vie,5,-0.1038,0.9792
totalpowerfactor,B9_SFA1,3,102,Vie,6,0.5412,0.9849
totalpowerfactor,B9_SFA1,3,103,Vie,7,0.7633,0.9868
totalpowerfactor,B9_SFA1,3,104,Vie,8,0.9069,0.9881
totalpowerfactor,B9_SFA1,3,105,Vie,9,0.9074,0.9881
totalpowerfactor,B9_SFA1,3,106,Vie,10,0.9082,0.9881
totalpowerfactor,B9_SFA1,3,107,Vie,11,0.8973,0.988
totalpowerfactor,B9_SFA1,3,108,Vie,12,0.9176,0.9882
totalpowerfactor,B9_SFA1,3,109,Vie,13,0.9371,0.9884
totalpowerfactor,B9_SFA1,3,110,Vie,14,0.9714,0.9887
totalpowerfactor,B9_SFA1,3,111,Vie,15,0.9225,0.9882
totalpowerfactor,B9_SFA1,3,112,Vie,16,0.8613,0.9877
totalpowerfactor,B9_SFA1,3,113,Vie,17,0.7033,0.9863
totalpowerfactor,B9_SFA1,3,114,Vie,18,0.6914,0.9862
totalpowerfactor,B9_SFA1,3,115,Vie,19,0.5875,0.9853
totalpowerfactor,B9_SFA1,3,116,Vie,20,0.4429,0.984
totalpowerfactor,B9_SFA1,3,117,Vie,21,0.1309,0.9812
totalpowerfactor,B9_SFA1,3,118,Vie,22,-0.2553,0.9778
totalpowerfactor,B9_SFA1,3,119,Vie,23,-0.4839,0.9758
totalpowerfactor,B9_SFA1,3,120,Sab,0,-0.5774,0.975
totalpowerfactor,B9_SFA1,3,121,Sab,1,-0.7215,0.9737
totalpowerfactor,B9_SFA1,3,122,Sab,2,-0.8545,0.9725
totalpowerfactor,B9_SFA1,3,123,Sab,3,-0.9019,0.9721
totalpowerfactor,B9_SFA1,3,124,Sab,4,-0.6544,0.9743
totalpowerfactor,B9_SFA1,3,125,Sab,5,-0.1427,0.9788
totalpowerfactor,B9_SFA1,3,126,Sab,6,0.2582,0.9824
totalpowerfactor,B9_SFA1,3,127,Sab,7,0.5656,0.9851
totalpowerfactor,B9_SFA1,3,128,Sab,8,0.9389,0.9884
totalpowerfactor,B9_SFA1,3,129,Sab,9,1.0127,0.989
totalpowerfactor,B9_SFA1,3,130,Sab,10,1.0561,0.9894
totalpowerfactor,B9_SFA1,3,131,Sab,11,1.0552,0.9894
totalpowerfactor,B9_SFA1,3,132,Sab,12,0.9336,0.9883
totalpowerfactor,B9_SFA1,3,133,Sab,13,0.9585,0.9886
totalpowerfactor,B9_SFA1,3,134,Sab,14,0.8577,0.9877
totalpowerfactor,B9_SFA1,3,135,Sab,15,0.5907,0.9853
totalpowerfactor,B9_SFA1,3,136,Sab,16,0.4075,0.9837
totalpowerfactor,B9_SFA1,3,137,Sab,17,0.0949,0.9809
totalpowerfactor,B9_SFA1,3,138,Sab,18,-0.6682,0.9742
totalpowerfactor,B9_SFA1,3,139,Sab,19,-0.8956,0.9722
totalpowerfactor,B9_SFA1,3,140,Sab,20,-1.0287,0.971
totalpowerfactor,B9_SFA1,3,141,Sab,21,-1.0551,0.9707
totalpowerfactor,B9_SFA1,3,142,Sab,22,-1.2182,0.9693
totalpowerfactor,B9_SFA1,3,143,Sab,23,-1.2341,0.9692
totalpowerfactor,B9_SFA1,3,144,Dom,0,-1.3116,0.9685
totalpowerfactor,B9_SFA1,3,145,Dom,1,-1.5608,0.9663
totalpowerfactor,B9_SFA1,3,146,Dom,2,-1.5694,0.9662
totalpowerfactor,B9_SFA1,3,147,Dom,3,-1.6655,0.9653
totalpowerfactor,B9_SFA1,3,148,Dom,4,-1.7919,0.9642
totalpowerfactor,B9_SFA1,3,149,Dom,5,-1.735,0.9647
totalpowerfactor,B9_SFA1,3,150,Dom,6,-1.9623,0.9627
totalpowerfactor,B9_SFA1,3,151,Dom,7,-1.7386,0.9647
totalpowerfactor,B9_SFA1,3,152,Dom,8,-1.5816,0.9661
totalpowerfactor,B9_SFA1,3,153,Dom,9,-1.5247,0.9666
totalpowerfactor,B9_SFA1,3,154,Dom,10,-1.502,0.9668
totalpowerfactor,B9_SFA1,3,155,Dom,11,-1.5876,0.966
totalpowerfactor,B9_SFA1,3,156,Dom,12,-1.5402,0.9665
totalpowerfactor,B9_SFA1,3,157,Dom,13,-1.5916,0.966
totalpowerfactor,B9_SFA1,3,158,Dom,14,-1.5815,0.9661
totalpowerfactor,B9_SFA1,3,159,Dom,15,-1.5006,0.9668
totalpowerfactor,B9_SFA1,3,160,Dom,16,-1.5217,0.9666
totalpowerfactor,B9_SFA1,3,161,Dom,17,-1.5439,0.9664
totalpowerfactor,B9_SFA1,3,162,Dom,18,-1.3704,0.968
totalpowerfactor,B9_SFA1,3,163,Dom,19,-1.3087,0.9685
totalpowerfactor,B9_SFA1,3,164,Dom,20,-1.2497,0.969
totalpowerfactor,B9_SFA1,3,165,Dom,21,-1.2834,0.9687
totalpowerfactor,B9_SFA1,3,166,Dom,22,-1.4025,0.9677
totalpowerfactor,B9_SFA1,3,167,Dom,23,-1.5831,0.9661
totalpowerfactor,B9_SFA2,1,0,Lun,0,-0.5425,0.9578
totalpowerfactor,B9_SFA2,1,1,Lun,1,-1.0834,0.9552
totalpowerfactor,B9_SFA2,1,2,Lun,2,-0.8195,0.9564
totalpowerfactor,B9_SFA2,1,3,Lun,3,-1.0558,0.9553
totalpowerfactor,B9_SFA2,1,4,Lun,4,-1.0948,0.9551
totalpowerfactor,B9_SFA2,1,5,Lun,5,-1.7091,0.9521
totalpowerfactor,B9_SFA2,1,6,Lun,6,-1.8668,0.9514
totalpowerfactor,B9_SFA2,1,7,Lun,7,-1.669,0.9523
totalpowerfactor,B9_SFA2,1,8,Lun,8,-1.0884,0.9551
totalpowerfactor,B9_SFA2,1,9,Lun,9,-0.423,0.9584
totalpowerfactor,B9_SFA2,1,10,Lun,10,0.2694,0.9617
totalpowerfactor,B9_SFA2,1,11,Lun,11,0.8867,0.9647
totalpowerfactor,B9_SFA2,1,12,Lun,12,1.257,0.9665
totalpowerfactor,B9_SFA2,1,13,Lun,13,1.1218,0.9658
totalpowerfactor,B9_SFA2,1,14,Lun,14,0.7294,0.9639
totalpowerfactor,B9_SFA2,1,15,Lun,15,0.5812,0.9632
totalpowerfactor,B9_SFA2,1,16,Lun,16,0.2972,0.9618
totalpowerfactor,B9_SFA2,1,17,Lun,17,-0.0674,0.9601
totalpowerfactor,B9_SFA2,1,18,Lun,18,-0.2128,0.9594
totalpowerfactor,B9_SFA2,1,19,Lun,19,-0.6714,0.9572
totalpowerfactor,B9_SFA2,1,20,Lun,20,-1.1949,0.9546
totalpowerfactor,B9_SFA2,1,21,Lun,21,-1.7021,0.9522
totalpowerfactor,B9_SFA2,1,22,Lun,22,-0.9915,0.9556
totalpowerfactor,B9_SFA2,1,23,Lun,23,-1.1755,0.9547
totalpowerfactor,B9_SFA2,1,24,Mar,0,-1.7343,0.952
totalpowerfactor,B9_SFA2,1,25,Mar,1,-1.8405,0.9515
totalpowerfactor,B9_SFA2,1,26,Mar,2,-1.991,0.9508
totalpowerfactor,B9_SFA2,1,27,Mar,3,-1.8661,0.9514
totalpowerfactor,B9_SFA2,1,28,Mar,4,-1.9793,0.9508
totalpowerfactor,B9_SFA2,1,29,Mar,5,-2.3074,0.9492
totalpowerfactor,B9_SFA2,1,30,Mar,6,-1.431,0.9535
totalpowerfactor,B9_SFA2,1,31,Mar,7,-1.0103,0.9555
totalpowerfactor,B9_SFA2,1,32,Mar,8,-0.099,0.9599
totalpowerfactor,B9_SFA2,1,33,Mar,9,0.3914,0.9623
totalpowerfactor,B9_SFA2,1,34,Mar,10,0.7949,0.9643
totalpowerfactor,B9_SFA2,1,35,Mar,11,1.1867,0.9661
totalpowerfactor,B9_SFA2,1,36,Mar,12,1.2232,0.9663
totalpowerfactor,B9_SFA2,1,37,Mar,13,1.3416,0.9669
totalpowerfactor,B9_SFA2,1,38,Mar,14,1.0745,0.9656
totalpowerfactor,B9_SFA2,1,39,Mar,15,1.1462,0.966
totalpowerfactor,B9_SFA2,1,40,Mar,16,0.4088,0.9624
totalpowerfactor,B9_SFA2,1,41,Mar,17,0.2469,0.9616
totalpowerfactor,B9_SFA2,1,42,Mar,18,0.2428,0.9616
totalpowerfactor,B9_SFA2,1,43,Mar,19,0.3373,0.962
totalpowerfactor,B9_SFA2,1,44,Mar,20,-0.0907,0.96
totalpowerfactor,B9_SFA2,1,45,Mar,21,-0.7762,0.9566
totalpowerfactor,B9_SFA2,1,46,Mar,22,-0.4454,0.9582
totalpowerfactor,B9_SFA2,1,47,Mar,23,-0.6327,0.9573
totalpowerfactor,B9_SFA2,1,48,Mie,0,-0.6239,0.9574
totalpowerfactor,B9_SFA2,1,49,Mie,1,-0.7998,0.9565
totalpowerfactor,B9_SFA2,1,50,Mie,2,-0.7662,0.9567
totalpowerfactor,B9_SFA2,1,51,Mie,3,-1.014,0.9555
totalpowerfactor,B9_SFA2,1,52,Mie,4,-1.0409,0.9554
totalpowerfactor,B9_SFA2,1,53,Mie,5,-1.6881,0.9522
totalpowerfactor,B9_SFA2,1,54,Mie,6,-1.3004,0.9541
totalpowerfactor,B9_SFA2,1,55,Mie,7,-0.9311,0.9559
totalpowerfactor,B9_SFA2,1,56,Mie,8,-0.2528,0.9592
totalpowerfactor,B9_SFA2,1,57,Mie,9,0.235,0.9615
totalpowerfactor,B9_SFA2,1,58,Mie,10,0.9472,0.965
totalpowerfactor,B9_SFA2,1,59,Mie,11,1.1574,0.966
totalpowerfactor,B9_SFA2,1,60,Mie,12,1.5265,0.9678
totalpowerfactor,B9_SFA2,1,61,Mie,13,1.3413,0.9669
totalpowerfactor,B9_SFA2,1,62,Mie,14,0.8354,0.9644
totalpowerfactor,B9_SFA2,1,63,Mie,15,0.4604,0.9626
totalpowerfactor,B9_SFA2,1,64,Mie,16,-0.0107,0.9604
totalpowerfactor,B9_SFA2,1,65,Mie,17,0.0672,0.9607
totalpowerfactor,B9_SFA2,1,66,Mie,18,-0.041,0.9602
totalpowerfactor,B9_SFA2,1,67,Mie,19,0.1087,0.9609
totalpowerfactor,B9_SFA2,1,68,Mie,20,0.2198,0.9615
totalpowerfactor,B9_SFA2,1,69,Mie,21,-0.5326,0.9578
totalpowerfactor,B9_SFA2,1,70,Mie,22,-0.3724,0.9586
totalpowerfactor,B9_SFA2,1,71,Mie,23,-0.3567,0.9587
totalpowerfactor,B9_SFA2,1,72,Jue,0,-0.7119,0.957
totalpowerfactor,B9_SFA2,1,73,Jue,1,-0.5982,0.9575
totalpowerfactor,B9_SFA2,1,74,Jue,2,-0.5599,0.9577
totalpowerfactor,B9_SFA2,1,75,Jue,3,-0.4442,0.9583
totalpowerfactor,B9_SFA2,1,76,Jue,4,-0.4101,0.9584
totalpowerfactor,B9_SFA2,1,77,Jue,5,-1.0745,0.9552
totalpowerfactor,B9_SFA2,1,78,Jue,6,-1.2612,0.9543
totalpowerfactor,B9_SFA2,1,79,Jue,7,-0.8557,0.9563
totalpowerfactor,B9_SFA2,1,80,Jue,8,-0.4185,0.9584
totalpowerfactor,B9_SFA2,1,81,Jue,9,-0.1338,0.9598
totalpowerfactor,B9_SFA2,1,82,Jue,10,0.5983,0.9633
totalpowerfactor,B9_SFA2,1,83,Jue,11,1.0887,0.9657
totalpowerfactor,B9_SFA2,1,84,Jue,12,1.4214,0.9673
totalpowerfactor,B9_SFA2,1,85,Jue,13,1.5096,0.9677
totalpowerfactor,B9_SFA2,1,86,Jue,14,1.1146,0.9658
totalpowerfactor,B9_SFA2,1,87,Jue,15,0.9961,0.9652
totalpowerfactor,B9_SFA2,1,88,Jue,16,0.8521,0.9645
totalpowerfactor,B9_SFA2,1,89,Jue,17,0.5746,0.9632
totalpowerfactor,B9_SFA2,1,90,Jue,18,-0.1037,0.9599
totalpowerfactor,B9_SFA2,1,91,Jue,19,-0.4196,0.9584
totalpowerfactor,B9_SFA2,1,92,Jue,20,-0.8116,0.9565
totalpowerfactor,B9_SFA2,1,93,Jue,21,-0.8295,0.9564
totalpowerfactor,B9_SFA2,1,94,Jue,22,0.2113,0.9614
totalpowerfactor,B9_SFA2,1,95,Jue,23,0.0277,0.9605
totalpowerfactor,B9_SFA2,1,96,Vie,0,0.0858,0.9608
totalpowerfactor,B9_SFA2,1,97,Vie,1,-0.0804,0.96
totalpowerfactor,B9_SFA2,1,98,Vie,2,-0.1079,0.9599
totalpowerfactor,B9_SFA2,1,99,Vie,3,-0.2165,0.9594
totalpowerfactor,B9_SFA2,1,100,Vie,4,-0.2773,0.9591
totalpowerfactor,B9_SFA2,1,101,Vie,5,-1.0165,0.9555
totalpowerfactor,B9_SFA2,1,102,Vie,6,-1.3473,0.9539
totalpowerfactor,B9_SFA2,1,103,Vie,7,-1.2551,0.9543
totalpowerfactor,B9_SFA2,1,104,Vie,8,-0.4808,0.9581
totalpowerfactor,B9_SFA2,1,105,Vie,9,-0.142,0.9597
totalpowerfactor,B9_SFA2,1,106,Vie,10,0.3675,0.9622
totalpowerfactor,B9_SFA2,1,107,Vie,11,0.8805,0.9647
totalpowerfactor,B9_SFA2,1,108,Vie,12,1.0861,0.9657
totalpowerfactor,B9_SFA2,1,109,Vie,13,1.1517,0.966
totalpowerfactor,B9_SFA2,1,110,Vie,14,1.0508,0.9655
totalpowerfactor,B9_SFA2,1,111,Vie,15,0.8437,0.9645
totalpowerfactor,B9_SFA2,1,112,Vie,16,0.7026,0.9638
totalpowerfactor,B9_SFA2,1,113,Vie,17,0.4872,0.9628
totalpowerfactor,B9_SFA2,1,114,Vie,18,0.5821,0.9632
totalpowerfactor,B9_SFA2,1,115,Vie,19,0.2193,0.9615
totalpowerfactor,B9_SFA2,1,116,Vie,20,-0.0435,0.9602
totalpowerfactor,B9_SFA2,1,117,Vie,21,-0.6204,0.9574
totalpowerfactor,B9_SFA2,1,118,Vie,22,0.3543,0.9621
totalpowerfactor,B9_SFA2,1,119,Vie,23,0.2533,0.9616
totalpowerfactor,B9_SFA2,1,120,Sab,0,0.018,0.9605
totalpowerfactor,B9_SFA2,1,121,Sab,1,-0.2115,0.9594
totalpowerfactor,B9_SFA2,1,122,Sab,2,-0.0451,0.9602
totalpowerfactor,B9_SFA2,1,123,Sab,3,-0.0283,0.9603
totalpowerfactor,B9_SFA2,1,124,Sab,4,-0.186,0.9595
totalpowerfactor,B9_SFA2,1,125,Sab,5,-0.9673,0.9557
totalpowerfactor,B9_SFA2,1,126,Sab,6,-1.9412,0.951
totalpowerfactor,B9_SFA2,1,127,Sab,7,-1.3903,0.9537
totalpowerfactor,B9_SFA2,1,128,Sab,8,-0.5429,0.9578
totalpowerfactor,B9_SFA2,1,129,Sab,9,-0.0123,0.9603
totalpowerfactor,B9_SFA2,1,130,Sab,10,0.8508,0.9645
totalpowerfactor,B9_SFA2,1,131,Sab,11,1.4287,0.9673
totalpowerfactor,B9_SFA2,1,132,Sab,12,1.4015,0.9672
totalpowerfactor,B9_SFA2,1,133,Sab,13,1.3621,0.967
totalpowerfactor,B9_SFA2,1,134,Sab,14,1.4766,0.9676
totalpowerfactor,B9_SFA2,1,135,Sab,15,1.0656,0.9656
totalpowerfactor,B9_SFA2,1,136,Sab,16,0.5833,0.9632
totalpowerfactor,B9_SFA2,1,137,Sab,17,0.5199,0.9629
totalpowerfactor,B9_SFA2,1,138,Sab,18,1.937,0.9698
totalpowerfactor,B9_SFA2,1,139,Sab,19,1.4476,0.9674
totalpowerfactor,B9_SFA2,1,140,Sab,20,0.9444,0.965
totalpowerfactor,B9_SFA2,1,141,Sab,21,0.2848,0.9618
totalpowerfactor,B9_SFA2,1,142,Sab,22,0.0316,0.9606
totalpowerfactor,B9_SFA2,1,143,Sab,23,-0.3468,0.9587
totalpowerfactor,B9_SFA2,1,144,Dom,0,-0.3934,0.9585
totalpowerfactor,B9_SFA2,1,145,Dom,1,-0.495,0.958
totalpowerfactor,B9_SFA2,1,146,Dom,2,-0.3999,0.9585
totalpowerfactor,B9_SFA2,1,147,Dom,3,-0.6021,0.9575
totalpowerfactor,B9_SFA2,1,148,Dom,4,-0.633,0.9573
totalpowerfactor,B9_SFA2,1,149,Dom,5,-0.6171,0.9574
totalpowerfactor,B9_SFA2,1,150,Dom,6,-0.5315,0.9578
totalpowerfactor,B9_SFA2,1,151,Dom,7,-0.5158,0.9579
totalpowerfactor,B9_SFA2,1,152,Dom,8,-0.2422,0.9592
totalpowerfactor,B9_SFA2,1,153,Dom,9,0.4101,0.9624
totalpowerfactor,B9_SFA2,1,154,Dom,10,1.5344,0.9678
totalpowerfactor,B9_SFA2,1,155,Dom,11,2.0271,0.9702
totalpowerfactor,B9_SFA2,1,156,Dom,12,2.4791,0.9724
totalpowerfactor,B9_SFA2,1,157,Dom,13,2.2604,0.9713
totalpowerfactor,B9_SFA2,1,158,Dom,14,2.073,0.9704
totalpowerfactor,B9_SFA2,1,159,Dom,15,1.8243,0.9692
totalpowerfactor,B9_SFA2,1,160,Dom,16,1.6656,0.9685
totalpowerfactor,B9_SFA2,1,161,Dom,17,1.3131,0.9668
totalpowerfactor,B9_SFA2,1,162,Dom,18,1.284,0.9666
totalpowerfactor,B9_SFA2,1,163,Dom,19,0.7662,0.9641
totalpowerfactor,B9_SFA2,1,164,Dom,20,0.427,0.9625
totalpowerfactor,B9_SFA2,1,165,Dom,21,0.1042,0.9609
totalpowerfactor,B9_SFA2,1,166,Dom,22,-0.2205,0.9593
totalpowerfactor,B9_SFA2,1,167,Dom,23,-0.5707,0.9576
totalpowerfactor,ECOVILLA,1,0,Lun,0,-1.0807,0.779
totalpowerfactor,ECOVILLA,1,1,Lun,1,-1.0955,0.7782
totalpowerfactor,ECOVILLA,1,2,Lun,2,-0.9754,0.7844
totalpowerfactor,ECOVILLA,1,3,Lun,3,-0.9852,0.7839
totalpowerfactor,ECOVILLA,1,4,Lun,4,-1.0488,0.7806
totalpowerfactor,ECOVILLA,1,5,Lun,5,-0.9248,0.787
totalpowerfactor,ECOVILLA,1,6,Lun,6,-0.8702,0.7898
totalpowerfactor,ECOVILLA,1,7,Lun,7,-0.5613,0.8057
totalpowerfactor,ECOVILLA,1,8,Lun,8,0.1096,0.8402
totalpowerfactor,ECOVILLA,1,9,Lun,9,0.5099,0.8607
totalpowerfactor,ECOVILLA,1,10,Lun,10,0.665,0.8687
totalpowerfactor,ECOVILLA,1,11,Lun,11,0.6914,0.8701
totalpowerfactor,ECOVILLA,1,12,Lun,12,0.8246,0.8769
totalpowerfactor,ECOVILLA,1,13,Lun,13,0.9648,0.8841
totalpowerfactor,ECOVILLA,1,14,Lun,14,0.8801,0.8798
totalpowerfactor,ECOVILLA,1,15,Lun,15,0.9813,0.885
totalpowerfactor,ECOVILLA,1,16,Lun,16,0.9802,0.8849
totalpowerfactor,ECOVILLA,1,17,Lun,17,0.4835,0.8594
totalpowerfactor,ECOVILLA,1,18,Lun,18,0.4671,0.8585
totalpowerfactor,ECOVILLA,1,19,Lun,19,0.2381,0.8468
totalpowerfactor,ECOVILLA,1,20,Lun,20,-0.1078,0.829
totalpowerfactor,ECOVILLA,1,21,Lun,21,-0.2968,0.8193
totalpowerfactor,ECOVILLA,1,22,Lun,22,-0.6383,0.8017
totalpowerfactor,ECOVILLA,1,23,Lun,23,-0.7724,0.7948
totalpowerfactor,ECOVILLA,1,24,Mar,0,-0.9133,0.7876
totalpowerfactor,ECOVILLA,1,25,Mar,1,-0.8921,0.7887
totalpowerfactor,ECOVILLA,1,26,Mar,2,-0.901,0.7882
totalpowerfactor,ECOVILLA,1,27,Mar,3,-0.9346,0.7865
totalpowerfactor,ECOVILLA,1,28,Mar,4,-0.9756,0.7844
totalpowerfactor,ECOVILLA,1,29,Mar,5,-0.7855,0.7941
totalpowerfactor,ECOVILLA,1,30,Mar,6,-0.8814,0.7892
totalpowerfactor,ECOVILLA,1,31,Mar,7,-0.1462,0.827
totalpowerfactor,ECOVILLA,1,32,Mar,8,1.044,0.8882
totalpowerfactor,ECOVILLA,1,33,Mar,9,1.236,0.8981
totalpowerfactor,ECOVILLA,1,34,Mar,10,1.2449,0.8985
totalpowerfactor,ECOVILLA,1,35,Mar,11,1.2042,0.8964
totalpowerfactor,ECOVILLA,1,36,Mar,12,1.428,0.9079
totalpowerfactor,ECOVILLA,1,37,Mar,13,1.5879,0.9161
totalpowerfactor,ECOVILLA,1,38,Mar,14,1.8484,0.9295
totalpowerfactor,ECOVILLA,1,39,Mar,15,1.8655,0.9304
totalpowerfactor,ECOVILLA,1,40,Mar,16,1.6436,0.919
totalpowerfactor,ECOVILLA,1,41,Mar,17,1.3081,0.9018
totalpowerfactor,ECOVILLA,1,42,Mar,18,0.6164,0.8662
totalpowerfactor,ECOVILLA,1,43,Mar,19,-0.1204,0.8283
totalpowerfactor,ECOVILLA,1,44,Mar,20,-0.3338,0.8174
totalpowerfactor,ECOVILLA,1,45,Mar,21,-0.3897,0.8145
totalpowerfactor,ECOVILLA,1,46,Mar,22,-0.4598,0.8109
totalpowerfactor,ECOVILLA,1,47,Mar,23,-0.6335,0.802
totalpowerfactor,ECOVILLA,1,48,Mie,0,-0.7035,0.7984
totalpowerfactor,ECOVILLA,1,49,Mie,1,-0.7397,0.7965
totalpowerfactor,ECOVILLA,1,50,Mie,2,-0.7277,0.7971
totalpowerfactor,ECOVILLA,1,51,Mie,3,-0.7899,0.7939
totalpowerfactor,ECOVILLA,1,52,Mie,4,-0.8838,0.7891
totalpowerfactor,ECOVILLA,1,53,Mie,5,-0.6764,0.7997
totalpowerfactor,ECOVILLA,1,54,Mie,6,-0.313,0.8184
totalpowerfactor,ECOVILLA,1,55,Mie,7,0.2833,0.8491
totalpowerfactor,ECOVILLA,1,56,Mie,8,0.9029,0.8809
totalpowerfactor,ECOVILLA,1,57,Mie,9,0.923,0.882
totalpowerfactor,ECOVILLA,1,58,Mie,10,1.4767,0.9104
totalpowerfactor,ECOVILLA,1,59,Mie,11,1.4541,0.9093
totalpowerfactor,ECOVILLA,1,60,Mie,12,1.7636,0.9252
totalpowerfactor,ECOVILLA,1,61,Mie,13,1.7885,0.9265
totalpowerfactor,ECOVILLA,1,62,Mie,14,1.9253,0.9335
totalpowerfactor,ECOVILLA,1,63,Mie,15,1.9165,0.933
totalpowerfactor,ECOVILLA,1,64,Mie,16,1.4339,0.9082
totalpowerfactor,ECOVILLA,1,65,Mie,17,1.161,0.8942
totalpowerfactor,ECOVILLA,1,66,Mie,18,0.9788,0.8848
totalpowerfactor,ECOVILLA,1,67,Mie,19,0.5768,0.8642
totalpowerfactor,ECOVILLA,1,68,Mie,20,0.6088,0.8658
totalpowerfactor,ECOVILLA,1,69,Mie,21,0.4486,0.8576
totalpowerfactor,ECOVILLA,1,70,Mie,22,0.0577,0.8375
totalpowerfactor,ECOVILLA,1,71,Mie,23,-0.4004,0.8139
totalpowerfactor,ECOVILLA,1,72,Jue,0,-0.5309,0.8072
totalpowerfactor,ECOVILLA,1,73,Jue,1,-0.6692,0.8001
totalpowerfactor,ECOVILLA,1,74,Jue,2,-0.7274,0.7971
totalpowerfactor,ECOVILLA,1,75,Jue,3,-0.7006,0.7985
totalpowerfactor,ECOVILLA,1,76,Jue,4,-0.7557,0.7957
totalpowerfactor,ECOVILLA,1,77,Jue,5,-0.7295,0.797
totalpowerfactor,ECOVILLA,1,78,Jue,6,-0.4396,0.8119
totalpowerfactor,ECOVILLA,1,79,Jue,7,0.0234,0.8357
totalpowerfactor,ECOVILLA,1,80,Jue,8,1.1071,0.8914
totalpowerfactor,ECOVILLA,1,81,Jue,9,1.5408,0.9137
totalpowerfactor,ECOVILLA,1,82,Jue,10,1.851,0.9297
totalpowerfactor,ECOVILLA,1,83,Jue,11,1.8123,0.9277
totalpowerfactor,ECOVILLA,1,84,Jue,12,1.8064,0.9274
totalpowerfactor,ECOVILLA,1,85,Jue,13,1.9271,0.9336
totalpowerfactor,ECOVILLA,1,86,Jue,14,2.2318,0.9492
totalpowerfactor,ECOVILLA,1,87,Jue,15,2.2642,0.9509
totalpowerfactor,ECOVILLA,1,88,Jue,16,2.1653,0.9458
totalpowerfactor,ECOVILLA,1,89,Jue,17,1.8769,0.931
totalpowerfactor,ECOVILLA,1,90,Jue,18,0.8096,0.8761
totalpowerfactor,ECOVILLA,1,91,Jue,19,0.0412,0.8366
totalpowerfactor,ECOVILLA,1,92,Jue,20,-0.1815,0.8252
totalpowerfactor,ECOVILLA,1,93,Jue,21,-0.4928,0.8092
totalpowerfactor,ECOVILLA,1,94,Jue,22,-0.4637,0.8107
totalpowerfactor,ECOVILLA,1,95,Jue,23,-0.4881,0.8094
totalpowerfactor,ECOVILLA,1,96,Vie,0,-0.447,0.8115
totalpowerfactor,ECOVILLA,1,97,Vie,1,-0.5026,0.8087
totalpowerfactor,ECOVILLA,1,98,Vie,2,-0.581,0.8047
totalpowerfactor,ECOVILLA,1,99,Vie,3,-0.587,0.8043
totalpowerfactor,ECOVILLA,1,100,Vie,4,-0.5496,0.8063
totalpowerfactor,ECOVILLA,1,101,Vie,5,-0.5451,0.8065
totalpowerfactor,ECOVILLA,1,102,Vie,6,-0.4984,0.8089
totalpowerfactor,ECOVILLA,1,103,Vie,7,-0.1134,0.8287
totalpowerfactor,ECOVILLA,1,104,Vie,8,0.3981,0.855
totalpowerfactor,ECOVILLA,1,105,Vie,9,0.5883,0.8648
totalpowerfactor,ECOVILLA,1,106,Vie,10,0.8495,0.8782
totalpowerfactor,ECOVILLA,1,107,Vie,11,1.1656,0.8944
totalpowerfactor,ECOVILLA,1,108,Vie,12,1.274,0.9
totalpowerfactor,ECOVILLA,1,109,Vie,13,1.5109,0.9122
totalpowerfactor,ECOVILLA,1,110,Vie,14,1.8531,0.9298
totalpowerfactor,ECOVILLA,1,111,Vie,15,1.7698,0.9255
totalpowerfactor,ECOVILLA,1,112,Vie,16,1.6703,0.9204
totalpowerfactor,ECOVILLA,1,113,Vie,17,0.9872,0.8853
totalpowerfactor,ECOVILLA,1,114,Vie,18,0.4887,0.8596
totalpowerfactor,ECOVILLA,1,115,Vie,19,0.1566,0.8426
totalpowerfactor,ECOVILLA,1,116,Vie,20,0.1141,0.8404
totalpowerfactor,ECOVILLA,1,117,Vie,21,0.0268,0.8359
totalpowerfactor,ECOVILLA,1,118,Vie,22,-0.1793,0.8253
totalpowerfactor,ECOVILLA,1,119,Vie,23,-0.6049,0.8034
totalpowerfactor,ECOVILLA,1,120,Sab,0,-0.8237,0.7922
totalpowerfactor,ECOVILLA,1,121,Sab,1,-0.9676,0.7848
totalpowerfactor,ECOVILLA,1,122,Sab,2,-0.8567,0.7905
totalpowerfactor,ECOVILLA,1,123,Sab,3,-0.8482,0.7909
totalpowerfactor,ECOVILLA,1,124,Sab,4,-0.8956,0.7885
totalpowerfactor,ECOVILLA,1,125,Sab,5,-0.8499,0.7908
totalpowerfactor,ECOVILLA,1,126,Sab,6,-0.672,0.8
totalpowerfactor,ECOVILLA,1,127,Sab,7,-0.5345,0.807
totalpowerfactor,ECOVILLA,1,128,Sab,8,-0.4929,0.8092
totalpowerfactor,ECOVILLA,1,129,Sab,9,-0.4236,0.8127
totalpowerfactor,ECOVILLA,1,130,Sab,10,-0.376,0.8152
totalpowerfactor,ECOVILLA,1,131,Sab,11,-0.4228,0.8128
totalpowerfactor,ECOVILLA,1,132,Sab,12,-0.3331,0.8174
totalpowerfactor,ECOVILLA,1,133,Sab,13,-0.06,0.8314
totalpowerfactor,ECOVILLA,1,134,Sab,14,-0.2608,0.8211
totalpowerfactor,ECOVILLA,1,135,Sab,15,-0.3491,0.8166
totalpowerfactor,ECOVILLA,1,136,Sab,16,-0.3675,0.8156
totalpowerfactor,ECOVILLA,1,137,Sab,17,-0.2876,0.8197
totalpowerfactor,ECOVILLA,1,138,Sab,18,-0.3959,0.8142
totalpowerfactor,ECOVILLA,1,139,Sab,19,-0.6406,0.8016
totalpowerfactor,ECOVILLA,1,140,Sab,20,-0.8898,0.7888
totalpowerfactor,ECOVILLA,1,141,Sab,21,-0.9259,0.7869
totalpowerfactor,ECOVILLA,1,142,Sab,22,-1.1561,0.7751
totalpowerfactor,ECOVILLA,1,143,Sab,23,-1.1268,0.7766
totalpowerfactor,ECOVILLA,1,144,Dom,0,-1.0865,0.7787
totalpowerfactor,ECOVILLA,1,145,Dom,1,-1.1355,0.7762
totalpowerfactor,ECOVILLA,1,146,Dom,2,-1.1389,0.776
totalpowerfactor,ECOVILLA,1,147,Dom,3,-1.069,0.7796
totalpowerfactor,ECOVILLA,1,148,Dom,4,-1.1214,0.7769
totalpowerfactor,ECOVILLA,1,149,Dom,5,-1.1108,0.7774
totalpowerfactor,ECOVILLA,1,150,Dom,6,-1.1054,0.7777
totalpowerfactor,ECOVILLA,1,151,Dom,7,-1.0501,0.7805
totalpowerfactor,ECOVILLA,1,152,Dom,8,-0.9367,0.7864
totalpowerfactor,ECOVILLA,1,153,Dom,9,-0.9933,0.7835
totalpowerfactor,ECOVILLA,1,154,Dom,10,-0.921,0.7872
totalpowerfactor,ECOVILLA,1,155,Dom,11,-0.9299,0.7867
totalpowerfactor,ECOVILLA,1,156,Dom,12,-0.9516,0.7856
totalpowerfactor,ECOVILLA,1,157,Dom,13,-0.803,0.7932
totalpowerfactor,ECOVILLA,1,158,Dom,14,-0.8653,0.79
totalpowerfactor,ECOVILLA,1,159,Dom,15,-0.8722,0.7897
totalpowerfactor,ECOVILLA,1,160,Dom,16,-0.8914,0.7887
totalpowerfactor,ECOVILLA,1,161,Dom,17,-0.9091,0.7878
totalpowerfactor,ECOVILLA,1,162,Dom,18,-0.9401,0.7862
totalpowerfactor,ECOVILLA,1,163,Dom,19,-1.0064,0.7828
totalpowerfactor,ECOVILLA,1,164,Dom,20,-1.0329,0.7814
totalpowerfactor,ECOVILLA,1,165,Dom,21,-1.0616,0.78
totalpowerfactor,ECOVILLA,1,166,Dom,22,-1.1013,0.7779
totalpowerfactor,ECOVILLA,1,167,Dom,23,-1.0961,0.7782
voltaje_promedio,B10_ARQ,1,0,Lun,0,1.2647,125.9295
voltaje_promedio,B10_ARQ,1,1,Lun,1,1.343,126.0216
voltaje_promedio,B10_ARQ,1,2,Lun,2,1.3101,125.983
voltaje_promedio,B10_ARQ,1,3,Lun,3,1.2068,125.8615
voltaje_promedio,B10_ARQ,1,4,Lun,4,0.959,125.5702
voltaje_promedio,B10_ARQ,1,5,Lun,5,0.3647,124.8715
voltaje_promedio,B10_ARQ,1,6,Lun,6,-0.2392,124.1616
voltaje_promedio,B10_ARQ,1,7,Lun,7,-0.5746,123.7673
voltaje_promedio,B10_ARQ,1,8,Lun,8,-0.7807,123.5251
voltaje_promedio,B10_ARQ,1,9,Lun,9,-0.7964,123.5066
voltaje_promedio,B10_ARQ,1,10,Lun,10,-1.1261,123.1189
voltaje_promedio,B10_ARQ,1,11,Lun,11,-1.1214,123.1245
voltaje_promedio,B10_ARQ,1,12,Lun,12,-0.628,123.7046
voltaje_promedio,B10_ARQ,1,13,Lun,13,-0.481,123.8773
voltaje_promedio,B10_ARQ,1,14,Lun,14,-0.9843,123.2857
voltaje_promedio,B10_ARQ,1,15,Lun,15,-0.9605,123.3137
voltaje_promedio,B10_ARQ,1,16,Lun,16,-0.5446,123.8026
voltaje_promedio,B10_ARQ,1,17,Lun,17,-0.1376,124.2811
voltaje_promedio,B10_ARQ,1,18,Lun,18,-0.0596,124.3727
voltaje_promedio,B10_ARQ,1,19,Lun,19,0.3176,124.8162
voltaje_promedio,B10_ARQ,1,20,Lun,20,0.7471,125.3211
voltaje_promedio,B10_ARQ,1,21,Lun,21,0.9239,125.5289
voltaje_promedio,B10_ARQ,1,22,Lun,22,1.0335,125.6578
voltaje_promedio,B10_ARQ,1,23,Lun,23,1.0999,125.7358
voltaje_promedio,B10_ARQ,1,24,Mar,0,1.2033,125.8574
voltaje_promedio,B10_ARQ,1,25,Mar,1,1.2723,125.9385
voltaje_promedio,B10_ARQ,1,26,Mar,2,1.29,125.9593
voltaje_promedio,B10_ARQ,1,27,Mar,3,1.2105,125.8659
voltaje_promedio,B10_ARQ,1,28,Mar,4,0.9607,125.5722
voltaje_promedio,B10_ARQ,1,29,Mar,5,0.242,124.7273
voltaje_promedio,B10_ARQ,1,30,Mar,6,-0.5105,123.8427
voltaje_promedio,B10_ARQ,1,31,Mar,7,-0.9322,123.3469
voltaje_promedio,B10_ARQ,1,32,Mar,8,-1.253,122.9698
voltaje_promedio,B10_ARQ,1,33,Mar,9,-1.1931,123.0402
voltaje_promedio,B10_ARQ,1,34,Mar,10,-1.0143,123.2504
voltaje_promedio,B10_ARQ,1,35,Mar,11,-1.23,122.9969
voltaje_promedio,B10_ARQ,1,36,Mar,12,-1.1529,123.0874
voltaje_promedio,B10_ARQ,1,37,Mar,13,-0.9542,123.3211
voltaje_promedio,B10_ARQ,1,38,Mar,14,-1.1462,123.0953
voltaje_promedio,B10_ARQ,1,39,Mar,15,-0.9292,123.3504
voltaje_promedio,B10_ARQ,1,40,Mar,16,-0.5088,123.8447
voltaje_promedio,B10_ARQ,1,41,Mar,17,-0.2287,124.174
voltaje_promedio,B10_ARQ,1,42,Mar,18,-0.0176,124.4221
voltaje_promedio,B10_ARQ,1,43,Mar,19,0.2239,124.706
voltaje_promedio,B10_ARQ,1,44,Mar,20,0.6471,125.2035
voltaje_promedio,B10_ARQ,1,45,Mar,21,0.7871,125.3681
voltaje_promedio,B10_ARQ,1,46,Mar,22,0.9245,125.5296
voltaje_promedio,B10_ARQ,1,47,Mar,23,1.0289,125.6524
voltaje_promedio,B10_ARQ,1,48,Mie,0,1.019,125.6408
voltaje_promedio,B10_ARQ,1,49,Mie,1,0.9175,125.5214
voltaje_promedio,B10_ARQ,1,50,Mie,2,0.9067,125.5087
voltaje_promedio,B10_ARQ,1,51,Mie,3,0.8766,125.4733
voltaje_promedio,B10_ARQ,1,52,Mie,4,0.7322,125.3036
voltaje_promedio,B10_ARQ,1,53,Mie,5,0.1643,124.636
voltaje_promedio,B10_ARQ,1,54,Mie,6,-0.5527,123.793
voltaje_promedio,B10_ARQ,1,55,Mie,7,-0.8756,123.4134
voltaje_promedio,B10_ARQ,1,56,Mie,8,-1.2655,122.9551
voltaje_promedio,B10_ARQ,1,57,Mie,9,-1.3323,122.8766
voltaje_promedio,B10_ARQ,1,58,Mie,10,-1.4719,122.7125
voltaje_promedio,B10_ARQ,1,59,Mie,11,-1.2944,122.9212
voltaje_promedio,B10_ARQ,1,60,Mie,12,-1.0592,123.1976
voltaje_promedio,B10_ARQ,1,61,Mie,13,-1.1019,123.1475
voltaje_promedio,B10_ARQ,1,62,Mie,14,-1.7935,122.3344
voltaje_promedio,B10_ARQ,1,63,Mie,15,-1.7108,122.4316
voltaje_promedio,B10_ARQ,1,64,Mie,16,-0.943,123.3342
voltaje_promedio,B10_ARQ,1,65,Mie,17,-0.2864,124.1061
voltaje_promedio,B10_ARQ,1,66,Mie,18,-0.3706,124.0071
voltaje_promedio,B10_ARQ,1,67,Mie,19,0.0851,124.5429
voltaje_promedio,B10_ARQ,1,68,Mie,20,0.6719,125.2326
voltaje_promedio,B10_ARQ,1,69,Mie,21,0.8362,125.4258
voltaje_promedio,B10_ARQ,1,70,Mie,22,1.1729,125.8217
voltaje_promedio,B10_ARQ,1,71,Mie,23,1.0057,125.6251
voltaje_promedio,B10_ARQ,1,72,Jue,0,1.0897,125.7238
voltaje_promedio,B10_ARQ,1,73,Jue,1,1.2212,125.8785
voltaje_promedio,B10_ARQ,1,74,Jue,2,1.1837,125.8344
voltaje_promedio,B10_ARQ,1,75,Jue,3,1.1566,125.8025
voltaje_promedio,B10_ARQ,1,76,Jue,4,0.9958,125.6135
voltaje_promedio,B10_ARQ,1,77,Jue,5,0.4933,125.0227
voltaje_promedio,B10_ARQ,1,78,Jue,6,-0.4136,123.9566
voltaje_promedio,B10_ARQ,1,79,Jue,7,-0.9589,123.3156
voltaje_promedio,B10_ARQ,1,80,Jue,8,-1.5671,122.6006
voltaje_promedio,B10_ARQ,1,81,Jue,9,-1.6633,122.4874
voltaje_promedio,B10_ARQ,1,82,Jue,10,-1.4969,122.6831
voltaje_promedio,B10_ARQ,1,83,Jue,11,-1.4334,122.7577
voltaje_promedio,B10_ARQ,1,84,Jue,12,-1.3344,122.8742
voltaje_promedio,B10_ARQ,1,85,Jue,13,-1.3422,122.8649
voltaje_promedio,B10_ARQ,1,86,Jue,14,-1.7589,122.3751
voltaje_promedio,B10_ARQ,1,87,Jue,15,-1.7066,122.4366
voltaje_promedio,B10_ARQ,1,88,Jue,16,-1.2538,122.9688
voltaje_promedio,B10_ARQ,1,89,Jue,17,-0.6578,123.6695
voltaje_promedio,B10_ARQ,1,90,Jue,18,-0.4201,123.9489
voltaje_promedio,B10_ARQ,1,91,Jue,19,0.0747,124.5306
voltaje_promedio,B10_ARQ,1,92,Jue,20,0.5686,125.1112
voltaje_promedio,B10_ARQ,1,93,Jue,21,1.0223,125.6447
voltaje_promedio,B10_ARQ,1,94,Jue,22,1.1573,125.8033
voltaje_promedio,B10_ARQ,1,95,Jue,23,1.2365,125.8964
voltaje_promedio,B10_ARQ,1,96,Vie,0,0.8146,125.4005
voltaje_promedio,B10_ARQ,1,97,Vie,1,0.8714,125.4673
voltaje_promedio,B10_ARQ,1,98,Vie,2,1.0118,125.6322
voltaje_promedio,B10_ARQ,1,99,Vie,3,0.9844,125.6
voltaje_promedio,B10_ARQ,1,100,Vie,4,0.805,125.3892
voltaje_promedio,B10_ARQ,1,101,Vie,5,0.2935,124.7879
voltaje_promedio,B10_ARQ,1,102,Vie,6,-0.482,123.8762
voltaje_promedio,B10_ARQ,1,103,Vie,7,-1.0076,123.2583
voltaje_promedio,B10_ARQ,1,104,Vie,8,-1.3066,122.9068
voltaje_promedio,B10_ARQ,1,105,Vie,9,-1.3519,122.8535
voltaje_promedio,B10_ARQ,1,106,Vie,10,-1.4843,122.6979
voltaje_promedio,B10_ARQ,1,107,Vie,11,-1.4994,122.6802
voltaje_promedio,B10_ARQ,1,108,Vie,12,-1.3066,122.9068
voltaje_promedio,B10_ARQ,1,109,Vie,13,-1.4139,122.7806
voltaje_promedio,B10_ARQ,1,110,Vie,14,-2.1003,121.9737
voltaje_promedio,B10_ARQ,1,111,Vie,15,-1.9963,122.096
voltaje_promedio,B10_ARQ,1,112,Vie,16,-1.3957,122.8021
voltaje_promedio,B10_ARQ,1,113,Vie,17,-0.2278,124.175
voltaje_promedio,B10_ARQ,1,114,Vie,18,0.1595,124.6303
voltaje_promedio,B10_ARQ,1,115,Vie,19,0.4286,124.9467
voltaje_promedio,B10_ARQ,1,116,Vie,20,0.7955,125.378
voltaje_promedio,B10_ARQ,1,117,Vie,21,0.9635,125.5755
voltaje_promedio,B10_ARQ,1,118,Vie,22,1.0056,125.625
voltaje_promedio,B10_ARQ,1,119,Vie,23,1.0613,125.6904
voltaje_promedio,B10_ARQ,1,120,Sab,0,0.9812,125.5963
voltaje_promedio,B10_ARQ,1,121,Sab,1,1.0484,125.6753
voltaje_promedio,B10_ARQ,1,122,Sab,2,1.0168,125.6382
voltaje_promedio,B10_ARQ,1,123,Sab,3,1.0149,125.6359
voltaje_promedio,B10_ARQ,1,124,Sab,4,0.9062,125.5081
voltaje_promedio,B10_ARQ,1,125,Sab,5,0.5874,125.1334
voltaje_promedio,B10_ARQ,1,126,Sab,6,-0.4053,123.9663
voltaje_promedio,B10_ARQ,1,127,Sab,7,-0.8906,123.3959
voltaje_promedio,B10_ARQ,1,128,Sab,8,-1.1114,123.1362
voltaje_promedio,B10_ARQ,1,129,Sab,9,-1.3292,122.8802
voltaje_promedio,B10_ARQ,1,130,Sab,10,-1.4579,122.7289
voltaje_promedio,B10_ARQ,1,131,Sab,11,-1.3523,122.8531
voltaje_promedio,B10_ARQ,1,132,Sab,12,-0.9998,123.2674
voltaje_promedio,B10_ARQ,1,133,Sab,13,-0.3036,124.0859
voltaje_promedio,B10_ARQ,1,134,Sab,14,-0.0791,124.3498
voltaje_promedio,B10_ARQ,1,135,Sab,15,-0.0705,124.36
voltaje_promedio,B10_ARQ,1,136,Sab,16,0.0655,124.5199
voltaje_promedio,B10_ARQ,1,137,Sab,17,0.2009,124.6789
voltaje_promedio,B10_ARQ,1,138,Sab,18,0.3081,124.805
voltaje_promedio,B10_ARQ,1,139,Sab,19,0.69,125.2539
voltaje_promedio,B10_ARQ,1,140,Sab,20,1.2921,125.9618
voltaje_promedio,B10_ARQ,1,141,Sab,21,1.1035,125.7401
voltaje_promedio,B10_ARQ,1,142,Sab,22,1.3424,126.0209
voltaje_promedio,B10_ARQ,1,143,Sab,23,1.3427,126.0212
voltaje_promedio,B10_ARQ,1,144,Dom,0,1.2777,125.9449
voltaje_promedio,B10_ARQ,1,145,Dom,1,1.3146,125.9883
voltaje_promedio,B10_ARQ,1,146,Dom,2,1.2408,125.9014
voltaje_promedio,B10_ARQ,1,147,Dom,3,1.2211,125.8783
voltaje_promedio,B10_ARQ,1,148,Dom,4,1.1399,125.7828
voltaje_promedio,B10_ARQ,1,149,Dom,5,1.0629,125.6924
voltaje_promedio,B10_ARQ,1,150,Dom,6,0.747,125.321
voltaje_promedio,B10_ARQ,1,151,Dom,7,0.2568,124.7447
voltaje_promedio,B10_ARQ,1,152,Dom,8,0.0009,124.4439
voltaje_promedio,B10_ARQ,1,153,Dom,9,0.0352,124.4841
voltaje_promedio,B10_ARQ,1,154,Dom,10,-0.1362,124.2827
voltaje_promedio,B10_ARQ,1,155,Dom,11,-0.181,124.23
voltaje_promedio,B10_ARQ,1,156,Dom,12,-0.2284,124.1743
voltaje_promedio,B10_ARQ,1,157,Dom,13,-0.124,124.297
voltaje_promedio,B10_ARQ,1,158,Dom,14,-0.0365,124.3999
voltaje_promedio,B10_ARQ,1,159,Dom,15,-0.0946,124.3316
voltaje_promedio,B10_ARQ,1,160,Dom,16,0.0522,124.5041
voltaje_promedio,B10_ARQ,1,161,Dom,17,0.1562,124.6264
voltaje_promedio,B10_ARQ,1,162,Dom,18,0.2314,124.7148
voltaje_promedio,B10_ARQ,1,163,Dom,19,0.5004,125.0311
voltaje_promedio,B10_ARQ,1,164,Dom,20,0.8926,125.4921
voltaje_promedio,B10_ARQ,1,165,Dom,21,1.1277,125.7686
voltaje_promedio,B10_ARQ,1,166,Dom,22,1.2485,125.9106
voltaje_promedio,B10_ARQ,1,167,Dom,23,1.3931,126.0805
voltaje_promedio,B12_DERE,2,0,Lun,0,1.1745,123.2547
voltaje_promedio,B12_DERE,2,1,Lun,1,1.3011,123.3485
voltaje_promedio,B12_DERE,2,2,Lun,2,1.236,123.3002
voltaje_promedio,B12_DERE,2,3,Lun,3,1.0836,123.1874
voltaje_promedio,B12_DERE,2,4,Lun,4,0.7151,122.9143
voltaje_promedio,B12_DERE,2,5,Lun,5,-0.1613,122.265
voltaje_promedio,B12_DERE,2,6,Lun,6,-0.8251,121.7732
voltaje_promedio,B12_DERE,2,7,Lun,7,-1.2014,121.4944
voltaje_promedio,B12_DERE,2,8,Lun,8,-1.3817,121.3608
voltaje_promedio,B12_DERE,2,9,Lun,9,-1.3348,121.3956
voltaje_promedio,B12_DERE,2,10,Lun,10,-1.5534,121.2336
voltaje_promedio,B12_DERE,2,11,Lun,11,-1.3654,121.373
voltaje_promedio,B12_DERE,2,12,Lun,12,-0.9638,121.6705
voltaje_promedio,B12_DERE,2,13,Lun,13,-0.6549,121.8994
voltaje_promedio,B12_DERE,2,14,Lun,14,-0.9628,121.6712
voltaje_promedio,B12_DERE,2,15,Lun,15,-0.8117,121.7832
voltaje_promedio,B12_DERE,2,16,Lun,16,-0.2321,122.2126
voltaje_promedio,B12_DERE,2,17,Lun,17,0.4663,122.73
voltaje_promedio,B12_DERE,2,18,Lun,18,0.1898,122.5252
voltaje_promedio,B12_DERE,2,19,Lun,19,0.5964,122.8264
voltaje_promedio,B12_DERE,2,20,Lun,20,1.0157,123.1371
voltaje_promedio,B12_DERE,2,21,Lun,21,1.0655,123.1739
voltaje_promedio,B12_DERE,2,22,Lun,22,1.1035,123.2021
voltaje_promedio,B12_DERE,2,23,Lun,23,1.2506,123.3111
voltaje_promedio,B12_DERE,2,24,Mar,0,1.3078,123.3535
voltaje_promedio,B12_DERE,2,25,Mar,1,1.3904,123.4147
voltaje_promedio,B12_DERE,2,26,Mar,2,1.404,123.4248
voltaje_promedio,B12_DERE,2,27,Mar,3,1.2817,123.3341
voltaje_promedio,B12_DERE,2,28,Mar,4,0.8732,123.0315
voltaje_promedio,B12_DERE,2,29,Mar,5,-0.1739,122.2557
voltaje_promedio,B12_DERE,2,30,Mar,6,-1.0308,121.6208
voltaje_promedio,B12_DERE,2,31,Mar,7,-1.2523,121.4567
voltaje_promedio,B12_DERE,2,32,Mar,8,-1.554,121.2332
voltaje_promedio,B12_DERE,2,33,Mar,9,-1.5048,121.2697
voltaje_promedio,B12_DERE,2,34,Mar,10,-1.2647,121.4476
voltaje_promedio,B12_DERE,2,35,Mar,11,-1.4216,121.3313
voltaje_promedio,B12_DERE,2,36,Mar,12,-1.0821,121.5828
voltaje_promedio,B12_DERE,2,37,Mar,13,-0.7308,121.8431
voltaje_promedio,B12_DERE,2,38,Mar,14,-1.1752,121.5139
voltaje_promedio,B12_DERE,2,39,Mar,15,-0.821,121.7763
voltaje_promedio,B12_DERE,2,40,Mar,16,-0.1733,122.2561
voltaje_promedio,B12_DERE,2,41,Mar,17,0.0942,122.4543
voltaje_promedio,B12_DERE,2,42,Mar,18,0.1002,122.4588
voltaje_promedio,B12_DERE,2,43,Mar,19,0.3487,122.6429
voltaje_promedio,B12_DERE,2,44,Mar,20,0.8635,123.0243
voltaje_promedio,B12_DERE,2,45,Mar,21,0.9514,123.0895
voltaje_promedio,B12_DERE,2,46,Mar,22,1.083,123.1869
voltaje_promedio,B12_DERE,2,47,Mar,23,1.2733,123.3279
voltaje_promedio,B12_DERE,2,48,Mie,0,1.1682,123.2501
voltaje_promedio,B12_DERE,2,49,Mie,1,0.976,123.1077
voltaje_promedio,B12_DERE,2,50,Mie,2,0.9331,123.0759
voltaje_promedio,B12_DERE,2,51,Mie,3,0.8684,123.0279
voltaje_promedio,B12_DERE,2,52,Mie,4,0.5337,122.78
voltaje_promedio,B12_DERE,2,53,Mie,5,-0.2861,122.1726
voltaje_promedio,B12_DERE,2,54,Mie,6,-1.0959,121.5726
voltaje_promedio,B12_DERE,2,55,Mie,7,-1.3177,121.4083
voltaje_promedio,B12_DERE,2,56,Mie,8,-1.6056,121.195
voltaje_promedio,B12_DERE,2,57,Mie,9,-1.4628,121.3008
voltaje_promedio,B12_DERE,2,58,Mie,10,-1.6932,121.1301
voltaje_promedio,B12_DERE,2,59,Mie,11,-1.4662,121.2983
voltaje_promedio,B12_DERE,2,60,Mie,12,-1.1734,121.5152
voltaje_promedio,B12_DERE,2,61,Mie,13,-0.7713,121.8131
voltaje_promedio,B12_DERE,2,62,Mie,14,-1.185,121.5066
voltaje_promedio,B12_DERE,2,63,Mie,15,-1.0265,121.6241
voltaje_promedio,B12_DERE,2,64,Mie,16,-0.3715,122.1093
voltaje_promedio,B12_DERE,2,65,Mie,17,0.3668,122.6563
voltaje_promedio,B12_DERE,2,66,Mie,18,-0.0675,122.3346
voltaje_promedio,B12_DERE,2,67,Mie,19,0.4165,122.6931
voltaje_promedio,B12_DERE,2,68,Mie,20,0.9288,123.0727
voltaje_promedio,B12_DERE,2,69,Mie,21,1.0345,123.151
voltaje_promedio,B12_DERE,2,70,Mie,22,1.4271,123.4419
voltaje_promedio,B12_DERE,2,71,Mie,23,1.1583,123.2427
voltaje_promedio,B12_DERE,2,72,Jue,0,1.2257,123.2926
voltaje_promedio,B12_DERE,2,73,Jue,1,1.4271,123.4418
voltaje_promedio,B12_DERE,2,74,Jue,2,1.3631,123.3944
voltaje_promedio,B12_DERE,2,75,Jue,3,1.32,123.3625
voltaje_promedio,B12_DERE,2,76,Jue,4,1.0847,123.1882
voltaje_promedio,B12_DERE,2,77,Jue,5,0.3475,122.642
voltaje_promedio,B12_DERE,2,78,Jue,6,-0.6513,121.902
voltaje_promedio,B12_DERE,2,79,Jue,7,-1.0385,121.6152
voltaje_promedio,B12_DERE,2,80,Jue,8,-1.2898,121.4289
voltaje_promedio,B12_DERE,2,81,Jue,9,-1.3486,121.3854
voltaje_promedio,B12_DERE,2,82,Jue,10,-1.4489,121.3111
voltaje_promedio,B12_DERE,2,83,Jue,11,-1.3339,121.3963
voltaje_promedio,B12_DERE,2,84,Jue,12,-1.1683,121.519
voltaje_promedio,B12_DERE,2,85,Jue,13,-1.0225,121.627
voltaje_promedio,B12_DERE,2,86,Jue,14,-1.4917,121.2794
voltaje_promedio,B12_DERE,2,87,Jue,15,-1.0866,121.5795
voltaje_promedio,B12_DERE,2,88,Jue,16,-0.4256,122.0692
voltaje_promedio,B12_DERE,2,89,Jue,17,0.0605,122.4294
voltaje_promedio,B12_DERE,2,90,Jue,18,0.2243,122.5507
voltaje_promedio,B12_DERE,2,91,Jue,19,0.6601,122.8736
voltaje_promedio,B12_DERE,2,92,Jue,20,0.9731,123.1055
voltaje_promedio,B12_DERE,2,93,Jue,21,1.3181,123.3611
voltaje_promedio,B12_DERE,2,94,Jue,22,1.377,123.4047
voltaje_promedio,B12_DERE,2,95,Jue,23,1.4664,123.471
voltaje_promedio,B12_DERE,2,96,Vie,0,0.7431,122.9351
voltaje_promedio,B12_DERE,2,97,Vie,1,0.7974,122.9754
voltaje_promedio,B12_DERE,2,98,Vie,2,1.0069,123.1306
voltaje_promedio,B12_DERE,2,99,Vie,3,0.9372,123.0789
voltaje_promedio,B12_DERE,2,100,Vie,4,0.6496,122.8658
voltaje_promedio,B12_DERE,2,101,Vie,5,-0.0967,122.3129
voltaje_promedio,B12_DERE,2,102,Vie,6,-0.9535,121.6781
voltaje_promedio,B12_DERE,2,103,Vie,7,-1.1553,121.5286
voltaje_promedio,B12_DERE,2,104,Vie,8,-1.3418,121.3904
voltaje_promedio,B12_DERE,2,105,Vie,9,-1.3154,121.41
voltaje_promedio,B12_DERE,2,106,Vie,10,-1.4905,121.2803
voltaje_promedio,B12_DERE,2,107,Vie,11,-1.4064,121.3426
voltaje_promedio,B12_DERE,2,108,Vie,12,-1.1524,121.5307
voltaje_promedio,B12_DERE,2,109,Vie,13,-0.7263,121.8465
voltaje_promedio,B12_DERE,2,110,Vie,14,-1.0367,121.6165
voltaje_promedio,B12_DERE,2,111,Vie,15,-0.9453,121.6842
voltaje_promedio,B12_DERE,2,112,Vie,16,-0.3476,122.127
voltaje_promedio,B12_DERE,2,113,Vie,17,0.167,122.5083
voltaje_promedio,B12_DERE,2,114,Vie,18,-0.121,122.2949
voltaje_promedio,B12_DERE,2,115,Vie,19,0.1038,122.4614
voltaje_promedio,B12_DERE,2,116,Vie,20,0.6329,122.8535
voltaje_promedio,B12_DERE,2,117,Vie,21,0.8533,123.0168
voltaje_promedio,B12_DERE,2,118,Vie,22,0.9262,123.0708
voltaje_promedio,B12_DERE,2,119,Vie,23,1.0235,123.1428
voltaje_promedio,B12_DERE,2,120,Sab,0,0.8727,123.0311
voltaje_promedio,B12_DERE,2,121,Sab,1,0.968,123.1017
voltaje_promedio,B12_DERE,2,122,Sab,2,0.9078,123.0571
voltaje_promedio,B12_DERE,2,123,Sab,3,0.8857,123.0407
voltaje_promedio,B12_DERE,2,124,Sab,4,0.698,122.9017
voltaje_promedio,B12_DERE,2,125,Sab,5,0.2063,122.5374
voltaje_promedio,B12_DERE,2,126,Sab,6,-0.9122,121.7087
voltaje_promedio,B12_DERE,2,127,Sab,7,-1.2683,121.4449
voltaje_promedio,B12_DERE,2,128,Sab,8,-1.2507,121.458
voltaje_promedio,B12_DERE,2,129,Sab,9,-1.3027,121.4194
voltaje_promedio,B12_DERE,2,130,Sab,10,-1.2896,121.4291
voltaje_promedio,B12_DERE,2,131,Sab,11,-1.0951,121.5732
voltaje_promedio,B12_DERE,2,132,Sab,12,-0.6084,121.9338
voltaje_promedio,B12_DERE,2,133,Sab,13,0.0201,122.3994
voltaje_promedio,B12_DERE,2,134,Sab,14,0.4711,122.7336
voltaje_promedio,B12_DERE,2,135,Sab,15,0.7142,122.9137
voltaje_promedio,B12_DERE,2,136,Sab,16,0.6761,122.8855
voltaje_promedio,B12_DERE,2,137,Sab,17,0.4737,122.7355
voltaje_promedio,B12_DERE,2,138,Sab,18,0.2038,122.5356
voltaje_promedio,B12_DERE,2,139,Sab,19,0.5939,122.8245
voltaje_promedio,B12_DERE,2,140,Sab,20,1.247,123.3084
voltaje_promedio,B12_DERE,2,141,Sab,21,0.8914,123.045
voltaje_promedio,B12_DERE,2,142,Sab,22,1.288,123.3388
voltaje_promedio,B12_DERE,2,143,Sab,23,1.3276,123.3681
voltaje_promedio,B12_DERE,2,144,Dom,0,1.2129,123.2832
voltaje_promedio,B12_DERE,2,145,Dom,1,1.2647,123.3215
voltaje_promedio,B12_DERE,2,146,Dom,2,1.1157,123.2112
voltaje_promedio,B12_DERE,2,147,Dom,3,1.0831,123.187
voltaje_promedio,B12_DERE,2,148,Dom,4,0.9469,123.0861
voltaje_promedio,B12_DERE,2,149,Dom,5,0.7695,122.9546
voltaje_promedio,B12_DERE,2,150,Dom,6,0.4029,122.683
voltaje_promedio,B12_DERE,2,151,Dom,7,-0.1299,122.2883
voltaje_promedio,B12_DERE,2,152,Dom,8,-0.542,121.983
voltaje_promedio,B12_DERE,2,153,Dom,9,-0.5219,121.9979
voltaje_promedio,B12_DERE,2,154,Dom,10,-0.8569,121.7497
voltaje_promedio,B12_DERE,2,155,Dom,11,-0.8853,121.7286
voltaje_promedio,B12_DERE,2,156,Dom,12,-0.9615,121.6722
voltaje_promedio,B12_DERE,2,157,Dom,13,-0.755,121.8252
voltaje_promedio,B12_DERE,2,158,Dom,14,-0.5874,121.9494
voltaje_promedio,B12_DERE,2,159,Dom,15,-0.5972,121.9421
voltaje_promedio,B12_DERE,2,160,Dom,16,-0.4506,122.0507
voltaje_promedio,B12_DERE,2,161,Dom,17,-0.2929,122.1675
voltaje_promedio,B12_DERE,2,162,Dom,18,-0.2005,122.236
voltaje_promedio,B12_DERE,2,163,Dom,19,0.153,122.4979
voltaje_promedio,B12_DERE,2,164,Dom,20,0.5788,122.8134
voltaje_promedio,B12_DERE,2,165,Dom,21,0.9057,123.0556
voltaje_promedio,B12_DERE,2,166,Dom,22,1.1287,123.2208
voltaje_promedio,B12_DERE,2,167,Dom,23,1.3812,123.4078
voltaje_promedio,B15_BIBL,2,0,Lun,0,1.1306,124.1448
voltaje_promedio,B15_BIBL,2,1,Lun,1,1.2497,124.2386
voltaje_promedio,B15_BIBL,2,2,Lun,2,1.1859,124.1884
voltaje_promedio,B15_BIBL,2,3,Lun,3,1.1034,124.1234
voltaje_promedio,B15_BIBL,2,4,Lun,4,0.755,123.8491
voltaje_promedio,B15_BIBL,2,5,Lun,5,0.0188,123.2695
voltaje_promedio,B15_BIBL,2,6,Lun,6,-0.8029,122.6225
voltaje_promedio,B15_BIBL,2,7,Lun,7,-1.2057,122.3054
voltaje_promedio,B15_BIBL,2,8,Lun,8,-1.3321,122.2059
voltaje_promedio,B15_BIBL,2,9,Lun,9,-1.3591,122.1846
voltaje_promedio,B15_BIBL,2,10,Lun,10,-1.4927,122.0795
voltaje_promedio,B15_BIBL,2,11,Lun,11,-1.3777,122.17
voltaje_promedio,B15_BIBL,2,12,Lun,12,-1.0537,122.4251
voltaje_promedio,B15_BIBL,2,13,Lun,13,-0.6939,122.7084
voltaje_promedio,B15_BIBL,2,14,Lun,14,-0.9277,122.5243
voltaje_promedio,B15_BIBL,2,15,Lun,15,-0.8692,122.5703
voltaje_promedio,B15_BIBL,2,16,Lun,16,-0.2474,123.0599
voltaje_promedio,B15_BIBL,2,17,Lun,17,0.3879,123.56
voltaje_promedio,B15_BIBL,2,18,Lun,18,0.1285,123.3558
voltaje_promedio,B15_BIBL,2,19,Lun,19,0.6723,123.784
voltaje_promedio,B15_BIBL,2,20,Lun,20,1.1508,124.1607
voltaje_promedio,B15_BIBL,2,21,Lun,21,1.1448,124.156
voltaje_promedio,B15_BIBL,2,22,Lun,22,1.1432,124.1547
voltaje_promedio,B15_BIBL,2,23,Lun,23,1.25,124.2388
voltaje_promedio,B15_BIBL,2,24,Mar,0,1.2584,124.2454
voltaje_promedio,B15_BIBL,2,25,Mar,1,1.3123,124.2879
voltaje_promedio,B15_BIBL,2,26,Mar,2,1.3982,124.3554
voltaje_promedio,B15_BIBL,2,27,Mar,3,1.2729,124.2568
voltaje_promedio,B15_BIBL,2,28,Mar,4,0.89,123.9554
voltaje_promedio,B15_BIBL,2,29,Mar,5,-0.1083,123.1694
voltaje_promedio,B15_BIBL,2,30,Mar,6,-1.0063,122.4624
voltaje_promedio,B15_BIBL,2,31,Mar,7,-1.3287,122.2086
voltaje_promedio,B15_BIBL,2,32,Mar,8,-1.5585,122.0276
voltaje_promedio,B15_BIBL,2,33,Mar,9,-1.5305,122.0497
voltaje_promedio,B15_BIBL,2,34,Mar,10,-1.2963,122.2341
voltaje_promedio,B15_BIBL,2,35,Mar,11,-1.4199,122.1367
voltaje_promedio,B15_BIBL,2,36,Mar,12,-1.0741,122.409
voltaje_promedio,B15_BIBL,2,37,Mar,13,-0.7577,122.6581
voltaje_promedio,B15_BIBL,2,38,Mar,14,-1.2077,122.3038
voltaje_promedio,B15_BIBL,2,39,Mar,15,-0.93,122.5225
voltaje_promedio,B15_BIBL,2,40,Mar,16,-0.3128,123.0084
voltaje_promedio,B15_BIBL,2,41,Mar,17,-0.0928,123.1816
voltaje_promedio,B15_BIBL,2,42,Mar,18,-0.0079,123.2484
voltaje_promedio,B15_BIBL,2,43,Mar,19,0.3372,123.5202
voltaje_promedio,B15_BIBL,2,44,Mar,20,0.8906,123.9559
voltaje_promedio,B15_BIBL,2,45,Mar,21,0.9753,124.0225
voltaje_promedio,B15_BIBL,2,46,Mar,22,1.098,124.1191
voltaje_promedio,B15_BIBL,2,47,Mar,23,1.1594,124.1674
voltaje_promedio,B15_BIBL,2,48,Mie,0,1.0759,124.1017
voltaje_promedio,B15_BIBL,2,49,Mie,1,0.8958,123.9599
voltaje_promedio,B15_BIBL,2,50,Mie,2,0.9196,123.9787
voltaje_promedio,B15_BIBL,2,51,Mie,3,0.8389,123.9151
voltaje_promedio,B15_BIBL,2,52,Mie,4,0.5536,123.6905
voltaje_promedio,B15_BIBL,2,53,Mie,5,-0.2488,123.0588
voltaje_promedio,B15_BIBL,2,54,Mie,6,-1.1763,122.3285
voltaje_promedio,B15_BIBL,2,55,Mie,7,-1.4919,122.0801
voltaje_promedio,B15_BIBL,2,56,Mie,8,-1.6524,121.9538
voltaje_promedio,B15_BIBL,2,57,Mie,9,-1.5779,122.0124
voltaje_promedio,B15_BIBL,2,58,Mie,10,-1.6518,121.9542
voltaje_promedio,B15_BIBL,2,59,Mie,11,-1.4802,122.0893
voltaje_promedio,B15_BIBL,2,60,Mie,12,-1.1276,122.3669
voltaje_promedio,B15_BIBL,2,61,Mie,13,-0.7759,122.6438
voltaje_promedio,B15_BIBL,2,62,Mie,14,-1.2061,122.3051
voltaje_promedio,B15_BIBL,2,63,Mie,15,-1.1212,122.3719
voltaje_promedio,B15_BIBL,2,64,Mie,16,-0.338,122.9885
voltaje_promedio,B15_BIBL,2,65,Mie,17,0.2394,123.4431
voltaje_promedio,B15_BIBL,2,66,Mie,18,-0.2188,123.0824
voltaje_promedio,B15_BIBL,2,67,Mie,19,0.4696,123.6244
voltaje_promedio,B15_BIBL,2,68,Mie,20,0.957,124.0081
voltaje_promedio,B15_BIBL,2,69,Mie,21,1.1244,124.1399
voltaje_promedio,B15_BIBL,2,70,Mie,22,1.4353,124.3847
voltaje_promedio,B15_BIBL,2,71,Mie,23,1.188,124.19
voltaje_promedio,B15_BIBL,2,72,Jue,0,1.1906,124.192
voltaje_promedio,B15_BIBL,2,73,Jue,1,1.4303,124.3807
voltaje_promedio,B15_BIBL,2,74,Jue,2,1.3272,124.2996
voltaje_promedio,B15_BIBL,2,75,Jue,3,1.2583,124.2453
voltaje_promedio,B15_BIBL,2,76,Jue,4,1.0398,124.0733
voltaje_promedio,B15_BIBL,2,77,Jue,5,0.3741,123.5492
voltaje_promedio,B15_BIBL,2,78,Jue,6,-0.5927,122.788
voltaje_promedio,B15_BIBL,2,79,Jue,7,-1.081,122.4036
voltaje_promedio,B15_BIBL,2,80,Jue,8,-1.3658,122.1794
voltaje_promedio,B15_BIBL,2,81,Jue,9,-1.3863,122.1632
voltaje_promedio,B15_BIBL,2,82,Jue,10,-1.4059,122.1478
voltaje_promedio,B15_BIBL,2,83,Jue,11,-1.3181,122.2169
voltaje_promedio,B15_BIBL,2,84,Jue,12,-1.1716,122.3323
voltaje_promedio,B15_BIBL,2,85,Jue,13,-0.9822,122.4814
voltaje_promedio,B15_BIBL,2,86,Jue,14,-1.4559,122.1084
voltaje_promedio,B15_BIBL,2,87,Jue,15,-1.1657,122.3369
voltaje_promedio,B15_BIBL,2,88,Jue,16,-0.5466,122.8243
voltaje_promedio,B15_BIBL,2,89,Jue,17,-0.103,123.1736
voltaje_promedio,B15_BIBL,2,90,Jue,18,0.0204,123.2707
voltaje_promedio,B15_BIBL,2,91,Jue,19,0.7257,123.826
voltaje_promedio,B15_BIBL,2,92,Jue,20,1.0276,124.0637
voltaje_promedio,B15_BIBL,2,93,Jue,21,1.3698,124.3331
voltaje_promedio,B15_BIBL,2,94,Jue,22,1.3622,124.3271
voltaje_promedio,B15_BIBL,2,95,Jue,23,1.4792,124.4192
voltaje_promedio,B15_BIBL,2,96,Vie,0,0.8478,123.9221
voltaje_promedio,B15_BIBL,2,97,Vie,1,0.8529,123.9261
voltaje_promedio,B15_BIBL,2,98,Vie,2,1.0362,124.0705
voltaje_promedio,B15_BIBL,2,99,Vie,3,0.9373,123.9926
voltaje_promedio,B15_BIBL,2,100,Vie,4,0.6801,123.7901
voltaje_promedio,B15_BIBL,2,101,Vie,5,-0.0306,123.2306
voltaje_promedio,B15_BIBL,2,102,Vie,6,-1.0628,122.4179
voltaje_promedio,B15_BIBL,2,103,Vie,7,-1.2779,122.2486
voltaje_promedio,B15_BIBL,2,104,Vie,8,-1.3707,122.1755
voltaje_promedio,B15_BIBL,2,105,Vie,9,-1.3302,122.2074
voltaje_promedio,B15_BIBL,2,106,Vie,10,-1.4917,122.0803
voltaje_promedio,B15_BIBL,2,107,Vie,11,-1.4834,122.0868
voltaje_promedio,B15_BIBL,2,108,Vie,12,-1.2433,122.2758
voltaje_promedio,B15_BIBL,2,109,Vie,13,-0.7871,122.6349
voltaje_promedio,B15_BIBL,2,110,Vie,14,-1.0576,122.422
voltaje_promedio,B15_BIBL,2,111,Vie,15,-0.9939,122.4722
voltaje_promedio,B15_BIBL,2,112,Vie,16,-0.3342,122.9916
voltaje_promedio,B15_BIBL,2,113,Vie,17,0.1127,123.3434
voltaje_promedio,B15_BIBL,2,114,Vie,18,-0.009,123.2476
voltaje_promedio,B15_BIBL,2,115,Vie,19,0.2828,123.4773
voltaje_promedio,B15_BIBL,2,116,Vie,20,0.7565,123.8503
voltaje_promedio,B15_BIBL,2,117,Vie,21,1.0321,124.0673
voltaje_promedio,B15_BIBL,2,118,Vie,22,0.9492,124.002
voltaje_promedio,B15_BIBL,2,119,Vie,23,1.0295,124.0652
voltaje_promedio,B15_BIBL,2,120,Sab,0,0.8699,123.9395
voltaje_promedio,B15_BIBL,2,121,Sab,1,0.9775,124.0242
voltaje_promedio,B15_BIBL,2,122,Sab,2,0.9245,123.9825
voltaje_promedio,B15_BIBL,2,123,Sab,3,0.8866,123.9527
voltaje_promedio,B15_BIBL,2,124,Sab,4,0.7814,123.8699
voltaje_promedio,B15_BIBL,2,125,Sab,5,0.4088,123.5766
voltaje_promedio,B15_BIBL,2,126,Sab,6,-0.7005,122.7031
voltaje_promedio,B15_BIBL,2,127,Sab,7,-1.153,122.3469
voltaje_promedio,B15_BIBL,2,128,Sab,8,-1.0772,122.4066
voltaje_promedio,B15_BIBL,2,129,Sab,9,-1.1594,122.3418
voltaje_promedio,B15_BIBL,2,130,Sab,10,-1.1464,122.3521
voltaje_promedio,B15_BIBL,2,131,Sab,11,-0.8954,122.5497
voltaje_promedio,B15_BIBL,2,132,Sab,12,-0.4684,122.8859
voltaje_promedio,B15_BIBL,2,133,Sab,13,0.0707,123.3104
voltaje_promedio,B15_BIBL,2,134,Sab,14,0.5136,123.659
voltaje_promedio,B15_BIBL,2,135,Sab,15,0.82,123.9003
voltaje_promedio,B15_BIBL,2,136,Sab,16,0.7677,123.8591
voltaje_promedio,B15_BIBL,2,137,Sab,17,0.5107,123.6567
voltaje_promedio,B15_BIBL,2,138,Sab,18,0.2126,123.422
voltaje_promedio,B15_BIBL,2,139,Sab,19,0.6596,123.774
voltaje_promedio,B15_BIBL,2,140,Sab,20,1.2954,124.2745
voltaje_promedio,B15_BIBL,2,141,Sab,21,0.9194,123.9785
voltaje_promedio,B15_BIBL,2,142,Sab,22,1.3266,124.2991
voltaje_promedio,B15_BIBL,2,143,Sab,23,1.2976,124.2763
voltaje_promedio,B15_BIBL,2,144,Dom,0,1.1065,124.1258
voltaje_promedio,B15_BIBL,2,145,Dom,1,1.0423,124.0753
voltaje_promedio,B15_BIBL,2,146,Dom,2,0.9145,123.9747
voltaje_promedio,B15_BIBL,2,147,Dom,3,0.838,123.9144
voltaje_promedio,B15_BIBL,2,148,Dom,4,0.7334,123.8321
voltaje_promedio,B15_BIBL,2,149,Dom,5,0.756,123.8499
voltaje_promedio,B15_BIBL,2,150,Dom,6,0.3181,123.5051
voltaje_promedio,B15_BIBL,2,151,Dom,7,-0.1757,123.1163
voltaje_promedio,B15_BIBL,2,152,Dom,8,-0.5423,122.8277
voltaje_promedio,B15_BIBL,2,153,Dom,9,-0.5516,122.8203
voltaje_promedio,B15_BIBL,2,154,Dom,10,-0.7843,122.6372
voltaje_promedio,B15_BIBL,2,155,Dom,11,-0.7756,122.6441
voltaje_promedio,B15_BIBL,2,156,Dom,12,-0.8347,122.5975
voltaje_promedio,B15_BIBL,2,157,Dom,13,-0.6773,122.7214
voltaje_promedio,B15_BIBL,2,158,Dom,14,-0.5479,122.8233
voltaje_promedio,B15_BIBL,2,159,Dom,15,-0.5789,122.7989
voltaje_promedio,B15_BIBL,2,160,Dom,16,-0.4109,122.9312
voltaje_promedio,B15_BIBL,2,161,Dom,17,-0.2514,123.0567
voltaje_promedio,B15_BIBL,2,162,Dom,18,-0.1439,123.1414
voltaje_promedio,B15_BIBL,2,163,Dom,19,0.2123,123.4218
voltaje_promedio,B15_BIBL,2,164,Dom,20,0.6089,123.7341
voltaje_promedio,B15_BIBL,2,165,Dom,21,1.0029,124.0442
voltaje_promedio,B15_BIBL,2,166,Dom,22,1.147,124.1577
voltaje_promedio,B15_BIBL,2,167,Dom,23,1.3267,124.2992
voltaje_promedio,B17_POLI,4,0,Lun,0,1.3668,129.1106
voltaje_promedio,B17_POLI,4,1,Lun,1,1.4988,129.2007
voltaje_promedio,B17_POLI,4,2,Lun,2,1.4581,129.1729
voltaje_promedio,B17_POLI,4,3,Lun,3,1.3105,129.0722
voltaje_promedio,B17_POLI,4,4,Lun,4,0.8754,128.7752
voltaje_promedio,B17_POLI,4,5,Lun,5,-0.0459,128.1465
voltaje_promedio,B17_POLI,4,6,Lun,6,-0.6742,127.7176
voltaje_promedio,B17_POLI,4,7,Lun,7,-1.0135,127.486
voltaje_promedio,B17_POLI,4,8,Lun,8,-1.1432,127.3975
voltaje_promedio,B17_POLI,4,9,Lun,9,-1.1137,127.4177
voltaje_promedio,B17_POLI,4,10,Lun,10,-1.3715,127.2417
voltaje_promedio,B17_POLI,4,11,Lun,11,-1.2544,127.3216
voltaje_promedio,B17_POLI,4,12,Lun,12,-0.8324,127.6097
voltaje_promedio,B17_POLI,4,13,Lun,13,-0.4514,127.8697
voltaje_promedio,B17_POLI,4,14,Lun,14,-0.7767,127.6477
voltaje_promedio,B17_POLI,4,15,Lun,15,-0.6751,127.717
voltaje_promedio,B17_POLI,4,16,Lun,16,-0.1259,128.0918
voltaje_promedio,B17_POLI,4,17,Lun,17,0.3511,128.4174
voltaje_promedio,B17_POLI,4,18,Lun,18,-0.1598,128.0687
voltaje_promedio,B17_POLI,4,19,Lun,19,0.2754,128.3658
voltaje_promedio,B17_POLI,4,20,Lun,20,0.7891,128.7163
voltaje_promedio,B17_POLI,4,21,Lun,21,0.8125,128.7323
voltaje_promedio,B17_POLI,4,22,Lun,22,0.8805,128.7787
voltaje_promedio,B17_POLI,4,23,Lun,23,1.2548,129.0342
voltaje_promedio,B17_POLI,4,24,Mar,0,1.44,129.1606
voltaje_promedio,B17_POLI,4,25,Mar,1,1.5706,129.2498
voltaje_promedio,B17_POLI,4,26,Mar,2,1.6001,129.2699
voltaje_promedio,B17_POLI,4,27,Mar,3,1.4995,129.2012
voltaje_promedio,B17_POLI,4,28,Mar,4,1.0154,128.8708
voltaje_promedio,B17_POLI,4,29,Mar,5,-0.1024,128.1079
voltaje_promedio,B17_POLI,4,30,Mar,6,-0.9221,127.5484
voltaje_promedio,B17_POLI,4,31,Mar,7,-1.1255,127.4096
voltaje_promedio,B17_POLI,4,32,Mar,8,-1.3708,127.2422
voltaje_promedio,B17_POLI,4,33,Mar,9,-1.3608,127.249
voltaje_promedio,B17_POLI,4,34,Mar,10,-1.0929,127.4318
voltaje_promedio,B17_POLI,4,35,Mar,11,-1.3316,127.2689
voltaje_promedio,B17_POLI,4,36,Mar,12,-0.9626,127.5208
voltaje_promedio,B17_POLI,4,37,Mar,13,-0.5774,127.7837
voltaje_promedio,B17_POLI,4,38,Mar,14,-1.0425,127.4663
voltaje_promedio,B17_POLI,4,39,Mar,15,-0.7859,127.6414
voltaje_promedio,B17_POLI,4,40,Mar,16,-0.2495,128.0075
voltaje_promedio,B17_POLI,4,41,Mar,17,-0.2381,128.0152
voltaje_promedio,B17_POLI,4,42,Mar,18,-0.427,127.8864
voltaje_promedio,B17_POLI,4,43,Mar,19,-0.114,128.1
voltaje_promedio,B17_POLI,4,44,Mar,20,0.5471,128.5512
voltaje_promedio,B17_POLI,4,45,Mar,21,0.6236,128.6034
voltaje_promedio,B17_POLI,4,46,Mar,22,0.8724,128.7732
voltaje_promedio,B17_POLI,4,47,Mar,23,1.3331,129.0876
voltaje_promedio,B17_POLI,4,48,Mie,0,1.335,129.089
voltaje_promedio,B17_POLI,4,49,Mie,1,1.1392,128.9553
voltaje_promedio,B17_POLI,4,50,Mie,2,1.0978,128.927
voltaje_promedio,B17_POLI,4,51,Mie,3,1.0529,128.8964
voltaje_promedio,B17_POLI,4,52,Mie,4,0.6372,128.6126
voltaje_promedio,B17_POLI,4,53,Mie,5,-0.22,128.0277
voltaje_promedio,B17_POLI,4,54,Mie,6,-1.0204,127.4813
voltaje_promedio,B17_POLI,4,55,Mie,7,-1.2149,127.3486
voltaje_promedio,B17_POLI,4,56,Mie,8,-1.4602,127.1811
voltaje_promedio,B17_POLI,4,57,Mie,9,-1.4051,127.2188
voltaje_promedio,B17_POLI,4,58,Mie,10,-1.6638,127.0422
voltaje_promedio,B17_POLI,4,59,Mie,11,-1.4483,127.1893
voltaje_promedio,B17_POLI,4,60,Mie,12,-1.1234,127.411
voltaje_promedio,B17_POLI,4,61,Mie,13,-0.7297,127.6798
voltaje_promedio,B17_POLI,4,62,Mie,14,-1.1971,127.3607
voltaje_promedio,B17_POLI,4,63,Mie,15,-1.1658,127.3821
voltaje_promedio,B17_POLI,4,64,Mie,16,-0.516,127.8256
voltaje_promedio,B17_POLI,4,65,Mie,17,0.0532,128.2141
voltaje_promedio,B17_POLI,4,66,Mie,18,-0.6675,127.7222
voltaje_promedio,B17_POLI,4,67,Mie,19,-0.0976,128.1112
voltaje_promedio,B17_POLI,4,68,Mie,20,0.5385,128.5453
voltaje_promedio,B17_POLI,4,69,Mie,21,0.648,128.6201
voltaje_promedio,B17_POLI,4,70,Mie,22,1.1707,128.9768
voltaje_promedio,B17_POLI,4,71,Mie,23,1.1871,128.988
voltaje_promedio,B17_POLI,4,72,Jue,0,1.3482,129.098
voltaje_promedio,B17_POLI,4,73,Jue,1,1.5944,129.266
voltaje_promedio,B17_POLI,4,74,Jue,2,1.5359,129.2261
voltaje_promedio,B17_POLI,4,75,Jue,3,1.4912,129.1955
voltaje_promedio,B17_POLI,4,76,Jue,4,1.204,128.9995
voltaje_promedio,B17_POLI,4,77,Jue,5,0.4221,128.4659
voltaje_promedio,B17_POLI,4,78,Jue,6,-0.59,127.7751
voltaje_promedio,B17_POLI,4,79,Jue,7,-0.9849,127.5056
voltaje_promedio,B17_POLI,4,80,Jue,8,-1.1951,127.3621
voltaje_promedio,B17_POLI,4,81,Jue,9,-1.2959,127.2933
voltaje_promedio,B17_POLI,4,82,Jue,10,-1.3972,127.2241
voltaje_promedio,B17_POLI,4,83,Jue,11,-1.305,127.2871
voltaje_promedio,B17_POLI,4,84,Jue,12,-1.1307,127.4061
voltaje_promedio,B17_POLI,4,85,Jue,13,-0.993,127.5
voltaje_promedio,B17_POLI,4,86,Jue,14,-1.384,127.2332
voltaje_promedio,B17_POLI,4,87,Jue,15,-1.0213,127.4807
voltaje_promedio,B17_POLI,4,88,Jue,16,-0.3879,127.9131
voltaje_promedio,B17_POLI,4,89,Jue,17,-0.1641,128.0658
voltaje_promedio,B17_POLI,4,90,Jue,18,-0.2235,128.0252
voltaje_promedio,B17_POLI,4,91,Jue,19,0.2791,128.3683
voltaje_promedio,B17_POLI,4,92,Jue,20,0.6485,128.6204
voltaje_promedio,B17_POLI,4,93,Jue,21,0.9919,128.8547
voltaje_promedio,B17_POLI,4,94,Jue,22,1.1636,128.972
voltaje_promedio,B17_POLI,4,95,Jue,23,1.5236,129.2177
voltaje_promedio,B17_POLI,4,96,Vie,0,0.7457,128.6868
voltaje_promedio,B17_POLI,4,97,Vie,1,0.8452,128.7546
voltaje_promedio,B17_POLI,4,98,Vie,2,1.0948,128.925
voltaje_promedio,B17_POLI,4,99,Vie,3,1.0442,128.8904
voltaje_promedio,B17_POLI,4,100,Vie,4,0.6955,128.6525
voltaje_promedio,B17_POLI,4,101,Vie,5,-0.0905,128.116
voltaje_promedio,B17_POLI,4,102,Vie,6,-0.9075,127.5584
voltaje_promedio,B17_POLI,4,103,Vie,7,-1.1017,127.4258
voltaje_promedio,B17_POLI,4,104,Vie,8,-1.2333,127.336
voltaje_promedio,B17_POLI,4,105,Vie,9,-1.2392,127.332
voltaje_promedio,B17_POLI,4,106,Vie,10,-1.4753,127.1708
voltaje_promedio,B17_POLI,4,107,Vie,11,-1.4707,127.174
voltaje_promedio,B17_POLI,4,108,Vie,12,-1.1997,127.359
voltaje_promedio,B17_POLI,4,109,Vie,13,-0.7503,127.6657
voltaje_promedio,B17_POLI,4,110,Vie,14,-1.0691,127.4481
voltaje_promedio,B17_POLI,4,111,Vie,15,-1.0207,127.4811
voltaje_promedio,B17_POLI,4,112,Vie,16,-0.4419,127.8761
voltaje_promedio,B17_POLI,4,113,Vie,17,0.0061,128.1819
voltaje_promedio,B17_POLI,4,114,Vie,18,-0.4361,127.8801
voltaje_promedio,B17_POLI,4,115,Vie,19,-0.2059,128.0373
voltaje_promedio,B17_POLI,4,116,Vie,20,0.3141,128.3922
voltaje_promedio,B17_POLI,4,117,Vie,21,0.4812,128.5062
voltaje_promedio,B17_POLI,4,118,Vie,22,0.6832,128.6441
voltaje_promedio,B17_POLI,4,119,Vie,23,1.0165,128.8716
voltaje_promedio,B17_POLI,4,120,Sab,0,0.9216,128.8068
voltaje_promedio,B17_POLI,4,121,Sab,1,1.0555,128.8982
voltaje_promedio,B17_POLI,4,122,Sab,2,0.9948,128.8567
voltaje_promedio,B17_POLI,4,123,Sab,3,1.0224,128.8756
voltaje_promedio,B17_POLI,4,124,Sab,4,0.8181,128.7361
voltaje_promedio,B17_POLI,4,125,Sab,5,0.3645,128.4265
voltaje_promedio,B17_POLI,4,126,Sab,6,-0.7985,127.6328
voltaje_promedio,B17_POLI,4,127,Sab,7,-1.2482,127.3258
voltaje_promedio,B17_POLI,4,128,Sab,8,-1.1745,127.3761
voltaje_promedio,B17_POLI,4,129,Sab,9,-1.2201,127.345
voltaje_promedio,B17_POLI,4,130,Sab,10,-1.2223,127.3435
voltaje_promedio,B17_POLI,4,131,Sab,11,-0.9927,127.5003
voltaje_promedio,B17_POLI,4,132,Sab,12,-0.5622,127.7941
voltaje_promedio,B17_POLI,4,133,Sab,13,0.0565,128.2163
voltaje_promedio,B17_POLI,4,134,Sab,14,0.5523,128.5547
voltaje_promedio,B17_POLI,4,135,Sab,15,0.8095,128.7303
voltaje_promedio,B17_POLI,4,136,Sab,16,0.7358,128.68
voltaje_promedio,B17_POLI,4,137,Sab,17,0.4712,128.4994
voltaje_promedio,B17_POLI,4,138,Sab,18,0.1183,128.2585
voltaje_promedio,B17_POLI,4,139,Sab,19,0.5444,128.5494
voltaje_promedio,B17_POLI,4,140,Sab,20,1.3049,129.0684
voltaje_promedio,B17_POLI,4,141,Sab,21,0.9504,128.8264
voltaje_promedio,B17_POLI,4,142,Sab,22,1.42,129.147
voltaje_promedio,B17_POLI,4,143,Sab,23,1.4466,129.1651
voltaje_promedio,B17_POLI,4,144,Dom,0,1.3323,129.0871
voltaje_promedio,B17_POLI,4,145,Dom,1,1.4174,129.1452
voltaje_promedio,B17_POLI,4,146,Dom,2,1.2526,129.0327
voltaje_promedio,B17_POLI,4,147,Dom,3,1.2613,129.0386
voltaje_promedio,B17_POLI,4,148,Dom,4,1.1804,128.9834
voltaje_promedio,B17_POLI,4,149,Dom,5,1.0486,128.8935
voltaje_promedio,B17_POLI,4,150,Dom,6,0.5622,128.5615
voltaje_promedio,B17_POLI,4,151,Dom,7,-0.1046,128.1064
voltaje_promedio,B17_POLI,4,152,Dom,8,-0.6606,127.7269
voltaje_promedio,B17_POLI,4,153,Dom,9,-0.6655,127.7235
voltaje_promedio,B17_POLI,4,154,Dom,10,-1.0393,127.4685
voltaje_promedio,B17_POLI,4,155,Dom,11,-1.0812,127.4398
voltaje_promedio,B17_POLI,4,156,Dom,12,-1.1726,127.3774
voltaje_promedio,B17_POLI,4,157,Dom,13,-0.9397,127.5364
voltaje_promedio,B17_POLI,4,158,Dom,14,-0.7567,127.6613
voltaje_promedio,B17_POLI,4,159,Dom,15,-0.7618,127.6578
voltaje_promedio,B17_POLI,4,160,Dom,16,-0.6003,127.768
voltaje_promedio,B17_POLI,4,161,Dom,17,-0.3975,127.9065
voltaje_promedio,B17_POLI,4,162,Dom,18,-0.2779,127.9881
voltaje_promedio,B17_POLI,4,163,Dom,19,0.128,128.2652
voltaje_promedio,B17_POLI,4,164,Dom,20,0.6425,128.6163
voltaje_promedio,B17_POLI,4,165,Dom,21,1.0269,128.8786
voltaje_promedio,B17_POLI,4,166,Dom,22,1.2876,129.0566
voltaje_promedio,B17_POLI,4,167,Dom,23,1.5712,129.2501
voltaje_promedio,B18_PARQ,4,0,Lun,0,1.1969,130.938
voltaje_promedio,B18_PARQ,4,1,Lun,1,1.3392,131.0402
voltaje_promedio,B18_PARQ,4,2,Lun,2,1.2811,130.9984
voltaje_promedio,B18_PARQ,4,3,Lun,3,1.1302,130.8902
voltaje_promedio,B18_PARQ,4,4,Lun,4,0.755,130.621
voltaje_promedio,B18_PARQ,4,5,Lun,5,-0.0927,130.0129
voltaje_promedio,B18_PARQ,4,6,Lun,6,-0.8158,129.4943
voltaje_promedio,B18_PARQ,4,7,Lun,7,-1.2425,129.1882
voltaje_promedio,B18_PARQ,4,8,Lun,8,-1.3722,129.0952
voltaje_promedio,B18_PARQ,4,9,Lun,9,-1.3456,129.1142
voltaje_promedio,B18_PARQ,4,10,Lun,10,-1.5799,128.9461
voltaje_promedio,B18_PARQ,4,11,Lun,11,-1.3961,129.078
voltaje_promedio,B18_PARQ,4,12,Lun,12,-0.8945,129.4378
voltaje_promedio,B18_PARQ,4,13,Lun,13,-0.5694,129.671
voltaje_promedio,B18_PARQ,4,14,Lun,14,-0.8975,129.4356
voltaje_promedio,B18_PARQ,4,15,Lun,15,-0.773,129.525
voltaje_promedio,B18_PARQ,4,16,Lun,16,-0.1065,130.0031
voltaje_promedio,B18_PARQ,4,17,Lun,17,0.6076,130.5153
voltaje_promedio,B18_PARQ,4,18,Lun,18,0.0399,130.1081
voltaje_promedio,B18_PARQ,4,19,Lun,19,0.4482,130.4009
voltaje_promedio,B18_PARQ,4,20,Lun,20,0.8698,130.7034
voltaje_promedio,B18_PARQ,4,21,Lun,21,0.9104,130.7325
voltaje_promedio,B18_PARQ,4,22,Lun,22,1.0737,130.8497
voltaje_promedio,B18_PARQ,4,23,Lun,23,1.2937,131.0075
voltaje_promedio,B18_PARQ,4,24,Mar,0,1.3469,131.0457
voltaje_promedio,B18_PARQ,4,25,Mar,1,1.4388,131.1116
voltaje_promedio,B18_PARQ,4,26,Mar,2,1.4594,131.1263
voltaje_promedio,B18_PARQ,4,27,Mar,3,1.3408,131.0413
voltaje_promedio,B18_PARQ,4,28,Mar,4,0.9241,130.7423
voltaje_promedio,B18_PARQ,4,29,Mar,5,-0.136,129.9819
voltaje_promedio,B18_PARQ,4,30,Mar,6,-1.0445,129.3302
voltaje_promedio,B18_PARQ,4,31,Mar,7,-1.2613,129.1747
voltaje_promedio,B18_PARQ,4,32,Mar,8,-1.463,129.03
voltaje_promedio,B18_PARQ,4,33,Mar,9,-1.4302,129.0535
voltaje_promedio,B18_PARQ,4,34,Mar,10,-1.1719,129.2388
voltaje_promedio,B18_PARQ,4,35,Mar,11,-1.3727,129.0948
voltaje_promedio,B18_PARQ,4,36,Mar,12,-0.9939,129.3665
voltaje_promedio,B18_PARQ,4,37,Mar,13,-0.6322,129.6259
voltaje_promedio,B18_PARQ,4,38,Mar,14,-1.0748,129.3084
voltaje_promedio,B18_PARQ,4,39,Mar,15,-0.7319,129.5544
voltaje_promedio,B18_PARQ,4,40,Mar,16,-0.0388,130.0516
voltaje_promedio,B18_PARQ,4,41,Mar,17,0.2199,130.2372
voltaje_promedio,B18_PARQ,4,42,Mar,18,-0.1139,129.9977
voltaje_promedio,B18_PARQ,4,43,Mar,19,0.1021,130.1527
voltaje_promedio,B18_PARQ,4,44,Mar,20,0.6631,130.5552
voltaje_promedio,B18_PARQ,4,45,Mar,21,0.7388,130.6095
voltaje_promedio,B18_PARQ,4,46,Mar,22,1.0336,130.8209
voltaje_promedio,B18_PARQ,4,47,Mar,23,1.3374,131.0388
voltaje_promedio,B18_PARQ,4,48,Mie,0,1.2176,130.9529
voltaje_promedio,B18_PARQ,4,49,Mie,1,1.0124,130.8057
voltaje_promedio,B18_PARQ,4,50,Mie,2,0.9718,130.7766
voltaje_promedio,B18_PARQ,4,51,Mie,3,0.9073,130.7303
voltaje_promedio,B18_PARQ,4,52,Mie,4,0.5484,130.4728
voltaje_promedio,B18_PARQ,4,53,Mie,5,-0.2435,129.9048
voltaje_promedio,B18_PARQ,4,54,Mie,6,-1.1364,129.2642
voltaje_promedio,B18_PARQ,4,55,Mie,7,-1.351,129.1103
voltaje_promedio,B18_PARQ,4,56,Mie,8,-1.5448,128.9713
voltaje_promedio,B18_PARQ,4,57,Mie,9,-1.4582,129.0334
voltaje_promedio,B18_PARQ,4,58,Mie,10,-1.6973,128.8619
voltaje_promedio,B18_PARQ,4,59,Mie,11,-1.4685,129.0261
voltaje_promedio,B18_PARQ,4,60,Mie,12,-1.092,129.2961
voltaje_promedio,B18_PARQ,4,61,Mie,13,-0.688,129.5859
voltaje_promedio,B18_PARQ,4,62,Mie,14,-1.1156,129.2792
voltaje_promedio,B18_PARQ,4,63,Mie,15,-0.9778,129.3781
voltaje_promedio,B18_PARQ,4,64,Mie,16,-0.2096,129.9291
voltaje_promedio,B18_PARQ,4,65,Mie,17,0.4849,130.4273
voltaje_promedio,B18_PARQ,4,66,Mie,18,-0.3511,129.8276
voltaje_promedio,B18_PARQ,4,67,Mie,19,0.1509,130.1877
voltaje_promedio,B18_PARQ,4,68,Mie,20,0.6947,130.5778
voltaje_promedio,B18_PARQ,4,69,Mie,21,0.8348,130.6783
voltaje_promedio,B18_PARQ,4,70,Mie,22,1.4084,131.0898
voltaje_promedio,B18_PARQ,4,71,Mie,23,1.2066,130.945
voltaje_promedio,B18_PARQ,4,72,Jue,0,1.2622,130.9849
voltaje_promedio,B18_PARQ,4,73,Jue,1,1.4877,131.1466
voltaje_promedio,B18_PARQ,4,74,Jue,2,1.4274,131.1034
voltaje_promedio,B18_PARQ,4,75,Jue,3,1.3919,131.0779
voltaje_promedio,B18_PARQ,4,76,Jue,4,1.1535,130.9069
voltaje_promedio,B18_PARQ,4,77,Jue,5,0.4238,130.3835
voltaje_promedio,B18_PARQ,4,78,Jue,6,-0.6515,129.6121
voltaje_promedio,B18_PARQ,4,79,Jue,7,-1.1166,129.2784
voltaje_promedio,B18_PARQ,4,80,Jue,8,-1.2642,129.1726
voltaje_promedio,B18_PARQ,4,81,Jue,9,-1.3289,129.1262
voltaje_promedio,B18_PARQ,4,82,Jue,10,-1.4169,129.0631
voltaje_promedio,B18_PARQ,4,83,Jue,11,-1.3151,129.1361
voltaje_promedio,B18_PARQ,4,84,Jue,12,-1.1163,129.2787
voltaje_promedio,B18_PARQ,4,85,Jue,13,-0.997,129.3643
voltaje_promedio,B18_PARQ,4,86,Jue,14,-1.44,129.0465
voltaje_promedio,B18_PARQ,4,87,Jue,15,-1.0503,129.326
voltaje_promedio,B18_PARQ,4,88,Jue,16,-0.3082,129.8584
voltaje_promedio,B18_PARQ,4,89,Jue,17,0.2094,130.2296
voltaje_promedio,B18_PARQ,4,90,Jue,18,0.0573,130.1205
voltaje_promedio,B18_PARQ,4,91,Jue,19,0.4177,130.3791
voltaje_promedio,B18_PARQ,4,92,Jue,20,0.74,130.6103
voltaje_promedio,B18_PARQ,4,93,Jue,21,1.1086,130.8747
voltaje_promedio,B18_PARQ,4,94,Jue,22,1.3535,131.0504
voltaje_promedio,B18_PARQ,4,95,Jue,23,1.5319,131.1784
voltaje_promedio,B18_PARQ,4,96,Vie,0,0.7403,130.6105
voltaje_promedio,B18_PARQ,4,97,Vie,1,0.8005,130.6537
voltaje_promedio,B18_PARQ,4,98,Vie,2,1.0371,130.8234
voltaje_promedio,B18_PARQ,4,99,Vie,3,0.9711,130.7761
voltaje_promedio,B18_PARQ,4,100,Vie,4,0.6792,130.5667
voltaje_promedio,B18_PARQ,4,101,Vie,5,-0.0422,130.0492
voltaje_promedio,B18_PARQ,4,102,Vie,6,-0.9755,129.3797
voltaje_promedio,B18_PARQ,4,103,Vie,7,-1.1929,129.2238
voltaje_promedio,B18_PARQ,4,104,Vie,8,-1.2984,129.1481
voltaje_promedio,B18_PARQ,4,105,Vie,9,-1.2557,129.1787
voltaje_promedio,B18_PARQ,4,106,Vie,10,-1.4622,129.0306
voltaje_promedio,B18_PARQ,4,107,Vie,11,-1.4012,129.0743
voltaje_promedio,B18_PARQ,4,108,Vie,12,-1.1488,129.2554
voltaje_promedio,B18_PARQ,4,109,Vie,13,-0.6984,129.5784
voltaje_promedio,B18_PARQ,4,110,Vie,14,-1.0199,129.3478
voltaje_promedio,B18_PARQ,4,111,Vie,15,-0.921,129.4188
voltaje_promedio,B18_PARQ,4,112,Vie,16,-0.2054,129.9321
voltaje_promedio,B18_PARQ,4,113,Vie,17,0.383,130.3542
voltaje_promedio,B18_PARQ,4,114,Vie,18,-0.1613,129.9637
voltaje_promedio,B18_PARQ,4,115,Vie,19,0.0043,130.0826
voltaje_promedio,B18_PARQ,4,116,Vie,20,0.4644,130.4126
voltaje_promedio,B18_PARQ,4,117,Vie,21,0.6567,130.5505
voltaje_promedio,B18_PARQ,4,118,Vie,22,0.8741,130.7065
voltaje_promedio,B18_PARQ,4,119,Vie,23,1.0549,130.8362
voltaje_promedio,B18_PARQ,4,120,Sab,0,0.8776,130.709
voltaje_promedio,B18_PARQ,4,121,Sab,1,0.9848,130.7859
voltaje_promedio,B18_PARQ,4,122,Sab,2,0.9295,130.7462
voltaje_promedio,B18_PARQ,4,123,Sab,3,0.9222,130.741
voltaje_promedio,B18_PARQ,4,124,Sab,4,0.7404,130.6106
voltaje_promedio,B18_PARQ,4,125,Sab,5,0.3078,130.3002
voltaje_promedio,B18_PARQ,4,126,Sab,6,-0.8719,129.454
voltaje_promedio,B18_PARQ,4,127,Sab,7,-1.2872,129.1561
voltaje_promedio,B18_PARQ,4,128,Sab,8,-1.1726,129.2383
voltaje_promedio,B18_PARQ,4,129,Sab,9,-1.2162,129.2071
voltaje_promedio,B18_PARQ,4,130,Sab,10,-1.2076,129.2132
voltaje_promedio,B18_PARQ,4,131,Sab,11,-0.9836,129.3739
voltaje_promedio,B18_PARQ,4,132,Sab,12,-0.5416,129.691
voltaje_promedio,B18_PARQ,4,133,Sab,13,0.0634,130.1249
voltaje_promedio,B18_PARQ,4,134,Sab,14,0.5552,130.4777
voltaje_promedio,B18_PARQ,4,135,Sab,15,0.8135,130.663
voltaje_promedio,B18_PARQ,4,136,Sab,16,0.7697,130.6316
voltaje_promedio,B18_PARQ,4,137,Sab,17,0.5234,130.4549
voltaje_promedio,B18_PARQ,4,138,Sab,18,0.212,130.2316
voltaje_promedio,B18_PARQ,4,139,Sab,19,0.6316,130.5325
voltaje_promedio,B18_PARQ,4,140,Sab,20,1.3454,131.0445
voltaje_promedio,B18_PARQ,4,141,Sab,21,0.9774,130.7806
voltaje_promedio,B18_PARQ,4,142,Sab,22,1.3834,131.0718
voltaje_promedio,B18_PARQ,4,143,Sab,23,1.3763,131.0667
voltaje_promedio,B18_PARQ,4,144,Dom,0,1.2293,130.9613
voltaje_promedio,B18_PARQ,4,145,Dom,1,1.2856,131.0017
voltaje_promedio,B18_PARQ,4,146,Dom,2,1.1396,130.8969
voltaje_promedio,B18_PARQ,4,147,Dom,3,1.1141,130.8786
voltaje_promedio,B18_PARQ,4,148,Dom,4,0.9848,130.7859
voltaje_promedio,B18_PARQ,4,149,Dom,5,0.8313,130.6758
voltaje_promedio,B18_PARQ,4,150,Dom,6,0.3548,130.334
voltaje_promedio,B18_PARQ,4,151,Dom,7,-0.2442,129.9043
voltaje_promedio,B18_PARQ,4,152,Dom,8,-0.7245,129.5598
voltaje_promedio,B18_PARQ,4,153,Dom,9,-0.7077,129.5718
voltaje_promedio,B18_PARQ,4,154,Dom,10,-1.0699,129.312
voltaje_promedio,B18_PARQ,4,155,Dom,11,-1.11,129.2832
voltaje_promedio,B18_PARQ,4,156,Dom,12,-1.1851,129.2294
voltaje_promedio,B18_PARQ,4,157,Dom,13,-0.9459,129.4009
voltaje_promedio,B18_PARQ,4,158,Dom,14,-0.754,129.5386
voltaje_promedio,B18_PARQ,4,159,Dom,15,-0.7604,129.534
voltaje_promedio,B18_PARQ,4,160,Dom,16,-0.6003,129.6488
voltaje_promedio,B18_PARQ,4,161,Dom,17,-0.4011,129.7918
voltaje_promedio,B18_PARQ,4,162,Dom,18,-0.3589,129.822
voltaje_promedio,B18_PARQ,4,163,Dom,19,0.0538,130.118
voltaje_promedio,B18_PARQ,4,164,Dom,20,0.5683,130.4871
voltaje_promedio,B18_PARQ,4,165,Dom,21,0.9788,130.7816
voltaje_promedio,B18_PARQ,4,166,Dom,22,1.2066,130.945
voltaje_promedio,B18_PARQ,4,167,Dom,23,1.4358,131.1094
voltaje_promedio,B3_RECT,2,0,Lun,0,1.1146,127.4771
voltaje_promedio,B3_RECT,2,1,Lun,1,1.2484,127.5743
voltaje_promedio,B3_RECT,2,2,Lun,2,1.1804,127.5249
voltaje_promedio,B3_RECT,2,3,Lun,3,1.0151,127.4048
voltaje_promedio,B3_RECT,2,4,Lun,4,0.6263,127.1224
voltaje_promedio,B3_RECT,2,5,Lun,5,-0.1972,126.5241
voltaje_promedio,B3_RECT,2,6,Lun,6,-0.8633,126.0402
voltaje_promedio,B3_RECT,2,7,Lun,7,-1.2863,125.7329
voltaje_promedio,B3_RECT,2,8,Lun,8,-1.409,125.6437
voltaje_promedio,B3_RECT,2,9,Lun,9,-1.345,125.6902
voltaje_promedio,B3_RECT,2,10,Lun,10,-1.5934,125.5098
voltaje_promedio,B3_RECT,2,11,Lun,11,-1.4444,125.618
voltaje_promedio,B3_RECT,2,12,Lun,12,-0.9677,125.9644
voltaje_promedio,B3_RECT,2,13,Lun,13,-0.6409,126.2017
voltaje_promedio,B3_RECT,2,14,Lun,14,-0.9756,125.9586
voltaje_promedio,B3_RECT,2,15,Lun,15,-0.8505,126.0495
voltaje_promedio,B3_RECT,2,16,Lun,16,-0.168,126.5453
voltaje_promedio,B3_RECT,2,17,Lun,17,0.5748,127.0849
voltaje_promedio,B3_RECT,2,18,Lun,18,0.3003,126.8855
voltaje_promedio,B3_RECT,2,19,Lun,19,0.7188,127.1896
voltaje_promedio,B3_RECT,2,20,Lun,20,1.1461,127.5
voltaje_promedio,B3_RECT,2,21,Lun,21,1.163,127.5123
voltaje_promedio,B3_RECT,2,22,Lun,22,1.096,127.4636
voltaje_promedio,B3_RECT,2,23,Lun,23,1.1998,127.539
voltaje_promedio,B3_RECT,2,24,Mar,0,1.2644,127.586
voltaje_promedio,B3_RECT,2,25,Mar,1,1.3517,127.6493
voltaje_promedio,B3_RECT,2,26,Mar,2,1.3622,127.657
voltaje_promedio,B3_RECT,2,27,Mar,3,1.2305,127.5613
voltaje_promedio,B3_RECT,2,28,Mar,4,0.7974,127.2467
voltaje_promedio,B3_RECT,2,29,Mar,5,-0.2025,126.5202
voltaje_promedio,B3_RECT,2,30,Mar,6,-1.0122,125.932
voltaje_promedio,B3_RECT,2,31,Mar,7,-1.278,125.7389
voltaje_promedio,B3_RECT,2,32,Mar,8,-1.5101,125.5703
voltaje_promedio,B3_RECT,2,33,Mar,9,-1.4441,125.6182
voltaje_promedio,B3_RECT,2,34,Mar,10,-1.1959,125.7986
voltaje_promedio,B3_RECT,2,35,Mar,11,-1.4108,125.6425
voltaje_promedio,B3_RECT,2,36,Mar,12,-1.0429,125.9097
voltaje_promedio,B3_RECT,2,37,Mar,13,-0.686,126.169
voltaje_promedio,B3_RECT,2,38,Mar,14,-1.138,125.8406
voltaje_promedio,B3_RECT,2,39,Mar,15,-0.8068,126.0812
voltaje_promedio,B3_RECT,2,40,Mar,16,-0.0767,126.6117
voltaje_promedio,B3_RECT,2,41,Mar,17,0.2054,126.8166
voltaje_promedio,B3_RECT,2,42,Mar,18,0.2098,126.8198
voltaje_promedio,B3_RECT,2,43,Mar,19,0.4512,126.9951
voltaje_promedio,B3_RECT,2,44,Mar,20,0.9783,127.3781
voltaje_promedio,B3_RECT,2,45,Mar,21,1.0428,127.4249
voltaje_promedio,B3_RECT,2,46,Mar,22,1.0859,127.4562
voltaje_promedio,B3_RECT,2,47,Mar,23,1.2314,127.5619
voltaje_promedio,B3_RECT,2,48,Mie,0,1.1213,127.4819
voltaje_promedio,B3_RECT,2,49,Mie,1,0.9181,127.3343
voltaje_promedio,B3_RECT,2,50,Mie,2,0.8729,127.3015
voltaje_promedio,B3_RECT,2,51,Mie,3,0.8008,127.2491
voltaje_promedio,B3_RECT,2,52,Mie,4,0.4302,126.9799
voltaje_promedio,B3_RECT,2,53,Mie,5,-0.3287,126.4285
voltaje_promedio,B3_RECT,2,54,Mie,6,-1.1326,125.8445
voltaje_promedio,B3_RECT,2,55,Mie,7,-1.3873,125.6595
voltaje_promedio,B3_RECT,2,56,Mie,8,-1.5736,125.5241
voltaje_promedio,B3_RECT,2,57,Mie,9,-1.4374,125.6231
voltaje_promedio,B3_RECT,2,58,Mie,10,-1.6786,125.4479
voltaje_promedio,B3_RECT,2,59,Mie,11,-1.483,125.5899
voltaje_promedio,B3_RECT,2,60,Mie,12,-1.1412,125.8383
voltaje_promedio,B3_RECT,2,61,Mie,13,-0.7459,126.1255
voltaje_promedio,B3_RECT,2,62,Mie,14,-1.1807,125.8096
voltaje_promedio,B3_RECT,2,63,Mie,15,-1.0314,125.9181
voltaje_promedio,B3_RECT,2,64,Mie,16,-0.2654,126.4746
voltaje_promedio,B3_RECT,2,65,Mie,17,0.526,127.0495
voltaje_promedio,B3_RECT,2,66,Mie,18,0.0245,126.6852
voltaje_promedio,B3_RECT,2,67,Mie,19,0.5114,127.0389
voltaje_promedio,B3_RECT,2,68,Mie,20,1.0267,127.4133
voltaje_promedio,B3_RECT,2,69,Mie,21,1.1165,127.4785
voltaje_promedio,B3_RECT,2,70,Mie,22,1.4383,127.7123
voltaje_promedio,B3_RECT,2,71,Mie,23,1.0991,127.4658
voltaje_promedio,B3_RECT,2,72,Jue,0,1.1723,127.519
voltaje_promedio,B3_RECT,2,73,Jue,1,1.3867,127.6748
voltaje_promedio,B3_RECT,2,74,Jue,2,1.3226,127.6282
voltaje_promedio,B3_RECT,2,75,Jue,3,1.2719,127.5914
voltaje_promedio,B3_RECT,2,76,Jue,4,1.0237,127.411
voltaje_promedio,B3_RECT,2,77,Jue,5,0.3398,126.9142
voltaje_promedio,B3_RECT,2,78,Jue,6,-0.6385,126.2035
voltaje_promedio,B3_RECT,2,79,Jue,7,-1.133,125.8443
voltaje_promedio,B3_RECT,2,80,Jue,8,-1.2824,125.7357
voltaje_promedio,B3_RECT,2,81,Jue,9,-1.3139,125.7128
voltaje_promedio,B3_RECT,2,82,Jue,10,-1.425,125.6321
voltaje_promedio,B3_RECT,2,83,Jue,11,-1.3357,125.697
voltaje_promedio,B3_RECT,2,84,Jue,12,-1.1549,125.8283
voltaje_promedio,B3_RECT,2,85,Jue,13,-1.0033,125.9385
voltaje_promedio,B3_RECT,2,86,Jue,14,-1.4823,125.5905
voltaje_promedio,B3_RECT,2,87,Jue,15,-1.1002,125.8681
voltaje_promedio,B3_RECT,2,88,Jue,16,-0.344,126.4174
voltaje_promedio,B3_RECT,2,89,Jue,17,0.1889,126.8046
voltaje_promedio,B3_RECT,2,90,Jue,18,0.3622,126.9305
voltaje_promedio,B3_RECT,2,91,Jue,19,0.7885,127.2402
voltaje_promedio,B3_RECT,2,92,Jue,20,1.0766,127.4495
voltaje_promedio,B3_RECT,2,93,Jue,21,1.4166,127.6965
voltaje_promedio,B3_RECT,2,94,Jue,22,1.3827,127.6719
voltaje_promedio,B3_RECT,2,95,Jue,23,1.4213,127.6999
voltaje_promedio,B3_RECT,2,96,Vie,0,0.6609,127.1475
voltaje_promedio,B3_RECT,2,97,Vie,1,0.7153,127.1871
voltaje_promedio,B3_RECT,2,98,Vie,2,0.9353,127.3469
voltaje_promedio,B3_RECT,2,99,Vie,3,0.8604,127.2924
voltaje_promedio,B3_RECT,2,100,Vie,4,0.5533,127.0694
voltaje_promedio,B3_RECT,2,101,Vie,5,-0.1229,126.5781
voltaje_promedio,B3_RECT,2,102,Vie,6,-0.976,125.9583
voltaje_promedio,B3_RECT,2,103,Vie,7,-1.2158,125.7841
voltaje_promedio,B3_RECT,2,104,Vie,8,-1.3174,125.7102
voltaje_promedio,B3_RECT,2,105,Vie,9,-1.2729,125.7426
voltaje_promedio,B3_RECT,2,106,Vie,10,-1.4647,125.6033
voltaje_promedio,B3_RECT,2,107,Vie,11,-1.4338,125.6257
voltaje_promedio,B3_RECT,2,108,Vie,12,-1.1902,125.8027
voltaje_promedio,B3_RECT,2,109,Vie,13,-0.7507,126.1219
voltaje_promedio,B3_RECT,2,110,Vie,14,-1.0929,125.8734
voltaje_promedio,B3_RECT,2,111,Vie,15,-0.9963,125.9436
voltaje_promedio,B3_RECT,2,112,Vie,16,-0.2296,126.5006
voltaje_promedio,B3_RECT,2,113,Vie,17,0.402,126.9594
voltaje_promedio,B3_RECT,2,114,Vie,18,0.155,126.7799
voltaje_promedio,B3_RECT,2,115,Vie,19,0.3658,126.9331
voltaje_promedio,B3_RECT,2,116,Vie,20,0.8108,127.2564
voltaje_promedio,B3_RECT,2,117,Vie,21,0.9591,127.3641
voltaje_promedio,B3_RECT,2,118,Vie,22,0.9271,127.3409
voltaje_promedio,B3_RECT,2,119,Vie,23,0.9799,127.3792
voltaje_promedio,B3_RECT,2,120,Sab,0,0.8164,127.2605
voltaje_promedio,B3_RECT,2,121,Sab,1,0.9166,127.3332
voltaje_promedio,B3_RECT,2,122,Sab,2,0.8526,127.2867
voltaje_promedio,B3_RECT,2,123,Sab,3,0.8228,127.2651
voltaje_promedio,B3_RECT,2,124,Sab,4,0.6264,127.1224
voltaje_promedio,B3_RECT,2,125,Sab,5,0.2089,126.8191
voltaje_promedio,B3_RECT,2,126,Sab,6,-0.9097,126.0064
voltaje_promedio,B3_RECT,2,127,Sab,7,-1.2603,125.7518
voltaje_promedio,B3_RECT,2,128,Sab,8,-1.1108,125.8604
voltaje_promedio,B3_RECT,2,129,Sab,9,-1.1421,125.8376
voltaje_promedio,B3_RECT,2,130,Sab,10,-1.1358,125.8422
voltaje_promedio,B3_RECT,2,131,Sab,11,-0.9352,125.9879
voltaje_promedio,B3_RECT,2,132,Sab,12,-0.5038,126.3014
voltaje_promedio,B3_RECT,2,133,Sab,13,0.1034,126.7425
voltaje_promedio,B3_RECT,2,134,Sab,14,0.5706,127.0819
voltaje_promedio,B3_RECT,2,135,Sab,15,0.8106,127.2563
voltaje_promedio,B3_RECT,2,136,Sab,16,0.7335,127.2003
voltaje_promedio,B3_RECT,2,137,Sab,17,0.4748,127.0123
voltaje_promedio,B3_RECT,2,138,Sab,18,0.1971,126.8106
voltaje_promedio,B3_RECT,2,139,Sab,19,0.6026,127.1052
voltaje_promedio,B3_RECT,2,140,Sab,20,1.2856,127.6014
voltaje_promedio,B3_RECT,2,141,Sab,21,0.906,127.3255
voltaje_promedio,B3_RECT,2,142,Sab,22,1.286,127.6016
voltaje_promedio,B3_RECT,2,143,Sab,23,1.278,127.5958
voltaje_promedio,B3_RECT,2,144,Dom,0,1.1564,127.5074
voltaje_promedio,B3_RECT,2,145,Dom,1,1.209,127.5457
voltaje_promedio,B3_RECT,2,146,Dom,2,1.0514,127.4312
voltaje_promedio,B3_RECT,2,147,Dom,3,1.0187,127.4074
voltaje_promedio,B3_RECT,2,148,Dom,4,0.8876,127.3122
voltaje_promedio,B3_RECT,2,149,Dom,5,0.7397,127.2047
voltaje_promedio,B3_RECT,2,150,Dom,6,0.2713,126.8645
voltaje_promedio,B3_RECT,2,151,Dom,7,-0.2907,126.4561
voltaje_promedio,B3_RECT,2,152,Dom,8,-0.7223,126.1426
voltaje_promedio,B3_RECT,2,153,Dom,9,-0.7198,126.1444
voltaje_promedio,B3_RECT,2,154,Dom,10,-1.0772,125.8848
voltaje_promedio,B3_RECT,2,155,Dom,11,-1.0861,125.8783
voltaje_promedio,B3_RECT,2,156,Dom,12,-1.1326,125.8445
voltaje_promedio,B3_RECT,2,157,Dom,13,-0.9088,126.0071
voltaje_promedio,B3_RECT,2,158,Dom,14,-0.7345,126.1338
voltaje_promedio,B3_RECT,2,159,Dom,15,-0.7443,126.1266
voltaje_promedio,B3_RECT,2,160,Dom,16,-0.5911,126.2379
voltaje_promedio,B3_RECT,2,161,Dom,17,-0.3968,126.3791
voltaje_promedio,B3_RECT,2,162,Dom,18,-0.248,126.4872
voltaje_promedio,B3_RECT,2,163,Dom,19,0.1291,126.7612
voltaje_promedio,B3_RECT,2,164,Dom,20,0.5747,127.0849
voltaje_promedio,B3_RECT,2,165,Dom,21,0.9166,127.3332
voltaje_promedio,B3_RECT,2,166,Dom,22,1.1174,127.4792
voltaje_promedio,B3_RECT,2,167,Dom,23,1.3347,127.637
voltaje_promedio,B4_PRIM,2,0,Lun,0,1.0808,128.8261
voltaje_promedio,B4_PRIM,2,1,Lun,1,1.1937,128.9181
voltaje_promedio,B4_PRIM,2,2,Lun,2,1.146,128.8792
voltaje_promedio,B4_PRIM,2,3,Lun,3,0.9952,128.7563
voltaje_promedio,B4_PRIM,2,4,Lun,4,0.6572,128.4807
voltaje_promedio,B4_PRIM,2,5,Lun,5,-0.1192,127.8476
voltaje_promedio,B4_PRIM,2,6,Lun,6,-0.8287,127.2691
voltaje_promedio,B4_PRIM,2,7,Lun,7,-1.3278,126.8622
voltaje_promedio,B4_PRIM,2,8,Lun,8,-1.4898,126.73
voltaje_promedio,B4_PRIM,2,9,Lun,9,-1.4404,126.7703
voltaje_promedio,B4_PRIM,2,10,Lun,10,-1.6506,126.5989
voltaje_promedio,B4_PRIM,2,11,Lun,11,-1.5256,126.7009
voltaje_promedio,B4_PRIM,2,12,Lun,12,-1.0562,127.0836
voltaje_promedio,B4_PRIM,2,13,Lun,13,-0.6915,127.381
voltaje_promedio,B4_PRIM,2,14,Lun,14,-0.9351,127.1823
voltaje_promedio,B4_PRIM,2,15,Lun,15,-0.7207,127.3571
voltaje_promedio,B4_PRIM,2,16,Lun,16,-0.0568,127.8985
voltaje_promedio,B4_PRIM,2,17,Lun,17,0.6468,128.4722
voltaje_promedio,B4_PRIM,2,18,Lun,18,0.3016,128.1907
voltaje_promedio,B4_PRIM,2,19,Lun,19,0.6924,128.5094
voltaje_promedio,B4_PRIM,2,20,Lun,20,1.07,128.8172
voltaje_promedio,B4_PRIM,2,21,Lun,21,1.0891,128.8328
voltaje_promedio,B4_PRIM,2,22,Lun,22,1.0409,128.7935
voltaje_promedio,B4_PRIM,2,23,Lun,23,1.1362,128.8712
voltaje_promedio,B4_PRIM,2,24,Mar,0,1.2074,128.9293
voltaje_promedio,B4_PRIM,2,25,Mar,1,1.2871,128.9943
voltaje_promedio,B4_PRIM,2,26,Mar,2,1.3033,129.0075
voltaje_promedio,B4_PRIM,2,27,Mar,3,1.1847,128.9108
voltaje_promedio,B4_PRIM,2,28,Mar,4,0.8149,128.6092
voltaje_promedio,B4_PRIM,2,29,Mar,5,-0.1228,127.8446
voltaje_promedio,B4_PRIM,2,30,Mar,6,-1.0133,127.1186
voltaje_promedio,B4_PRIM,2,31,Mar,7,-1.4132,126.7925
voltaje_promedio,B4_PRIM,2,32,Mar,8,-1.6969,126.5611
voltaje_promedio,B4_PRIM,2,33,Mar,9,-1.5877,126.6502
voltaje_promedio,B4_PRIM,2,34,Mar,10,-1.4118,126.7936
voltaje_promedio,B4_PRIM,2,35,Mar,11,-1.6716,126.5818
voltaje_promedio,B4_PRIM,2,36,Mar,12,-1.2699,126.9093
voltaje_promedio,B4_PRIM,2,37,Mar,13,-0.8588,127.2446
voltaje_promedio,B4_PRIM,2,38,Mar,14,-1.1892,126.9752
voltaje_promedio,B4_PRIM,2,39,Mar,15,-0.7054,127.3697
voltaje_promedio,B4_PRIM,2,40,Mar,16,-0.0051,127.9407
voltaje_promedio,B4_PRIM,2,41,Mar,17,0.3223,128.2076
voltaje_promedio,B4_PRIM,2,42,Mar,18,0.2643,128.1603
voltaje_promedio,B4_PRIM,2,43,Mar,19,0.4455,128.3081
voltaje_promedio,B4_PRIM,2,44,Mar,20,0.9227,128.6972
voltaje_promedio,B4_PRIM,2,45,Mar,21,0.9714,128.7369
voltaje_promedio,B4_PRIM,2,46,Mar,22,1.0157,128.773
voltaje_promedio,B4_PRIM,2,47,Mar,23,1.1483,128.8811
voltaje_promedio,B4_PRIM,2,48,Mie,0,1.0575,128.807
voltaje_promedio,B4_PRIM,2,49,Mie,1,0.8765,128.6595
voltaje_promedio,B4_PRIM,2,50,Mie,2,0.8395,128.6293
voltaje_promedio,B4_PRIM,2,51,Mie,3,0.7737,128.5756
voltaje_promedio,B4_PRIM,2,52,Mie,4,0.4834,128.3389
voltaje_promedio,B4_PRIM,2,53,Mie,5,-0.2273,127.7594
voltaje_promedio,B4_PRIM,2,54,Mie,6,-1.1015,127.0466
voltaje_promedio,B4_PRIM,2,55,Mie,7,-1.4786,126.7391
voltaje_promedio,B4_PRIM,2,56,Mie,8,-1.6982,126.5601
voltaje_promedio,B4_PRIM,2,57,Mie,9,-1.595,126.6443
voltaje_promedio,B4_PRIM,2,58,Mie,10,-1.8544,126.4327
voltaje_promedio,B4_PRIM,2,59,Mie,11,-1.6791,126.5757
voltaje_promedio,B4_PRIM,2,60,Mie,12,-1.2963,126.8878
voltaje_promedio,B4_PRIM,2,61,Mie,13,-0.7515,127.332
voltaje_promedio,B4_PRIM,2,62,Mie,14,-1.1391,127.016
voltaje_promedio,B4_PRIM,2,63,Mie,15,-0.8981,127.2125
voltaje_promedio,B4_PRIM,2,64,Mie,16,-0.1356,127.8342
voltaje_promedio,B4_PRIM,2,65,Mie,17,0.6163,128.4473
voltaje_promedio,B4_PRIM,2,66,Mie,18,0.107,128.032
voltaje_promedio,B4_PRIM,2,67,Mie,19,0.5145,128.3643
voltaje_promedio,B4_PRIM,2,68,Mie,20,0.9711,128.7366
voltaje_promedio,B4_PRIM,2,69,Mie,21,1.0442,128.7962
voltaje_promedio,B4_PRIM,2,70,Mie,22,1.3514,129.0467
voltaje_promedio,B4_PRIM,2,71,Mie,23,1.0413,128.7938
voltaje_promedio,B4_PRIM,2,72,Jue,0,1.1167,128.8553
voltaje_promedio,B4_PRIM,2,73,Jue,1,1.3193,129.0205
voltaje_promedio,B4_PRIM,2,74,Jue,2,1.2611,128.973
voltaje_promedio,B4_PRIM,2,75,Jue,3,1.2163,128.9366
voltaje_promedio,B4_PRIM,2,76,Jue,4,1.009,128.7675
voltaje_promedio,B4_PRIM,2,77,Jue,5,0.3574,128.2362
voltaje_promedio,B4_PRIM,2,78,Jue,6,-0.6519,127.4133
voltaje_promedio,B4_PRIM,2,79,Jue,7,-1.1996,126.9667
voltaje_promedio,B4_PRIM,2,80,Jue,8,-1.473,126.7437
voltaje_promedio,B4_PRIM,2,81,Jue,9,-1.4702,126.746
voltaje_promedio,B4_PRIM,2,82,Jue,10,-1.5494,126.6815
voltaje_promedio,B4_PRIM,2,83,Jue,11,-1.5237,126.7024
voltaje_promedio,B4_PRIM,2,84,Jue,12,-1.3241,126.8651
voltaje_promedio,B4_PRIM,2,85,Jue,13,-1.1277,127.0253
voltaje_promedio,B4_PRIM,2,86,Jue,14,-1.4728,126.7439
voltaje_promedio,B4_PRIM,2,87,Jue,15,-0.9805,127.1453
voltaje_promedio,B4_PRIM,2,88,Jue,16,-0.253,127.7385
voltaje_promedio,B4_PRIM,2,89,Jue,17,0.2946,128.185
voltaje_promedio,B4_PRIM,2,90,Jue,18,0.402,128.2725
voltaje_promedio,B4_PRIM,2,91,Jue,19,0.754,128.5596
voltaje_promedio,B4_PRIM,2,92,Jue,20,1.0062,128.7652
voltaje_promedio,B4_PRIM,2,93,Jue,21,1.3161,129.0179
voltaje_promedio,B4_PRIM,2,94,Jue,22,1.2917,128.9981
voltaje_promedio,B4_PRIM,2,95,Jue,23,1.3285,129.028
voltaje_promedio,B4_PRIM,2,96,Vie,0,0.6574,128.4808
voltaje_promedio,B4_PRIM,2,97,Vie,1,0.7079,128.522
voltaje_promedio,B4_PRIM,2,98,Vie,2,0.9045,128.6823
voltaje_promedio,B4_PRIM,2,99,Vie,3,0.8432,128.6323
voltaje_promedio,B4_PRIM,2,100,Vie,4,0.589,128.4251
voltaje_promedio,B4_PRIM,2,101,Vie,5,-0.0541,127.9007
voltaje_promedio,B4_PRIM,2,102,Vie,6,-0.948,127.1718
voltaje_promedio,B4_PRIM,2,103,Vie,7,-1.2688,126.9103
voltaje_promedio,B4_PRIM,2,104,Vie,8,-1.4376,126.7726
voltaje_promedio,B4_PRIM,2,105,Vie,9,-1.3661,126.8309
voltaje_promedio,B4_PRIM,2,106,Vie,10,-1.5648,126.6689
voltaje_promedio,B4_PRIM,2,107,Vie,11,-1.5827,126.6543
voltaje_promedio,B4_PRIM,2,108,Vie,12,-1.344,126.8489
voltaje_promedio,B4_PRIM,2,109,Vie,13,-0.8417,127.2585
voltaje_promedio,B4_PRIM,2,110,Vie,14,-1.0655,127.076
voltaje_promedio,B4_PRIM,2,111,Vie,15,-0.8139,127.2811
voltaje_promedio,B4_PRIM,2,112,Vie,16,-0.0615,127.8947
voltaje_promedio,B4_PRIM,2,113,Vie,17,0.5331,128.3795
voltaje_promedio,B4_PRIM,2,114,Vie,18,0.2519,128.1502
voltaje_promedio,B4_PRIM,2,115,Vie,19,0.4187,128.2862
voltaje_promedio,B4_PRIM,2,116,Vie,20,0.811,128.606
voltaje_promedio,B4_PRIM,2,117,Vie,21,0.9458,128.716
voltaje_promedio,B4_PRIM,2,118,Vie,22,0.9266,128.7003
voltaje_promedio,B4_PRIM,2,119,Vie,23,0.9708,128.7364
voltaje_promedio,B4_PRIM,2,120,Sab,0,0.8226,128.6155
voltaje_promedio,B4_PRIM,2,121,Sab,1,0.9062,128.6837
voltaje_promedio,B4_PRIM,2,122,Sab,2,0.8493,128.6373
voltaje_promedio,B4_PRIM,2,123,Sab,3,0.8228,128.6157
voltaje_promedio,B4_PRIM,2,124,Sab,4,0.6616,128.4843
voltaje_promedio,B4_PRIM,2,125,Sab,5,0.2753,128.1692
voltaje_promedio,B4_PRIM,2,126,Sab,6,-0.7151,127.3617
voltaje_promedio,B4_PRIM,2,127,Sab,7,-1.0494,127.0891
voltaje_promedio,B4_PRIM,2,128,Sab,8,-0.9174,127.1968
voltaje_promedio,B4_PRIM,2,129,Sab,9,-0.9517,127.1688
voltaje_promedio,B4_PRIM,2,130,Sab,10,-0.9258,127.1899
voltaje_promedio,B4_PRIM,2,131,Sab,11,-0.7672,127.3192
voltaje_promedio,B4_PRIM,2,132,Sab,12,-0.3547,127.6556
voltaje_promedio,B4_PRIM,2,133,Sab,13,0.1759,128.0882
voltaje_promedio,B4_PRIM,2,134,Sab,14,0.6039,128.4372
voltaje_promedio,B4_PRIM,2,135,Sab,15,0.8177,128.6115
voltaje_promedio,B4_PRIM,2,136,Sab,16,0.7723,128.5745
voltaje_promedio,B4_PRIM,2,137,Sab,17,0.5418,128.3866
voltaje_promedio,B4_PRIM,2,138,Sab,18,0.2618,128.1582
voltaje_promedio,B4_PRIM,2,139,Sab,19,0.6015,128.4353
voltaje_promedio,B4_PRIM,2,140,Sab,20,1.2096,128.9311
voltaje_promedio,B4_PRIM,2,141,Sab,21,0.8756,128.6587
voltaje_promedio,B4_PRIM,2,142,Sab,22,1.2267,128.945
voltaje_promedio,B4_PRIM,2,143,Sab,23,1.2174,128.9375
voltaje_promedio,B4_PRIM,2,144,Dom,0,1.1187,128.857
voltaje_promedio,B4_PRIM,2,145,Dom,1,1.1652,128.8949
voltaje_promedio,B4_PRIM,2,146,Dom,2,1.0341,128.788
voltaje_promedio,B4_PRIM,2,147,Dom,3,1.0022,128.762
voltaje_promedio,B4_PRIM,2,148,Dom,4,0.8911,128.6714
voltaje_promedio,B4_PRIM,2,149,Dom,5,0.7594,128.564
voltaje_promedio,B4_PRIM,2,150,Dom,6,0.3788,128.2536
voltaje_promedio,B4_PRIM,2,151,Dom,7,-0.1207,127.8464
voltaje_promedio,B4_PRIM,2,152,Dom,8,-0.4932,127.5427
voltaje_promedio,B4_PRIM,2,153,Dom,9,-0.4635,127.5669
voltaje_promedio,B4_PRIM,2,154,Dom,10,-0.7845,127.3052
voltaje_promedio,B4_PRIM,2,155,Dom,11,-0.8197,127.2764
voltaje_promedio,B4_PRIM,2,156,Dom,12,-0.8889,127.22
voltaje_promedio,B4_PRIM,2,157,Dom,13,-0.6947,127.3783
voltaje_promedio,B4_PRIM,2,158,Dom,14,-0.5387,127.5056
voltaje_promedio,B4_PRIM,2,159,Dom,15,-0.5548,127.4924
voltaje_promedio,B4_PRIM,2,160,Dom,16,-0.4233,127.5996
voltaje_promedio,B4_PRIM,2,161,Dom,17,-0.2527,127.7387
voltaje_promedio,B4_PRIM,2,162,Dom,18,-0.1482,127.8239
voltaje_promedio,B4_PRIM,2,163,Dom,19,0.1941,128.1031
voltaje_promedio,B4_PRIM,2,164,Dom,20,0.5962,128.4309
voltaje_promedio,B4_PRIM,2,165,Dom,21,0.8982,128.6772
voltaje_promedio,B4_PRIM,2,166,Dom,22,1.0808,128.8261
voltaje_promedio,B4_PRIM,2,167,Dom,23,1.2741,128.9837
voltaje_promedio,B5_BACH,2,0,Lun,0,1.0782,127.2314
voltaje_promedio,B5_BACH,2,1,Lun,1,1.1861,127.3302
voltaje_promedio,B5_BACH,2,2,Lun,2,1.1318,127.2805
voltaje_promedio,B5_BACH,2,3,Lun,3,1.008,127.167
voltaje_promedio,B5_BACH,2,4,Lun,4,0.692,126.8775
voltaje_promedio,B5_BACH,2,5,Lun,5,0.0017,126.2449
voltaje_promedio,B5_BACH,2,6,Lun,6,-0.626,125.6697
voltaje_promedio,B5_BACH,2,7,Lun,7,-1.2136,125.1313
voltaje_promedio,B5_BACH,2,8,Lun,8,-1.4837,124.8838
voltaje_promedio,B5_BACH,2,9,Lun,9,-1.4696,124.8967
voltaje_promedio,B5_BACH,2,10,Lun,10,-1.73,124.6581
voltaje_promedio,B5_BACH,2,11,Lun,11,-1.6091,124.7689
voltaje_promedio,B5_BACH,2,12,Lun,12,-1.2393,125.1078
voltaje_promedio,B5_BACH,2,13,Lun,13,-0.8073,125.5036
voltaje_promedio,B5_BACH,2,14,Lun,14,-0.9991,125.3278
voltaje_promedio,B5_BACH,2,15,Lun,15,-0.7133,125.5897
voltaje_promedio,B5_BACH,2,16,Lun,16,-0.1227,126.1309
voltaje_promedio,B5_BACH,2,17,Lun,17,0.5251,126.7245
voltaje_promedio,B5_BACH,2,18,Lun,18,0.2969,126.5154
voltaje_promedio,B5_BACH,2,19,Lun,19,0.6467,126.836
voltaje_promedio,B5_BACH,2,20,Lun,20,1.013,127.1716
voltaje_promedio,B5_BACH,2,21,Lun,21,1.0355,127.1922
voltaje_promedio,B5_BACH,2,22,Lun,22,1.0409,127.1972
voltaje_promedio,B5_BACH,2,23,Lun,23,1.1367,127.285
voltaje_promedio,B5_BACH,2,24,Mar,0,1.1861,127.3302
voltaje_promedio,B5_BACH,2,25,Mar,1,1.2607,127.3986
voltaje_promedio,B5_BACH,2,26,Mar,2,1.2685,127.4057
voltaje_promedio,B5_BACH,2,27,Mar,3,1.1673,127.313
voltaje_promedio,B5_BACH,2,28,Mar,4,0.819,126.9938
voltaje_promedio,B5_BACH,2,29,Mar,5,-0.0197,126.2253
voltaje_promedio,B5_BACH,2,30,Mar,6,-0.7913,125.5183
voltaje_promedio,B5_BACH,2,31,Mar,7,-1.3005,125.0517
voltaje_promedio,B5_BACH,2,32,Mar,8,-1.6813,124.7028
voltaje_promedio,B5_BACH,2,33,Mar,9,-1.7141,124.6727
voltaje_promedio,B5_BACH,2,34,Mar,10,-1.5687,124.8059
voltaje_promedio,B5_BACH,2,35,Mar,11,-1.7677,124.6235
voltaje_promedio,B5_BACH,2,36,Mar,12,-1.4883,124.8796
voltaje_promedio,B5_BACH,2,37,Mar,13,-0.9732,125.3516
voltaje_promedio,B5_BACH,2,38,Mar,14,-1.3168,125.0367
voltaje_promedio,B5_BACH,2,39,Mar,15,-0.7665,125.541
voltaje_promedio,B5_BACH,2,40,Mar,16,-0.1065,126.1458
voltaje_promedio,B5_BACH,2,41,Mar,17,0.1863,126.4141
voltaje_promedio,B5_BACH,2,42,Mar,18,0.1778,126.4062
voltaje_promedio,B5_BACH,2,43,Mar,19,0.4082,126.6174
voltaje_promedio,B5_BACH,2,44,Mar,20,0.8508,127.023
voltaje_promedio,B5_BACH,2,45,Mar,21,0.9096,127.0769
voltaje_promedio,B5_BACH,2,46,Mar,22,1.0045,127.1638
voltaje_promedio,B5_BACH,2,47,Mar,23,1.1302,127.2789
voltaje_promedio,B5_BACH,2,48,Mie,0,1.043,127.1991
voltaje_promedio,B5_BACH,2,49,Mie,1,0.8925,127.0612
voltaje_promedio,B5_BACH,2,50,Mie,2,0.8525,127.0245
voltaje_promedio,B5_BACH,2,51,Mie,3,0.7976,126.9742
voltaje_promedio,B5_BACH,2,52,Mie,4,0.5367,126.7352
voltaje_promedio,B5_BACH,2,53,Mie,5,-0.0961,126.1553
voltaje_promedio,B5_BACH,2,54,Mie,6,-0.8632,125.4524
voltaje_promedio,B5_BACH,2,55,Mie,7,-1.3773,124.9813
voltaje_promedio,B5_BACH,2,56,Mie,8,-1.7047,124.6813
voltaje_promedio,B5_BACH,2,57,Mie,9,-1.6359,124.7443
voltaje_promedio,B5_BACH,2,58,Mie,10,-2.0016,124.4093
voltaje_promedio,B5_BACH,2,59,Mie,11,-1.8522,124.5461
voltaje_promedio,B5_BACH,2,60,Mie,12,-1.4445,124.9197
voltaje_promedio,B5_BACH,2,61,Mie,13,-0.8616,125.4539
voltaje_promedio,B5_BACH,2,62,Mie,14,-1.1748,125.1668
voltaje_promedio,B5_BACH,2,63,Mie,15,-0.9126,125.4071
voltaje_promedio,B5_BACH,2,64,Mie,16,-0.2477,126.0164
voltaje_promedio,B5_BACH,2,65,Mie,17,0.4522,126.6577
voltaje_promedio,B5_BACH,2,66,Mie,18,0.0492,126.2884
voltaje_promedio,B5_BACH,2,67,Mie,19,0.4622,126.6669
voltaje_promedio,B5_BACH,2,68,Mie,20,0.8917,127.0605
voltaje_promedio,B5_BACH,2,69,Mie,21,0.9889,127.1495
voltaje_promedio,B5_BACH,2,70,Mie,22,1.3041,127.4383
voltaje_promedio,B5_BACH,2,71,Mie,23,1.0451,127.201
voltaje_promedio,B5_BACH,2,72,Jue,0,1.1159,127.2658
voltaje_promedio,B5_BACH,2,73,Jue,1,1.2903,127.4257
voltaje_promedio,B5_BACH,2,74,Jue,2,1.2245,127.3654
voltaje_promedio,B5_BACH,2,75,Jue,3,1.1814,127.3259
voltaje_promedio,B5_BACH,2,76,Jue,4,0.9818,127.143
voltaje_promedio,B5_BACH,2,77,Jue,5,0.3849,126.596
voltaje_promedio,B5_BACH,2,78,Jue,6,-0.501,125.7843
voltaje_promedio,B5_BACH,2,79,Jue,7,-1.1218,125.2154
voltaje_promedio,B5_BACH,2,80,Jue,8,-1.4334,124.9299
voltaje_promedio,B5_BACH,2,81,Jue,9,-1.5112,124.8586
voltaje_promedio,B5_BACH,2,82,Jue,10,-1.683,124.7012
voltaje_promedio,B5_BACH,2,83,Jue,11,-1.6209,124.7581
voltaje_promedio,B5_BACH,2,84,Jue,12,-1.4445,124.9197
voltaje_promedio,B5_BACH,2,85,Jue,13,-1.1331,125.205
voltaje_promedio,B5_BACH,2,86,Jue,14,-1.5668,124.8076
voltaje_promedio,B5_BACH,2,87,Jue,15,-0.9969,125.3298
voltaje_promedio,B5_BACH,2,88,Jue,16,-0.3481,125.9244
voltaje_promedio,B5_BACH,2,89,Jue,17,0.2757,126.496
voltaje_promedio,B5_BACH,2,90,Jue,18,0.3578,126.5713
voltaje_promedio,B5_BACH,2,91,Jue,19,0.6925,126.8779
voltaje_promedio,B5_BACH,2,92,Jue,20,1.0617,127.2163
voltaje_promedio,B5_BACH,2,93,Jue,21,1.3233,127.4559
voltaje_promedio,B5_BACH,2,94,Jue,22,1.3041,127.4383
voltaje_promedio,B5_BACH,2,95,Jue,23,1.3253,127.4578
voltaje_promedio,B5_BACH,2,96,Vie,0,0.7136,126.8972
voltaje_promedio,B5_BACH,2,97,Vie,1,0.7685,126.9475
voltaje_promedio,B5_BACH,2,98,Vie,2,0.9392,127.104
voltaje_promedio,B5_BACH,2,99,Vie,3,0.8775,127.0475
voltaje_promedio,B5_BACH,2,100,Vie,4,0.6395,126.8293
voltaje_promedio,B5_BACH,2,101,Vie,5,0.07,126.3075
voltaje_promedio,B5_BACH,2,102,Vie,6,-0.7046,125.5977
voltaje_promedio,B5_BACH,2,103,Vie,7,-1.1637,125.177
voltaje_promedio,B5_BACH,2,104,Vie,8,-1.4403,124.9236
voltaje_promedio,B5_BACH,2,105,Vie,9,-1.4222,124.9401
voltaje_promedio,B5_BACH,2,106,Vie,10,-1.5932,124.7835
voltaje_promedio,B5_BACH,2,107,Vie,11,-1.6109,124.7673
voltaje_promedio,B5_BACH,2,108,Vie,12,-1.4037,124.9571
voltaje_promedio,B5_BACH,2,109,Vie,13,-0.8729,125.4435
voltaje_promedio,B5_BACH,2,110,Vie,14,-1.1217,125.2155
voltaje_promedio,B5_BACH,2,111,Vie,15,-0.8284,125.4843
voltaje_promedio,B5_BACH,2,112,Vie,16,-0.1493,126.1066
voltaje_promedio,B5_BACH,2,113,Vie,17,0.3984,126.6084
voltaje_promedio,B5_BACH,2,114,Vie,18,0.1934,126.4206
voltaje_promedio,B5_BACH,2,115,Vie,19,0.3824,126.5938
voltaje_promedio,B5_BACH,2,116,Vie,20,0.743,126.9242
voltaje_promedio,B5_BACH,2,117,Vie,21,0.8752,127.0453
voltaje_promedio,B5_BACH,2,118,Vie,22,0.8918,127.0605
voltaje_promedio,B5_BACH,2,119,Vie,23,0.9555,127.1189
voltaje_promedio,B5_BACH,2,120,Sab,0,0.8305,127.0043
voltaje_promedio,B5_BACH,2,121,Sab,1,0.9155,127.0823
voltaje_promedio,B5_BACH,2,122,Sab,2,0.8703,127.0408
voltaje_promedio,B5_BACH,2,123,Sab,3,0.8368,127.0102
voltaje_promedio,B5_BACH,2,124,Sab,4,0.6995,126.8843
voltaje_promedio,B5_BACH,2,125,Sab,5,0.3727,126.5848
voltaje_promedio,B5_BACH,2,126,Sab,6,-0.5171,125.7695
voltaje_promedio,B5_BACH,2,127,Sab,7,-0.8484,125.4659
voltaje_promedio,B5_BACH,2,128,Sab,8,-0.7785,125.53
voltaje_promedio,B5_BACH,2,129,Sab,9,-0.8135,125.4979
voltaje_promedio,B5_BACH,2,130,Sab,10,-0.8416,125.4722
voltaje_promedio,B5_BACH,2,131,Sab,11,-0.6967,125.6049
voltaje_promedio,B5_BACH,2,132,Sab,12,-0.3002,125.9683
voltaje_promedio,B5_BACH,2,133,Sab,13,0.1961,126.423
voltaje_promedio,B5_BACH,2,134,Sab,14,0.5829,126.7775
voltaje_promedio,B5_BACH,2,135,Sab,15,0.7903,126.9675
voltaje_promedio,B5_BACH,2,136,Sab,16,0.7506,126.9311
voltaje_promedio,B5_BACH,2,137,Sab,17,0.5538,126.7509
voltaje_promedio,B5_BACH,2,138,Sab,18,0.2932,126.512
voltaje_promedio,B5_BACH,2,139,Sab,19,0.6289,126.8196
voltaje_promedio,B5_BACH,2,140,Sab,20,1.1819,127.3263
voltaje_promedio,B5_BACH,2,141,Sab,21,0.8938,127.0624
voltaje_promedio,B5_BACH,2,142,Sab,22,1.2132,127.3551
voltaje_promedio,B5_BACH,2,143,Sab,23,1.2024,127.3452
voltaje_promedio,B5_BACH,2,144,Dom,0,1.1092,127.2597
voltaje_promedio,B5_BACH,2,145,Dom,1,1.153,127.2999
voltaje_promedio,B5_BACH,2,146,Dom,2,1.0303,127.1875
voltaje_promedio,B5_BACH,2,147,Dom,3,1.0072,127.1663
voltaje_promedio,B5_BACH,2,148,Dom,4,0.898,127.0662
voltaje_promedio,B5_BACH,2,149,Dom,5,0.7828,126.9607
voltaje_promedio,B5_BACH,2,150,Dom,6,0.4414,126.6479
voltaje_promedio,B5_BACH,2,151,Dom,7,-0.0119,126.2325
voltaje_promedio,B5_BACH,2,152,Dom,8,-0.361,125.9125
voltaje_promedio,B5_BACH,2,153,Dom,9,-0.3412,125.9307
voltaje_promedio,B5_BACH,2,154,Dom,10,-0.6246,125.671
voltaje_promedio,B5_BACH,2,155,Dom,11,-0.6559,125.6424
voltaje_promedio,B5_BACH,2,156,Dom,12,-0.7247,125.5793
voltaje_promedio,B5_BACH,2,157,Dom,13,-0.5462,125.7429
voltaje_promedio,B5_BACH,2,158,Dom,14,-0.4197,125.8588
voltaje_promedio,B5_BACH,2,159,Dom,15,-0.4258,125.8532
voltaje_promedio,B5_BACH,2,160,Dom,16,-0.2973,125.9709
voltaje_promedio,B5_BACH,2,161,Dom,17,-0.1557,126.1007
voltaje_promedio,B5_BACH,2,162,Dom,18,-0.0601,126.1883
voltaje_promedio,B5_BACH,2,163,Dom,19,0.2461,126.4688
voltaje_promedio,B5_BACH,2,164,Dom,20,0.6183,126.8099
voltaje_promedio,B5_BACH,2,165,Dom,21,0.9011,127.069
voltaje_promedio,B5_BACH,2,166,Dom,22,1.0775,127.2307
voltaje_promedio,B5_BACH,2,167,Dom,23,1.2506,127.3893
voltaje_promedio,B7_CTIC,2,0,Lun,0,1.1319,123.9269
voltaje_promedio,B7_CTIC,2,1,Lun,1,1.2815,124.0328
voltaje_promedio,B7_CTIC,2,2,Lun,2,1.2216,123.9904
voltaje_promedio,B7_CTIC,2,3,Lun,3,1.0612,123.8769
voltaje_promedio,B7_CTIC,2,4,Lun,4,0.6775,123.6051
voltaje_promedio,B7_CTIC,2,5,Lun,5,-0.1705,123.0045
voltaje_promedio,B7_CTIC,2,6,Lun,6,-0.8183,122.5457
voltaje_promedio,B7_CTIC,2,7,Lun,7,-1.206,122.2711
voltaje_promedio,B7_CTIC,2,8,Lun,8,-1.3493,122.1696
voltaje_promedio,B7_CTIC,2,9,Lun,9,-1.353,122.167
voltaje_promedio,B7_CTIC,2,10,Lun,10,-1.5996,121.9923
voltaje_promedio,B7_CTIC,2,11,Lun,11,-1.4406,122.1049
voltaje_promedio,B7_CTIC,2,12,Lun,12,-0.9202,122.4735
voltaje_promedio,B7_CTIC,2,13,Lun,13,-0.6347,122.6757
voltaje_promedio,B7_CTIC,2,14,Lun,14,-0.9662,122.4409
voltaje_promedio,B7_CTIC,2,15,Lun,15,-0.8364,122.5329
voltaje_promedio,B7_CTIC,2,16,Lun,16,-0.1702,123.0047
voltaje_promedio,B7_CTIC,2,17,Lun,17,0.5673,123.527
voltaje_promedio,B7_CTIC,2,18,Lun,18,0.2705,123.3168
voltaje_promedio,B7_CTIC,2,19,Lun,19,0.6951,123.6176
voltaje_promedio,B7_CTIC,2,20,Lun,20,1.1154,123.9152
voltaje_promedio,B7_CTIC,2,21,Lun,21,1.1633,123.9492
voltaje_promedio,B7_CTIC,2,22,Lun,22,1.1186,123.9175
voltaje_promedio,B7_CTIC,2,23,Lun,23,1.2124,123.9839
voltaje_promedio,B7_CTIC,2,24,Mar,0,1.2977,124.0444
voltaje_promedio,B7_CTIC,2,25,Mar,1,1.3825,124.1044
voltaje_promedio,B7_CTIC,2,26,Mar,2,1.4022,124.1184
voltaje_promedio,B7_CTIC,2,27,Mar,3,1.2727,124.0267
voltaje_promedio,B7_CTIC,2,28,Mar,4,0.8493,123.7268
voltaje_promedio,B7_CTIC,2,29,Mar,5,-0.1636,123.0094
voltaje_promedio,B7_CTIC,2,30,Mar,6,-0.9521,122.4509
voltaje_promedio,B7_CTIC,2,31,Mar,7,-1.1676,122.2983
voltaje_promedio,B7_CTIC,2,32,Mar,8,-1.4429,122.1033
voltaje_promedio,B7_CTIC,2,33,Mar,9,-1.4185,122.1206
voltaje_promedio,B7_CTIC,2,34,Mar,10,-1.1951,122.2788
voltaje_promedio,B7_CTIC,2,35,Mar,11,-1.419,122.1202
voltaje_promedio,B7_CTIC,2,36,Mar,12,-1.0178,122.4044
voltaje_promedio,B7_CTIC,2,37,Mar,13,-0.6882,122.6378
voltaje_promedio,B7_CTIC,2,38,Mar,14,-1.1276,122.3266
voltaje_promedio,B7_CTIC,2,39,Mar,15,-0.8105,122.5512
voltaje_promedio,B7_CTIC,2,40,Mar,16,-0.0983,123.0556
voltaje_promedio,B7_CTIC,2,41,Mar,17,0.1746,123.2489
voltaje_promedio,B7_CTIC,2,42,Mar,18,0.1749,123.2491
voltaje_promedio,B7_CTIC,2,43,Mar,19,0.3919,123.4028
voltaje_promedio,B7_CTIC,2,44,Mar,20,0.9429,123.7931
voltaje_promedio,B7_CTIC,2,45,Mar,21,1.0198,123.8475
voltaje_promedio,B7_CTIC,2,46,Mar,22,1.0816,123.8913
voltaje_promedio,B7_CTIC,2,47,Mar,23,1.2377,124.0018
voltaje_promedio,B7_CTIC,2,48,Mie,0,1.1383,123.9314
voltaje_promedio,B7_CTIC,2,49,Mie,1,0.9424,123.7927
voltaje_promedio,B7_CTIC,2,50,Mie,2,0.9047,123.766
voltaje_promedio,B7_CTIC,2,51,Mie,3,0.8372,123.7182
voltaje_promedio,B7_CTIC,2,52,Mie,4,0.4726,123.46
voltaje_promedio,B7_CTIC,2,53,Mie,5,-0.2797,122.9271
voltaje_promedio,B7_CTIC,2,54,Mie,6,-1.0579,122.376
voltaje_promedio,B7_CTIC,2,55,Mie,7,-1.2626,122.231
voltaje_promedio,B7_CTIC,2,56,Mie,8,-1.5018,122.0616
voltaje_promedio,B7_CTIC,2,57,Mie,9,-1.4115,122.1255
voltaje_promedio,B7_CTIC,2,58,Mie,10,-1.6651,121.9459
voltaje_promedio,B7_CTIC,2,59,Mie,11,-1.4808,122.0765
voltaje_promedio,B7_CTIC,2,60,Mie,12,-1.1107,122.3386
voltaje_promedio,B7_CTIC,2,61,Mie,13,-0.7575,122.5887
voltaje_promedio,B7_CTIC,2,62,Mie,14,-1.2101,122.2682
voltaje_promedio,B7_CTIC,2,63,Mie,15,-1.0576,122.3762
voltaje_promedio,B7_CTIC,2,64,Mie,16,-0.2875,122.9216
voltaje_promedio,B7_CTIC,2,65,Mie,17,0.4809,123.4658
voltaje_promedio,B7_CTIC,2,66,Mie,18,-0.0399,123.097
voltaje_promedio,B7_CTIC,2,67,Mie,19,0.4479,123.4425
voltaje_promedio,B7_CTIC,2,68,Mie,20,0.9785,123.8183
voltaje_promedio,B7_CTIC,2,69,Mie,21,1.0758,123.8872
voltaje_promedio,B7_CTIC,2,70,Mie,22,1.4227,124.1329
voltaje_promedio,B7_CTIC,2,71,Mie,23,1.0922,123.8988
voltaje_promedio,B7_CTIC,2,72,Jue,0,1.1632,123.9491
voltaje_promedio,B7_CTIC,2,73,Jue,1,1.3909,124.1104
voltaje_promedio,B7_CTIC,2,74,Jue,2,1.3311,124.068
voltaje_promedio,B7_CTIC,2,75,Jue,3,1.2888,124.0381
voltaje_promedio,B7_CTIC,2,76,Jue,4,1.045,123.8653
voltaje_promedio,B7_CTIC,2,77,Jue,5,0.3635,123.3827
voltaje_promedio,B7_CTIC,2,78,Jue,6,-0.6053,122.6965
voltaje_promedio,B7_CTIC,2,79,Jue,7,-1.0314,122.3948
voltaje_promedio,B7_CTIC,2,80,Jue,8,-1.2559,122.2357
voltaje_promedio,B7_CTIC,2,81,Jue,9,-1.3409,122.1755
voltaje_promedio,B7_CTIC,2,82,Jue,10,-1.4479,122.0998
voltaje_promedio,B7_CTIC,2,83,Jue,11,-1.3697,122.1552
voltaje_promedio,B7_CTIC,2,84,Jue,12,-1.1586,122.3047
voltaje_promedio,B7_CTIC,2,85,Jue,13,-1.0438,122.386
voltaje_promedio,B7_CTIC,2,86,Jue,14,-1.5106,122.0554
voltaje_promedio,B7_CTIC,2,87,Jue,15,-1.1445,122.3147
voltaje_promedio,B7_CTIC,2,88,Jue,16,-0.387,122.8511
voltaje_promedio,B7_CTIC,2,89,Jue,17,0.156,123.2357
voltaje_promedio,B7_CTIC,2,90,Jue,18,0.3228,123.3539
voltaje_promedio,B7_CTIC,2,91,Jue,19,0.7474,123.6546
voltaje_promedio,B7_CTIC,2,92,Jue,20,1.0524,123.8706
voltaje_promedio,B7_CTIC,2,93,Jue,21,1.4042,124.1198
voltaje_promedio,B7_CTIC,2,94,Jue,22,1.3844,124.1058
voltaje_promedio,B7_CTIC,2,95,Jue,23,1.4384,124.144
voltaje_promedio,B7_CTIC,2,96,Vie,0,0.6868,123.6117
voltaje_promedio,B7_CTIC,2,97,Vie,1,0.7471,123.6544
voltaje_promedio,B7_CTIC,2,98,Vie,2,0.9667,123.8099
voltaje_promedio,B7_CTIC,2,99,Vie,3,0.9028,123.7646
voltaje_promedio,B7_CTIC,2,100,Vie,4,0.608,123.5558
voltaje_promedio,B7_CTIC,2,101,Vie,5,-0.0829,123.0665
voltaje_promedio,B7_CTIC,2,102,Vie,6,-0.9287,122.4675
voltaje_promedio,B7_CTIC,2,103,Vie,7,-1.1487,122.3117
voltaje_promedio,B7_CTIC,2,104,Vie,8,-1.2716,122.2246
voltaje_promedio,B7_CTIC,2,105,Vie,9,-1.2835,122.2162
voltaje_promedio,B7_CTIC,2,106,Vie,10,-1.5087,122.0567
voltaje_promedio,B7_CTIC,2,107,Vie,11,-1.4626,122.0894
voltaje_promedio,B7_CTIC,2,108,Vie,12,-1.1918,122.2811
voltaje_promedio,B7_CTIC,2,109,Vie,13,-0.7969,122.5608
voltaje_promedio,B7_CTIC,2,110,Vie,14,-1.1226,122.3302
voltaje_promedio,B7_CTIC,2,111,Vie,15,-1.025,122.3993
voltaje_promedio,B7_CTIC,2,112,Vie,16,-0.264,122.9383
voltaje_promedio,B7_CTIC,2,113,Vie,17,0.3378,123.3645
voltaje_promedio,B7_CTIC,2,114,Vie,18,0.0961,123.1933
voltaje_promedio,B7_CTIC,2,115,Vie,19,0.3305,123.3593
voltaje_promedio,B7_CTIC,2,116,Vie,20,0.7832,123.68
voltaje_promedio,B7_CTIC,2,117,Vie,21,0.9559,123.8023
voltaje_promedio,B7_CTIC,2,118,Vie,22,0.9326,123.7857
voltaje_promedio,B7_CTIC,2,119,Vie,23,0.9966,123.8311
voltaje_promedio,B7_CTIC,2,120,Sab,0,0.838,123.7187
voltaje_promedio,B7_CTIC,2,121,Sab,1,0.9396,123.7908
voltaje_promedio,B7_CTIC,2,122,Sab,2,0.8806,123.7489
voltaje_promedio,B7_CTIC,2,123,Sab,3,0.8612,123.7352
voltaje_promedio,B7_CTIC,2,124,Sab,4,0.6589,123.5919
voltaje_promedio,B7_CTIC,2,125,Sab,5,0.2425,123.297
voltaje_promedio,B7_CTIC,2,126,Sab,6,-0.8662,122.5117
voltaje_promedio,B7_CTIC,2,127,Sab,7,-1.2266,122.2565
voltaje_promedio,B7_CTIC,2,128,Sab,8,-1.0769,122.3625
voltaje_promedio,B7_CTIC,2,129,Sab,9,-1.1519,122.3094
voltaje_promedio,B7_CTIC,2,130,Sab,10,-1.1586,122.3047
voltaje_promedio,B7_CTIC,2,131,Sab,11,-0.988,122.4255
voltaje_promedio,B7_CTIC,2,132,Sab,12,-0.5941,122.7044
voltaje_promedio,B7_CTIC,2,133,Sab,13,-0.0105,123.1178
voltaje_promedio,B7_CTIC,2,134,Sab,14,0.4567,123.4487
voltaje_promedio,B7_CTIC,2,135,Sab,15,0.7085,123.6271
voltaje_promedio,B7_CTIC,2,136,Sab,16,0.6696,123.5995
voltaje_promedio,B7_CTIC,2,137,Sab,17,0.4252,123.4264
voltaje_promedio,B7_CTIC,2,138,Sab,18,0.1546,123.2348
voltaje_promedio,B7_CTIC,2,139,Sab,19,0.5745,123.5322
voltaje_promedio,B7_CTIC,2,140,Sab,20,1.2702,124.0249
voltaje_promedio,B7_CTIC,2,141,Sab,21,0.8986,123.7617
voltaje_promedio,B7_CTIC,2,142,Sab,22,1.2887,124.038
voltaje_promedio,B7_CTIC,2,143,Sab,23,1.295,124.0424
voltaje_promedio,B7_CTIC,2,144,Dom,0,1.1789,123.9602
voltaje_promedio,B7_CTIC,2,145,Dom,1,1.2342,123.9994
voltaje_promedio,B7_CTIC,2,146,Dom,2,1.0836,123.8927
voltaje_promedio,B7_CTIC,2,147,Dom,3,1.0581,123.8747
voltaje_promedio,B7_CTIC,2,148,Dom,4,0.9237,123.7795
voltaje_promedio,B7_CTIC,2,149,Dom,5,0.7766,123.6753
voltaje_promedio,B7_CTIC,2,150,Dom,6,0.3377,123.3644
voltaje_promedio,B7_CTIC,2,151,Dom,7,-0.2332,122.9601
voltaje_promedio,B7_CTIC,2,152,Dom,8,-0.6936,122.634
voltaje_promedio,B7_CTIC,2,153,Dom,9,-0.7023,122.6278
voltaje_promedio,B7_CTIC,2,154,Dom,10,-1.0711,122.3666
voltaje_promedio,B7_CTIC,2,155,Dom,11,-1.1001,122.3461
voltaje_promedio,B7_CTIC,2,156,Dom,12,-1.1829,122.2875
voltaje_promedio,B7_CTIC,2,157,Dom,13,-1.0071,122.412
voltaje_promedio,B7_CTIC,2,158,Dom,14,-0.8558,122.5191
voltaje_promedio,B7_CTIC,2,159,Dom,15,-0.856,122.519
voltaje_promedio,B7_CTIC,2,160,Dom,16,-0.6925,122.6348
voltaje_promedio,B7_CTIC,2,161,Dom,17,-0.4876,122.7799
voltaje_promedio,B7_CTIC,2,162,Dom,18,-0.3084,122.9068
voltaje_promedio,B7_CTIC,2,163,Dom,19,0.0867,123.1867
voltaje_promedio,B7_CTIC,2,164,Dom,20,0.544,123.5105
voltaje_promedio,B7_CTIC,2,165,Dom,21,0.9007,123.7632
voltaje_promedio,B7_CTIC,2,166,Dom,22,1.1207,123.919
voltaje_promedio,B7_CTIC,2,167,Dom,23,1.358,124.0871
voltaje_promedio,B7_TAC,1,0,Lun,0,1.1014,125.5718
voltaje_promedio,B7_TAC,1,1,Lun,1,1.1948,125.6703
voltaje_promedio,B7_TAC,1,2,Lun,2,1.1737,125.6481
voltaje_promedio,B7_TAC,1,3,Lun,3,1.0771,125.5461
voltaje_promedio,B7_TAC,1,4,Lun,4,0.7988,125.2524
voltaje_promedio,B7_TAC,1,5,Lun,5,0.041,124.4529
voltaje_promedio,B7_TAC,1,6,Lun,6,-0.5518,123.8274
voltaje_promedio,B7_TAC,1,7,Lun,7,-0.8647,123.4973
voltaje_promedio,B7_TAC,1,8,Lun,8,-1.101,123.2479
voltaje_promedio,B7_TAC,1,9,Lun,9,-1.234,123.1076
voltaje_promedio,B7_TAC,1,10,Lun,10,-1.4451,122.8849
voltaje_promedio,B7_TAC,1,11,Lun,11,-1.431,122.8998
voltaje_promedio,B7_TAC,1,12,Lun,12,-1.2059,123.1373
voltaje_promedio,B7_TAC,1,13,Lun,13,-1.0184,123.3351
voltaje_promedio,B7_TAC,1,14,Lun,14,-1.18,123.1646
voltaje_promedio,B7_TAC,1,15,Lun,15,-0.9938,123.361
voltaje_promedio,B7_TAC,1,16,Lun,16,-0.397,123.9907
voltaje_promedio,B7_TAC,1,17,Lun,17,0.3075,124.7341
voltaje_promedio,B7_TAC,1,18,Lun,18,0.2345,124.657
voltaje_promedio,B7_TAC,1,19,Lun,19,0.6298,125.0742
voltaje_promedio,B7_TAC,1,20,Lun,20,1.0847,125.5542
voltaje_promedio,B7_TAC,1,21,Lun,21,1.1305,125.6024
voltaje_promedio,B7_TAC,1,22,Lun,22,1.0958,125.5659
voltaje_promedio,B7_TAC,1,23,Lun,23,1.1701,125.6443
voltaje_promedio,B7_TAC,1,24,Mar,0,1.2106,125.6869
voltaje_promedio,B7_TAC,1,25,Mar,1,1.2912,125.772
voltaje_promedio,B7_TAC,1,26,Mar,2,1.3071,125.7888
voltaje_promedio,B7_TAC,1,27,Mar,3,1.1958,125.6713
voltaje_promedio,B7_TAC,1,28,Mar,4,0.933,125.3941
voltaje_promedio,B7_TAC,1,29,Mar,5,0.0732,124.4868
voltaje_promedio,B7_TAC,1,30,Mar,6,-0.5835,123.7939
voltaje_promedio,B7_TAC,1,31,Mar,7,-0.9125,123.4468
voltaje_promedio,B7_TAC,1,32,Mar,8,-1.3889,122.9442
voltaje_promedio,B7_TAC,1,33,Mar,9,-1.5619,122.7617
voltaje_promedio,B7_TAC,1,34,Mar,10,-1.4417,122.8885
voltaje_promedio,B7_TAC,1,35,Mar,11,-1.7398,122.5739
voltaje_promedio,B7_TAC,1,36,Mar,12,-1.5608,122.7628
voltaje_promedio,B7_TAC,1,37,Mar,13,-1.3562,122.9787
voltaje_promedio,B7_TAC,1,38,Mar,14,-1.5341,122.791
voltaje_promedio,B7_TAC,1,39,Mar,15,-1.1853,123.159
voltaje_promedio,B7_TAC,1,40,Mar,16,-0.5369,123.8432
voltaje_promedio,B7_TAC,1,41,Mar,17,-0.0883,124.3165
voltaje_promedio,B7_TAC,1,42,Mar,18,0.076,124.4898
voltaje_promedio,B7_TAC,1,43,Mar,19,0.3136,124.7406
voltaje_promedio,B7_TAC,1,44,Mar,20,0.8983,125.3575
voltaje_promedio,B7_TAC,1,45,Mar,21,0.9834,125.4473
voltaje_promedio,B7_TAC,1,46,Mar,22,1.0245,125.4906
voltaje_promedio,B7_TAC,1,47,Mar,23,1.0959,125.566
voltaje_promedio,B7_TAC,1,48,Mie,0,1.0455,125.5128
voltaje_promedio,B7_TAC,1,49,Mie,1,0.9244,125.385
voltaje_promedio,B7_TAC,1,50,Mie,2,0.893,125.3519
voltaje_promedio,B7_TAC,1,51,Mie,3,0.8346,125.2903
voltaje_promedio,B7_TAC,1,52,Mie,4,0.6675,125.1139
voltaje_promedio,B7_TAC,1,53,Mie,5,-0.104,124.3
voltaje_promedio,B7_TAC,1,54,Mie,6,-0.7803,123.5863
voltaje_promedio,B7_TAC,1,55,Mie,7,-1.0508,123.3009
voltaje_promedio,B7_TAC,1,56,Mie,8,-1.3574,122.9775
voltaje_promedio,B7_TAC,1,57,Mie,9,-1.5174,122.8086
voltaje_promedio,B7_TAC,1,58,Mie,10,-1.6799,122.6371
voltaje_promedio,B7_TAC,1,59,Mie,11,-1.6733,122.6442
voltaje_promedio,B7_TAC,1,60,Mie,12,-1.5837,122.7386
voltaje_promedio,B7_TAC,1,61,Mie,13,-1.389,122.9441
voltaje_promedio,B7_TAC,1,62,Mie,14,-1.5736,122.7493
voltaje_promedio,B7_TAC,1,63,Mie,15,-1.3124,123.0249
voltaje_promedio,B7_TAC,1,64,Mie,16,-0.7154,123.6548
voltaje_promedio,B7_TAC,1,65,Mie,17,0.1547,124.5729
voltaje_promedio,B7_TAC,1,66,Mie,18,-0.0096,124.3995
voltaje_promedio,B7_TAC,1,67,Mie,19,0.3771,124.8075
voltaje_promedio,B7_TAC,1,68,Mie,20,0.9527,125.4149
voltaje_promedio,B7_TAC,1,69,Mie,21,1.077,125.546
voltaje_promedio,B7_TAC,1,70,Mie,22,1.3147,125.7968
voltaje_promedio,B7_TAC,1,71,Mie,23,1.067,125.5355
voltaje_promedio,B7_TAC,1,72,Jue,0,1.1432,125.6159
voltaje_promedio,B7_TAC,1,73,Jue,1,1.2807,125.761
voltaje_promedio,B7_TAC,1,74,Jue,2,1.2332,125.7108
voltaje_promedio,B7_TAC,1,75,Jue,3,1.1887,125.6639
voltaje_promedio,B7_TAC,1,76,Jue,4,1.0282,125.4945
voltaje_promedio,B7_TAC,1,77,Jue,5,0.3416,124.7701
voltaje_promedio,B7_TAC,1,78,Jue,6,-0.4787,123.9046
voltaje_promedio,B7_TAC,1,79,Jue,7,-0.8226,123.5417
voltaje_promedio,B7_TAC,1,80,Jue,8,-1.1327,123.2145
voltaje_promedio,B7_TAC,1,81,Jue,9,-1.2964,123.0418
voltaje_promedio,B7_TAC,1,82,Jue,10,-1.3696,122.9645
voltaje_promedio,B7_TAC,1,83,Jue,11,-1.4465,122.8834
voltaje_promedio,B7_TAC,1,84,Jue,12,-1.4467,122.8832
voltaje_promedio,B7_TAC,1,85,Jue,13,-1.3825,122.9509
voltaje_promedio,B7_TAC,1,86,Jue,14,-1.6559,122.6624
voltaje_promedio,B7_TAC,1,87,Jue,15,-1.3133,123.0239
voltaje_promedio,B7_TAC,1,88,Jue,16,-0.6761,123.6963
voltaje_promedio,B7_TAC,1,89,Jue,17,-0.0946,124.3098
voltaje_promedio,B7_TAC,1,90,Jue,18,0.1275,124.5442
voltaje_promedio,B7_TAC,1,91,Jue,19,0.5524,124.9925
voltaje_promedio,B7_TAC,1,92,Jue,20,1.0098,125.4751
voltaje_promedio,B7_TAC,1,93,Jue,21,1.277,125.7571
voltaje_promedio,B7_TAC,1,94,Jue,22,1.2524,125.7311
voltaje_promedio,B7_TAC,1,95,Jue,23,1.2912,125.772
voltaje_promedio,B7_TAC,1,96,Vie,0,0.798,125.2516
voltaje_promedio,B7_TAC,1,97,Vie,1,0.8264,125.2816
voltaje_promedio,B7_TAC,1,98,Vie,2,0.9734,125.4367
voltaje_promedio,B7_TAC,1,99,Vie,3,0.943,125.4046
voltaje_promedio,B7_TAC,1,100,Vie,4,0.73,125.1799
voltaje_promedio,B7_TAC,1,101,Vie,5,0.0865,124.5009
voltaje_promedio,B7_TAC,1,102,Vie,6,-0.5808,123.7968
voltaje_promedio,B7_TAC,1,103,Vie,7,-0.8068,123.5584
voltaje_promedio,B7_TAC,1,104,Vie,8,-1.1621,123.1835
voltaje_promedio,B7_TAC,1,105,Vie,9,-1.2896,123.049
voltaje_promedio,B7_TAC,1,106,Vie,10,-1.4882,122.8394
voltaje_promedio,B7_TAC,1,107,Vie,11,-1.5195,122.8064
voltaje_promedio,B7_TAC,1,108,Vie,12,-1.4996,122.8274
voltaje_promedio,B7_TAC,1,109,Vie,13,-1.229,123.1129
voltaje_promedio,B7_TAC,1,110,Vie,14,-1.3456,122.9898
voltaje_promedio,B7_TAC,1,111,Vie,15,-1.2001,123.1434
voltaje_promedio,B7_TAC,1,112,Vie,16,-0.5877,123.7895
voltaje_promedio,B7_TAC,1,113,Vie,17,-0.0011,124.4085
voltaje_promedio,B7_TAC,1,114,Vie,18,-0.0101,124.399
voltaje_promedio,B7_TAC,1,115,Vie,19,0.2737,124.6984
voltaje_promedio,B7_TAC,1,116,Vie,20,0.831,125.2864
voltaje_promedio,B7_TAC,1,117,Vie,21,0.9687,125.4317
voltaje_promedio,B7_TAC,1,118,Vie,22,0.965,125.4278
voltaje_promedio,B7_TAC,1,119,Vie,23,0.9908,125.455
voltaje_promedio,B7_TAC,1,120,Sab,0,0.8934,125.3523
voltaje_promedio,B7_TAC,1,121,Sab,1,0.9679,125.4309
voltaje_promedio,B7_TAC,1,122,Sab,2,0.9198,125.3802
voltaje_promedio,B7_TAC,1,123,Sab,3,0.9145,125.3745
voltaje_promedio,B7_TAC,1,124,Sab,4,0.7748,125.2271
voltaje_promedio,B7_TAC,1,125,Sab,5,0.4684,124.9039
voltaje_promedio,B7_TAC,1,126,Sab,6,-0.3925,123.9955
voltaje_promedio,B7_TAC,1,127,Sab,7,-0.7976,123.5681
voltaje_promedio,B7_TAC,1,128,Sab,8,-0.9914,123.3636
voltaje_promedio,B7_TAC,1,129,Sab,9,-1.1312,123.2161
voltaje_promedio,B7_TAC,1,130,Sab,10,-1.1546,123.1914
voltaje_promedio,B7_TAC,1,131,Sab,11,-0.9716,123.3845
voltaje_promedio,B7_TAC,1,132,Sab,12,-0.8014,123.5641
voltaje_promedio,B7_TAC,1,133,Sab,13,-0.3069,124.0858
voltaje_promedio,B7_TAC,1,134,Sab,14,0.2478,124.6711
voltaje_promedio,B7_TAC,1,135,Sab,15,0.4997,124.9369
voltaje_promedio,B7_TAC,1,136,Sab,16,0.6228,125.0668
voltaje_promedio,B7_TAC,1,137,Sab,17,0.5466,124.9863
voltaje_promedio,B7_TAC,1,138,Sab,18,0.416,124.8486
voltaje_promedio,B7_TAC,1,139,Sab,19,0.7072,125.1558
voltaje_promedio,B7_TAC,1,140,Sab,20,1.1874,125.6625
voltaje_promedio,B7_TAC,1,141,Sab,21,0.9456,125.4073
voltaje_promedio,B7_TAC,1,142,Sab,22,1.1961,125.6717
voltaje_promedio,B7_TAC,1,143,Sab,23,1.2048,125.6808
voltaje_promedio,B7_TAC,1,144,Dom,0,1.1354,125.6077
voltaje_promedio,B7_TAC,1,145,Dom,1,1.1664,125.6403
voltaje_promedio,B7_TAC,1,146,Dom,2,1.0793,125.5485
voltaje_promedio,B7_TAC,1,147,Dom,3,1.0502,125.5177
voltaje_promedio,B7_TAC,1,148,Dom,4,0.9655,125.4284
voltaje_promedio,B7_TAC,1,149,Dom,5,0.8737,125.3315
voltaje_promedio,B7_TAC,1,150,Dom,6,0.5656,125.0064
voltaje_promedio,B7_TAC,1,151,Dom,7,0.1528,124.5709
voltaje_promedio,B7_TAC,1,152,Dom,8,-0.1442,124.2574
voltaje_promedio,B7_TAC,1,153,Dom,9,-0.135,124.2672
voltaje_promedio,B7_TAC,1,154,Dom,10,-0.3844,124.004
voltaje_promedio,B7_TAC,1,155,Dom,11,-0.4716,123.912
voltaje_promedio,B7_TAC,1,156,Dom,12,-0.5139,123.8674
voltaje_promedio,B7_TAC,1,157,Dom,13,-0.3468,124.0438
voltaje_promedio,B7_TAC,1,158,Dom,14,-0.2474,124.1486
voltaje_promedio,B7_TAC,1,159,Dom,15,-0.2403,124.1561
voltaje_promedio,B7_TAC,1,160,Dom,16,-0.107,124.2967
voltaje_promedio,B7_TAC,1,161,Dom,17,0.0462,124.4584
voltaje_promedio,B7_TAC,1,162,Dom,18,0.1354,124.5525
voltaje_promedio,B7_TAC,1,163,Dom,19,0.4002,124.8319
voltaje_promedio,B7_TAC,1,164,Dom,20,0.7439,125.1946
voltaje_promedio,B7_TAC,1,165,Dom,21,0.9696,125.4327
voltaje_promedio,B7_TAC,1,166,Dom,22,1.0968,125.5669
voltaje_promedio,B7_TAC,1,167,Dom,23,1.2766,125.7566
voltaje_promedio,B8_AA,2,0,Lun,0,1.1096,133.1778
voltaje_promedio,B8_AA,2,1,Lun,1,1.2395,133.2831
voltaje_promedio,B8_AA,2,2,Lun,2,1.1857,133.2395
voltaje_promedio,B8_AA,2,3,Lun,3,1.0347,133.1172
voltaje_promedio,B8_AA,2,4,Lun,4,0.6822,132.8317
voltaje_promedio,B8_AA,2,5,Lun,5,-0.0834,132.2118
voltaje_promedio,B8_AA,2,6,Lun,6,-0.6619,131.7433
voltaje_promedio,B8_AA,2,7,Lun,7,-1.0148,131.4575
voltaje_promedio,B8_AA,2,8,Lun,8,-1.291,131.2338
voltaje_promedio,B8_AA,2,9,Lun,9,-1.3338,131.1992
voltaje_promedio,B8_AA,2,10,Lun,10,-1.5797,131.0
voltaje_promedio,B8_AA,2,11,Lun,11,-1.381,131.1609
voltaje_promedio,B8_AA,2,12,Lun,12,-1.1351,131.3601
voltaje_promedio,B8_AA,2,13,Lun,13,-0.8374,131.6011
voltaje_promedio,B8_AA,2,14,Lun,14,-1.1732,131.3292
voltaje_promedio,B8_AA,2,15,Lun,15,-0.9601,131.5018
voltaje_promedio,B8_AA,2,16,Lun,16,-0.1874,132.1275
voltaje_promedio,B8_AA,2,17,Lun,17,0.6374,132.7955
voltaje_promedio,B8_AA,2,18,Lun,18,0.3358,132.5512
voltaje_promedio,B8_AA,2,19,Lun,19,0.7243,132.8658
voltaje_promedio,B8_AA,2,20,Lun,20,1.1175,133.1842
voltaje_promedio,B8_AA,2,21,Lun,21,1.1366,133.1997
voltaje_promedio,B8_AA,2,22,Lun,22,1.0824,133.1559
voltaje_promedio,B8_AA,2,23,Lun,23,1.1822,133.2366
voltaje_promedio,B8_AA,2,24,Mar,0,1.2457,133.2881
voltaje_promedio,B8_AA,2,25,Mar,1,1.3312,133.3573
voltaje_promedio,B8_AA,2,26,Mar,2,1.335,133.3604
voltaje_promedio,B8_AA,2,27,Mar,3,1.2243,133.2707
voltaje_promedio,B8_AA,2,28,Mar,4,0.8358,132.9561
voltaje_promedio,B8_AA,2,29,Mar,5,-0.0927,132.2042
voltaje_promedio,B8_AA,2,30,Mar,6,-0.7969,131.6339
voltaje_promedio,B8_AA,2,31,Mar,7,-1.0319,131.4437
voltaje_promedio,B8_AA,2,32,Mar,8,-1.5327,131.0381
voltaje_promedio,B8_AA,2,33,Mar,9,-1.6965,130.9055
voltaje_promedio,B8_AA,2,34,Mar,10,-1.3441,131.1908
voltaje_promedio,B8_AA,2,35,Mar,11,-1.3583,131.1793
voltaje_promedio,B8_AA,2,36,Mar,12,-1.115,131.3764
voltaje_promedio,B8_AA,2,37,Mar,13,-0.8644,131.5793
voltaje_promedio,B8_AA,2,38,Mar,14,-1.4295,131.1217
voltaje_promedio,B8_AA,2,39,Mar,15,-1.1347,131.3604
voltaje_promedio,B8_AA,2,40,Mar,16,-0.2871,132.0468
voltaje_promedio,B8_AA,2,41,Mar,17,0.2173,132.4553
voltaje_promedio,B8_AA,2,42,Mar,18,0.2294,132.465
voltaje_promedio,B8_AA,2,43,Mar,19,0.4347,132.6313
voltaje_promedio,B8_AA,2,44,Mar,20,0.9216,133.0256
voltaje_promedio,B8_AA,2,45,Mar,21,0.9778,133.0711
voltaje_promedio,B8_AA,2,46,Mar,22,1.0256,133.1098
voltaje_promedio,B8_AA,2,47,Mar,23,1.177,133.2325
voltaje_promedio,B8_AA,2,48,Mie,0,1.0735,133.1486
voltaje_promedio,B8_AA,2,49,Mie,1,0.8842,132.9953
voltaje_promedio,B8_AA,2,50,Mie,2,0.8485,132.9664
voltaje_promedio,B8_AA,2,51,Mie,3,0.7862,132.916
voltaje_promedio,B8_AA,2,52,Mie,4,0.4623,132.6537
voltaje_promedio,B8_AA,2,53,Mie,5,-0.2281,132.0946
voltaje_promedio,B8_AA,2,54,Mie,6,-0.9393,131.5186
voltaje_promedio,B8_AA,2,55,Mie,7,-1.1442,131.3527
voltaje_promedio,B8_AA,2,56,Mie,8,-1.5518,131.0226
voltaje_promedio,B8_AA,2,57,Mie,9,-1.5268,131.0429
voltaje_promedio,B8_AA,2,58,Mie,10,-1.7064,130.8975
voltaje_promedio,B8_AA,2,59,Mie,11,-1.4857,131.0761
voltaje_promedio,B8_AA,2,60,Mie,12,-1.0935,131.3938
voltaje_promedio,B8_AA,2,61,Mie,13,-0.7574,131.6659
voltaje_promedio,B8_AA,2,62,Mie,14,-1.4441,131.1099
voltaje_promedio,B8_AA,2,63,Mie,15,-1.3022,131.2248
voltaje_promedio,B8_AA,2,64,Mie,16,-0.4884,131.8838
voltaje_promedio,B8_AA,2,65,Mie,17,0.5377,132.7147
voltaje_promedio,B8_AA,2,66,Mie,18,0.0777,132.3422
voltaje_promedio,B8_AA,2,67,Mie,19,0.5209,132.7011
voltaje_promedio,B8_AA,2,68,Mie,20,0.996,133.0859
voltaje_promedio,B8_AA,2,69,Mie,21,1.0613,133.1387
voltaje_promedio,B8_AA,2,70,Mie,22,1.3911,133.4058
voltaje_promedio,B8_AA,2,71,Mie,23,1.0795,133.1535
voltaje_promedio,B8_AA,2,72,Jue,0,1.142,133.2041
voltaje_promedio,B8_AA,2,73,Jue,1,1.3551,133.3766
voltaje_promedio,B8_AA,2,74,Jue,2,1.2891,133.3232
voltaje_promedio,B8_AA,2,75,Jue,3,1.2464,133.2886
voltaje_promedio,B8_AA,2,76,Jue,4,1.0092,133.0965
voltaje_promedio,B8_AA,2,77,Jue,5,0.3776,132.5851
voltaje_promedio,B8_AA,2,78,Jue,6,-0.5148,131.8624
voltaje_promedio,B8_AA,2,79,Jue,7,-0.9234,131.5315
voltaje_promedio,B8_AA,2,80,Jue,8,-1.2117,131.2981
voltaje_promedio,B8_AA,2,81,Jue,9,-1.4708,131.0882
voltaje_promedio,B8_AA,2,82,Jue,10,-1.589,130.9925
voltaje_promedio,B8_AA,2,83,Jue,11,-1.4022,131.1438
voltaje_promedio,B8_AA,2,84,Jue,12,-1.2171,131.2937
voltaje_promedio,B8_AA,2,85,Jue,13,-1.0999,131.3886
voltaje_promedio,B8_AA,2,86,Jue,14,-1.6877,130.9126
voltaje_promedio,B8_AA,2,87,Jue,15,-1.2874,131.2368
voltaje_promedio,B8_AA,2,88,Jue,16,-0.5165,131.861
voltaje_promedio,B8_AA,2,89,Jue,17,0.1963,132.4383
voltaje_promedio,B8_AA,2,90,Jue,18,0.3915,132.5963
voltaje_promedio,B8_AA,2,91,Jue,19,0.7767,132.9083
voltaje_promedio,B8_AA,2,92,Jue,20,1.039,133.1207
voltaje_promedio,B8_AA,2,93,Jue,21,1.3601,133.3807
voltaje_promedio,B8_AA,2,94,Jue,22,1.3442,133.3679
voltaje_promedio,B8_AA,2,95,Jue,23,1.3879,133.4032
voltaje_promedio,B8_AA,2,96,Vie,0,0.6792,132.8293
voltaje_promedio,B8_AA,2,97,Vie,1,0.7351,132.8746
voltaje_promedio,B8_AA,2,98,Vie,2,0.9399,133.0404
voltaje_promedio,B8_AA,2,99,Vie,3,0.8774,132.9899
voltaje_promedio,B8_AA,2,100,Vie,4,0.5991,132.7644
voltaje_promedio,B8_AA,2,101,Vie,5,-0.0195,132.2635
voltaje_promedio,B8_AA,2,102,Vie,6,-0.7711,131.6549
voltaje_promedio,B8_AA,2,103,Vie,7,-1.0022,131.4677
voltaje_promedio,B8_AA,2,104,Vie,8,-1.3473,131.1882
voltaje_promedio,B8_AA,2,105,Vie,9,-1.3904,131.1533
voltaje_promedio,B8_AA,2,106,Vie,10,-1.5947,130.9879
voltaje_promedio,B8_AA,2,107,Vie,11,-1.4863,131.0757
voltaje_promedio,B8_AA,2,108,Vie,12,-1.182,131.3221
voltaje_promedio,B8_AA,2,109,Vie,13,-0.7888,131.6405
voltaje_promedio,B8_AA,2,110,Vie,14,-1.1911,131.3148
voltaje_promedio,B8_AA,2,111,Vie,15,-1.0615,131.4196
voltaje_promedio,B8_AA,2,112,Vie,16,-0.2541,132.0735
voltaje_promedio,B8_AA,2,113,Vie,17,0.45,132.6437
voltaje_promedio,B8_AA,2,114,Vie,18,0.217,132.455
voltaje_promedio,B8_AA,2,115,Vie,19,0.4055,132.6076
voltaje_promedio,B8_AA,2,116,Vie,20,0.8016,132.9285
voltaje_promedio,B8_AA,2,117,Vie,21,0.9465,133.0458
voltaje_promedio,B8_AA,2,118,Vie,22,0.9202,133.0245
voltaje_promedio,B8_AA,2,119,Vie,23,0.9772,133.0706
voltaje_promedio,B8_AA,2,120,Sab,0,0.82,132.9433
voltaje_promedio,B8_AA,2,121,Sab,1,0.9102,133.0164
voltaje_promedio,B8_AA,2,122,Sab,2,0.8568,132.9731
voltaje_promedio,B8_AA,2,123,Sab,3,0.8384,132.9582
voltaje_promedio,B8_AA,2,124,Sab,4,0.6589,132.8129
voltaje_promedio,B8_AA,2,125,Sab,5,0.2822,132.5078
voltaje_promedio,B8_AA,2,126,Sab,6,-0.7523,131.6701
voltaje_promedio,B8_AA,2,127,Sab,7,-1.0876,131.3985
voltaje_promedio,B8_AA,2,128,Sab,8,-1.0508,131.4283
voltaje_promedio,B8_AA,2,129,Sab,9,-1.1485,131.3492
voltaje_promedio,B8_AA,2,130,Sab,10,-1.1202,131.3721
voltaje_promedio,B8_AA,2,131,Sab,11,-0.9128,131.5401
voltaje_promedio,B8_AA,2,132,Sab,12,-0.4505,131.9145
voltaje_promedio,B8_AA,2,133,Sab,13,0.14,132.3927
voltaje_promedio,B8_AA,2,134,Sab,14,0.5783,132.7476
voltaje_promedio,B8_AA,2,135,Sab,15,0.7946,132.9228
voltaje_promedio,B8_AA,2,136,Sab,16,0.7544,132.8902
voltaje_promedio,B8_AA,2,137,Sab,17,0.5189,132.6995
voltaje_promedio,B8_AA,2,138,Sab,18,0.2323,132.4674
voltaje_promedio,B8_AA,2,139,Sab,19,0.6081,132.7718
voltaje_promedio,B8_AA,2,140,Sab,20,1.2484,133.2903
voltaje_promedio,B8_AA,2,141,Sab,21,0.8936,133.003
voltaje_promedio,B8_AA,2,142,Sab,22,1.2518,133.293
voltaje_promedio,B8_AA,2,143,Sab,23,1.2507,133.2921
voltaje_promedio,B8_AA,2,144,Dom,0,1.1397,133.2022
voltaje_promedio,B8_AA,2,145,Dom,1,1.1893,133.2424
voltaje_promedio,B8_AA,2,146,Dom,2,1.0558,133.1343
voltaje_promedio,B8_AA,2,147,Dom,3,1.018,133.1037
voltaje_promedio,B8_AA,2,148,Dom,4,0.9014,133.0092
voltaje_promedio,B8_AA,2,149,Dom,5,0.7697,132.9026
voltaje_promedio,B8_AA,2,150,Dom,6,0.3594,132.5703
voltaje_promedio,B8_AA,2,151,Dom,7,-0.1707,132.1411
voltaje_promedio,B8_AA,2,152,Dom,8,-0.571,131.8169
voltaje_promedio,B8_AA,2,153,Dom,9,-0.5488,131.8348
voltaje_promedio,B8_AA,2,154,Dom,10,-0.8872,131.5608
voltaje_promedio,B8_AA,2,155,Dom,11,-0.9205,131.5338
voltaje_promedio,B8_AA,2,156,Dom,12,-1.002,131.4679
voltaje_promedio,B8_AA,2,157,Dom,13,-0.8028,131.6292
voltaje_promedio,B8_AA,2,158,Dom,14,-0.6441,131.7577
voltaje_promedio,B8_AA,2,159,Dom,15,-0.6491,131.7537
voltaje_promedio,B8_AA,2,160,Dom,16,-0.5111,131.8654
voltaje_promedio,B8_AA,2,161,Dom,17,-0.3254,132.0158
voltaje_promedio,B8_AA,2,162,Dom,18,-0.1883,132.1268
voltaje_promedio,B8_AA,2,163,Dom,19,0.1688,132.416
voltaje_promedio,B8_AA,2,164,Dom,20,0.5892,132.7565
voltaje_promedio,B8_AA,2,165,Dom,21,0.9112,133.0172
voltaje_promedio,B8_AA,2,166,Dom,22,1.1006,133.1706
voltaje_promedio,B8_AA,2,167,Dom,23,1.297,133.3296
voltaje_promedio,B8_CPA,2,0,Lun,0,1.1514,126.4928
voltaje_promedio,B8_CPA,2,1,Lun,1,1.2801,126.5899
voltaje_promedio,B8_CPA,2,2,Lun,2,1.2231,126.5469
voltaje_promedio,B8_CPA,2,3,Lun,3,1.0657,126.4281
voltaje_promedio,B8_CPA,2,4,Lun,4,0.7066,126.1572
voltaje_promedio,B8_CPA,2,5,Lun,5,-0.077,125.566
voltaje_promedio,B8_CPA,2,6,Lun,6,-0.6855,125.1069
voltaje_promedio,B8_CPA,2,7,Lun,7,-1.0814,124.8082
voltaje_promedio,B8_CPA,2,8,Lun,8,-1.3119,124.6343
voltaje_promedio,B8_CPA,2,9,Lun,9,-1.3656,124.5938
voltaje_promedio,B8_CPA,2,10,Lun,10,-1.6623,124.3699
voltaje_promedio,B8_CPA,2,11,Lun,11,-1.519,124.478
voltaje_promedio,B8_CPA,2,12,Lun,12,-0.962,124.8983
voltaje_promedio,B8_CPA,2,13,Lun,13,-0.6478,125.1353
voltaje_promedio,B8_CPA,2,14,Lun,14,-1.0349,124.8433
voltaje_promedio,B8_CPA,2,15,Lun,15,-0.9463,124.9101
voltaje_promedio,B8_CPA,2,16,Lun,16,-0.2609,125.4273
voltaje_promedio,B8_CPA,2,17,Lun,17,0.5367,126.029
voltaje_promedio,B8_CPA,2,18,Lun,18,0.2528,125.8148
voltaje_promedio,B8_CPA,2,19,Lun,19,0.6929,126.1468
voltaje_promedio,B8_CPA,2,20,Lun,20,1.1078,126.4599
voltaje_promedio,B8_CPA,2,21,Lun,21,1.1325,126.4786
voltaje_promedio,B8_CPA,2,22,Lun,22,1.0779,126.4373
voltaje_promedio,B8_CPA,2,23,Lun,23,1.1723,126.5086
voltaje_promedio,B8_CPA,2,24,Mar,0,1.2492,126.5666
voltaje_promedio,B8_CPA,2,25,Mar,1,1.3343,126.6308
voltaje_promedio,B8_CPA,2,26,Mar,2,1.3547,126.6462
voltaje_promedio,B8_CPA,2,27,Mar,3,1.235,126.5558
voltaje_promedio,B8_CPA,2,28,Mar,4,0.8452,126.2617
voltaje_promedio,B8_CPA,2,29,Mar,5,-0.1004,125.5483
voltaje_promedio,B8_CPA,2,30,Mar,6,-0.8369,124.9926
voltaje_promedio,B8_CPA,2,31,Mar,7,-1.1144,124.7833
voltaje_promedio,B8_CPA,2,32,Mar,8,-1.4784,124.5086
voltaje_promedio,B8_CPA,2,33,Mar,9,-1.4919,124.4985
voltaje_promedio,B8_CPA,2,34,Mar,10,-1.3147,124.6321
voltaje_promedio,B8_CPA,2,35,Mar,11,-1.5444,124.4589
voltaje_promedio,B8_CPA,2,36,Mar,12,-1.0952,124.7978
voltaje_promedio,B8_CPA,2,37,Mar,13,-0.7994,125.021
voltaje_promedio,B8_CPA,2,38,Mar,14,-1.2504,124.6807
voltaje_promedio,B8_CPA,2,39,Mar,15,-0.934,124.9194
voltaje_promedio,B8_CPA,2,40,Mar,16,-0.2152,125.4617
voltaje_promedio,B8_CPA,2,41,Mar,17,0.1072,125.705
voltaje_promedio,B8_CPA,2,42,Mar,18,0.0906,125.6924
voltaje_promedio,B8_CPA,2,43,Mar,19,0.3309,125.8737
voltaje_promedio,B8_CPA,2,44,Mar,20,0.8748,126.2841
voltaje_promedio,B8_CPA,2,45,Mar,21,0.9866,126.3684
voltaje_promedio,B8_CPA,2,46,Mar,22,1.0375,126.4068
voltaje_promedio,B8_CPA,2,47,Mar,23,1.1903,126.5222
voltaje_promedio,B8_CPA,2,48,Mie,0,1.0836,126.4416
voltaje_promedio,B8_CPA,2,49,Mie,1,0.8973,126.3011
voltaje_promedio,B8_CPA,2,50,Mie,2,0.8625,126.2748
voltaje_promedio,B8_CPA,2,51,Mie,3,0.8098,126.2351
voltaje_promedio,B8_CPA,2,52,Mie,4,0.4872,125.9916
voltaje_promedio,B8_CPA,2,53,Mie,5,-0.2243,125.4549
voltaje_promedio,B8_CPA,2,54,Mie,6,-0.995,124.8733
voltaje_promedio,B8_CPA,2,55,Mie,7,-1.2552,124.677
voltaje_promedio,B8_CPA,2,56,Mie,8,-1.5468,124.457
voltaje_promedio,B8_CPA,2,57,Mie,9,-1.5085,124.486
voltaje_promedio,B8_CPA,2,58,Mie,10,-1.7832,124.2787
voltaje_promedio,B8_CPA,2,59,Mie,11,-1.5746,124.436
voltaje_promedio,B8_CPA,2,60,Mie,12,-1.2077,124.7129
voltaje_promedio,B8_CPA,2,61,Mie,13,-0.8943,124.9494
voltaje_promedio,B8_CPA,2,62,Mie,14,-1.3749,124.5868
voltaje_promedio,B8_CPA,2,63,Mie,15,-1.2448,124.6849
voltaje_promedio,B8_CPA,2,64,Mie,16,-0.4414,125.291
voltaje_promedio,B8_CPA,2,65,Mie,17,0.3878,125.9167
voltaje_promedio,B8_CPA,2,66,Mie,18,-0.0457,125.5896
voltaje_promedio,B8_CPA,2,67,Mie,19,0.4698,125.9785
voltaje_promedio,B8_CPA,2,68,Mie,20,0.9735,126.3586
voltaje_promedio,B8_CPA,2,69,Mie,21,1.057,126.4216
voltaje_promedio,B8_CPA,2,70,Mie,22,1.3797,126.665
voltaje_promedio,B8_CPA,2,71,Mie,23,1.0582,126.4224
voltaje_promedio,B8_CPA,2,72,Jue,0,1.1262,126.4738
voltaje_promedio,B8_CPA,2,73,Jue,1,1.3419,126.6366
voltaje_promedio,B8_CPA,2,74,Jue,2,1.2856,126.5941
voltaje_promedio,B8_CPA,2,75,Jue,3,1.2538,126.57
voltaje_promedio,B8_CPA,2,76,Jue,4,1.0314,126.4022
voltaje_promedio,B8_CPA,2,77,Jue,5,0.3898,125.9181
voltaje_promedio,B8_CPA,2,78,Jue,6,-0.5371,125.2188
voltaje_promedio,B8_CPA,2,79,Jue,7,-0.9839,124.8818
voltaje_promedio,B8_CPA,2,80,Jue,8,-1.2961,124.6462
voltaje_promedio,B8_CPA,2,81,Jue,9,-1.4253,124.5487
voltaje_promedio,B8_CPA,2,82,Jue,10,-1.5389,124.463
voltaje_promedio,B8_CPA,2,83,Jue,11,-1.4845,124.504
voltaje_promedio,B8_CPA,2,84,Jue,12,-1.2405,124.6882
voltaje_promedio,B8_CPA,2,85,Jue,13,-1.116,124.7821
voltaje_promedio,B8_CPA,2,86,Jue,14,-1.5863,124.4273
voltaje_promedio,B8_CPA,2,87,Jue,15,-1.2334,124.6935
voltaje_promedio,B8_CPA,2,88,Jue,16,-0.4707,125.269
voltaje_promedio,B8_CPA,2,89,Jue,17,0.112,125.7086
voltaje_promedio,B8_CPA,2,90,Jue,18,0.2818,125.8367
voltaje_promedio,B8_CPA,2,91,Jue,19,0.7212,126.1682
voltaje_promedio,B8_CPA,2,92,Jue,20,1.0069,126.3837
voltaje_promedio,B8_CPA,2,93,Jue,21,1.3548,126.6462
voltaje_promedio,B8_CPA,2,94,Jue,22,1.3427,126.6371
voltaje_promedio,B8_CPA,2,95,Jue,23,1.3928,126.6749
voltaje_promedio,B8_CPA,2,96,Vie,0,0.6833,126.1396
voltaje_promedio,B8_CPA,2,97,Vie,1,0.7384,126.1812
voltaje_promedio,B8_CPA,2,98,Vie,2,0.9467,126.3384
voltaje_promedio,B8_CPA,2,99,Vie,3,0.8823,126.2898
voltaje_promedio,B8_CPA,2,100,Vie,4,0.601,126.0775
voltaje_promedio,B8_CPA,2,101,Vie,5,-0.0308,125.6008
voltaje_promedio,B8_CPA,2,102,Vie,6,-0.8353,124.9939
voltaje_promedio,B8_CPA,2,103,Vie,7,-1.0731,124.8145
voltaje_promedio,B8_CPA,2,104,Vie,8,-1.276,124.6613
voltaje_promedio,B8_CPA,2,105,Vie,9,-1.309,124.6365
voltaje_promedio,B8_CPA,2,106,Vie,10,-1.5346,124.4663
voltaje_promedio,B8_CPA,2,107,Vie,11,-1.5225,124.4754
voltaje_promedio,B8_CPA,2,108,Vie,12,-1.2078,124.7128
voltaje_promedio,B8_CPA,2,109,Vie,13,-0.7809,125.0349
voltaje_promedio,B8_CPA,2,110,Vie,14,-1.1636,124.7461
voltaje_promedio,B8_CPA,2,111,Vie,15,-1.0693,124.8173
voltaje_promedio,B8_CPA,2,112,Vie,16,-0.2408,125.4424
voltaje_promedio,B8_CPA,2,113,Vie,17,0.368,125.9017
voltaje_promedio,B8_CPA,2,114,Vie,18,0.1451,125.7336
voltaje_promedio,B8_CPA,2,115,Vie,19,0.3763,125.908
voltaje_promedio,B8_CPA,2,116,Vie,20,0.8087,126.2342
voltaje_promedio,B8_CPA,2,117,Vie,21,0.9559,126.3453
voltaje_promedio,B8_CPA,2,118,Vie,22,0.9408,126.3339
voltaje_promedio,B8_CPA,2,119,Vie,23,0.9916,126.3722
voltaje_promedio,B8_CPA,2,120,Sab,0,0.8404,126.2581
voltaje_promedio,B8_CPA,2,121,Sab,1,0.9407,126.3338
voltaje_promedio,B8_CPA,2,122,Sab,2,0.8897,126.2954
voltaje_promedio,B8_CPA,2,123,Sab,3,0.8715,126.2816
voltaje_promedio,B8_CPA,2,124,Sab,4,0.6962,126.1493
voltaje_promedio,B8_CPA,2,125,Sab,5,0.3004,125.8508
voltaje_promedio,B8_CPA,2,126,Sab,6,-0.7422,125.0641
voltaje_promedio,B8_CPA,2,127,Sab,7,-1.0832,124.8068
voltaje_promedio,B8_CPA,2,128,Sab,8,-0.984,124.8817
voltaje_promedio,B8_CPA,2,129,Sab,9,-1.0542,124.8287
voltaje_promedio,B8_CPA,2,130,Sab,10,-1.0638,124.8214
voltaje_promedio,B8_CPA,2,131,Sab,11,-0.9071,124.9397
voltaje_promedio,B8_CPA,2,132,Sab,12,-0.5151,125.2354
voltaje_promedio,B8_CPA,2,133,Sab,13,0.0376,125.6525
voltaje_promedio,B8_CPA,2,134,Sab,14,0.5049,126.005
voltaje_promedio,B8_CPA,2,135,Sab,15,0.739,126.1816
voltaje_promedio,B8_CPA,2,136,Sab,16,0.6933,126.1471
voltaje_promedio,B8_CPA,2,137,Sab,17,0.5137,126.0116
voltaje_promedio,B8_CPA,2,138,Sab,18,0.2543,125.8159
voltaje_promedio,B8_CPA,2,139,Sab,19,0.632,126.1009
voltaje_promedio,B8_CPA,2,140,Sab,20,1.2888,126.5965
voltaje_promedio,B8_CPA,2,141,Sab,21,0.9306,126.3262
voltaje_promedio,B8_CPA,2,142,Sab,22,1.2999,126.6049
voltaje_promedio,B8_CPA,2,143,Sab,23,1.3014,126.606
voltaje_promedio,B8_CPA,2,144,Dom,0,1.1882,126.5205
voltaje_promedio,B8_CPA,2,145,Dom,1,1.2399,126.5596
voltaje_promedio,B8_CPA,2,146,Dom,2,1.0964,126.4513
voltaje_promedio,B8_CPA,2,147,Dom,3,1.062,126.4254
voltaje_promedio,B8_CPA,2,148,Dom,4,0.9426,126.3352
voltaje_promedio,B8_CPA,2,149,Dom,5,0.8111,126.236
voltaje_promedio,B8_CPA,2,150,Dom,6,0.3914,125.9193
voltaje_promedio,B8_CPA,2,151,Dom,7,-0.1517,125.5096
voltaje_promedio,B8_CPA,2,152,Dom,8,-0.5626,125.1996
voltaje_promedio,B8_CPA,2,153,Dom,9,-0.5418,125.2153
voltaje_promedio,B8_CPA,2,154,Dom,10,-0.8896,124.9529
voltaje_promedio,B8_CPA,2,155,Dom,11,-0.9237,124.9272
voltaje_promedio,B8_CPA,2,156,Dom,12,-1.0098,124.8622
voltaje_promedio,B8_CPA,2,157,Dom,13,-0.8064,125.0157
voltaje_promedio,B8_CPA,2,158,Dom,14,-0.6416,125.14
voltaje_promedio,B8_CPA,2,159,Dom,15,-0.6536,125.1309
voltaje_promedio,B8_CPA,2,160,Dom,16,-0.5077,125.241
voltaje_promedio,B8_CPA,2,161,Dom,17,-0.3149,125.3865
voltaje_promedio,B8_CPA,2,162,Dom,18,-0.1729,125.4937
voltaje_promedio,B8_CPA,2,163,Dom,19,0.1871,125.7652
voltaje_promedio,B8_CPA,2,164,Dom,20,0.6236,126.0946
voltaje_promedio,B8_CPA,2,165,Dom,21,0.9506,126.3413
voltaje_promedio,B8_CPA,2,166,Dom,22,1.1433,126.4867
voltaje_promedio,B8_CPA,2,167,Dom,23,1.3563,126.6474
voltaje_promedio,B8_LABS,2,0,Lun,0,1.1281,126.4027
voltaje_promedio,B8_LABS,2,1,Lun,1,1.2547,126.5004
voltaje_promedio,B8_LABS,2,2,Lun,2,1.1985,126.457
voltaje_promedio,B8_LABS,2,3,Lun,3,1.049,126.3416
voltaje_promedio,B8_LABS,2,4,Lun,4,0.7016,126.0732
voltaje_promedio,B8_LABS,2,5,Lun,5,-0.0681,125.4786
voltaje_promedio,B8_LABS,2,6,Lun,6,-0.7473,124.9539
voltaje_promedio,B8_LABS,2,7,Lun,7,-1.1372,124.6528
voltaje_promedio,B8_LABS,2,8,Lun,8,-1.3633,124.4781
voltaje_promedio,B8_LABS,2,9,Lun,9,-1.3741,124.4697
voltaje_promedio,B8_LABS,2,10,Lun,10,-1.593,124.3006
voltaje_promedio,B8_LABS,2,11,Lun,11,-1.4263,124.4294
voltaje_promedio,B8_LABS,2,12,Lun,12,-0.98,124.7742
voltaje_promedio,B8_LABS,2,13,Lun,13,-0.7138,124.9798
voltaje_promedio,B8_LABS,2,14,Lun,14,-1.0002,124.7586
voltaje_promedio,B8_LABS,2,15,Lun,15,-0.7958,124.9165
voltaje_promedio,B8_LABS,2,16,Lun,16,-0.1215,125.4373
voltaje_promedio,B8_LABS,2,17,Lun,17,0.5826,125.9812
voltaje_promedio,B8_LABS,2,18,Lun,18,0.3053,125.7671
voltaje_promedio,B8_LABS,2,19,Lun,19,0.7044,126.0753
voltaje_promedio,B8_LABS,2,20,Lun,20,1.1024,126.3828
voltaje_promedio,B8_LABS,2,21,Lun,21,1.132,126.4057
voltaje_promedio,B8_LABS,2,22,Lun,22,1.0749,126.3616
voltaje_promedio,B8_LABS,2,23,Lun,23,1.1806,126.4433
voltaje_promedio,B8_LABS,2,24,Mar,0,1.2479,126.4952
voltaje_promedio,B8_LABS,2,25,Mar,1,1.3342,126.5618
voltaje_promedio,B8_LABS,2,26,Mar,2,1.3476,126.5722
voltaje_promedio,B8_LABS,2,27,Mar,3,1.2278,126.4797
voltaje_promedio,B8_LABS,2,28,Mar,4,0.8415,126.1813
voltaje_promedio,B8_LABS,2,29,Mar,5,-0.0852,125.4654
voltaje_promedio,B8_LABS,2,30,Mar,6,-0.9135,124.8255
voltaje_promedio,B8_LABS,2,31,Mar,7,-1.223,124.5865
voltaje_promedio,B8_LABS,2,32,Mar,8,-1.5598,124.3263
voltaje_promedio,B8_LABS,2,33,Mar,9,-1.519,124.3578
voltaje_promedio,B8_LABS,2,34,Mar,10,-1.2807,124.5419
voltaje_promedio,B8_LABS,2,35,Mar,11,-1.4787,124.389
voltaje_promedio,B8_LABS,2,36,Mar,12,-1.1226,124.664
voltaje_promedio,B8_LABS,2,37,Mar,13,-0.8036,124.9105
voltaje_promedio,B8_LABS,2,38,Mar,14,-1.1657,124.6307
voltaje_promedio,B8_LABS,2,39,Mar,15,-0.754,124.9488
voltaje_promedio,B8_LABS,2,40,Mar,16,-0.0185,125.5169
voltaje_promedio,B8_LABS,2,41,Mar,17,0.232,125.7105
voltaje_promedio,B8_LABS,2,42,Mar,18,0.2238,125.7041
voltaje_promedio,B8_LABS,2,43,Mar,19,0.44,125.8711
voltaje_promedio,B8_LABS,2,44,Mar,20,0.9436,126.2601
voltaje_promedio,B8_LABS,2,45,Mar,21,1.0056,126.3081
voltaje_promedio,B8_LABS,2,46,Mar,22,1.05,126.3423
voltaje_promedio,B8_LABS,2,47,Mar,23,1.2026,126.4602
voltaje_promedio,B8_LABS,2,48,Mie,0,1.103,126.3833
voltaje_promedio,B8_LABS,2,49,Mie,1,0.9226,126.2439
voltaje_promedio,B8_LABS,2,50,Mie,2,0.8767,126.2085
voltaje_promedio,B8_LABS,2,51,Mie,3,0.8085,126.1558
voltaje_promedio,B8_LABS,2,52,Mie,4,0.4909,125.9104
voltaje_promedio,B8_LABS,2,53,Mie,5,-0.2028,125.3746
voltaje_promedio,B8_LABS,2,54,Mie,6,-1.0464,124.7229
voltaje_promedio,B8_LABS,2,55,Mie,7,-1.3185,124.5127
voltaje_promedio,B8_LABS,2,56,Mie,8,-1.5988,124.2962
voltaje_promedio,B8_LABS,2,57,Mie,9,-1.5331,124.3469
voltaje_promedio,B8_LABS,2,58,Mie,10,-1.7317,124.1935
voltaje_promedio,B8_LABS,2,59,Mie,11,-1.56,124.3261
voltaje_promedio,B8_LABS,2,60,Mie,12,-1.2386,124.5744
voltaje_promedio,B8_LABS,2,61,Mie,13,-0.8807,124.8509
voltaje_promedio,B8_LABS,2,62,Mie,14,-1.2388,124.5743
voltaje_promedio,B8_LABS,2,63,Mie,15,-1.0142,124.7477
voltaje_promedio,B8_LABS,2,64,Mie,16,-0.2281,125.355
voltaje_promedio,B8_LABS,2,65,Mie,17,0.4936,125.9125
voltaje_promedio,B8_LABS,2,66,Mie,18,0.0241,125.5498
voltaje_promedio,B8_LABS,2,67,Mie,19,0.491,125.9105
voltaje_promedio,B8_LABS,2,68,Mie,20,0.973,126.2829
voltaje_promedio,B8_LABS,2,69,Mie,21,1.0542,126.3456
voltaje_promedio,B8_LABS,2,70,Mie,22,1.3764,126.5945
voltaje_promedio,B8_LABS,2,71,Mie,23,1.0774,126.3635
voltaje_promedio,B8_LABS,2,72,Jue,0,1.1399,126.4118
voltaje_promedio,B8_LABS,2,73,Jue,1,1.3551,126.578
voltaje_promedio,B8_LABS,2,74,Jue,2,1.3001,126.5355
voltaje_promedio,B8_LABS,2,75,Jue,3,1.2502,126.497
voltaje_promedio,B8_LABS,2,76,Jue,4,1.0273,126.3248
voltaje_promedio,B8_LABS,2,77,Jue,5,0.3939,125.8355
voltaje_promedio,B8_LABS,2,78,Jue,6,-0.5912,125.0745
voltaje_promedio,B8_LABS,2,79,Jue,7,-1.0507,124.7196
voltaje_promedio,B8_LABS,2,80,Jue,8,-1.3439,124.493
voltaje_promedio,B8_LABS,2,81,Jue,9,-1.4352,124.4225
voltaje_promedio,B8_LABS,2,82,Jue,10,-1.5056,124.3681
voltaje_promedio,B8_LABS,2,83,Jue,11,-1.4017,124.4484
voltaje_promedio,B8_LABS,2,84,Jue,12,-1.2503,124.5653
voltaje_promedio,B8_LABS,2,85,Jue,13,-1.1107,124.6732
voltaje_promedio,B8_LABS,2,86,Jue,14,-1.522,124.3555
voltaje_promedio,B8_LABS,2,87,Jue,15,-1.0892,124.6898
voltaje_promedio,B8_LABS,2,88,Jue,16,-0.3224,125.2821
voltaje_promedio,B8_LABS,2,89,Jue,17,0.2123,125.6952
voltaje_promedio,B8_LABS,2,90,Jue,18,0.3533,125.8041
voltaje_promedio,B8_LABS,2,91,Jue,19,0.7399,126.1028
voltaje_promedio,B8_LABS,2,92,Jue,20,1.0163,126.3163
voltaje_promedio,B8_LABS,2,93,Jue,21,1.347,126.5717
voltaje_promedio,B8_LABS,2,94,Jue,22,1.3313,126.5597
voltaje_promedio,B8_LABS,2,95,Jue,23,1.3816,126.5985
voltaje_promedio,B8_LABS,2,96,Vie,0,0.6824,126.0584
voltaje_promedio,B8_LABS,2,97,Vie,1,0.7382,126.1015
voltaje_promedio,B8_LABS,2,98,Vie,2,0.9445,126.2609
voltaje_promedio,B8_LABS,2,99,Vie,3,0.8792,126.2104
voltaje_promedio,B8_LABS,2,100,Vie,4,0.61,126.0024
voltaje_promedio,B8_LABS,2,101,Vie,5,-0.0204,125.5155
voltaje_promedio,B8_LABS,2,102,Vie,6,-0.8969,124.8383
voltaje_promedio,B8_LABS,2,103,Vie,7,-1.151,124.6421
voltaje_promedio,B8_LABS,2,104,Vie,8,-1.3848,124.4615
voltaje_promedio,B8_LABS,2,105,Vie,9,-1.3641,124.4774
voltaje_promedio,B8_LABS,2,106,Vie,10,-1.538,124.3431
voltaje_promedio,B8_LABS,2,107,Vie,11,-1.4954,124.376
voltaje_promedio,B8_LABS,2,108,Vie,12,-1.2752,124.5462
voltaje_promedio,B8_LABS,2,109,Vie,13,-0.8629,124.8646
voltaje_promedio,B8_LABS,2,110,Vie,14,-1.0899,124.6893
voltaje_promedio,B8_LABS,2,111,Vie,15,-0.9143,124.8249
voltaje_promedio,B8_LABS,2,112,Vie,16,-0.1553,125.4113
voltaje_promedio,B8_LABS,2,113,Vie,17,0.3934,125.8351
voltaje_promedio,B8_LABS,2,114,Vie,18,0.1421,125.641
voltaje_promedio,B8_LABS,2,115,Vie,19,0.3546,125.8052
voltaje_promedio,B8_LABS,2,116,Vie,20,0.7711,126.1269
voltaje_promedio,B8_LABS,2,117,Vie,21,0.9219,126.2434
voltaje_promedio,B8_LABS,2,118,Vie,22,0.9119,126.2357
voltaje_promedio,B8_LABS,2,119,Vie,23,0.9749,126.2843
voltaje_promedio,B8_LABS,2,120,Sab,0,0.8194,126.1642
voltaje_promedio,B8_LABS,2,121,Sab,1,0.9156,126.2385
voltaje_promedio,B8_LABS,2,122,Sab,2,0.862,126.1971
voltaje_promedio,B8_LABS,2,123,Sab,3,0.8362,126.1772
voltaje_promedio,B8_LABS,2,124,Sab,4,0.6683,126.0475
voltaje_promedio,B8_LABS,2,125,Sab,5,0.2862,125.7523
voltaje_promedio,B8_LABS,2,126,Sab,6,-0.754,124.9487
voltaje_promedio,B8_LABS,2,127,Sab,7,-1.1781,124.6211
voltaje_promedio,B8_LABS,2,128,Sab,8,-1.1093,124.6743
voltaje_promedio,B8_LABS,2,129,Sab,9,-1.246,124.5687
voltaje_promedio,B8_LABS,2,130,Sab,10,-1.2445,124.5699
voltaje_promedio,B8_LABS,2,131,Sab,11,-1.0418,124.7265
voltaje_promedio,B8_LABS,2,132,Sab,12,-0.6658,125.0169
voltaje_promedio,B8_LABS,2,133,Sab,13,-0.0859,125.4649
voltaje_promedio,B8_LABS,2,134,Sab,14,0.4312,125.8643
voltaje_promedio,B8_LABS,2,135,Sab,15,0.7083,126.0784
voltaje_promedio,B8_LABS,2,136,Sab,16,0.7044,126.0753
voltaje_promedio,B8_LABS,2,137,Sab,17,0.4785,125.9008
voltaje_promedio,B8_LABS,2,138,Sab,18,0.223,125.7035
voltaje_promedio,B8_LABS,2,139,Sab,19,0.6236,126.0129
voltaje_promedio,B8_LABS,2,140,Sab,20,1.2563,126.5017
voltaje_promedio,B8_LABS,2,141,Sab,21,0.9045,126.23
voltaje_promedio,B8_LABS,2,142,Sab,22,1.2653,126.5087
voltaje_promedio,B8_LABS,2,143,Sab,23,1.2726,126.5143
voltaje_promedio,B8_LABS,2,144,Dom,0,1.1535,126.4223
voltaje_promedio,B8_LABS,2,145,Dom,1,1.2147,126.4696
voltaje_promedio,B8_LABS,2,146,Dom,2,1.0723,126.3596
voltaje_promedio,B8_LABS,2,147,Dom,3,1.0404,126.3349
voltaje_promedio,B8_LABS,2,148,Dom,4,0.9246,126.2455
voltaje_promedio,B8_LABS,2,149,Dom,5,0.7865,126.1388
voltaje_promedio,B8_LABS,2,150,Dom,6,0.3715,125.8182
voltaje_promedio,B8_LABS,2,151,Dom,7,-0.1707,125.3994
voltaje_promedio,B8_LABS,2,152,Dom,8,-0.5859,125.0786
voltaje_promedio,B8_LABS,2,153,Dom,9,-0.5806,125.0827
voltaje_promedio,B8_LABS,2,154,Dom,10,-0.9071,124.8305
voltaje_promedio,B8_LABS,2,155,Dom,11,-0.9493,124.7979
voltaje_promedio,B8_LABS,2,156,Dom,12,-1.0337,124.7327
voltaje_promedio,B8_LABS,2,157,Dom,13,-0.8327,124.888
voltaje_promedio,B8_LABS,2,158,Dom,14,-0.6759,125.0091
voltaje_promedio,B8_LABS,2,159,Dom,15,-0.6772,125.0081
voltaje_promedio,B8_LABS,2,160,Dom,16,-0.5128,125.1351
voltaje_promedio,B8_LABS,2,161,Dom,17,-0.3254,125.2798
voltaje_promedio,B8_LABS,2,162,Dom,18,-0.1781,125.3936
voltaje_promedio,B8_LABS,2,163,Dom,19,0.1793,125.6697
voltaje_promedio,B8_LABS,2,164,Dom,20,0.6053,125.9988
voltaje_promedio,B8_LABS,2,165,Dom,21,0.9346,126.2532
voltaje_promedio,B8_LABS,2,166,Dom,22,1.1193,126.3959
voltaje_promedio,B8_LABS,2,167,Dom,23,1.3302,126.5588
voltaje_promedio,B9_SFA1,2,0,Lun,0,1.133,124.2385
voltaje_promedio,B9_SFA1,2,1,Lun,1,1.2718,124.3347
voltaje_promedio,B9_SFA1,2,2,Lun,2,1.2136,124.2944
voltaje_promedio,B9_SFA1,2,3,Lun,3,1.0445,124.1771
voltaje_promedio,B9_SFA1,2,4,Lun,4,0.6663,123.9148
voltaje_promedio,B9_SFA1,2,5,Lun,5,-0.1846,123.3248
voltaje_promedio,B9_SFA1,2,6,Lun,6,-0.8461,122.8661
voltaje_promedio,B9_SFA1,2,7,Lun,7,-1.2022,122.6192
voltaje_promedio,B9_SFA1,2,8,Lun,8,-1.363,122.5076
voltaje_promedio,B9_SFA1,2,9,Lun,9,-1.3406,122.5232
voltaje_promedio,B9_SFA1,2,10,Lun,10,-1.5763,122.3598
voltaje_promedio,B9_SFA1,2,11,Lun,11,-1.3914,122.488
voltaje_promedio,B9_SFA1,2,12,Lun,12,-0.9142,122.8189
voltaje_promedio,B9_SFA1,2,13,Lun,13,-0.5965,123.0392
voltaje_promedio,B9_SFA1,2,14,Lun,14,-0.9518,122.7928
voltaje_promedio,B9_SFA1,2,15,Lun,15,-0.8398,122.8704
voltaje_promedio,B9_SFA1,2,16,Lun,16,-0.1765,123.3304
voltaje_promedio,B9_SFA1,2,17,Lun,17,0.5639,123.8438
voltaje_promedio,B9_SFA1,2,18,Lun,18,0.237,123.6172
voltaje_promedio,B9_SFA1,2,19,Lun,19,0.6663,123.9148
voltaje_promedio,B9_SFA1,2,20,Lun,20,1.104,124.2183
voltaje_promedio,B9_SFA1,2,21,Lun,21,1.1482,124.249
voltaje_promedio,B9_SFA1,2,22,Lun,22,1.1248,124.2328
voltaje_promedio,B9_SFA1,2,23,Lun,23,1.2252,124.3024
voltaje_promedio,B9_SFA1,2,24,Mar,0,1.2925,124.3491
voltaje_promedio,B9_SFA1,2,25,Mar,1,1.3775,124.408
voltaje_promedio,B9_SFA1,2,26,Mar,2,1.3895,124.4163
voltaje_promedio,B9_SFA1,2,27,Mar,3,1.257,124.3245
voltaje_promedio,B9_SFA1,2,28,Mar,4,0.84,124.0353
voltaje_promedio,B9_SFA1,2,29,Mar,5,-0.1835,123.3256
voltaje_promedio,B9_SFA1,2,30,Mar,6,-0.9956,122.7624
voltaje_promedio,B9_SFA1,2,31,Mar,7,-1.2097,122.614
voltaje_promedio,B9_SFA1,2,32,Mar,8,-1.4939,122.4169
voltaje_promedio,B9_SFA1,2,33,Mar,9,-1.4422,122.4527
voltaje_promedio,B9_SFA1,2,34,Mar,10,-1.2028,122.6187
voltaje_promedio,B9_SFA1,2,35,Mar,11,-1.3949,122.4855
voltaje_promedio,B9_SFA1,2,36,Mar,12,-1.0082,122.7537
voltaje_promedio,B9_SFA1,2,37,Mar,13,-0.6467,123.0044
voltaje_promedio,B9_SFA1,2,38,Mar,14,-1.1101,122.683
voltaje_promedio,B9_SFA1,2,39,Mar,15,-0.781,122.9112
voltaje_promedio,B9_SFA1,2,40,Mar,16,-0.0762,123.3999
voltaje_promedio,B9_SFA1,2,41,Mar,17,0.1913,123.5855
voltaje_promedio,B9_SFA1,2,42,Mar,18,0.1556,123.5607
voltaje_promedio,B9_SFA1,2,43,Mar,19,0.3916,123.7243
voltaje_promedio,B9_SFA1,2,44,Mar,20,0.9442,124.1076
voltaje_promedio,B9_SFA1,2,45,Mar,21,1.0298,124.1669
voltaje_promedio,B9_SFA1,2,46,Mar,22,1.1028,124.2176
voltaje_promedio,B9_SFA1,2,47,Mar,23,1.2566,124.3242
voltaje_promedio,B9_SFA1,2,48,Mie,0,1.1419,124.2446
voltaje_promedio,B9_SFA1,2,49,Mie,1,0.9334,124.1001
voltaje_promedio,B9_SFA1,2,50,Mie,2,0.8877,124.0683
voltaje_promedio,B9_SFA1,2,51,Mie,3,0.8137,124.017
voltaje_promedio,B9_SFA1,2,52,Mie,4,0.4536,123.7674
voltaje_promedio,B9_SFA1,2,53,Mie,5,-0.3188,123.2318
voltaje_promedio,B9_SFA1,2,54,Mie,6,-1.1338,122.6666
voltaje_promedio,B9_SFA1,2,55,Mie,7,-1.321,122.5368
voltaje_promedio,B9_SFA1,2,56,Mie,8,-1.5668,122.3663
voltaje_promedio,B9_SFA1,2,57,Mie,9,-1.4572,122.4424
voltaje_promedio,B9_SFA1,2,58,Mie,10,-1.6849,122.2844
voltaje_promedio,B9_SFA1,2,59,Mie,11,-1.4429,122.4523
voltaje_promedio,B9_SFA1,2,60,Mie,12,-1.1037,122.6874
voltaje_promedio,B9_SFA1,2,61,Mie,13,-0.724,122.9508
voltaje_promedio,B9_SFA1,2,62,Mie,14,-1.184,122.6318
voltaje_promedio,B9_SFA1,2,63,Mie,15,-1.0366,122.734
voltaje_promedio,B9_SFA1,2,64,Mie,16,-0.2667,123.2679
voltaje_promedio,B9_SFA1,2,65,Mie,17,0.5022,123.8011
voltaje_promedio,B9_SFA1,2,66,Mie,18,-0.0598,123.4114
voltaje_promedio,B9_SFA1,2,67,Mie,19,0.4389,123.7571
voltaje_promedio,B9_SFA1,2,68,Mie,20,0.9708,124.126
voltaje_promedio,B9_SFA1,2,69,Mie,21,1.0747,124.198
voltaje_promedio,B9_SFA1,2,70,Mie,22,1.447,124.4562
voltaje_promedio,B9_SFA1,2,71,Mie,23,1.1009,124.2162
voltaje_promedio,B9_SFA1,2,72,Jue,0,1.1719,124.2654
voltaje_promedio,B9_SFA1,2,73,Jue,1,1.403,124.4257
voltaje_promedio,B9_SFA1,2,74,Jue,2,1.3396,124.3817
voltaje_promedio,B9_SFA1,2,75,Jue,3,1.294,124.3501
voltaje_promedio,B9_SFA1,2,76,Jue,4,1.0529,124.183
voltaje_promedio,B9_SFA1,2,77,Jue,5,0.3547,123.6988
voltaje_promedio,B9_SFA1,2,78,Jue,6,-0.6393,123.0095
voltaje_promedio,B9_SFA1,2,79,Jue,7,-1.0478,122.7262
voltaje_promedio,B9_SFA1,2,80,Jue,8,-1.2935,122.5559
voltaje_promedio,B9_SFA1,2,81,Jue,9,-1.3633,122.5074
voltaje_promedio,B9_SFA1,2,82,Jue,10,-1.4576,122.4421
voltaje_promedio,B9_SFA1,2,83,Jue,11,-1.3386,122.5245
voltaje_promedio,B9_SFA1,2,84,Jue,12,-1.1429,122.6603
voltaje_promedio,B9_SFA1,2,85,Jue,13,-1.0003,122.7592
voltaje_promedio,B9_SFA1,2,86,Jue,14,-1.4889,122.4203
voltaje_promedio,B9_SFA1,2,87,Jue,15,-1.1131,122.681
voltaje_promedio,B9_SFA1,2,88,Jue,16,-0.3809,123.1887
voltaje_promedio,B9_SFA1,2,89,Jue,17,0.1589,123.563
voltaje_promedio,B9_SFA1,2,90,Jue,18,0.2869,123.6517
voltaje_promedio,B9_SFA1,2,91,Jue,19,0.7175,123.9504
voltaje_promedio,B9_SFA1,2,92,Jue,20,1.0233,124.1624
voltaje_promedio,B9_SFA1,2,93,Jue,21,1.3986,124.4227
voltaje_promedio,B9_SFA1,2,94,Jue,22,1.3998,124.4235
voltaje_promedio,B9_SFA1,2,95,Jue,23,1.442,124.4527
voltaje_promedio,B9_SFA1,2,96,Vie,0,0.6719,123.9187
voltaje_promedio,B9_SFA1,2,97,Vie,1,0.7265,123.9566
voltaje_promedio,B9_SFA1,2,98,Vie,2,0.9467,124.1093
voltaje_promedio,B9_SFA1,2,99,Vie,3,0.8757,124.0601
voltaje_promedio,B9_SFA1,2,100,Vie,4,0.5816,123.8561
voltaje_promedio,B9_SFA1,2,101,Vie,5,-0.1169,123.3718
voltaje_promedio,B9_SFA1,2,102,Vie,6,-0.9808,122.7727
voltaje_promedio,B9_SFA1,2,103,Vie,7,-1.1915,122.6266
voltaje_promedio,B9_SFA1,2,104,Vie,8,-1.3325,122.5288
voltaje_promedio,B9_SFA1,2,105,Vie,9,-1.2951,122.5547
voltaje_promedio,B9_SFA1,2,106,Vie,10,-1.4955,122.4158
voltaje_promedio,B9_SFA1,2,107,Vie,11,-1.4195,122.4685
voltaje_promedio,B9_SFA1,2,108,Vie,12,-1.1624,122.6468
voltaje_promedio,B9_SFA1,2,109,Vie,13,-0.7198,122.9537
voltaje_promedio,B9_SFA1,2,110,Vie,14,-1.0733,122.7086
voltaje_promedio,B9_SFA1,2,111,Vie,15,-0.9615,122.7861
voltaje_promedio,B9_SFA1,2,112,Vie,16,-0.2052,123.3105
voltaje_promedio,B9_SFA1,2,113,Vie,17,0.3958,123.7273
voltaje_promedio,B9_SFA1,2,114,Vie,18,0.1107,123.5296
voltaje_promedio,B9_SFA1,2,115,Vie,19,0.3211,123.6755
voltaje_promedio,B9_SFA1,2,116,Vie,20,0.7717,123.9879
voltaje_promedio,B9_SFA1,2,117,Vie,21,0.9449,124.1081
voltaje_promedio,B9_SFA1,2,118,Vie,22,0.938,124.1033
voltaje_promedio,B9_SFA1,2,119,Vie,23,0.9981,124.145
voltaje_promedio,B9_SFA1,2,120,Sab,0,0.8166,124.0191
voltaje_promedio,B9_SFA1,2,121,Sab,1,0.9165,124.0884
voltaje_promedio,B9_SFA1,2,122,Sab,2,0.8531,124.0444
voltaje_promedio,B9_SFA1,2,123,Sab,3,0.8268,124.0262
voltaje_promedio,B9_SFA1,2,124,Sab,4,0.6417,123.8978
voltaje_promedio,B9_SFA1,2,125,Sab,5,0.2109,123.5991
voltaje_promedio,B9_SFA1,2,126,Sab,6,-0.9266,122.8103
voltaje_promedio,B9_SFA1,2,127,Sab,7,-1.3024,122.5497
voltaje_promedio,B9_SFA1,2,128,Sab,8,-1.187,122.6297
voltaje_promedio,B9_SFA1,2,129,Sab,9,-1.2348,122.5965
voltaje_promedio,B9_SFA1,2,130,Sab,10,-1.2255,122.603
voltaje_promedio,B9_SFA1,2,131,Sab,11,-1.0293,122.7391
voltaje_promedio,B9_SFA1,2,132,Sab,12,-0.5845,123.0475
voltaje_promedio,B9_SFA1,2,133,Sab,13,0.0044,123.4559
voltaje_promedio,B9_SFA1,2,134,Sab,14,0.4931,123.7948
voltaje_promedio,B9_SFA1,2,135,Sab,15,0.7539,123.9756
voltaje_promedio,B9_SFA1,2,136,Sab,16,0.7132,123.9474
voltaje_promedio,B9_SFA1,2,137,Sab,17,0.4714,123.7797
voltaje_promedio,B9_SFA1,2,138,Sab,18,0.1888,123.5838
voltaje_promedio,B9_SFA1,2,139,Sab,19,0.6007,123.8693
voltaje_promedio,B9_SFA1,2,140,Sab,20,1.2926,124.3492
voltaje_promedio,B9_SFA1,2,141,Sab,21,0.9069,124.0817
voltaje_promedio,B9_SFA1,2,142,Sab,22,1.2971,124.3522
voltaje_promedio,B9_SFA1,2,143,Sab,23,1.2943,124.3504
voltaje_promedio,B9_SFA1,2,144,Dom,0,1.1714,124.2651
voltaje_promedio,B9_SFA1,2,145,Dom,1,1.231,124.3064
voltaje_promedio,B9_SFA1,2,146,Dom,2,1.0737,124.1973
voltaje_promedio,B9_SFA1,2,147,Dom,3,1.041,124.1747
voltaje_promedio,B9_SFA1,2,148,Dom,4,0.9122,124.0854
voltaje_promedio,B9_SFA1,2,149,Dom,5,0.7665,123.9843
voltaje_promedio,B9_SFA1,2,150,Dom,6,0.3241,123.6776
voltaje_promedio,B9_SFA1,2,151,Dom,7,-0.2567,123.2748
voltaje_promedio,B9_SFA1,2,152,Dom,8,-0.699,122.9681
voltaje_promedio,B9_SFA1,2,153,Dom,9,-0.6725,122.9865
voltaje_promedio,B9_SFA1,2,154,Dom,10,-1.0342,122.7356
voltaje_promedio,B9_SFA1,2,155,Dom,11,-1.0691,122.7114
voltaje_promedio,B9_SFA1,2,156,Dom,12,-1.1586,122.6494
voltaje_promedio,B9_SFA1,2,157,Dom,13,-0.9384,122.8021
voltaje_promedio,B9_SFA1,2,158,Dom,14,-0.7614,122.9249
voltaje_promedio,B9_SFA1,2,159,Dom,15,-0.7737,122.9163
voltaje_promedio,B9_SFA1,2,160,Dom,16,-0.6193,123.0234
voltaje_promedio,B9_SFA1,2,161,Dom,17,-0.4202,123.1614
voltaje_promedio,B9_SFA1,2,162,Dom,18,-0.2729,123.2636
voltaje_promedio,B9_SFA1,2,163,Dom,19,0.1136,123.5316
voltaje_promedio,B9_SFA1,2,164,Dom,20,0.5749,123.8515
voltaje_promedio,B9_SFA1,2,165,Dom,21,0.9226,124.0926
voltaje_promedio,B9_SFA1,2,166,Dom,22,1.1302,124.2366
voltaje_promedio,B9_SFA1,2,167,Dom,23,1.3535,124.3914
voltaje_promedio,B9_SFA2,1,0,Lun,0,1.2354,126.4058
voltaje_promedio,B9_SFA2,1,1,Lun,1,1.3439,126.4976
voltaje_promedio,B9_SFA2,1,2,Lun,2,1.3018,126.462
voltaje_promedio,B9_SFA2,1,3,Lun,3,1.1623,126.344
voltaje_promedio,B9_SFA2,1,4,Lun,4,0.8504,126.0801
voltaje_promedio,B9_SFA2,1,5,Lun,5,0.0453,125.399
voltaje_promedio,B9_SFA2,1,6,Lun,6,-0.7138,124.7568
voltaje_promedio,B9_SFA2,1,7,Lun,7,-1.0349,124.4851
voltaje_promedio,B9_SFA2,1,8,Lun,8,-1.1828,124.36
voltaje_promedio,B9_SFA2,1,9,Lun,9,-1.1547,124.3837
voltaje_promedio,B9_SFA2,1,10,Lun,10,-1.4294,124.1513
voltaje_promedio,B9_SFA2,1,11,Lun,11,-1.3081,124.254
voltaje_promedio,B9_SFA2,1,12,Lun,12,-0.9385,124.5666
voltaje_promedio,B9_SFA2,1,13,Lun,13,-0.7475,124.7282
voltaje_promedio,B9_SFA2,1,14,Lun,14,-1.203,124.3428
voltaje_promedio,B9_SFA2,1,15,Lun,15,-0.9963,124.5178
voltaje_promedio,B9_SFA2,1,16,Lun,16,-0.4487,124.981
voltaje_promedio,B9_SFA2,1,17,Lun,17,0.2312,125.5563
voltaje_promedio,B9_SFA2,1,18,Lun,18,0.0139,125.3724
voltaje_promedio,B9_SFA2,1,19,Lun,19,0.4487,125.7402
voltaje_promedio,B9_SFA2,1,20,Lun,20,0.8673,126.0944
voltaje_promedio,B9_SFA2,1,21,Lun,21,1.0429,126.243
voltaje_promedio,B9_SFA2,1,22,Lun,22,1.2163,126.3896
voltaje_promedio,B9_SFA2,1,23,Lun,23,1.3147,126.4729
voltaje_promedio,B9_SFA2,1,24,Mar,0,1.3816,126.5295
voltaje_promedio,B9_SFA2,1,25,Mar,1,1.4515,126.5887
voltaje_promedio,B9_SFA2,1,26,Mar,2,1.4635,126.5988
voltaje_promedio,B9_SFA2,1,27,Mar,3,1.3629,126.5137
voltaje_promedio,B9_SFA2,1,28,Mar,4,1.0108,126.2158
voltaje_promedio,B9_SFA2,1,29,Mar,5,0.0774,125.4261
voltaje_promedio,B9_SFA2,1,30,Mar,6,-0.7825,124.6986
voltaje_promedio,B9_SFA2,1,31,Mar,7,-0.989,124.5239
voltaje_promedio,B9_SFA2,1,32,Mar,8,-1.288,124.271
voltaje_promedio,B9_SFA2,1,33,Mar,9,-1.3005,124.2604
voltaje_promedio,B9_SFA2,1,34,Mar,10,-1.2203,124.3282
voltaje_promedio,B9_SFA2,1,35,Mar,11,-1.4264,124.1539
voltaje_promedio,B9_SFA2,1,36,Mar,12,-1.1958,124.3489
voltaje_promedio,B9_SFA2,1,37,Mar,13,-0.8896,124.608
voltaje_promedio,B9_SFA2,1,38,Mar,14,-1.3391,124.2278
voltaje_promedio,B9_SFA2,1,39,Mar,15,-1.0474,124.4745
voltaje_promedio,B9_SFA2,1,40,Mar,16,-0.5592,124.8875
voltaje_promedio,B9_SFA2,1,41,Mar,17,-0.3102,125.0982
voltaje_promedio,B9_SFA2,1,42,Mar,18,-0.2697,125.1325
voltaje_promedio,B9_SFA2,1,43,Mar,19,0.0112,125.3701
voltaje_promedio,B9_SFA2,1,44,Mar,20,0.5595,125.834
voltaje_promedio,B9_SFA2,1,45,Mar,21,0.7784,126.0192
voltaje_promedio,B9_SFA2,1,46,Mar,22,1.0879,126.2811
voltaje_promedio,B9_SFA2,1,47,Mar,23,1.2344,126.405
voltaje_promedio,B9_SFA2,1,48,Mie,0,1.1537,126.3367
voltaje_promedio,B9_SFA2,1,49,Mie,1,0.9831,126.1924
voltaje_promedio,B9_SFA2,1,50,Mie,2,0.9509,126.1651
voltaje_promedio,B9_SFA2,1,51,Mie,3,0.9065,126.1276
voltaje_promedio,B9_SFA2,1,52,Mie,4,0.6397,125.9018
voltaje_promedio,B9_SFA2,1,53,Mie,5,-0.0693,125.302
voltaje_promedio,B9_SFA2,1,54,Mie,6,-0.926,124.5772
voltaje_promedio,B9_SFA2,1,55,Mie,7,-1.1137,124.4184
voltaje_promedio,B9_SFA2,1,56,Mie,8,-1.3938,124.1815
voltaje_promedio,B9_SFA2,1,57,Mie,9,-1.3248,124.2399
voltaje_promedio,B9_SFA2,1,58,Mie,10,-1.5931,124.0129
voltaje_promedio,B9_SFA2,1,59,Mie,11,-1.4392,124.143
voltaje_promedio,B9_SFA2,1,60,Mie,12,-1.1874,124.3561
voltaje_promedio,B9_SFA2,1,61,Mie,13,-0.9113,124.5896
voltaje_promedio,B9_SFA2,1,62,Mie,14,-1.5363,124.0609
voltaje_promedio,B9_SFA2,1,63,Mie,15,-1.4567,124.1283
voltaje_promedio,B9_SFA2,1,64,Mie,16,-0.7982,124.6853
voltaje_promedio,B9_SFA2,1,65,Mie,17,-0.0786,125.2941
voltaje_promedio,B9_SFA2,1,66,Mie,18,-0.4876,124.9482
voltaje_promedio,B9_SFA2,1,67,Mie,19,0.01,125.3691
voltaje_promedio,B9_SFA2,1,68,Mie,20,0.6099,125.8766
voltaje_promedio,B9_SFA2,1,69,Mie,21,0.8682,126.0952
voltaje_promedio,B9_SFA2,1,70,Mie,22,1.4357,126.5753
voltaje_promedio,B9_SFA2,1,71,Mie,23,1.1659,126.347
voltaje_promedio,B9_SFA2,1,72,Jue,0,1.233,126.4038
voltaje_promedio,B9_SFA2,1,73,Jue,1,1.414,126.5569
voltaje_promedio,B9_SFA2,1,74,Jue,2,1.359,126.5104
voltaje_promedio,B9_SFA2,1,75,Jue,3,1.3165,126.4744
voltaje_promedio,B9_SFA2,1,76,Jue,4,1.0989,126.2904
voltaje_promedio,B9_SFA2,1,77,Jue,5,0.4507,125.742
voltaje_promedio,B9_SFA2,1,78,Jue,6,-0.5008,124.9369
voltaje_promedio,B9_SFA2,1,79,Jue,7,-0.8727,124.6223
voltaje_promedio,B9_SFA2,1,80,Jue,8,-1.1819,124.3607
voltaje_promedio,B9_SFA2,1,81,Jue,9,-1.2635,124.2917
voltaje_promedio,B9_SFA2,1,82,Jue,10,-1.4154,124.1632
voltaje_promedio,B9_SFA2,1,83,Jue,11,-1.3518,124.2169
voltaje_promedio,B9_SFA2,1,84,Jue,12,-1.2615,124.2934
voltaje_promedio,B9_SFA2,1,85,Jue,13,-1.165,124.375
voltaje_promedio,B9_SFA2,1,86,Jue,14,-1.7172,123.9078
voltaje_promedio,B9_SFA2,1,87,Jue,15,-1.3738,124.1984
voltaje_promedio,B9_SFA2,1,88,Jue,16,-0.7713,124.7081
voltaje_promedio,B9_SFA2,1,89,Jue,17,-0.1545,125.23
voltaje_promedio,B9_SFA2,1,90,Jue,18,-0.086,125.2879
voltaje_promedio,B9_SFA2,1,91,Jue,19,0.3803,125.6824
voltaje_promedio,B9_SFA2,1,92,Jue,20,0.6701,125.9276
voltaje_promedio,B9_SFA2,1,93,Jue,21,1.1103,126.3
voltaje_promedio,B9_SFA2,1,94,Jue,22,1.4195,126.5616
voltaje_promedio,B9_SFA2,1,95,Jue,23,1.4629,126.5983
voltaje_promedio,B9_SFA2,1,96,Vie,0,0.8271,126.0604
voltaje_promedio,B9_SFA2,1,97,Vie,1,0.8772,126.1028
voltaje_promedio,B9_SFA2,1,98,Vie,2,1.0673,126.2636
voltaje_promedio,B9_SFA2,1,99,Vie,3,1.0108,126.2158
voltaje_promedio,B9_SFA2,1,100,Vie,4,0.7637,126.0068
voltaje_promedio,B9_SFA2,1,101,Vie,5,0.1193,125.4616
voltaje_promedio,B9_SFA2,1,102,Vie,6,-0.7357,124.7382
voltaje_promedio,B9_SFA2,1,103,Vie,7,-0.9282,124.5754
voltaje_promedio,B9_SFA2,1,104,Vie,8,-1.1983,124.3468
voltaje_promedio,B9_SFA2,1,105,Vie,9,-1.2198,124.3286
voltaje_promedio,B9_SFA2,1,106,Vie,10,-1.4794,124.1091
voltaje_promedio,B9_SFA2,1,107,Vie,11,-1.4233,124.1565
voltaje_promedio,B9_SFA2,1,108,Vie,12,-1.2336,124.317
voltaje_promedio,B9_SFA2,1,109,Vie,13,-0.8899,124.6078
voltaje_promedio,B9_SFA2,1,110,Vie,14,-1.3159,124.2474
voltaje_promedio,B9_SFA2,1,111,Vie,15,-1.2708,124.2855
voltaje_promedio,B9_SFA2,1,112,Vie,16,-0.6249,124.832
voltaje_promedio,B9_SFA2,1,113,Vie,17,-0.0677,125.3034
voltaje_promedio,B9_SFA2,1,114,Vie,18,-0.2115,125.1817
voltaje_promedio,B9_SFA2,1,115,Vie,19,0.028,125.3843
voltaje_promedio,B9_SFA2,1,116,Vie,20,0.4678,125.7564
voltaje_promedio,B9_SFA2,1,117,Vie,21,0.7603,126.0039
voltaje_promedio,B9_SFA2,1,118,Vie,22,1.0618,126.2589
voltaje_promedio,B9_SFA2,1,119,Vie,23,1.1143,126.3034
voltaje_promedio,B9_SFA2,1,120,Sab,0,0.9803,126.19
voltaje_promedio,B9_SFA2,1,121,Sab,1,1.0606,126.258
voltaje_promedio,B9_SFA2,1,122,Sab,2,1.02,126.2236
voltaje_promedio,B9_SFA2,1,123,Sab,3,1.0049,126.2108
voltaje_promedio,B9_SFA2,1,124,Sab,4,0.8446,126.0752
voltaje_promedio,B9_SFA2,1,125,Sab,5,0.412,125.7092
voltaje_promedio,B9_SFA2,1,126,Sab,6,-0.6389,124.8201
voltaje_promedio,B9_SFA2,1,127,Sab,7,-0.9629,124.546
voltaje_promedio,B9_SFA2,1,128,Sab,8,-1.1381,124.3978
voltaje_promedio,B9_SFA2,1,129,Sab,9,-1.0822,124.4451
voltaje_promedio,B9_SFA2,1,130,Sab,10,-1.2324,124.318
voltaje_promedio,B9_SFA2,1,131,Sab,11,-1.1127,124.4193
voltaje_promedio,B9_SFA2,1,132,Sab,12,-0.7356,124.7383
voltaje_promedio,B9_SFA2,1,133,Sab,13,-0.3607,125.0555
voltaje_promedio,B9_SFA2,1,134,Sab,14,0.047,125.4004
voltaje_promedio,B9_SFA2,1,135,Sab,15,0.3727,125.6759
voltaje_promedio,B9_SFA2,1,136,Sab,16,0.3882,125.6891
voltaje_promedio,B9_SFA2,1,137,Sab,17,0.3642,125.6688
voltaje_promedio,B9_SFA2,1,138,Sab,18,0.4059,125.704
voltaje_promedio,B9_SFA2,1,139,Sab,19,0.7585,126.0024
voltaje_promedio,B9_SFA2,1,140,Sab,20,1.3414,126.4955
voltaje_promedio,B9_SFA2,1,141,Sab,21,1.0333,126.2348
voltaje_promedio,B9_SFA2,1,142,Sab,22,1.3662,126.5165
voltaje_promedio,B9_SFA2,1,143,Sab,23,1.3678,126.5179
voltaje_promedio,B9_SFA2,1,144,Dom,0,1.2734,126.4379
voltaje_promedio,B9_SFA2,1,145,Dom,1,1.3146,126.4728
voltaje_promedio,B9_SFA2,1,146,Dom,2,1.1881,126.3658
voltaje_promedio,B9_SFA2,1,147,Dom,3,1.1629,126.3444
voltaje_promedio,B9_SFA2,1,148,Dom,4,1.0615,126.2587
voltaje_promedio,B9_SFA2,1,149,Dom,5,0.9305,126.1479
voltaje_promedio,B9_SFA2,1,150,Dom,6,0.5596,125.8341
voltaje_promedio,B9_SFA2,1,151,Dom,7,0.0711,125.4208
voltaje_promedio,B9_SFA2,1,152,Dom,8,-0.3166,125.0928
voltaje_promedio,B9_SFA2,1,153,Dom,9,-0.3114,125.0972
voltaje_promedio,B9_SFA2,1,154,Dom,10,-0.6127,124.8423
voltaje_promedio,B9_SFA2,1,155,Dom,11,-0.647,124.8133
voltaje_promedio,B9_SFA2,1,156,Dom,12,-0.7246,124.7476
voltaje_promedio,B9_SFA2,1,157,Dom,13,-0.5529,124.8929
voltaje_promedio,B9_SFA2,1,158,Dom,14,-0.3995,125.0227
voltaje_promedio,B9_SFA2,1,159,Dom,15,-0.4011,125.0213
voltaje_promedio,B9_SFA2,1,160,Dom,16,-0.2672,125.1346
voltaje_promedio,B9_SFA2,1,161,Dom,17,-0.1075,125.2697
voltaje_promedio,B9_SFA2,1,162,Dom,18,0.039,125.3937
voltaje_promedio,B9_SFA2,1,163,Dom,19,0.3731,125.6763
voltaje_promedio,B9_SFA2,1,164,Dom,20,0.7593,126.003
voltaje_promedio,B9_SFA2,1,165,Dom,21,1.0428,126.2429
voltaje_promedio,B9_SFA2,1,166,Dom,22,1.2198,126.3926
voltaje_promedio,B9_SFA2,1,167,Dom,23,1.4167,126.5592
voltaje_promedio,ECOVILLA,3,0,Lun,0,0.9561,128.1118
voltaje_promedio,ECOVILLA,3,1,Lun,1,1.0035,128.2089
voltaje_promedio,ECOVILLA,3,2,Lun,2,0.9841,128.1691
voltaje_promedio,ECOVILLA,3,3,Lun,3,0.9367,128.0722
voltaje_promedio,ECOVILLA,3,4,Lun,4,0.7924,127.7772
voltaje_promedio,ECOVILLA,3,5,Lun,5,0.4852,127.1488
voltaje_promedio,ECOVILLA,3,6,Lun,6,0.1461,126.4553
voltaje_promedio,ECOVILLA,3,7,Lun,7,-0.6851,124.7553
voltaje_promedio,ECOVILLA,3,8,Lun,8,-1.4885,123.1121
voltaje_promedio,ECOVILLA,3,9,Lun,9,-1.6472,122.7876
voltaje_promedio,ECOVILLA,3,10,Lun,10,-1.8901,122.2908
voltaje_promedio,ECOVILLA,3,11,Lun,11,-1.8536,122.3654
voltaje_promedio,ECOVILLA,3,12,Lun,12,-1.5104,123.0673
voltaje_promedio,ECOVILLA,3,13,Lun,13,-1.1592,123.7855
voltaje_promedio,ECOVILLA,3,14,Lun,14,-1.066,123.9762
voltaje_promedio,ECOVILLA,3,15,Lun,15,-0.894,124.328
voltaje_promedio,ECOVILLA,3,16,Lun,16,-0.5844,124.9611
voltaje_promedio,ECOVILLA,3,17,Lun,17,-0.0027,126.151
voltaje_promedio,ECOVILLA,3,18,Lun,18,0.1895,126.544
voltaje_promedio,ECOVILLA,3,19,Lun,19,0.5511,127.2835
voltaje_promedio,ECOVILLA,3,20,Lun,20,0.726,127.6412
voltaje_promedio,ECOVILLA,3,21,Lun,21,0.7248,127.6388
voltaje_promedio,ECOVILLA,3,22,Lun,22,0.8038,127.8005
voltaje_promedio,ECOVILLA,3,23,Lun,23,0.9575,128.1149
voltaje_promedio,ECOVILLA,3,24,Mar,0,0.9711,128.1426
voltaje_promedio,ECOVILLA,3,25,Mar,1,1.0097,128.2216
voltaje_promedio,ECOVILLA,3,26,Mar,2,1.022,128.2467
voltaje_promedio,ECOVILLA,3,27,Mar,3,0.9791,128.159
voltaje_promedio,ECOVILLA,3,28,Mar,4,0.8252,127.8443
voltaje_promedio,ECOVILLA,3,29,Mar,5,0.4765,127.1309
voltaje_promedio,ECOVILLA,3,30,Mar,6,0.0101,126.1771
voltaje_promedio,ECOVILLA,3,31,Mar,7,-0.8372,124.4441
voltaje_promedio,ECOVILLA,3,32,Mar,8,-1.5586,122.9688
voltaje_promedio,ECOVILLA,3,33,Mar,9,-1.6288,122.8251
voltaje_promedio,ECOVILLA,3,34,Mar,10,-1.8357,122.402
voltaje_promedio,ECOVILLA,3,35,Mar,11,-2.1124,121.8362
voltaje_promedio,ECOVILLA,3,36,Mar,12,-1.845,122.3829
voltaje_promedio,ECOVILLA,3,37,Mar,13,-1.4041,123.2847
voltaje_promedio,ECOVILLA,3,38,Mar,14,-1.4947,123.0994
voltaje_promedio,ECOVILLA,3,39,Mar,15,-1.0695,123.969
voltaje_promedio,ECOVILLA,3,40,Mar,16,-0.5164,125.1002
voltaje_promedio,ECOVILLA,3,41,Mar,17,-0.1302,125.8902
voltaje_promedio,ECOVILLA,3,42,Mar,18,0.1057,126.3726
voltaje_promedio,ECOVILLA,3,43,Mar,19,0.4658,127.1092
voltaje_promedio,ECOVILLA,3,44,Mar,20,0.7378,127.6655
voltaje_promedio,ECOVILLA,3,45,Mar,21,0.7639,127.7188
voltaje_promedio,ECOVILLA,3,46,Mar,22,0.8059,127.8047
voltaje_promedio,ECOVILLA,3,47,Mar,23,0.883,127.9624
voltaje_promedio,ECOVILLA,3,48,Mie,0,0.8439,127.8823
voltaje_promedio,ECOVILLA,3,49,Mie,1,0.7756,127.7428
voltaje_promedio,ECOVILLA,3,50,Mie,2,0.7627,127.7164
voltaje_promedio,ECOVILLA,3,51,Mie,3,0.7322,127.654
voltaje_promedio,ECOVILLA,3,52,Mie,4,0.7074,127.6033
voltaje_promedio,ECOVILLA,3,53,Mie,5,0.4016,126.9778
voltaje_promedio,ECOVILLA,3,54,Mie,6,-0.1197,125.9116
voltaje_promedio,ECOVILLA,3,55,Mie,7,-1.0572,123.9943
voltaje_promedio,ECOVILLA,3,56,Mie,8,-1.7519,122.5734
voltaje_promedio,ECOVILLA,3,57,Mie,9,-1.8886,122.2938
voltaje_promedio,ECOVILLA,3,58,Mie,10,-2.2388,121.5775
voltaje_promedio,ECOVILLA,3,59,Mie,11,-2.2162,121.6239
voltaje_promedio,ECOVILLA,3,60,Mie,12,-2.0051,122.0555
voltaje_promedio,ECOVILLA,3,61,Mie,13,-1.4666,123.157
voltaje_promedio,ECOVILLA,3,62,Mie,14,-1.5504,122.9855
voltaje_promedio,ECOVILLA,3,63,Mie,15,-1.3078,123.4817
voltaje_promedio,ECOVILLA,3,64,Mie,16,-0.8197,124.48
voltaje_promedio,ECOVILLA,3,65,Mie,17,-0.0231,126.1092
voltaje_promedio,ECOVILLA,3,66,Mie,18,0.1212,126.4044
voltaje_promedio,ECOVILLA,3,67,Mie,19,0.4738,127.1256
voltaje_promedio,ECOVILLA,3,68,Mie,20,0.6403,127.466
voltaje_promedio,ECOVILLA,3,69,Mie,21,0.733,127.6557
voltaje_promedio,ECOVILLA,3,70,Mie,22,0.9352,128.0692
voltaje_promedio,ECOVILLA,3,71,Mie,23,0.8788,127.9538
voltaje_promedio,ECOVILLA,3,72,Jue,0,0.9401,128.0793
voltaje_promedio,ECOVILLA,3,73,Jue,1,1.0314,128.266
voltaje_promedio,ECOVILLA,3,74,Jue,2,1.0052,128.2123
voltaje_promedio,ECOVILLA,3,75,Jue,3,0.9836,128.1682
voltaje_promedio,ECOVILLA,3,76,Jue,4,0.8881,127.9728
voltaje_promedio,ECOVILLA,3,77,Jue,5,0.6141,127.4125
voltaje_promedio,ECOVILLA,3,78,Jue,6,0.0851,126.3305
voltaje_promedio,ECOVILLA,3,79,Jue,7,-0.66,124.8065
voltaje_promedio,ECOVILLA,3,80,Jue,8,-1.1804,123.7423
voltaje_promedio,ECOVILLA,3,81,Jue,9,-1.3145,123.468
voltaje_promedio,ECOVILLA,3,82,Jue,10,-1.1703,123.7628
voltaje_promedio,ECOVILLA,3,83,Jue,11,-1.216,123.6694
voltaje_promedio,ECOVILLA,3,84,Jue,12,-1.2639,123.5714
voltaje_promedio,ECOVILLA,3,85,Jue,13,-1.1019,123.9028
voltaje_promedio,ECOVILLA,3,86,Jue,14,-1.5027,123.0831
voltaje_promedio,ECOVILLA,3,87,Jue,15,-1.1479,123.8086
voltaje_promedio,ECOVILLA,3,88,Jue,16,-0.566,124.9988
voltaje_promedio,ECOVILLA,3,89,Jue,17,0.0239,126.2053
voltaje_promedio,ECOVILLA,3,90,Jue,18,0.3598,126.8923
voltaje_promedio,ECOVILLA,3,91,Jue,19,0.6564,127.499
voltaje_promedio,ECOVILLA,3,92,Jue,20,0.8203,127.8341
voltaje_promedio,ECOVILLA,3,93,Jue,21,0.982,128.1649
voltaje_promedio,ECOVILLA,3,94,Jue,22,0.9969,128.1953
voltaje_promedio,ECOVILLA,3,95,Jue,23,1.0342,128.2717
voltaje_promedio,ECOVILLA,3,96,Vie,0,0.7564,127.7034
voltaje_promedio,ECOVILLA,3,97,Vie,1,0.7835,127.7589
voltaje_promedio,ECOVILLA,3,98,Vie,2,0.8683,127.9323
voltaje_promedio,ECOVILLA,3,99,Vie,3,0.841,127.8765
voltaje_promedio,ECOVILLA,3,100,Vie,4,0.7289,127.6472
voltaje_promedio,ECOVILLA,3,101,Vie,5,0.4706,127.1188
voltaje_promedio,ECOVILLA,3,102,Vie,6,-0.1213,125.9083
voltaje_promedio,ECOVILLA,3,103,Vie,7,-1.1333,123.8385
voltaje_promedio,ECOVILLA,3,104,Vie,8,-2.1118,121.8373
voltaje_promedio,ECOVILLA,3,105,Vie,9,-2.2227,121.6106
voltaje_promedio,ECOVILLA,3,106,Vie,10,-2.2229,121.6101
voltaje_promedio,ECOVILLA,3,107,Vie,11,-1.8721,122.3276
voltaje_promedio,ECOVILLA,3,108,Vie,12,-1.7337,122.6106
voltaje_promedio,ECOVILLA,3,109,Vie,13,-1.1649,123.774
voltaje_promedio,ECOVILLA,3,110,Vie,14,-1.3407,123.4144
voltaje_promedio,ECOVILLA,3,111,Vie,15,-1.1097,123.8868
voltaje_promedio,ECOVILLA,3,112,Vie,16,-0.4689,125.1974
voltaje_promedio,ECOVILLA,3,113,Vie,17,0.2232,126.6129
voltaje_promedio,ECOVILLA,3,114,Vie,18,0.3732,126.9198
voltaje_promedio,ECOVILLA,3,115,Vie,19,0.4929,127.1646
voltaje_promedio,ECOVILLA,3,116,Vie,20,0.6484,127.4826
voltaje_promedio,ECOVILLA,3,117,Vie,21,0.7271,127.6435
voltaje_promedio,ECOVILLA,3,118,Vie,22,0.7556,127.7018
voltaje_promedio,ECOVILLA,3,119,Vie,23,0.8393,127.8731
voltaje_promedio,ECOVILLA,3,120,Sab,0,0.8228,127.8393
voltaje_promedio,ECOVILLA,3,121,Sab,1,0.8783,127.9529
voltaje_promedio,ECOVILLA,3,122,Sab,2,0.8617,127.9188
voltaje_promedio,ECOVILLA,3,123,Sab,3,0.8376,127.8695
voltaje_promedio,ECOVILLA,3,124,Sab,4,0.7823,127.7565
voltaje_promedio,ECOVILLA,3,125,Sab,5,0.6332,127.4515
voltaje_promedio,ECOVILLA,3,126,Sab,6,0.233,126.633
voltaje_promedio,ECOVILLA,3,127,Sab,7,0.0794,126.3188
voltaje_promedio,ECOVILLA,3,128,Sab,8,0.0434,126.2452
voltaje_promedio,ECOVILLA,3,129,Sab,9,-0.0754,126.0023
voltaje_promedio,ECOVILLA,3,130,Sab,10,-0.4216,125.2942
voltaje_promedio,ECOVILLA,3,131,Sab,11,-0.4802,125.1743
voltaje_promedio,ECOVILLA,3,132,Sab,12,-0.4204,125.2966
voltaje_promedio,ECOVILLA,3,133,Sab,13,0.0672,126.2939
voltaje_promedio,ECOVILLA,3,134,Sab,14,0.4648,127.1071
voltaje_promedio,ECOVILLA,3,135,Sab,15,0.6719,127.5306
voltaje_promedio,ECOVILLA,3,136,Sab,16,0.6722,127.5313
voltaje_promedio,ECOVILLA,3,137,Sab,17,0.5709,127.324
voltaje_promedio,ECOVILLA,3,138,Sab,18,0.4706,127.119
voltaje_promedio,ECOVILLA,3,139,Sab,19,0.6827,127.5526
voltaje_promedio,ECOVILLA,3,140,Sab,20,0.9786,128.158
voltaje_promedio,ECOVILLA,3,141,Sab,21,0.8569,127.909
voltaje_promedio,ECOVILLA,3,142,Sab,22,1.0212,128.245
voltaje_promedio,ECOVILLA,3,143,Sab,23,1.0233,128.2494
voltaje_promedio,ECOVILLA,3,144,Dom,0,0.9802,128.1612
voltaje_promedio,ECOVILLA,3,145,Dom,1,1.009,128.2202
voltaje_promedio,ECOVILLA,3,146,Dom,2,0.9634,128.1269
voltaje_promedio,ECOVILLA,3,147,Dom,3,0.9455,128.0902
voltaje_promedio,ECOVILLA,3,148,Dom,4,0.8943,127.9856
voltaje_promedio,ECOVILLA,3,149,Dom,5,0.8444,127.8834
voltaje_promedio,ECOVILLA,3,150,Dom,6,0.6919,127.5716
voltaje_promedio,ECOVILLA,3,151,Dom,7,0.48,127.1382
voltaje_promedio,ECOVILLA,3,152,Dom,8,0.2987,126.7674
voltaje_promedio,ECOVILLA,3,153,Dom,9,0.3021,126.7743
voltaje_promedio,ECOVILLA,3,154,Dom,10,0.1768,126.518
voltaje_promedio,ECOVILLA,3,155,Dom,11,0.1552,126.4738
voltaje_promedio,ECOVILLA,3,156,Dom,12,0.1113,126.384
voltaje_promedio,ECOVILLA,3,157,Dom,13,0.1835,126.5318
voltaje_promedio,ECOVILLA,3,158,Dom,14,0.2371,126.6414
voltaje_promedio,ECOVILLA,3,159,Dom,15,0.2438,126.655
voltaje_promedio,ECOVILLA,3,160,Dom,16,0.3104,126.7912
voltaje_promedio,ECOVILLA,3,161,Dom,17,0.3772,126.928
voltaje_promedio,ECOVILLA,3,162,Dom,18,0.4168,127.009
voltaje_promedio,ECOVILLA,3,163,Dom,19,0.566,127.3141
voltaje_promedio,ECOVILLA,3,164,Dom,20,0.7369,127.6636
voltaje_promedio,ECOVILLA,3,165,Dom,21,0.8682,127.932
voltaje_promedio,ECOVILLA,3,166,Dom,22,0.9539,128.1075
voltaje_promedio,ECOVILLA,3,167,Dom,23,1.0357,128.2746
